municipality,road_a,road_b,intersection_id,intersection_name,latitude,longitude
VANCOUVER,29TH AVE STATION LOOP,E 29TH AVE,02d74bb4-b693-5337-8b3a-b4dbff6153c4,"29TH AVE STATION LOOP & E 29TH AVE, VANCOUVER",49.244594,-123.045601
VANCOUVER,54TH AVE AND VICTORIA LOOP,VICTORIA DR,4489be5f-7291-5f38-8378-0a369f31d17e,"54TH AVE AND VICTORIA LOOP & VICTORIA DR, VANCOUVER",49.219687,-123.06589
VANCOUVER,63RD AVE AND GRANVILLE LOOP,GRANVILLE ST,6092aa4d-305b-575c-9b86-28f882f9a56b,"63RD AVE AND GRANVILLE LOOP & GRANVILLE ST, VANCOUVER",49.213735,-123.14036
VANCOUVER,ABBOTT ST,EXPO BLVD,01dde763-ea9b-5b8c-806e-e87cd5f93cca,"ABBOTT ST & EXPO BLVD, VANCOUVER",49.278645,-123.107641
VANCOUVER,ABBOTT ST,KEEFER PL,2a9506c2-65cf-56c8-a91f-df8c4bea7a2f,"ABBOTT ST & KEEFER PL, VANCOUVER",49.27971,-123.107629
VANCOUVER,ABBOTT ST,PACIFIC BLVD,07025f1b-b6d6-5b83-96e6-e03ee4683405,"ABBOTT ST & PACIFIC BLVD, VANCOUVER",49.277132,-123.107677
VANCOUVER,ABBOTT ST,W CORDOVA ST,9f0271d8-376c-57cd-a0dc-8dc8728962f0,"ABBOTT ST & W CORDOVA ST, VANCOUVER",49.282927,-123.106793
VANCOUVER,ABBOTT ST,W HASTINGS ST,42152c85-9a5a-57ce-80a9-655d7fde046e,"ABBOTT ST & W HASTINGS ST, VANCOUVER",49.282001,-123.107193
VANCOUVER,ABBOTT ST,W PENDER ST,01de7abb-6300-5789-b018-66fde5192844,"ABBOTT ST & W PENDER ST, VANCOUVER",49.281065,-123.107583
VANCOUVER,ABBOTT ST,WATER ST,46079a2f-1113-544f-a3f0-2d0f57214e3e,"ABBOTT ST & WATER ST, VANCOUVER",49.283892,-123.106413
VANCOUVER,ABERDEEN ST,CROWLEY DR,6ad6ce3c-2043-530e-a7b9-688a09bdba6d,"ABERDEEN ST & CROWLEY DR, VANCOUVER",49.235398,-123.027894
VANCOUVER,ABERDEEN ST,EUCLID AVE,3d9f6bb5-9daa-54fa-a803-c4a7be3d4742,"ABERDEEN ST & EUCLID AVE, VANCOUVER",49.234744,-123.028142
VANCOUVER,ABERDEEN ST,FOSTER AVE,85600a61-0a05-51d5-b6b4-f7e7f4617a67,"ABERDEEN ST & FOSTER AVE, VANCOUVER",49.23413,-123.028143
VANCOUVER,ABERDEEN ST,KINGSWAY,ba51e014-89e2-5297-a41d-88bc7b059580,"ABERDEEN ST & KINGSWAY, VANCOUVER",49.232097,-123.028143
VANCOUVER,ABERDEEN ST,WELLINGTON AVE,4a065a91-66d3-5b0f-a4fc-66a3cb63f9fe,"ABERDEEN ST & WELLINGTON AVE, VANCOUVER",49.238431,-123.026169
VANCOUVER,ADANAC ST,BOUNDARY RD,9b0b3bf5-7702-534d-9c2d-ca071c4b126c,"ADANAC ST & BOUNDARY RD, VANCOUVER",49.277492,-123.023519
VANCOUVER,ADANAC ST,CASSIAR ST,96b59eac-31e1-5928-913c-b71b9193636a,"ADANAC ST & CASSIAR ST, VANCOUVER",49.277431,-123.030769
VANCOUVER,ADANAC ST,CLARK DR,bb51d9ae-c307-56d4-92d2-b0bd1362695b,"ADANAC ST & CLARK DR, VANCOUVER",49.277667,-123.077246
VANCOUVER,ADANAC ST,COMMERCIAL DIVERS N,61491ae6-8f1c-574e-964a-a2453410ec24,"ADANAC ST & COMMERCIAL DIVERS N, VANCOUVER",49.277572,-123.070071
VANCOUVER,ADANAC ST,COMMERCIAL DR,7bc9f8fc-a53c-53c0-989a-d0b92be7a99b,"ADANAC ST & COMMERCIAL DR, VANCOUVER",49.27757,-123.070476
VANCOUVER,ADANAC ST,GARDEN DR,fc78e18c-a084-5588-b65f-8050b2446dcd,"ADANAC ST & GARDEN DR, VANCOUVER",49.277468,-123.057878
VANCOUVER,ADANAC ST,HWY 1,df8204bf-81c1-5075-9320-a2f3f8208bda,"ADANAC ST & HWY 1, VANCOUVER",49.277431,-123.031683
VANCOUVER,ADANAC ST,KAMLOOPS ST,50150b33-1c66-5372-80cc-331d08e00139,"ADANAC ST & KAMLOOPS ST, VANCOUVER",49.27747,-123.054611
VANCOUVER,ADANAC ST,KASLO ST,eb540c33-c622-5402-acff-50dc3f8bdbe8,"ADANAC ST & KASLO ST, VANCOUVER",49.277449,-123.046768
VANCOUVER,ADANAC ST,KOOTENAY ST,666a8591-5f63-5b6a-8094-b8462f606fb7,"ADANAC ST & KOOTENAY ST, VANCOUVER",49.277424,-123.025751
VANCOUVER,ADANAC ST,LAKEWOOD DR,2f0f1725-f8dc-5816-aa68-a90cf130c1a8,"ADANAC ST & LAKEWOOD DR, VANCOUVER",49.277492,-123.061745
VANCOUVER,ADANAC ST,LILLOOET ST,3a3fe4eb-cdfe-542d-9fce-d9ec52261b76,"ADANAC ST & LILLOOET ST, VANCOUVER",49.277449,-123.038877
VANCOUVER,ADANAC ST,MCLEAN DR,b98b8734-8350-5442-9c28-f912e5c64cae,"ADANAC ST & MCLEAN DR, VANCOUVER",49.277638,-123.074142
VANCOUVER,ADANAC ST,NANAIMO ST,ea3fd9ff-a023-53bf-a3d3-5161b2bde4f3,"ADANAC ST & NANAIMO ST, VANCOUVER",49.277469,-123.056561
VANCOUVER,ADANAC ST,NOOTKA ST,9506527a-b29a-57a7-bf8d-667dbb0bdd8f,"ADANAC ST & NOOTKA ST, VANCOUVER",49.277451,-123.041429
VANCOUVER,ADANAC ST,PENTICTON ST,f45c4b39-12dd-53d1-ac14-e54811637262,"ADANAC ST & PENTICTON ST, VANCOUVER",49.277471,-123.052013
VANCOUVER,ADANAC ST,RENFREW ST,f8f51981-c9a7-5729-b85a-06c4ca048159,"ADANAC ST & RENFREW ST, VANCOUVER",49.277464,-123.044106
VANCOUVER,ADANAC ST,RUPERT ST,08bfa907-76dd-575e-84d0-abae9933fb3c,"ADANAC ST & RUPERT ST, VANCOUVER",49.277445,-123.03361
VANCOUVER,ADANAC ST,SALSBURY DR,6a996417-f57e-59c6-a0fc-9f24da2570a7,"ADANAC ST & SALSBURY DR, VANCOUVER",49.277548,-123.068349
VANCOUVER,ADANAC ST,SEMLIN DR,9314b5fb-fe83-5418-9216-0b6c86df32fd,"ADANAC ST & SEMLIN DR, VANCOUVER",49.277503,-123.063698
VANCOUVER,ADANAC ST,SKEENA ST,60851e7d-6cdf-5f3f-8077-bcd0a3e4ba7f,"ADANAC ST & SKEENA ST, VANCOUVER",49.277431,-123.02835
VANCOUVER,ADANAC ST,SLOCAN ST,b2341a8b-4d62-59b9-a0ea-38e8487d67a6,"ADANAC ST & SLOCAN ST, VANCOUVER",49.277468,-123.049365
VANCOUVER,ADANAC ST,TEMPLETON DR,4aaf674f-966c-538f-931e-0c60ecf10b09,"ADANAC ST & TEMPLETON DR, VANCOUVER",49.27748,-123.059815
VANCOUVER,ADANAC ST,TRANS-CANADA HWY,32cf696e-913a-543f-9176-334d4d4f2f7a,"ADANAC ST & TRANS-CANADA HWY, VANCOUVER",49.277431,-123.031683
VANCOUVER,ADANAC ST,VERNON DR,cac5abb2-2492-5624-8441-32112e6ba071,"ADANAC ST & VERNON DR, VANCOUVER",49.277705,-123.079269
VANCOUVER,ADANAC ST,VICTORIA DR,5494de87-8a3d-5552-be10-0ed3695d8195,"ADANAC ST & VICTORIA DR, VANCOUVER",49.277522,-123.065605
VANCOUVER,ADANAC ST,WINDERMERE ST,04142e3f-e1bf-506c-a903-4eeca0f67aae,"ADANAC ST & WINDERMERE ST, VANCOUVER",49.27746,-123.036234
VANCOUVER,ADANAC ST,WOODLAND DR,eff2e1dd-b439-529e-b31c-e0df0fe970eb,"ADANAC ST & WOODLAND DR, VANCOUVER",49.277605,-123.072745
VANCOUVER,ADANAC TUNNEL,E HASTINGS ST,f447c036-f735-54ce-93c0-22c161b3eb23,"ADANAC TUNNEL & E HASTINGS ST, VANCOUVER",49.281193,-123.031483
VANCOUVER,ADERA ST,SW MARINE DR,ba5d1cab-672f-53aa-8416-6ed37c158598,"ADERA ST & SW MARINE DR, VANCOUVER",49.208571,-123.143732
VANCOUVER,ADERA ST,W 41ST AVE,9ad6ba68-fe6c-5e01-813a-b1e1d2628942,"ADERA ST & W 41ST AVE, VANCOUVER",49.234392,-123.143334
VANCOUVER,ADERA ST,W 43RD AVE,f4f58b72-9151-515c-8b0f-83164529534d,"ADERA ST & W 43RD AVE, VANCOUVER",49.232521,-123.143387
VANCOUVER,ADERA ST,W 45TH AVE,e4134020-a164-538a-82bb-64a5bd23ff9d,"ADERA ST & W 45TH AVE, VANCOUVER",49.230678,-123.143443
VANCOUVER,ADERA ST,W 49TH AVE,27797193-9c0e-5d5e-b438-d4bd07b222d3,"ADERA ST & W 49TH AVE, VANCOUVER",49.227012,-123.143582
VANCOUVER,ADERA ST,W 52ND AVE,05722349-7f3e-5b0c-8cad-e00ad94ce293,"ADERA ST & W 52ND AVE, VANCOUVER",49.22412,-123.143609
VANCOUVER,ADERA ST,W 57TH AVE,11fd6c3a-d2dc-5f18-83a1-ee7a75e8c140,"ADERA ST & W 57TH AVE, VANCOUVER",49.219424,-123.143806
VANCOUVER,ADERA ST,W 58TH AVE,ecab8e9e-cbdd-5cf5-8027-a71279ee9dac,"ADERA ST & W 58TH AVE, VANCOUVER",49.218556,-123.143828
VANCOUVER,ADERA ST,W 59TH AVE,14e39c41-b1f4-511a-aeb3-2f89a4746f74,"ADERA ST & W 59TH AVE, VANCOUVER",49.217693,-123.143889
VANCOUVER,ADERA ST,W 61ST AVE,ac7ff8d7-5e8c-522a-9a66-fa23db87f564,"ADERA ST & W 61ST AVE, VANCOUVER",49.215964,-123.143434
VANCOUVER,ADERA ST,W 62ND AVE,3019d19d-f6a0-58f7-aaa2-cbe3778349b5,"ADERA ST & W 62ND AVE, VANCOUVER",49.21498,-123.143488
VANCOUVER,ADERA ST,W 63RD AVE,48a3e626-f3a9-573f-96f1-c8b1332e9f3d,"ADERA ST & W 63RD AVE, VANCOUVER",49.214061,-123.143483
VANCOUVER,ADERA ST,W 64TH AVE,0143659c-c12c-55b2-a832-462cbb50e2a8,"ADERA ST & W 64TH AVE, VANCOUVER",49.213202,-123.143544
VANCOUVER,ADERA ST,W 65TH AVE,02fd1996-6d27-56ad-a4ac-16810520023c,"ADERA ST & W 65TH AVE, VANCOUVER",49.212308,-123.143581
VANCOUVER,ADERA ST,W 66TH AVE,29592ced-2794-5f78-bd5b-e24dad3b87b0,"ADERA ST & W 66TH AVE, VANCOUVER",49.211425,-123.143608
VANCOUVER,ADERA ST,W 68TH AVE,c6857ca0-9c40-52fb-b0be-f0871e6a5d2d,"ADERA ST & W 68TH AVE, VANCOUVER",49.210559,-123.143661
VANCOUVER,AEGEAN CRES,CORSICA WAY,dcb43a09-f347-5ec3-bb10-dacf6a8e11d3,"AEGEAN CRES & CORSICA WAY, VANCOUVER",49.20853,-123.029835
VANCOUVER,AISNE ST,SW MARINE DR,4fa05501-4bca-543a-aaea-6c3c17ab7efe,"AISNE ST & SW MARINE DR, VANCOUVER",49.207762,-123.122797
VANCOUVER,ALAMEIN AVE,MACDONALD ST,e81f1b13-e421-5f99-8676-09328645e181,"ALAMEIN AVE & MACDONALD ST, VANCOUVER",49.250062,-123.167831
VANCOUVER,ALAMEIN AVE,PUGET DR,eedaf96f-d671-59e0-88bf-397b5d3357bf,"ALAMEIN AVE & PUGET DR, VANCOUVER",49.250412,-123.170859
VANCOUVER,ALAMEIN AVE,TRAFALGAR ST,00b1dd39-5a5c-50ea-9644-0cdaf577d1d3,"ALAMEIN AVE & TRAFALGAR ST, VANCOUVER",49.250061,-123.165284
VANCOUVER,ALBERNI ST,BIDWELL ST,287f0801-fdf1-54df-875b-db6b4b917f17,"ALBERNI ST & BIDWELL ST, VANCOUVER",49.291162,-123.132808
VANCOUVER,ALBERNI ST,BROUGHTON ST,6370ced5-6fff-5dc1-909b-61fb56cf4501,"ALBERNI ST & BROUGHTON ST, VANCOUVER",49.288594,-123.128861
VANCOUVER,ALBERNI ST,BURRARD ST,04e53ca1-b899-5c5f-817c-b9e9b3ff60ed,"ALBERNI ST & BURRARD ST, VANCOUVER",49.284014,-123.121665
VANCOUVER,ALBERNI ST,BUTE ST,dbcb553f-ef13-52ad-8381-e7fb191794b8,"ALBERNI ST & BUTE ST, VANCOUVER",49.286748,-123.12592
VANCOUVER,ALBERNI ST,CARDERO ST,534c4383-9178-5295-8b15-0e59c46cf424,"ALBERNI ST & CARDERO ST, VANCOUVER",49.290144,-123.131232
VANCOUVER,ALBERNI ST,CHILCO ST,4a04b867-c2ba-53cb-a6c9-6b3271f77e55,"ALBERNI ST & CHILCO ST, VANCOUVER",49.294077,-123.137319
VANCOUVER,ALBERNI ST,DENMAN ST,a7a7d661-de00-565d-9600-b7c007210272,"ALBERNI ST & DENMAN ST, VANCOUVER",49.292192,-123.134398
VANCOUVER,ALBERNI ST,GILFORD ST,5e297c8b-3894-5258-ae54-9406db71aa5a,"ALBERNI ST & GILFORD ST, VANCOUVER",49.293185,-123.135968
VANCOUVER,ALBERNI ST,JERVIS ST,96f39f40-d3f4-5fad-8e2b-e341250f4563,"ALBERNI ST & JERVIS ST, VANCOUVER",49.287728,-123.127469
VANCOUVER,ALBERNI ST,NICOLA ST,1dac6a9f-5a1e-5f5f-bedd-5512b3d9ad0e,"ALBERNI ST & NICOLA ST, VANCOUVER",49.289362,-123.130033
VANCOUVER,ALBERNI ST,THURLOW ST,dfdaf14c-40ca-5bfc-bb75-d92e0c80a0ab,"ALBERNI ST & THURLOW ST, VANCOUVER",49.28535,-123.123706
VANCOUVER,ALBERT ST,BOUNDARY RD,d8866fd3-2b0e-5df3-b8b6-cd17c8c3a8f5,"ALBERT ST & BOUNDARY RD, VANCOUVER",49.282048,-123.023492
VANCOUVER,ALBERTA ST,W 10TH AVE,99d946e6-713c-5ece-b156-4f2a6ad1f37c,"ALBERTA ST & W 10TH AVE, VANCOUVER",49.262175,-123.111006
VANCOUVER,ALBERTA ST,W 11TH AVE,d26e295a-4797-576a-9cf9-f02463fc260d,"ALBERTA ST & W 11TH AVE, VANCOUVER",49.261273,-123.111036
VANCOUVER,ALBERTA ST,W 12TH AVE,8b21f6f3-19d6-58e7-b5b1-4d013693f68d,"ALBERTA ST & W 12TH AVE, VANCOUVER",49.260362,-123.111036
VANCOUVER,ALBERTA ST,W 13TH AVE,a206113a-0164-5fd2-bd3e-ad849705f080,"ALBERTA ST & W 13TH AVE, VANCOUVER",49.259366,-123.111084
VANCOUVER,ALBERTA ST,W 14TH AVE,03f2ad33-7fef-5b13-8574-d80253a833b4,"ALBERTA ST & W 14TH AVE, VANCOUVER",49.258677,-123.111111
VANCOUVER,ALBERTA ST,W 15TH AVE,4cb421a8-4ba2-5cf4-b9ee-fa5cd7bc69b3,"ALBERTA ST & W 15TH AVE, VANCOUVER",49.257737,-123.111114
VANCOUVER,ALBERTA ST,W 16TH AVE,509035e7-ed3f-5c89-9864-a9a6767a7267,"ALBERTA ST & W 16TH AVE, VANCOUVER",49.256791,-123.111183
VANCOUVER,ALBERTA ST,W 2ND AVE,2e49a2a6-67a8-5c60-a96f-4ec4ddd3143c,"ALBERTA ST & W 2ND AVE, VANCOUVER",49.268643,-123.11072
VANCOUVER,ALBERTA ST,W 37TH AVE,2749c6e8-01f1-522f-bf7a-a485fcd572d4,"ALBERTA ST & W 37TH AVE, VANCOUVER",49.237041,-123.113265
VANCOUVER,ALBERTA ST,W 39TH AVE,8d1a474d-e773-5cfb-a58b-fe0157ff713a,"ALBERTA ST & W 39TH AVE, VANCOUVER",49.235296,-123.113355
VANCOUVER,ALBERTA ST,W 3RD AVE,0cb3f21b-a54f-5b28-9727-4fd1bb24299d,"ALBERTA ST & W 3RD AVE, VANCOUVER",49.268388,-123.110732
VANCOUVER,ALBERTA ST,W 41ST AVE,800cb096-f273-592d-8539-afda82028684,"ALBERTA ST & W 41ST AVE, VANCOUVER",49.233488,-123.11345
VANCOUVER,ALBERTA ST,W 42ND AVE,6ddb7a37-093b-55dd-9b2a-596f20279b31,"ALBERTA ST & W 42ND AVE, VANCOUVER",49.232439,-123.113482
VANCOUVER,ALBERTA ST,W 44TH AVE,de169fd1-aad5-5aa0-9497-7b1fe0cab2c9,"ALBERTA ST & W 44TH AVE, VANCOUVER",49.230627,-123.112977
VANCOUVER,ALBERTA ST,W 45TH AVE,23da38fd-def9-5a9a-9b88-6009e81daa0b,"ALBERTA ST & W 45TH AVE, VANCOUVER",49.229702,-123.11302
VANCOUVER,ALBERTA ST,W 46TH AVE,7863aacc-a6dc-5726-bb4c-064ad81397e4,"ALBERTA ST & W 46TH AVE, VANCOUVER",49.228696,-123.113013
VANCOUVER,ALBERTA ST,W 47TH AVE,2685d9e7-f901-5512-8edf-26293134ccb1,"ALBERTA ST & W 47TH AVE, VANCOUVER",49.22778,-123.112983
VANCOUVER,ALBERTA ST,W 48TH AVE,c5f8a020-820e-552c-865c-48b5bc9a692d,"ALBERTA ST & W 48TH AVE, VANCOUVER",49.226877,-123.112977
VANCOUVER,ALBERTA ST,W 49TH AVE,bbb8f34e-e1f9-5dd8-ad0b-7727b179045c,"ALBERTA ST & W 49TH AVE, VANCOUVER",49.225952,-123.112951
VANCOUVER,ALBERTA ST,W 4TH AVE,83c929ff-48be-58c8-a769-bcf2358ab80e,"ALBERTA ST & W 4TH AVE, VANCOUVER",49.267471,-123.11078
VANCOUVER,ALBERTA ST,W 58TH AVE,d655e069-d704-5734-84ab-13bc5ac9b2af,"ALBERTA ST & W 58TH AVE, VANCOUVER",49.21779,-123.113339
VANCOUVER,ALBERTA ST,W 59TH AVE,7fde73c5-3add-5afd-9815-69085642e1c3,"ALBERTA ST & W 59TH AVE, VANCOUVER",49.216897,-123.113356
VANCOUVER,ALBERTA ST,W 5TH AVE,d82ba309-a284-520f-8b89-98c92ae01703,"ALBERTA ST & W 5TH AVE, VANCOUVER",49.2666,-123.11081
VANCOUVER,ALBERTA ST,W 6TH AVE,2c2d94d9-e012-5e01-a574-4832d67803d7,"ALBERTA ST & W 6TH AVE, VANCOUVER",49.26567,-123.110837
VANCOUVER,ALBERTA ST,W 7TH AVE,51ca7135-f108-5b5d-89ba-8d5af96db234,"ALBERTA ST & W 7TH AVE, VANCOUVER",49.264782,-123.110882
VANCOUVER,ALBERTA ST,W 8TH AVE,257e66f3-fdd2-5e3e-b1a9-5684f606eaef,"ALBERTA ST & W 8TH AVE, VANCOUVER",49.263875,-123.11092
VANCOUVER,ALBERTA ST,W 9TH AVE,125c8e6e-2af4-50dc-8844-249df31426dd,"ALBERTA ST & W 9TH AVE, VANCOUVER",49.263145,-123.110952
VANCOUVER,ALBERTA ST,W BROADWAY,5d0c94f9-7793-500a-91a1-c13c88acde3c,"ALBERTA ST & W BROADWAY, VANCOUVER",49.263145,-123.110952
VANCOUVER,ALDER BAY CRT,LAMEYS MILL RD,f32e98ec-5823-54bf-b8f0-b2e5a5b3592c,"ALDER BAY CRT & LAMEYS MILL RD, VANCOUVER",49.266979,-123.133423
VANCOUVER,ALDER CROSSING,LAMEYS MILL RD,c0bc4e91-0fcf-56ff-8878-037adf3aad08,"ALDER CROSSING & LAMEYS MILL RD, VANCOUVER",49.266646,-123.132012
VANCOUVER,ALDER CROSSING,W 6TH AVE,31ec684f-ea3d-5e91-849b-6906f9f843f7,"ALDER CROSSING & W 6TH AVE, VANCOUVER",49.266112,-123.1321
VANCOUVER,ALDER ST,W 10TH AVE,b9f42b8f-2815-5cb4-9a40-7f8ed2b7725c,"ALDER ST & W 10TH AVE, VANCOUVER",49.262521,-123.131416
VANCOUVER,ALDER ST,W 11TH AVE,7e645305-82a2-588d-819a-1778ad6b0dfc,"ALDER ST & W 11TH AVE, VANCOUVER",49.261592,-123.131448
VANCOUVER,ALDER ST,W 12TH AVE,5192f525-0e2a-5baa-bb4f-74f206031d9c,"ALDER ST & W 12TH AVE, VANCOUVER",49.260681,-123.131481
VANCOUVER,ALDER ST,W 13TH AVE,dede2399-e8b6-534a-b300-d6b247325a4b,"ALDER ST & W 13TH AVE, VANCOUVER",49.259709,-123.131521
VANCOUVER,ALDER ST,W 14TH AVE,8f3b34d6-fc43-5cab-9202-65e2a560f294,"ALDER ST & W 14TH AVE, VANCOUVER",49.258796,-123.131553
VANCOUVER,ALDER ST,W 15TH AVE,19bbcb29-0ae4-5802-a14e-5c5ccba2631a,"ALDER ST & W 15TH AVE, VANCOUVER",49.257882,-123.131586
VANCOUVER,ALDER ST,W 6TH AVE,aed4a266-8c05-5d0e-a384-92d349c9349d,"ALDER ST & W 6TH AVE, VANCOUVER",49.266081,-123.131241
VANCOUVER,ALDER ST,W 7TH AVE,a4d431fc-c2c7-5511-aa17-edcc176e3d64,"ALDER ST & W 7TH AVE, VANCOUVER",49.265231,-123.131283
VANCOUVER,ALDER ST,W 8TH AVE,e518587b-256f-59d0-a627-7b24f8f9709b,"ALDER ST & W 8TH AVE, VANCOUVER",49.264398,-123.131313
VANCOUVER,ALDER ST,W BROADWAY,87949bc7-0541-58e1-8434-0a110d6d5a94,"ALDER ST & W BROADWAY, VANCOUVER",49.263484,-123.131367
VANCOUVER,ALEXANDER ST,COLUMBIA ST,f3bf210d-3182-5ffd-956c-c2c36fc5690f,"ALEXANDER ST & COLUMBIA ST, VANCOUVER",49.283791,-123.102162
VANCOUVER,ALEXANDER ST,DUNLEVY AVE,c04721c3-f774-5131-a20c-e649b0e727bd,"ALEXANDER ST & DUNLEVY AVE, VANCOUVER",49.284016,-123.095293
VANCOUVER,ALEXANDER ST,GORE AVE,c469c540-d5ec-54a6-bcf0-9400535f379c,"ALEXANDER ST & GORE AVE, VANCOUVER",49.284067,-123.097836
VANCOUVER,ALEXANDER ST,HAWKS AVE,8642ae5b-731c-56ca-b54a-42d52af033eb,"ALEXANDER ST & HAWKS AVE, VANCOUVER",49.283542,-123.087107
VANCOUVER,ALEXANDER ST,HEATLEY AVE,36dc9c38-4602-58ef-a726-b39d0e2501c7,"ALEXANDER ST & HEATLEY AVE, VANCOUVER",49.283906,-123.089469
VANCOUVER,ALEXANDER ST,JACKSON AVE,2aeb6ae6-3ebd-577c-8535-1bc5e2676787,"ALEXANDER ST & JACKSON AVE, VANCOUVER",49.283988,-123.093305
VANCOUVER,ALEXANDER ST,MAIN ST,2bd09d37-6d56-5a23-b144-965f9a4ced03,"ALEXANDER ST & MAIN ST, VANCOUVER",49.284104,-123.099491
VANCOUVER,ALEXANDER ST,POWELL ST,6dd36c96-1e8d-5e1c-9421-a4c35a295cfb,"ALEXANDER ST & POWELL ST, VANCOUVER",49.283368,-123.104002
VANCOUVER,ALEXANDER ST,PRINCESS AVE,1e1b4772-3902-588b-98f4-45c697dbe4a3,"ALEXANDER ST & PRINCESS AVE, VANCOUVER",49.283944,-123.091363
VANCOUVER,ALEXANDER ST,RAILWAY ST,71c8057f-9081-5da4-b682-4af81288ee97,"ALEXANDER ST & RAILWAY ST, VANCOUVER",49.283944,-123.091363
VANCOUVER,ALEXANDER ST,WATER ST,cbaede1d-5fa3-555f-9188-b60edb689cff,"ALEXANDER ST & WATER ST, VANCOUVER",49.283368,-123.104002
VANCOUVER,ALEXANDRA ST,BALFOUR AVE,60c3d54d-fbb5-57ff-9967-b9b3189e9c14,"ALEXANDRA ST & BALFOUR AVE, VANCOUVER",49.251787,-123.141359
VANCOUVER,ALEXANDRA ST,NANTON AVE,7819ac83-572f-5ee5-94c0-b6afe88935f2,"ALEXANDRA ST & NANTON AVE, VANCOUVER",49.247438,-123.141573
VANCOUVER,ALEXANDRA ST,W 25TH AVE,bd6424d5-0095-5fee-975e-89e456bfe2a5,"ALEXANDRA ST & W 25TH AVE, VANCOUVER",49.24946,-123.141482
VANCOUVER,ALEXANDRA ST,W 26TH AVE,91abc651-63b9-5da3-945c-313f2503518f,"ALEXANDRA ST & W 26TH AVE, VANCOUVER",49.248364,-123.141515
VANCOUVER,ALEXANDRA ST,W 28TH AVE,f419edaf-d493-53d5-b797-b3d6a920eeaa,"ALEXANDRA ST & W 28TH AVE, VANCOUVER",49.246533,-123.141601
VANCOUVER,ALEXANDRA ST,W 29TH AVE,238f3364-e9f2-545f-b1aa-2ff231270a1b,"ALEXANDRA ST & W 29TH AVE, VANCOUVER",49.245482,-123.141631
VANCOUVER,ALEXANDRA ST,W KING EDWARD AVE,5f2fdd2b-9f3a-55c5-97e8-aaf064d83bdd,"ALEXANDRA ST & W KING EDWARD AVE, VANCOUVER",49.24946,-123.141482
VANCOUVER,ALICE ST,E 22ND AVE,f7a21830-86af-5ebb-8d25-27d9b7053832,"ALICE ST & E 22ND AVE, VANCOUVER",49.250278,-123.065789
VANCOUVER,ALMA ST,CAMERON AVE,70d73b48-cc18-5ac2-b4e4-0e7eb171d89d,"ALMA ST & CAMERON AVE, VANCOUVER",49.272873,-123.185555
VANCOUVER,ALMA ST,DUNBAR DIVERS,c5ff8ef9-125a-55b2-9a12-24b1e3412474,"ALMA ST & DUNBAR DIVERS, VANCOUVER",49.261149,-123.185795
VANCOUVER,ALMA ST,POINT GREY RD,700ff03d-d5b5-53c7-b7f4-a1f8f5977caa,"ALMA ST & POINT GREY RD, VANCOUVER",49.272274,-123.185574
VANCOUVER,ALMA ST,SW MARINE DR,7842b7a5-c263-5c9a-920c-d406c43fe7f0,"ALMA ST & SW MARINE DR, VANCOUVER",49.231184,-123.18687
VANCOUVER,ALMA ST,W 10TH AVE,5289788e-b3ff-5d3f-bac8-1e6ca91fd4f4,"ALMA ST & W 10TH AVE, VANCOUVER",49.263481,-123.185898
VANCOUVER,ALMA ST,W 11TH AVE,fe6d076e-9335-5948-baab-3ff9bad8fd7a,"ALMA ST & W 11TH AVE, VANCOUVER",49.262547,-123.185921
VANCOUVER,ALMA ST,W 12TH AVE,69ea5019-7ceb-5186-be6d-c7c7978cd4b3,"ALMA ST & W 12TH AVE, VANCOUVER",49.261668,-123.185915
VANCOUVER,ALMA ST,W 13TH AVE,e44a39a7-0b8f-566b-b7a7-f5858bf06bcf,"ALMA ST & W 13TH AVE, VANCOUVER",49.260722,-123.185986
VANCOUVER,ALMA ST,W 14TH AVE,ffb169fd-ef38-5cc6-bb2b-2573a5f9e8ec,"ALMA ST & W 14TH AVE, VANCOUVER",49.259846,-123.186021
VANCOUVER,ALMA ST,W 15TH AVE,e3af90af-77e2-5152-aaf7-ed0a0925405b,"ALMA ST & W 15TH AVE, VANCOUVER",49.258931,-123.186056
VANCOUVER,ALMA ST,W 16TH AVE,ed1ce33e-b741-5672-ad57-fdb6c9e9d935,"ALMA ST & W 16TH AVE, VANCOUVER",49.257937,-123.186093
VANCOUVER,ALMA ST,W 1ST AVE,278fd496-279e-52a4-9fb4-b2145d67eae1,"ALMA ST & W 1ST AVE, VANCOUVER",49.271315,-123.185614
VANCOUVER,ALMA ST,W 27TH AVE,83033630-5ae0-50a6-8ec9-e4122f6bab15,"ALMA ST & W 27TH AVE, VANCOUVER",49.24808,-123.186742
VANCOUVER,ALMA ST,W 28TH AVE,8dfcb58f-9ef8-5d62-8f5b-1fd92a121739,"ALMA ST & W 28TH AVE, VANCOUVER",49.24713,-123.186751
VANCOUVER,ALMA ST,W 29TH AVE,3c7dac9d-24d4-5040-9414-8835a1d7ae12,"ALMA ST & W 29TH AVE, VANCOUVER",49.246167,-123.186761
VANCOUVER,ALMA ST,W 2ND AVE,d6e0d73e-5778-52a6-9f30-acf6346e83b6,"ALMA ST & W 2ND AVE, VANCOUVER",49.270398,-123.185643
VANCOUVER,ALMA ST,W 39TH AVE,987dd323-a714-5d3e-b16c-86f7c9230321,"ALMA ST & W 39TH AVE, VANCOUVER",49.236439,-123.186765
VANCOUVER,ALMA ST,W 3RD AVE,e8657ebf-ffca-5b15-bd23-91a8356285e9,"ALMA ST & W 3RD AVE, VANCOUVER",49.269525,-123.185669
VANCOUVER,ALMA ST,W 41ST AVE,283b477d-7437-5d9b-8e5b-5c39707abdd8,"ALMA ST & W 41ST AVE, VANCOUVER",49.234783,-123.186817
VANCOUVER,ALMA ST,W 4TH AVE,21279ffa-7700-5104-92ce-6873e276b616,"ALMA ST & W 4TH AVE, VANCOUVER",49.268607,-123.185686
VANCOUVER,ALMA ST,W 5TH AVE,f9ba8bac-aea7-52c5-9a4c-67b760827d8f,"ALMA ST & W 5TH AVE, VANCOUVER",49.267752,-123.185727
VANCOUVER,ALMA ST,W 6TH AVE,cec33523-1222-5fbc-9036-6963ed401425,"ALMA ST & W 6TH AVE, VANCOUVER",49.266927,-123.185761
VANCOUVER,ALMA ST,W 7TH AVE,12009674-2698-5f32-b005-397cd5538bd3,"ALMA ST & W 7TH AVE, VANCOUVER",49.266068,-123.185795
VANCOUVER,ALMA ST,W 8TH AVE,af8798e4-fa10-5b26-9bca-26c9f12d8f8d,"ALMA ST & W 8TH AVE, VANCOUVER",49.265246,-123.185828
VANCOUVER,ALMA ST,W 9TH AVE,6a5053fb-1b92-52b9-811e-b5d7c2e28e95,"ALMA ST & W 9TH AVE, VANCOUVER",49.264369,-123.185879
VANCOUVER,ALMA ST,W BROADWAY,a6658a5a-69f3-50c8-96d4-9a53c659b879,"ALMA ST & W BROADWAY, VANCOUVER",49.264369,-123.185879
VANCOUVER,ALVIN NAROD MEWS,PACIFIC BLVD,a28cf002-27f1-5633-9b69-eed273386055,"ALVIN NAROD MEWS & PACIFIC BLVD, VANCOUVER",49.274495,-123.119985
VANCOUVER,AMBERLY PL,SE MARINE DR,b3132b45-8f75-5002-a20a-c03307c5a23f,"AMBERLY PL & SE MARINE DR, VANCOUVER",49.208308,-123.032608
VANCOUVER,ANCASTER CRES,ELLIOTT ST,957de4e3-3835-5009-8329-11ac35e3f68c,"ANCASTER CRES & ELLIOTT ST, VANCOUVER",49.212421,-123.055121
VANCOUVER,ANCASTER CRES,FRASERVIEW DR,a7b38e89-c8b8-573d-bec8-6b6b1cdee249,"ANCASTER CRES & FRASERVIEW DR, VANCOUVER",49.212457,-123.057852
VANCOUVER,ANCASTER CRES,HARRISON DR,72f3e9cb-0538-5e13-997c-1dca0cc59a04,"ANCASTER CRES & HARRISON DR, VANCOUVER",49.212027,-123.056524
VANCOUVER,ANDERSON ST,CARTWRIGHT ST,bcba5c71-7d32-5911-b009-06ee00ac8c07,"ANDERSON ST & CARTWRIGHT ST, VANCOUVER",49.270629,-123.136053
VANCOUVER,ANDERSON ST,DURANLEAU ST,fd9fef20-5cc4-508b-9bab-5502e176c303,"ANDERSON ST & DURANLEAU ST, VANCOUVER",49.270629,-123.136053
VANCOUVER,ANDERSON ST,HWY 99,2c6750e5-85f9-5c33-87eb-c6163758a90f,"ANDERSON ST & HWY 99, VANCOUVER",49.269263,-123.137909
VANCOUVER,ANDERSON ST,ISLAND PARK WALK,0adb7edf-8742-5287-bbaf-c3df99abf976,"ANDERSON ST & ISLAND PARK WALK, VANCOUVER",49.269956,-123.137115
VANCOUVER,ANDERSON ST,JOHNSTON ST,dea39466-079a-51e8-9a77-3548ce4071a9,"ANDERSON ST & JOHNSTON ST, VANCOUVER",49.271914,-123.135012
VANCOUVER,ANDERSON ST,LAMEYS MILL RD,1f0bdf93-68d0-57e9-9561-cc470bb82538,"ANDERSON ST & LAMEYS MILL RD, VANCOUVER",49.26933,-123.137797
VANCOUVER,ANDERSON ST,W 3RD AVE,858555e4-20c3-593d-bc49-1898e3b3ab9f,"ANDERSON ST & W 3RD AVE, VANCOUVER",49.268775,-123.138191
VANCOUVER,ANDERSON ST,W 4TH AVE,ce3769e6-0c89-5672-a7e7-08173cc46343,"ANDERSON ST & W 4TH AVE, VANCOUVER",49.26819,-123.138372
VANCOUVER,ANGUS DR,GRANVILLE ST,f08c798a-814d-55f4-b5cb-d6fef9f40338,"ANGUS DR & GRANVILLE ST, VANCOUVER",49.254557,-123.138912
VANCOUVER,ANGUS DR,HOSMER AVE,ba86d239-02ba-5394-aa2a-36442893f6c4,"ANGUS DR & HOSMER AVE, VANCOUVER",49.253678,-123.144732
VANCOUVER,ANGUS DR,MATTHEWS AVE,36ab4328-c1a8-5133-93de-466b17e54b77,"ANGUS DR & MATTHEWS AVE, VANCOUVER",49.251551,-123.145544
VANCOUVER,ANGUS DR,NANTON AVE,2d08b39a-a0d2-547c-8337-42382bdc7d5e,"ANGUS DR & NANTON AVE, VANCOUVER",49.247513,-123.146172
VANCOUVER,ANGUS DR,SW MARINE DR,a0907d63-8784-570e-b17c-8fe415c010e6,"ANGUS DR & SW MARINE DR, VANCOUVER",49.209472,-123.148711
VANCOUVER,ANGUS DR,THE CRESCENT,8b62612f-8f35-5fda-9ce9-4260ffd7bb19,"ANGUS DR & THE CRESCENT, VANCOUVER",49.255561,-123.136394
VANCOUVER,ANGUS DR,W 29TH AVE,40304d2e-f4d0-5083-b16b-5b2a4f75fb92,"ANGUS DR & W 29TH AVE, VANCOUVER",49.245534,-123.14548
VANCOUVER,ANGUS DR,W 32ND AVE,6507365a-8737-5a8b-8615-bfe0462cbc07,"ANGUS DR & W 32ND AVE, VANCOUVER",49.243561,-123.145519
VANCOUVER,ANGUS DR,W 33RD AVE,b335c558-620b-5a0b-8387-d2333996642b,"ANGUS DR & W 33RD AVE, VANCOUVER",49.241989,-123.145513
VANCOUVER,ANGUS DR,W 35TH AVE,8c4a8139-d47b-55a0-8cd7-258a74ac1b2d,"ANGUS DR & W 35TH AVE, VANCOUVER",49.239925,-123.145479
VANCOUVER,ANGUS DR,W 37TH AVE,60cf0618-9c0d-524f-8367-5265f4e2e01e,"ANGUS DR & W 37TH AVE, VANCOUVER",49.238132,-123.146395
VANCOUVER,ANGUS DR,W 39TH AVE,19c98f75-8dd2-5b11-b908-f4ae7a76875f,"ANGUS DR & W 39TH AVE, VANCOUVER",49.236309,-123.147599
VANCOUVER,ANGUS DR,W 40TH AVE,cdb6de2c-0402-56ce-957d-29e803d2f6b5,"ANGUS DR & W 40TH AVE, VANCOUVER",49.235746,-123.147633
VANCOUVER,ANGUS DR,W 41ST AVE,f5cc68fd-6f56-59bf-a03b-02bef9360eaf,"ANGUS DR & W 41ST AVE, VANCOUVER",49.23446,-123.147668
VANCOUVER,ANGUS DR,W 45TH AVE,d369d3c2-305f-587f-87d0-e9551461c164,"ANGUS DR & W 45TH AVE, VANCOUVER",49.230745,-123.147807
VANCOUVER,ANGUS DR,W 47TH AVE,a79e5a1a-3df4-525c-b690-24e48c38ea0d,"ANGUS DR & W 47TH AVE, VANCOUVER",49.228886,-123.147878
VANCOUVER,ANGUS DR,W 49TH AVE,e93c7b6c-d79f-521e-9b9b-238a8fae1499,"ANGUS DR & W 49TH AVE, VANCOUVER",49.227069,-123.147944
VANCOUVER,ANGUS DR,W 50TH AVE,1a9abe73-a0b0-53ee-b626-6bbe716fb175,"ANGUS DR & W 50TH AVE, VANCOUVER",49.225751,-123.147995
VANCOUVER,ANGUS DR,W 52ND AVE,34c5699f-d135-50f6-8185-42e78a3e65b4,"ANGUS DR & W 52ND AVE, VANCOUVER",49.224176,-123.148057
VANCOUVER,ANGUS DR,W 54TH AVE,68bd5ab8-5fb2-521f-ada1-f2a8c260452c,"ANGUS DR & W 54TH AVE, VANCOUVER",49.221799,-123.148154
VANCOUVER,ANGUS DR,W 57TH AVE,7c25fb34-1e25-504e-b959-e8dda06caf3a,"ANGUS DR & W 57TH AVE, VANCOUVER",49.219452,-123.14825
VANCOUVER,ANGUS DR,W 58TH AVE,051690d4-91ba-50e1-ae5c-8955736d4dad,"ANGUS DR & W 58TH AVE, VANCOUVER",49.218574,-123.148277
VANCOUVER,ANGUS DR,W 59TH AVE,c9d5c3dc-611a-5db3-ae52-430ce1b55e13,"ANGUS DR & W 59TH AVE, VANCOUVER",49.217746,-123.148313
VANCOUVER,ANGUS DR,W 60TH AVE,f71a9738-bc57-5d81-ad40-fdc444133500,"ANGUS DR & W 60TH AVE, VANCOUVER",49.216909,-123.14831
VANCOUVER,ANGUS DR,W 61ST AVE,46620b48-0107-527f-997d-22114794a2a1,"ANGUS DR & W 61ST AVE, VANCOUVER",49.216062,-123.148496
VANCOUVER,ANGUS DR,W 64TH AVE,8cfd1d13-2391-5629-ad3f-bb610ebfcd82,"ANGUS DR & W 64TH AVE, VANCOUVER",49.213274,-123.148478
VANCOUVER,ANGUS DR,W 75TH AVE,f3768985-58c3-5b69-8cf4-53f3a8562f34,"ANGUS DR & W 75TH AVE, VANCOUVER",49.207489,-123.149341
VANCOUVER,ANGUS DR,W KING EDWARD AVE,fb12081e-9e1f-53fb-98d1-4cc1fc36f6c6,"ANGUS DR & W KING EDWARD AVE, VANCOUVER",49.249577,-123.146099
VANCOUVER,ANN ST,WELLINGTON AVE,76db3442-2b03-59f0-b1c4-a86e23cbd6cc,"ANN ST & WELLINGTON AVE, VANCOUVER",49.239213,-123.02811
VANCOUVER,ANZIO DR,E 22ND AVE,0ec43e50-79e0-5de2-bc69-fbd7f485a7b1,"ANZIO DR & E 22ND AVE, VANCOUVER",49.250625,-123.028522
VANCOUVER,ANZIO DR,MONS DR,45bdf4fa-fa86-5d16-a2e5-1f1e8aafb62e,"ANZIO DR & MONS DR, VANCOUVER",49.252316,-123.031058
VANCOUVER,ANZIO DR,RUPERT ST,d856fb70-9ac3-51be-b908-7bd4c320fac0,"ANZIO DR & RUPERT ST, VANCOUVER",49.252306,-123.03381
VANCOUVER,AQUA DR,WATERSIDE AVE,1108687b-a3a2-51ba-ada4-4d0813f7516f,"AQUA DR & WATERSIDE AVE, VANCOUVER",49.207582,-123.063419
VANCOUVER,AQUARIUS MEWS,MARINASIDE CRES,e2d666d0-702f-57ee-b1e9-cfcef91e01a5,"AQUARIUS MEWS & MARINASIDE CRES, VANCOUVER",49.273446,-123.118845
VANCOUVER,ARBOR AVE,BOUNDARY RD,38c2482e-f761-5d29-81a0-c9e10cd0a53f,"ARBOR AVE & BOUNDARY RD, VANCOUVER",49.217464,-123.023802
VANCOUVER,ARBOR AVE,MATHESON CRES,bd8f4974-a0f8-59fd-86be-7610762fef09,"ARBOR AVE & MATHESON CRES, VANCOUVER",49.217415,-123.025078
VANCOUVER,ARBUTUS DIVERS,ARBUTUS ST,be6ab0d1-7857-5497-9ba4-229b21aa5ab8,"ARBUTUS DIVERS & ARBUTUS ST, VANCOUVER",49.222842,-123.155335
VANCOUVER,ARBUTUS DIVERS,W 53RD AVE,cd2e4c16-75ac-5557-9582-6646de1c3b4d,"ARBUTUS DIVERS & W 53RD AVE, VANCOUVER",49.222842,-123.155335
VANCOUVER,ARBUTUS GREENWAY,BURRARD ST,1e3a8d31-2f2a-5cb5-9ba5-d9fa66eed532,"ARBUTUS GREENWAY & BURRARD ST, VANCOUVER",49.266475,-123.145659
VANCOUVER,ARBUTUS GREENWAY,SW MARINE DR,9f009dd3-25c9-52fb-a47e-f9568883884e,"ARBUTUS GREENWAY & SW MARINE DR, VANCOUVER",49.208578,-123.144463
VANCOUVER,ARBUTUS GREENWAY,W 11TH AVE,6857b3ea-ee56-5571-a3b1-f76e463dc487,"ARBUTUS GREENWAY & W 11TH AVE, VANCOUVER",49.261934,-123.152455
VANCOUVER,ARBUTUS GREENWAY,W 12TH AVE,9b366861-5bb5-5704-8e0e-09968940f15b,"ARBUTUS GREENWAY & W 12TH AVE, VANCOUVER",49.261005,-123.152508
VANCOUVER,ARBUTUS GREENWAY,W 14TH AVE,32b9c0d9-b83b-5c61-b311-9324dd44ebcd,"ARBUTUS GREENWAY & W 14TH AVE, VANCOUVER",49.259139,-123.152558
VANCOUVER,ARBUTUS GREENWAY,W 16TH AVE,5d2854dc-8a8d-503e-b712-ba92752b4f33,"ARBUTUS GREENWAY & W 16TH AVE, VANCOUVER",49.257288,-123.152709
VANCOUVER,ARBUTUS GREENWAY,W 33RD AVE,372cae6c-8633-5e6d-baaf-570316bfae92,"ARBUTUS GREENWAY & W 33RD AVE, VANCOUVER",49.242014,-123.147022
VANCOUVER,ARBUTUS GREENWAY,W 37TH AVE,5cc393ee-6754-5d8f-b345-c18f61de7979,"ARBUTUS GREENWAY & W 37TH AVE, VANCOUVER",49.238286,-123.155161
VANCOUVER,ARBUTUS GREENWAY,W 41ST AVE,7d546ea8-3eb5-5719-83aa-6d3db5ce4c2e,"ARBUTUS GREENWAY & W 41ST AVE, VANCOUVER",49.234581,-123.155314
VANCOUVER,ARBUTUS GREENWAY,W 4TH AVE,3ade8347-3e24-54a0-b3c5-f8e3170613c3,"ARBUTUS GREENWAY & W 4TH AVE, VANCOUVER",49.267924,-123.140422
VANCOUVER,ARBUTUS GREENWAY,W 64TH AVE,203a36bb-fe01-51f3-9b19-9800d975c475,"ARBUTUS GREENWAY & W 64TH AVE, VANCOUVER",49.213257,-123.146832
VANCOUVER,ARBUTUS GREENWAY,W BROADWAY,7df8b311-8dd7-5e7a-ba50-586555b30ea3,"ARBUTUS GREENWAY & W BROADWAY, VANCOUVER",49.263812,-123.152389
VANCOUVER,ARBUTUS GREENWAY,W KING EDWARD AVE,4ddf31eb-992d-584e-8862-e8817a4c1199,"ARBUTUS GREENWAY & W KING EDWARD AVE, VANCOUVER",49.251529,-123.15308
VANCOUVER,ARBUTUS ST,BRIAR AVE,6a21e677-2181-5b10-8223-16a31bdc0673,"ARBUTUS ST & BRIAR AVE, VANCOUVER",49.249719,-123.153153
VANCOUVER,ARBUTUS ST,CORNWALL AVE,d2de8855-7ab7-5f4e-ba2b-8cc6dab47dde,"ARBUTUS ST & CORNWALL AVE, VANCOUVER",49.272549,-123.152601
VANCOUVER,ARBUTUS ST,CREELMAN AVE,40a202d9-95fe-5e5f-a871-77b033fe9fa4,"ARBUTUS ST & CREELMAN AVE, VANCOUVER",49.274533,-123.152523
VANCOUVER,ARBUTUS ST,LAHB AVE,cf21e593-a69d-57e1-bb97-0cf6b94aa727,"ARBUTUS ST & LAHB AVE, VANCOUVER",49.248458,-123.153254
VANCOUVER,ARBUTUS ST,MCNICOLL AVE,9b656d84-8f62-5ee4-bc70-0c37003ee051,"ARBUTUS ST & MCNICOLL AVE, VANCOUVER",49.276266,-123.151081
VANCOUVER,ARBUTUS ST,NANTON AVE,9570c555-a815-5b20-ad22-de5f37eb9550,"ARBUTUS ST & NANTON AVE, VANCOUVER",49.247666,-123.153243
VANCOUVER,ARBUTUS ST,QUILCHENA CRES,dc2773d0-1fdb-5b0c-b178-b87cbf69c494,"ARBUTUS ST & QUILCHENA CRES, VANCOUVER",49.24111,-123.154452
VANCOUVER,ARBUTUS ST,SW MARINE DR,63df52b5-c57f-5b59-84c2-51a6f6f6754d,"ARBUTUS ST & SW MARINE DR, VANCOUVER",49.215534,-123.154818
VANCOUVER,ARBUTUS ST,VALLEY DR,e05437a0-0669-558e-8fc0-7979edd5747b,"ARBUTUS ST & VALLEY DR, VANCOUVER",49.245181,-123.153329
VANCOUVER,ARBUTUS ST,W 10TH AVE,5fcf8152-76fd-5d8f-a390-6cb68dd0db39,"ARBUTUS ST & W 10TH AVE, VANCOUVER",49.262861,-123.152974
VANCOUVER,ARBUTUS ST,W 11TH AVE,28099fe0-f507-5166-bde9-a8c58c65b0d5,"ARBUTUS ST & W 11TH AVE, VANCOUVER",49.261943,-123.153001
VANCOUVER,ARBUTUS ST,W 12TH AVE,1a92f2b8-8bdd-574c-9d16-075e4ea74d0e,"ARBUTUS ST & W 12TH AVE, VANCOUVER",49.261003,-123.15306
VANCOUVER,ARBUTUS ST,W 13TH AVE,06eb1afb-177c-5da6-a7b5-58f23c9c01e8,"ARBUTUS ST & W 13TH AVE, VANCOUVER",49.260049,-123.153096
VANCOUVER,ARBUTUS ST,W 14TH AVE,b7ed5b7f-e202-5cb9-9ab5-685cf868c458,"ARBUTUS ST & W 14TH AVE, VANCOUVER",49.259145,-123.153115
VANCOUVER,ARBUTUS ST,W 15TH AVE,d245585e-187c-5795-adc1-7f94a90b2e81,"ARBUTUS ST & W 15TH AVE, VANCOUVER",49.258215,-123.153076
VANCOUVER,ARBUTUS ST,W 16TH AVE,e2bd931f-9974-5752-9b51-8a2653d02894,"ARBUTUS ST & W 16TH AVE, VANCOUVER",49.257292,-123.152892
VANCOUVER,ARBUTUS ST,W 18TH AVE,a10ce017-83a2-58f8-a7d7-b82e3a5fe241,"ARBUTUS ST & W 18TH AVE, VANCOUVER",49.256197,-123.152873
VANCOUVER,ARBUTUS ST,W 19TH AVE,fab5d034-a100-53ad-afe4-c46657195558,"ARBUTUS ST & W 19TH AVE, VANCOUVER",49.255288,-123.152904
VANCOUVER,ARBUTUS ST,W 1ST AVE,b5c2888c-168b-5743-95cf-4f78378e5970,"ARBUTUS ST & W 1ST AVE, VANCOUVER",49.270783,-123.152669
VANCOUVER,ARBUTUS ST,W 20TH AVE,9049228c-19cc-5c7c-bf11-9b1ef538d958,"ARBUTUS ST & W 20TH AVE, VANCOUVER",49.254392,-123.152948
VANCOUVER,ARBUTUS ST,W 21ST AVE,14024917-c7d8-5492-b0ff-e80efb33bd8a,"ARBUTUS ST & W 21ST AVE, VANCOUVER",49.25349,-123.15297
VANCOUVER,ARBUTUS ST,W 22ND AVE,fdca3ce2-a8ea-5694-9e55-dd76e6ed1686,"ARBUTUS ST & W 22ND AVE, VANCOUVER",49.252591,-123.153032
VANCOUVER,ARBUTUS ST,W 25TH AVE,e11c45cb-593f-5a6a-ac92-8dc9a4334cf6,"ARBUTUS ST & W 25TH AVE, VANCOUVER",49.251529,-123.15308
VANCOUVER,ARBUTUS ST,W 2ND AVE,73da0fec-ccf3-54b4-beed-c025b22babcb,"ARBUTUS ST & W 2ND AVE, VANCOUVER",49.269901,-123.152702
VANCOUVER,ARBUTUS ST,W 32ND AVE,a995f069-0fd9-5ffd-ac1d-8cbb0e49d3ba,"ARBUTUS ST & W 32ND AVE, VANCOUVER",49.243025,-123.153441
VANCOUVER,ARBUTUS ST,W 33RD AVE,6b4d74ae-fb66-570c-85c9-6f4d36c25fbe,"ARBUTUS ST & W 33RD AVE, VANCOUVER",49.242116,-123.153482
VANCOUVER,ARBUTUS ST,W 34TH AVE,75d00013-a6f2-5239-8a58-a1680554c40f,"ARBUTUS ST & W 34TH AVE, VANCOUVER",49.24111,-123.154452
VANCOUVER,ARBUTUS ST,W 35TH AVE,279496e1-e22e-51b4-9df8-6d4da5c2f8ba,"ARBUTUS ST & W 35TH AVE, VANCOUVER",49.240254,-123.155292
VANCOUVER,ARBUTUS ST,W 36TH AVE,e1a4f3ac-d8ac-5a60-9694-2c1812096aca,"ARBUTUS ST & W 36TH AVE, VANCOUVER",49.239185,-123.155376
VANCOUVER,ARBUTUS ST,W 37TH AVE,d5fa0a60-8e14-5aef-8fc9-5d506f62a13f,"ARBUTUS ST & W 37TH AVE, VANCOUVER",49.238291,-123.155447
VANCOUVER,ARBUTUS ST,W 3RD AVE,f034c88a-4d59-5b80-81d9-f467d29cca20,"ARBUTUS ST & W 3RD AVE, VANCOUVER",49.269023,-123.152738
VANCOUVER,ARBUTUS ST,W 49TH AVE,d7fe6dce-a72e-5849-adde-50af12b7d40c,"ARBUTUS ST & W 49TH AVE, VANCOUVER",49.227157,-123.155104
VANCOUVER,ARBUTUS ST,W 4TH AVE,fc9cbc1a-ffc9-5e5c-91b8-6462ff86ba99,"ARBUTUS ST & W 4TH AVE, VANCOUVER",49.268116,-123.152773
VANCOUVER,ARBUTUS ST,W 51ST AVE,99d3eabf-4d3b-52a1-a91b-f4e580aa1d0f,"ARBUTUS ST & W 51ST AVE, VANCOUVER",49.224989,-123.155212
VANCOUVER,ARBUTUS ST,W 53RD AVE,0372c5ed-63eb-5028-bda7-9ccad7ce940e,"ARBUTUS ST & W 53RD AVE, VANCOUVER",49.222842,-123.155335
VANCOUVER,ARBUTUS ST,W 57TH AVE,8e40c254-8585-52a8-92aa-d87b94a7e911,"ARBUTUS ST & W 57TH AVE, VANCOUVER",49.219571,-123.154515
VANCOUVER,ARBUTUS ST,W 59TH AVE,480c3c49-6d27-5d1d-a897-303168faee1c,"ARBUTUS ST & W 59TH AVE, VANCOUVER",49.218124,-123.154569
VANCOUVER,ARBUTUS ST,W 5TH AVE,0915ad56-3ddb-5c7b-ac34-82848177c32a,"ARBUTUS ST & W 5TH AVE, VANCOUVER",49.267248,-123.152814
VANCOUVER,ARBUTUS ST,W 6TH AVE,d5caaffa-876b-5b86-aa4b-772f41d6927f,"ARBUTUS ST & W 6TH AVE, VANCOUVER",49.266409,-123.152837
VANCOUVER,ARBUTUS ST,W 7TH AVE,12d82c89-3585-59b6-bdd7-0f57b0abff88,"ARBUTUS ST & W 7TH AVE, VANCOUVER",49.265582,-123.152874
VANCOUVER,ARBUTUS ST,W 8TH AVE,526d08b2-4e9d-5350-abb9-f71aa41f9a64,"ARBUTUS ST & W 8TH AVE, VANCOUVER",49.26476,-123.152883
VANCOUVER,ARBUTUS ST,W BROADWAY,5eaa2d7d-82ea-5a3b-ad9b-11a590c1d441,"ARBUTUS ST & W BROADWAY, VANCOUVER",49.263821,-123.152938
VANCOUVER,ARBUTUS ST,W KING EDWARD AVE,31376578-fb72-5368-9e4b-a41a248657d6,"ARBUTUS ST & W KING EDWARD AVE, VANCOUVER",49.251529,-123.15308
VANCOUVER,ARBUTUS ST,WEST BOULEVARD,29e3f238-2dec-593e-8601-b3e8436da58e,"ARBUTUS ST & WEST BOULEVARD, VANCOUVER",49.238291,-123.155447
VANCOUVER,ARBUTUS ST,WHYTE AVE,7fe7fcaf-3e06-5de3-b8ff-c1dceb79a237,"ARBUTUS ST & WHYTE AVE, VANCOUVER",49.2754,-123.151808
VANCOUVER,ARBUTUS ST,YORK AVE,1b8db1d7-a8f0-5509-8562-5d21eed20e35,"ARBUTUS ST & YORK AVE, VANCOUVER",49.271649,-123.152636
VANCOUVER,ARCHIMEDES ST,JOYCE ST,3491eeb1-db85-599b-b045-1866ed20a912,"ARCHIMEDES ST & JOYCE ST, VANCOUVER",49.235789,-123.034256
VANCOUVER,ARGYLE DR,BRAEBURN ST,e614c5e7-9b11-5adb-a4ff-84f165d7cddc,"ARGYLE DR & BRAEBURN ST, VANCOUVER",49.218925,-123.069695
VANCOUVER,ARGYLE DR,E 54TH AVE,0f1fae16-d329-53f6-84b8-b4e2d54b827d,"ARGYLE DR & E 54TH AVE, VANCOUVER",49.220178,-123.06587
VANCOUVER,ARGYLE DR,E 57TH AVE,e4ced7d0-a363-5d27-8f36-f7456c00a815,"ARGYLE DR & E 57TH AVE, VANCOUVER",49.217878,-123.071197
VANCOUVER,ARGYLE DR,VICTORIA DR,44ffd899-6a21-59e1-96dd-7f2b7850311c,"ARGYLE DR & VICTORIA DR, VANCOUVER",49.220267,-123.06587
VANCOUVER,ARGYLE ST,E 30TH AVE,fa783b5b-b5ea-5f16-977d-ddf4409bde4f,"ARGYLE ST & E 30TH AVE, VANCOUVER",49.243425,-123.070738
VANCOUVER,ARGYLE ST,E 31ST AVE,1956276e-4963-5770-8598-a2f9672b28c3,"ARGYLE ST & E 31ST AVE, VANCOUVER",49.242987,-123.070757
VANCOUVER,ARGYLE ST,E 32ND AVE,6e1102f0-1e56-55c3-aedf-54633630db2c,"ARGYLE ST & E 32ND AVE, VANCOUVER",49.241588,-123.070815
VANCOUVER,ARGYLE ST,E 33RD AVE,beb717bf-f065-5aab-b25e-3189361e6198,"ARGYLE ST & E 33RD AVE, VANCOUVER",49.240133,-123.071061
VANCOUVER,ARGYLE ST,E 34TH AVE,7b838443-d76f-53fd-ba26-a468816471f2,"ARGYLE ST & E 34TH AVE, VANCOUVER",49.239309,-123.071282
VANCOUVER,ARGYLE ST,E 35TH AVE,1c02072b-5291-5cd8-8413-1b75d4fa40dc,"ARGYLE ST & E 35TH AVE, VANCOUVER",49.238429,-123.071317
VANCOUVER,ARGYLE ST,E 36TH AVE,95c889c1-2173-5eb8-9fcf-1b8003ab3705,"ARGYLE ST & E 36TH AVE, VANCOUVER",49.237607,-123.071352
VANCOUVER,ARGYLE ST,E 37TH AVE,fa2da51b-26ad-58d8-9944-a202f6e744ac,"ARGYLE ST & E 37TH AVE, VANCOUVER",49.236763,-123.071387
VANCOUVER,ARGYLE ST,E 39TH AVE,0569eae5-3a06-5aa5-ab0e-a55c5ec2c789,"ARGYLE ST & E 39TH AVE, VANCOUVER",49.234731,-123.07145
VANCOUVER,ARGYLE ST,E 41ST AVE,a36fec11-a2cc-5b4f-a18a-245d81d7ac13,"ARGYLE ST & E 41ST AVE, VANCOUVER",49.232629,-123.071514
VANCOUVER,ARGYLE ST,E 43RD AVE,63f006f3-2072-5dfd-9846-58a23eefe01a,"ARGYLE ST & E 43RD AVE, VANCOUVER",49.230568,-123.071572
VANCOUVER,ARGYLE ST,E 45TH AVE,47d8077e-6dad-5779-ad35-cd9285db4392,"ARGYLE ST & E 45TH AVE, VANCOUVER",49.228937,-123.07165
VANCOUVER,ARGYLE ST,E 46TH AVE,5c639355-6a9a-5cc5-94f2-0da46ddff51b,"ARGYLE ST & E 46TH AVE, VANCOUVER",49.228525,-123.07166
VANCOUVER,ARGYLE ST,E 47TH AVE,c8f31e66-52cb-5978-925c-1a3b45ffa1be,"ARGYLE ST & E 47TH AVE, VANCOUVER",49.227127,-123.071696
VANCOUVER,ARGYLE ST,E 49TH AVE,8d93aa2c-5709-51b1-a09a-3e0859126c55,"ARGYLE ST & E 49TH AVE, VANCOUVER",49.225219,-123.071761
VANCOUVER,ARGYLE ST,E 51ST AVE,46249133-165c-53f8-b9ec-8367e62aee92,"ARGYLE ST & E 51ST AVE, VANCOUVER",49.223326,-123.071826
VANCOUVER,ARGYLE ST,E 53RD AVE,13c40965-1221-5f18-a529-85c6beeba4b0,"ARGYLE ST & E 53RD AVE, VANCOUVER",49.221743,-123.071905
VANCOUVER,ARGYLE ST,E 54TH AVE,da6e05c0-ed59-5846-83f9-6f8c594d132c,"ARGYLE ST & E 54TH AVE, VANCOUVER",49.220368,-123.071952
VANCOUVER,ARGYLE ST,E 55TH AVE,1eb29b2f-6582-5b42-ba02-7f7607f67e1e,"ARGYLE ST & E 55TH AVE, VANCOUVER",49.219961,-123.071969
VANCOUVER,ARGYLE ST,E 56TH AVE,00ec0254-71bd-5c5b-817f-aff6c0ff722d,"ARGYLE ST & E 56TH AVE, VANCOUVER",49.218994,-123.072037
VANCOUVER,ARGYLE ST,E 57TH AVE,832e1217-8621-5418-9aa4-f99f6f04176b,"ARGYLE ST & E 57TH AVE, VANCOUVER",49.218092,-123.07202
VANCOUVER,ARGYLE ST,E 59TH AVE,ec620cd9-d5bf-531f-93d4-b5ecdcf11329,"ARGYLE ST & E 59TH AVE, VANCOUVER",49.216286,-123.071975
VANCOUVER,ARGYLE ST,E 60TH AVE,857759ea-80ef-547a-a11f-f4202059a250,"ARGYLE ST & E 60TH AVE, VANCOUVER",49.215422,-123.072013
VANCOUVER,ARGYLE ST,E 61ST AVE,4e222caa-d039-50a6-bba8-3dd853ce0317,"ARGYLE ST & E 61ST AVE, VANCOUVER",49.214577,-123.072028
VANCOUVER,ARGYLE ST,E 62ND AVE,2a4775e8-fc39-537e-a62d-4df9ff4b2756,"ARGYLE ST & E 62ND AVE, VANCOUVER",49.213736,-123.07203
VANCOUVER,ARGYLE ST,E 63RD AVE,8cbc9a27-4c88-5318-8a80-d2bd18d66ef4,"ARGYLE ST & E 63RD AVE, VANCOUVER",49.212866,-123.072041
VANCOUVER,ARGYLE ST,E 64TH AVE,d2960302-47e0-53c7-9be0-52ab3ab977bb,"ARGYLE ST & E 64TH AVE, VANCOUVER",49.211963,-123.072046
VANCOUVER,ARGYLE ST,E KENT AVE N,81b135f3-57f5-5e34-8af6-05929963abc0,"ARGYLE ST & E KENT AVE N, VANCOUVER",49.208969,-123.071318
VANCOUVER,ARGYLE ST,E KENT AVE S,c460aca7-1191-5964-9368-5223984749af,"ARGYLE ST & E KENT AVE S, VANCOUVER",49.20869,-123.071319
VANCOUVER,ARGYLE ST,ISLAND AVE,4d809f99-ee9c-5a9e-b080-5ad16a96b748,"ARGYLE ST & ISLAND AVE, VANCOUVER",49.210046,-123.071316
VANCOUVER,ARGYLE ST,SE MARINE DR,4123dd20-942a-5967-995b-dbf1fdeaea71,"ARGYLE ST & SE MARINE DR, VANCOUVER",49.211037,-123.072075
VANCOUVER,ARLINGTON ST,CHAMPLAIN CRES,0577d098-eb98-599f-b10b-a9b07079d9c6,"ARLINGTON ST & CHAMPLAIN CRES, VANCOUVER",49.219031,-123.032401
VANCOUVER,ARLINGTON ST,E 43RD AVE,944d7827-4910-5ffd-90f1-e4e08ecb610a,"ARLINGTON ST & E 43RD AVE, VANCOUVER",49.230804,-123.027807
VANCOUVER,ARLINGTON ST,E 45TH AVE,d66a26a0-69b7-5307-9eeb-d8c5634d0f86,"ARLINGTON ST & E 45TH AVE, VANCOUVER",49.229251,-123.027805
VANCOUVER,ARLINGTON ST,E 46TH AVE,d8ca597e-14eb-5537-9df8-795fb5331a1e,"ARLINGTON ST & E 46TH AVE, VANCOUVER",49.228113,-123.02778
VANCOUVER,ARLINGTON ST,E 47TH AVE,67df2841-a810-5569-9242-ec482fa4d9b4,"ARLINGTON ST & E 47TH AVE, VANCOUVER",49.226405,-123.027876
VANCOUVER,ARLINGTON ST,E 49TH AVE,41bd13e8-e09d-5c8e-a932-1af92c5d1103,"ARLINGTON ST & E 49TH AVE, VANCOUVER",49.223251,-123.02816
VANCOUVER,ASCOT PL,MCGEER ST,f8d55cbd-ee13-55b4-b2e9-7d146758cab3,"ASCOT PL & MCGEER ST, VANCOUVER",49.23927,-123.033485
VANCOUVER,ASH CRES,W 54TH AVE,23fed3d8-9146-5968-9316-335d45fde480,"ASH CRES & W 54TH AVE, VANCOUVER",49.221773,-123.118849
VANCOUVER,ASH CRES,W 57TH AVE,ace0ffb0-44aa-5004-a7ae-c8bb1950fa9a,"ASH CRES & W 57TH AVE, VANCOUVER",49.219097,-123.120405
VANCOUVER,ASH ST,MCGUIGAN AVE,0f3b4eb6-1d7f-58ee-a73f-f3d909b6e54f,"ASH ST & MCGUIGAN AVE, VANCOUVER",49.239815,-123.119514
VANCOUVER,ASH ST,SW MARINE DR,8ebc616a-acac-542c-bb33-0a4534037fbd,"ASH ST & SW MARINE DR, VANCOUVER",49.209373,-123.118961
VANCOUVER,ASH ST,W 10TH AVE,def03a4b-8336-55ee-9b0f-5b90cc7d08c0,"ASH ST & W 10TH AVE, VANCOUVER",49.26228,-123.11757
VANCOUVER,ASH ST,W 12TH AVE,38757daf-54d8-5015-bd58-ef5beb3271ef,"ASH ST & W 12TH AVE, VANCOUVER",49.260441,-123.117629
VANCOUVER,ASH ST,W 13TH AVE,40c84ac0-7af4-5617-aa87-b13e450a191a,"ASH ST & W 13TH AVE, VANCOUVER",49.259493,-123.117658
VANCOUVER,ASH ST,W 14TH AVE,2300895f-9807-5e6a-a6e3-9af6ba93dec7,"ASH ST & W 14TH AVE, VANCOUVER",49.258787,-123.117707
VANCOUVER,ASH ST,W 16TH AVE,ac3ea44e-009f-53cf-87e8-3fe4a3f78d2b,"ASH ST & W 16TH AVE, VANCOUVER",49.256945,-123.118128
VANCOUVER,ASH ST,W 17TH AVE,2ac28971-7299-5367-b9e2-6ea8cf5e55e4,"ASH ST & W 17TH AVE, VANCOUVER",49.256069,-123.118159
VANCOUVER,ASH ST,W 18TH AVE,10d7bab8-6a69-5b53-bfd4-3a20df462bb1,"ASH ST & W 18TH AVE, VANCOUVER",49.255159,-123.118191
VANCOUVER,ASH ST,W 19TH AVE,9b4cfbd1-2d54-574c-b98f-72110dc8f24f,"ASH ST & W 19TH AVE, VANCOUVER",49.254257,-123.118223
VANCOUVER,ASH ST,W 20TH AVE,ee454e5b-9c09-5b70-8491-8e346f32e9d2,"ASH ST & W 20TH AVE, VANCOUVER",49.253361,-123.118257
VANCOUVER,ASH ST,W 21ST AVE,6f7c1e72-c72c-5bca-be0a-4bf1ea9184b4,"ASH ST & W 21ST AVE, VANCOUVER",49.252452,-123.118287
VANCOUVER,ASH ST,W 22ND AVE,8c6e0548-3ecc-5b0d-85b9-a7eb9d4ac4a4,"ASH ST & W 22ND AVE, VANCOUVER",49.251551,-123.118321
VANCOUVER,ASH ST,W 24TH AVE,449c69b7-165f-5e88-92b8-3302324cdf43,"ASH ST & W 24TH AVE, VANCOUVER",49.250031,-123.118372
VANCOUVER,ASH ST,W 25TH AVE,1965f7cb-bb91-5567-bac6-8607cf08f4a4,"ASH ST & W 25TH AVE, VANCOUVER",49.249035,-123.118414
VANCOUVER,ASH ST,W 26TH AVE,e6709b62-43bc-5555-89f7-3247057d4c04,"ASH ST & W 26TH AVE, VANCOUVER",49.247998,-123.118497
VANCOUVER,ASH ST,W 27TH AVE,06dd4e50-3c82-5a3f-a631-0759a6511b1d,"ASH ST & W 27TH AVE, VANCOUVER",49.247078,-123.118534
VANCOUVER,ASH ST,W 28TH AVE,0de2b277-5ffe-5cb9-a149-050a37fe020c,"ASH ST & W 28TH AVE, VANCOUVER",49.246162,-123.118558
VANCOUVER,ASH ST,W 29TH AVE,2d1cd52a-1cfb-5277-ac37-79fc7ee3e40f,"ASH ST & W 29TH AVE, VANCOUVER",49.245242,-123.118573
VANCOUVER,ASH ST,W 2ND AVE,8366314c-4253-5c2f-ab0c-816a27eef455,"ASH ST & W 2ND AVE, VANCOUVER",49.265893,-123.117416
VANCOUVER,ASH ST,W 30TH AVE,8a53c7ba-e30a-5755-9e14-3bf963aba2db,"ASH ST & W 30TH AVE, VANCOUVER",49.244323,-123.118633
VANCOUVER,ASH ST,W 37TH AVE,7162c2f0-6779-5aa8-8642-53de15efac25,"ASH ST & W 37TH AVE, VANCOUVER",49.237287,-123.117749
VANCOUVER,ASH ST,W 39TH AVE,e9c9c15e-e4dc-5b06-805c-ca9d6aba955b,"ASH ST & W 39TH AVE, VANCOUVER",49.235451,-123.117805
VANCOUVER,ASH ST,W 41ST AVE,f7893eff-9b66-5b97-87ba-6cbfec6659ac,"ASH ST & W 41ST AVE, VANCOUVER",49.23366,-123.117864
VANCOUVER,ASH ST,W 45TH AVE,8c00dade-e2a4-55e5-8205-648ae85939c2,"ASH ST & W 45TH AVE, VANCOUVER",49.229871,-123.117972
VANCOUVER,ASH ST,W 49TH AVE,8dda3d5b-5104-5b62-80d7-30950eb3feff,"ASH ST & W 49TH AVE, VANCOUVER",49.226132,-123.118119
VANCOUVER,ASH ST,W 54TH AVE,45519203-9b5c-528b-9644-f553dcad5e0f,"ASH ST & W 54TH AVE, VANCOUVER",49.221767,-123.118262
VANCOUVER,ASH ST,W 59TH AVE,5ae32e9e-d530-5d44-936e-e80e97284fd0,"ASH ST & W 59TH AVE, VANCOUVER",49.216984,-123.120045
VANCOUVER,ASH ST,W 61ST AVE,8378200a-5311-5ffb-ac74-c5687b5d0df9,"ASH ST & W 61ST AVE, VANCOUVER",49.21509,-123.120121
VANCOUVER,ASH ST,W 62ND AVE,cb388d22-0879-5abf-bc4d-c8aaa00de63d,"ASH ST & W 62ND AVE, VANCOUVER",49.214202,-123.120125
VANCOUVER,ASH ST,W 63RD AVE,345e50cd-ff26-5d6f-ab1f-1a93d8627fab,"ASH ST & W 63RD AVE, VANCOUVER",49.213292,-123.120168
VANCOUVER,ASH ST,W 64TH AVE,3fe3758c-345b-5abb-a28e-e5e60b63fffd,"ASH ST & W 64TH AVE, VANCOUVER",49.212378,-123.120197
VANCOUVER,ASH ST,W 65TH AVE,6d736568-9c0d-50cb-a104-57a39a58aaee,"ASH ST & W 65TH AVE, VANCOUVER",49.211495,-123.120225
VANCOUVER,ASH ST,W 66TH AVE,53c6d875-2d3d-5c0e-a444-12bf9556abc9,"ASH ST & W 66TH AVE, VANCOUVER",49.211136,-123.120239
VANCOUVER,ASH ST,W 68TH AVE,02f74261-8292-525a-80b7-195346b4ca5b,"ASH ST & W 68TH AVE, VANCOUVER",49.210222,-123.120269
VANCOUVER,ASH ST,W 69TH AVE,e36d7abc-c784-517f-bd33-db049eca5c93,"ASH ST & W 69TH AVE, VANCOUVER",49.209327,-123.120362
VANCOUVER,ASH ST,W 6TH AVE,c90fc5b3-44bd-5786-b390-41e20ede4cda,"ASH ST & W 6TH AVE, VANCOUVER",49.265893,-123.117416
VANCOUVER,ASH ST,W 70TH AVE,98ff5c66-f297-5904-a096-fc29b4ba4e27,"ASH ST & W 70TH AVE, VANCOUVER",49.20822,-123.119006
VANCOUVER,ASH ST,W 71ST AVE,d871af09-0412-5e0d-be0c-67ba662673ac,"ASH ST & W 71ST AVE, VANCOUVER",49.207334,-123.119048
VANCOUVER,ASH ST,W 7TH AVE,4d00efaa-8f46-5731-b83e-05dcd68442ed,"ASH ST & W 7TH AVE, VANCOUVER",49.265013,-123.117445
VANCOUVER,ASH ST,W 8TH AVE,f17d464a-fef7-58af-97b3-d0e2f3d45257,"ASH ST & W 8TH AVE, VANCOUVER",49.264176,-123.117463
VANCOUVER,ASH ST,W 9TH AVE,a0c7914f-6d21-586b-abd7-a9bdeeb2f43e,"ASH ST & W 9TH AVE, VANCOUVER",49.26325,-123.11752
VANCOUVER,ASH ST,W BROADWAY,f99ec192-0883-5a46-93af-4e164ab8068a,"ASH ST & W BROADWAY, VANCOUVER",49.26325,-123.11752
VANCOUVER,ASH ST,W KENT AVE N,54418aa5-0319-5bf1-94ed-df8c31eb0f9d,"ASH ST & W KENT AVE N, VANCOUVER",49.205741,-123.119119
VANCOUVER,ASH ST,W KENT AVE S,9278f52a-1dc1-5835-90a6-568283c04524,"ASH ST & W KENT AVE S, VANCOUVER",49.205475,-123.119074
VANCOUVER,ASH ST,W KING EDWARD AVE,86954a54-b7af-514b-98d5-9095d0ecb1d4,"ASH ST & W KING EDWARD AVE, VANCOUVER",49.249035,-123.118414
VANCOUVER,ASHBURN ST,ELLIOTT ST,bbf3c14d-6de5-534a-83cf-d8fcbd9d2d79,"ASHBURN ST & ELLIOTT ST, VANCOUVER",49.21854,-123.054862
VANCOUVER,ASHBURN ST,UPLAND DR,4cee7223-d646-5685-9b15-a172395b9b51,"ASHBURN ST & UPLAND DR, VANCOUVER",49.217841,-123.056324
VANCOUVER,ASPEN AVE,QUILCHENA CRES,c9fd261f-0187-5ec0-a7a4-55a253c5348d,"ASPEN AVE & QUILCHENA CRES, VANCOUVER",49.241193,-123.151607
VANCOUVER,ATHLETES WAY,COLUMBIA ST,288a5869-4412-5f7f-bf57-0a2fac7bb3de,"ATHLETES WAY & COLUMBIA ST, VANCOUVER",49.271591,-123.109382
VANCOUVER,ATHLETES WAY,MANITOBA ST,f9b2e95f-ee1d-5946-a49b-fd9920e4a0bc,"ATHLETES WAY & MANITOBA ST, VANCOUVER",49.271542,-123.106634
VANCOUVER,ATHLETES WAY,ONTARIO ST,e14006b6-9b9c-53f7-8c01-f045e7470914,"ATHLETES WAY & ONTARIO ST, VANCOUVER",49.271506,-123.104592
VANCOUVER,ATHLETES WAY,SALT ST,f9a6ef16-b908-5a4a-951d-24a5d1358297,"ATHLETES WAY & SALT ST, VANCOUVER",49.271532,-123.106062
VANCOUVER,ATHLONE ST,W 41ST AVE,363c3180-6a03-56c8-9fc3-51e0a6fd5484,"ATHLONE ST & W 41ST AVE, VANCOUVER",49.234228,-123.13639
VANCOUVER,ATHLONE ST,W 43RD AVE,3b17125c-501e-561d-99a4-4e0b6dd261d6,"ATHLONE ST & W 43RD AVE, VANCOUVER",49.232354,-123.136472
VANCOUVER,ATLANTIC ST,PRINCESS AVE,f760e028-4403-5c43-be92-beca7b239c9d,"ATLANTIC ST & PRINCESS AVE, VANCOUVER",49.275757,-123.091764
VANCOUVER,ATLAS LANE,GRANVILLE ST,978bcf8b-bfc5-5a4d-bf4e-fa85eef97d45,"ATLAS LANE & GRANVILLE ST, VANCOUVER",49.220813,-123.140059
VANCOUVER,ATLIN ST,E 27TH AVE,fb209d82-7af6-5519-86bf-9a8b300d5290,"ATLIN ST & E 27TH AVE, VANCOUVER",49.246253,-123.045863
VANCOUVER,ATLIN ST,E 29TH AVE,eb3e3448-3f06-5c28-b057-4db2bb1bf21e,"ATLIN ST & E 29TH AVE, VANCOUVER",49.244598,-123.045875
VANCOUVER,AUSTREY AVE,MCHARDY ST,45921335-7fd1-5e9e-958d-2cfd2dffde87,"AUSTREY AVE & MCHARDY ST, VANCOUVER",49.238246,-123.035816
VANCOUVER,AVERY AVE,SW MARINE DR,8ea36936-c8bf-52a3-8307-54ae1aba0cfa,"AVERY AVE & SW MARINE DR, VANCOUVER",49.208005,-123.142192
VANCOUVER,AVISON TRAIL,STANLEY PARK DR,c7dc87c4-8d32-5c6a-b249-d6c3f31e434c,"AVISON TRAIL & STANLEY PARK DR, VANCOUVER",49.31015,-123.142332
VANCOUVER,AVISON WAY,BROCKTON OVAL TRAIL,88a98ead-31d8-5ef4-904f-8f81bd7b0d4a,"AVISON WAY & BROCKTON OVAL TRAIL, VANCOUVER",49.298701,-123.130651
VANCOUVER,AVISON WAY,STANLEY PARK DR,c99bbb5c-a609-50c4-ae34-7fb3d81f9ada,"AVISON WAY & STANLEY PARK DR, VANCOUVER",49.302566,-123.129217
VANCOUVER,BAILLIE ST,W 37TH AVE,f1f28b0f-cede-5fe2-ac4a-e41770bfead3,"BAILLIE ST & W 37TH AVE, VANCOUVER",49.237457,-123.122249
VANCOUVER,BAILLIE ST,W 39TH AVE,f6b7f6ee-6837-580b-a265-4b5e60020131,"BAILLIE ST & W 39TH AVE, VANCOUVER",49.235609,-123.122315
VANCOUVER,BAILLIE ST,W 41ST AVE,0221586c-fa1b-5c46-8322-1b2e8abd4795,"BAILLIE ST & W 41ST AVE, VANCOUVER",49.233819,-123.122378
VANCOUVER,BALACLAVA ST,POINT GREY RD,5dbd23a9-4263-5e78-b2bd-e2875a37bdda,"BALACLAVA ST & POINT GREY RD, VANCOUVER",49.271114,-123.173732
VANCOUVER,BALACLAVA ST,SW MARINE DR,86ebbc9d-d349-5150-87a1-be2e057644e3,"BALACLAVA ST & SW MARINE DR, VANCOUVER",49.22908,-123.175831
VANCOUVER,BALACLAVA ST,W 10TH AVE,29fbd004-0269-562e-a4fc-2e13cca45547,"BALACLAVA ST & W 10TH AVE, VANCOUVER",49.263301,-123.174022
VANCOUVER,BALACLAVA ST,W 11TH AVE,947c315f-fe9d-5ecc-9dd4-bd31ac2280bc,"BALACLAVA ST & W 11TH AVE, VANCOUVER",49.262366,-123.174024
VANCOUVER,BALACLAVA ST,W 12TH AVE,ce59eeaf-e531-5d11-a9b7-190a55fef823,"BALACLAVA ST & W 12TH AVE, VANCOUVER",49.261475,-123.174055
VANCOUVER,BALACLAVA ST,W 13TH AVE,36a63ad5-07b0-573d-8723-b1c0ad7c0372,"BALACLAVA ST & W 13TH AVE, VANCOUVER",49.26057,-123.17412
VANCOUVER,BALACLAVA ST,W 14TH AVE,5d016568-6f1b-5084-bf29-834eb161c59e,"BALACLAVA ST & W 14TH AVE, VANCOUVER",49.259663,-123.174155
VANCOUVER,BALACLAVA ST,W 15TH AVE,313d507c-cc80-5911-bb31-4d48011236b2,"BALACLAVA ST & W 15TH AVE, VANCOUVER",49.258751,-123.174155
VANCOUVER,BALACLAVA ST,W 16TH AVE,44d5d696-9738-5f76-bfd8-f8e56a14e136,"BALACLAVA ST & W 16TH AVE, VANCOUVER",49.257835,-123.174222
VANCOUVER,BALACLAVA ST,W 19TH AVE,92a9af5e-44e9-57d2-9941-6759d808178a,"BALACLAVA ST & W 19TH AVE, VANCOUVER",49.255537,-123.174392
VANCOUVER,BALACLAVA ST,W 23RD AVE,3de018fd-70d0-5ea0-9b68-884fb5680dff,"BALACLAVA ST & W 23RD AVE, VANCOUVER",49.251927,-123.175663
VANCOUVER,BALACLAVA ST,W 24TH AVE,2d7e104b-4c1d-52a0-8288-73955518b2a1,"BALACLAVA ST & W 24TH AVE, VANCOUVER",49.251018,-123.175673
VANCOUVER,BALACLAVA ST,W 27TH AVE,25e6aac2-8213-5c5e-8c7e-04176f76c951,"BALACLAVA ST & W 27TH AVE, VANCOUVER",49.248026,-123.175728
VANCOUVER,BALACLAVA ST,W 28TH AVE,b84efef1-8a54-5283-9cbe-66909a095e17,"BALACLAVA ST & W 28TH AVE, VANCOUVER",49.247085,-123.175733
VANCOUVER,BALACLAVA ST,W 29TH AVE,3887f7b5-06bf-5ed9-b936-f7876b32904d,"BALACLAVA ST & W 29TH AVE, VANCOUVER",49.246126,-123.175731
VANCOUVER,BALACLAVA ST,W 2ND AVE,4d3d9353-460a-58e6-b986-79c4fa5adace,"BALACLAVA ST & W 2ND AVE, VANCOUVER",49.270246,-123.173743
VANCOUVER,BALACLAVA ST,W 31ST AVE,af362fad-d1c3-5b83-a861-aaf3ff6f0385,"BALACLAVA ST & W 31ST AVE, VANCOUVER",49.244238,-123.175712
VANCOUVER,BALACLAVA ST,W 33RD AVE,f8b8baa6-1337-5f87-8e9f-f7fccb7fd318,"BALACLAVA ST & W 33RD AVE, VANCOUVER",49.242355,-123.175748
VANCOUVER,BALACLAVA ST,W 34TH AVE,a096e5c1-1fcb-5ac8-9952-f108042ae4c1,"BALACLAVA ST & W 34TH AVE, VANCOUVER",49.241379,-123.175758
VANCOUVER,BALACLAVA ST,W 35TH AVE,84e64ed6-0d67-5786-91ef-87046e58d3a4,"BALACLAVA ST & W 35TH AVE, VANCOUVER",49.240443,-123.175774
VANCOUVER,BALACLAVA ST,W 36TH AVE,a6f42372-5420-5615-9fde-55fd6afb6b27,"BALACLAVA ST & W 36TH AVE, VANCOUVER",49.239471,-123.175778
VANCOUVER,BALACLAVA ST,W 38TH AVE,b5a65afd-d900-54a4-a0d4-d9c46ed48dbb,"BALACLAVA ST & W 38TH AVE, VANCOUVER",49.237585,-123.175821
VANCOUVER,BALACLAVA ST,W 39TH AVE,628d2759-f192-599f-a058-8980345e66d2,"BALACLAVA ST & W 39TH AVE, VANCOUVER",49.23663,-123.176717
VANCOUVER,BALACLAVA ST,W 3RD AVE,6c6d728b-f113-5e17-af31-5b62cb6f8621,"BALACLAVA ST & W 3RD AVE, VANCOUVER",49.269336,-123.173771
VANCOUVER,BALACLAVA ST,W 41ST AVE,fe189d40-7169-572f-89b0-01394c886a02,"BALACLAVA ST & W 41ST AVE, VANCOUVER",49.234751,-123.176728
VANCOUVER,BALACLAVA ST,W 42ND AVE,7d9c0180-49c0-5bdb-8e2b-e2ad1962be4b,"BALACLAVA ST & W 42ND AVE, VANCOUVER",49.233766,-123.175775
VANCOUVER,BALACLAVA ST,W 43RD AVE,c799d758-e4d0-556c-8b1b-d15fc37897a0,"BALACLAVA ST & W 43RD AVE, VANCOUVER",49.232788,-123.175801
VANCOUVER,BALACLAVA ST,W 49TH AVE,d18987bf-bf4b-5758-9f9f-9ffcf6511b9e,"BALACLAVA ST & W 49TH AVE, VANCOUVER",49.22741,-123.175873
VANCOUVER,BALACLAVA ST,W 4TH AVE,62659aa3-4388-56a1-a48a-568d134c7c31,"BALACLAVA ST & W 4TH AVE, VANCOUVER",49.268448,-123.173815
VANCOUVER,BALACLAVA ST,W 51ST AVE,a8c0769f-392d-59b3-9728-033f06198502,"BALACLAVA ST & W 51ST AVE, VANCOUVER",49.2254,-123.175927
VANCOUVER,BALACLAVA ST,W 53RD AVE,f6fefc7f-68d6-579c-9955-472ce11d93cb,"BALACLAVA ST & W 53RD AVE, VANCOUVER",49.223422,-123.17599
VANCOUVER,BALACLAVA ST,W 55TH AVE,bf433396-a452-52f3-a837-3b178c8bffa0,"BALACLAVA ST & W 55TH AVE, VANCOUVER",49.221435,-123.176099
VANCOUVER,BALACLAVA ST,W 5TH AVE,b61e655d-865e-5b10-a6c1-5798ebe97374,"BALACLAVA ST & W 5TH AVE, VANCOUVER",49.267555,-123.17387
VANCOUVER,BALACLAVA ST,W 6TH AVE,58c0ada2-b9bd-55c8-92cf-15f11ba67459,"BALACLAVA ST & W 6TH AVE, VANCOUVER",49.266723,-123.173899
VANCOUVER,BALACLAVA ST,W 7TH AVE,d099572a-8ce2-58ed-a0d5-b2d852ee0b29,"BALACLAVA ST & W 7TH AVE, VANCOUVER",49.265866,-123.173931
VANCOUVER,BALACLAVA ST,W 8TH AVE,63d77897-b1e5-5411-9325-1170d7795656,"BALACLAVA ST & W 8TH AVE, VANCOUVER",49.265053,-123.17396
VANCOUVER,BALACLAVA ST,W 9TH AVE,1ad0c7ab-99f9-5ac5-ac91-6cdcb3b734bd,"BALACLAVA ST & W 9TH AVE, VANCOUVER",49.264173,-123.173993
VANCOUVER,BALACLAVA ST,W BROADWAY,d9e5252e-0b9e-5ab6-99cc-b7dddb76ee89,"BALACLAVA ST & W BROADWAY, VANCOUVER",49.264173,-123.173993
VANCOUVER,BALACLAVA ST,W KING EDWARD AVE,1ebc3d74-321c-514b-bdaf-1d5930358deb,"BALACLAVA ST & W KING EDWARD AVE, VANCOUVER",49.250018,-123.175677
VANCOUVER,BALDWIN ST,BROCK ST,cf1d8d72-40fb-5830-bed9-f46a06d9319e,"BALDWIN ST & BROCK ST, VANCOUVER",49.243985,-123.057893
VANCOUVER,BALDWIN ST,E 30TH AVE,00dc3d6c-dbeb-52ad-bf2e-868df2dd8fe0,"BALDWIN ST & E 30TH AVE, VANCOUVER",49.241518,-123.06014
VANCOUVER,BALDWIN ST,E 32ND AVE,4ebb58f2-0b06-5acf-8077-5d6de22ae386,"BALDWIN ST & E 32ND AVE, VANCOUVER",49.241518,-123.06014
VANCOUVER,BALDWIN ST,GALT ST,c4719d8c-f4c9-54da-a7d1-00e49c707dcd,"BALDWIN ST & GALT ST, VANCOUVER",49.243113,-123.058452
VANCOUVER,BALDWIN ST,KINGSWAY,c8e96c38-add5-51ed-914c-8909a58ecc1c,"BALDWIN ST & KINGSWAY, VANCOUVER",49.242353,-123.059161
VANCOUVER,BALFOUR AVE,GRANVILLE ST,4a09b8b3-590f-518a-a5ce-6975bf9fa077,"BALFOUR AVE & GRANVILLE ST, VANCOUVER",49.251905,-123.139024
VANCOUVER,BALFOUR AVE,HWY 99,e23fea29-fdcb-5148-b7ee-a3ac9d2dd576,"BALFOUR AVE & HWY 99, VANCOUVER",49.251905,-123.139024
VANCOUVER,BALFOUR AVE,OAK ST,68fb0dba-3382-5e55-92f6-f777afe739df,"BALFOUR AVE & OAK ST, VANCOUVER",49.251719,-123.127448
VANCOUVER,BALFOUR AVE,OSLER ST,854ae6d5-2f34-5601-a72b-9bf4c8e7b0a0,"BALFOUR AVE & OSLER ST, VANCOUVER",49.251971,-123.129868
VANCOUVER,BALKAN ST,E 26TH AVE,1db57444-b765-5f4e-ba7b-4133aeaae8ce,"BALKAN ST & E 26TH AVE, VANCOUVER",49.247365,-123.095475
VANCOUVER,BALMORAL ST,E 53RD AVE,5020f28c-ab16-5e4e-80e3-d729643d575f,"BALMORAL ST & E 53RD AVE, VANCOUVER",49.221832,-123.068413
VANCOUVER,BALMORAL ST,E 55TH AVE,dade6c47-4b5f-5bdf-8b80-b3e784cbd802,"BALMORAL ST & E 55TH AVE, VANCOUVER",49.220334,-123.068454
VANCOUVER,BALMORAL ST,E 56TH AVE,b440ac07-4f1c-5720-b4a3-731ab5ef9cb8,"BALMORAL ST & E 56TH AVE, VANCOUVER",49.219618,-123.068477
VANCOUVER,BALSAM ST,CORNWALL AVE,aaece1bb-7d72-580c-a082-1d009824c4fb,"BALSAM ST & CORNWALL AVE, VANCOUVER",49.272657,-123.159694
VANCOUVER,BALSAM ST,POINT GREY RD,7b06bd14-c094-5675-8faa-feff2a6c7afe,"BALSAM ST & POINT GREY RD, VANCOUVER",49.273486,-123.159868
VANCOUVER,BALSAM ST,SW MARINE DR,17a0dbcd-67b1-5efd-b3ed-b7350b22fd5f,"BALSAM ST & SW MARINE DR, VANCOUVER",49.222529,-123.161595
VANCOUVER,BALSAM ST,W 10TH AVE,51017b8c-1fb2-5008-936f-9d3dcaf9b4b3,"BALSAM ST & W 10TH AVE, VANCOUVER",49.262984,-123.160043
VANCOUVER,BALSAM ST,W 12TH AVE,5928051f-7df9-5dd2-bf1d-6f08ae2aedb5,"BALSAM ST & W 12TH AVE, VANCOUVER",49.261149,-123.160145
VANCOUVER,BALSAM ST,W 16TH AVE,31960b38-5bb2-55a1-83b4-c670434480ae,"BALSAM ST & W 16TH AVE, VANCOUVER",49.257398,-123.160285
VANCOUVER,BALSAM ST,W 19TH AVE,e804b74e-9015-5de4-89e9-bfe3db5bdc66,"BALSAM ST & W 19TH AVE, VANCOUVER",49.255401,-123.160359
VANCOUVER,BALSAM ST,W 1ST AVE,2697606b-5510-5377-9773-10fa5ca16666,"BALSAM ST & W 1ST AVE, VANCOUVER",49.270898,-123.159758
VANCOUVER,BALSAM ST,W 21ST AVE,9401e81a-67fa-52f8-b9f3-6e8774a93dc2,"BALSAM ST & W 21ST AVE, VANCOUVER",49.253605,-123.160425
VANCOUVER,BALSAM ST,W 2ND AVE,b830eec3-b0b3-5d19-8a0c-e11b155e67e2,"BALSAM ST & W 2ND AVE, VANCOUVER",49.270012,-123.159792
VANCOUVER,BALSAM ST,W 37TH AVE,a52e05f4-537e-5e25-8cc0-7b91c3084c12,"BALSAM ST & W 37TH AVE, VANCOUVER",49.238395,-123.161218
VANCOUVER,BALSAM ST,W 39TH AVE,a1ab6302-4483-5df4-979d-3a199c92d222,"BALSAM ST & W 39TH AVE, VANCOUVER",49.236518,-123.161281
VANCOUVER,BALSAM ST,W 3RD AVE,49ae271e-300a-5b39-b475-c35bfc4aa47d,"BALSAM ST & W 3RD AVE, VANCOUVER",49.269125,-123.159823
VANCOUVER,BALSAM ST,W 41ST AVE,b42da9ae-15dc-5382-a549-981f065fb36b,"BALSAM ST & W 41ST AVE, VANCOUVER",49.234676,-123.161343
VANCOUVER,BALSAM ST,W 45TH AVE,8c527a46-c899-5bde-b3e9-8d751d127be3,"BALSAM ST & W 45TH AVE, VANCOUVER",49.230953,-123.161491
VANCOUVER,BALSAM ST,W 49TH AVE,fff4f1a7-e704-52fa-bfe6-7ab2ab29ccdf,"BALSAM ST & W 49TH AVE, VANCOUVER",49.227236,-123.161294
VANCOUVER,BALSAM ST,W 4TH AVE,336766f0-d084-5557-9717-8d2b71100c97,"BALSAM ST & W 4TH AVE, VANCOUVER",49.26825,-123.159845
VANCOUVER,BALSAM ST,W 5TH AVE,57272a1a-ca11-5c34-9b9f-ae279b29c8b2,"BALSAM ST & W 5TH AVE, VANCOUVER",49.267381,-123.159905
VANCOUVER,BALSAM ST,W 6TH AVE,04b89c3a-a535-504c-8609-107f588c5d4c,"BALSAM ST & W 6TH AVE, VANCOUVER",49.266513,-123.159919
VANCOUVER,BALSAM ST,W 7TH AVE,8dd10e39-feca-50c1-ab90-39c34925eb13,"BALSAM ST & W 7TH AVE, VANCOUVER",49.265688,-123.159947
VANCOUVER,BALSAM ST,W 8TH AVE,9fe9d4b3-f46a-5ea0-993e-933f69255696,"BALSAM ST & W 8TH AVE, VANCOUVER",49.264841,-123.159985
VANCOUVER,BALSAM ST,W BROADWAY,99f38452-fa76-5088-b0be-85f9e4562bc5,"BALSAM ST & W BROADWAY, VANCOUVER",49.26394,-123.160012
VANCOUVER,BALSAM ST,YORK AVE,5f11dd5a-a48d-529b-866c-fc8fe8300e2a,"BALSAM ST & YORK AVE, VANCOUVER",49.271782,-123.159727
VANCOUVER,BARCLAY ST,BIDWELL ST,454f07ef-4e0a-5e27-8366-c7dea5bc147c,"BARCLAY ST & BIDWELL ST, VANCOUVER",49.289058,-123.135977
VANCOUVER,BARCLAY ST,BROUGHTON ST,261bb6aa-9d3f-5a49-b929-602e15ed7abf,"BARCLAY ST & BROUGHTON ST, VANCOUVER",49.286512,-123.132058
VANCOUVER,BARCLAY ST,BURRARD ST,95100ccd-5637-5b51-bd2b-f922908618f5,"BARCLAY ST & BURRARD ST, VANCOUVER",49.28188,-123.124968
VANCOUVER,BARCLAY ST,BUTE ST,ca66a7f3-fc93-58d1-b697-320773513ab7,"BARCLAY ST & BUTE ST, VANCOUVER",49.284639,-123.129096
VANCOUVER,BARCLAY ST,CARDERO ST,c7616c8a-ee0a-56db-8ef8-cf736e28ffb7,"BARCLAY ST & CARDERO ST, VANCOUVER",49.288018,-123.13437
VANCOUVER,BARCLAY ST,CHILCO ST,14a26b86-719f-5cf6-a940-8d78c4e42c45,"BARCLAY ST & CHILCO ST, VANCOUVER",49.291976,-123.140504
VANCOUVER,BARCLAY ST,DENMAN ST,f418f4e2-7d5c-5b7b-9fcb-25ce1c39ffd3,"BARCLAY ST & DENMAN ST, VANCOUVER",49.29007,-123.137549
VANCOUVER,BARCLAY ST,GILFORD ST,d50c6e6f-de08-5194-82d1-3fdae328c30d,"BARCLAY ST & GILFORD ST, VANCOUVER",49.291082,-123.139129
VANCOUVER,BARCLAY ST,JERVIS ST,44c94a4a-fbe2-581a-87d5-8c1a0728193c,"BARCLAY ST & JERVIS ST, VANCOUVER",49.285613,-123.130633
VANCOUVER,BARCLAY ST,LAGOON DR,c4fb9ed0-cc2b-5e37-ae31-6ad30dcb754f,"BARCLAY ST & LAGOON DR, VANCOUVER",49.292934,-123.14184
VANCOUVER,BARCLAY ST,NICOLA ST,245bd895-748c-583d-8e27-baaa12199622,"BARCLAY ST & NICOLA ST, VANCOUVER",49.287279,-123.133214
VANCOUVER,BARCLAY ST,THURLOW ST,4c6d6b69-bd43-509f-8a11-b3e8e40590c9,"BARCLAY ST & THURLOW ST, VANCOUVER",49.283217,-123.126936
VANCOUVER,BARNARD ST,SW MARINE DR,c3eeb60c-6243-5f51-958d-94db9d6e7245,"BARNARD ST & SW MARINE DR, VANCOUVER",49.208582,-123.145162
VANCOUVER,BARNARD ST,W 75TH AVE,69f17c44-6dba-538b-8321-25125162fb94,"BARNARD ST & W 75TH AVE, VANCOUVER",49.205836,-123.145848
VANCOUVER,BATTISON ST,E 43RD AVE,61386160-8bda-5368-b0e7-2c3da0ea1498,"BATTISON ST & E 43RD AVE, VANCOUVER",49.230826,-123.03059
VANCOUVER,BATTISON ST,E 45TH AVE,212066b2-4694-5862-ad3d-7204a9c8d30b,"BATTISON ST & E 45TH AVE, VANCOUVER",49.229245,-123.030509
VANCOUVER,BATTISON ST,E 47TH AVE,01529b75-759f-5c8a-a137-a3584bba08ff,"BATTISON ST & E 47TH AVE, VANCOUVER",49.226399,-123.030594
VANCOUVER,BATTISON ST,KINGSWAY,f73d96c8-e54d-5919-9b7d-d941ef350a96,"BATTISON ST & KINGSWAY, VANCOUVER",49.231971,-123.030602
VANCOUVER,BAUER ST,E 5TH AVE,a99fc3c5-f8e2-5e3a-9825-67e1a2345dea,"BAUER ST & E 5TH AVE, VANCOUVER",49.265755,-123.067485
VANCOUVER,BAUER ST,MCSPADDEN AVE,0eaf77c6-fa36-5f30-8ba8-0b2d35c6e929,"BAUER ST & MCSPADDEN AVE, VANCOUVER",49.266398,-123.067394
VANCOUVER,BAYSHORE DR,CARDERO ST,edf196d7-8be7-51cb-b2e1-b016ee6112c0,"BAYSHORE DR & CARDERO ST, VANCOUVER",49.291418,-123.129298
VANCOUVER,BAYSHORE DR,DENMAN ST,48b82ebc-069b-5ca6-a2e1-2395d6b81e20,"BAYSHORE DR & DENMAN ST, VANCOUVER",49.293048,-123.133094
VANCOUVER,BAYSHORE DR,MENCHIONS MEWS,247b7661-bcf4-50bc-a6f7-b92d55a73195,"BAYSHORE DR & MENCHIONS MEWS, VANCOUVER",49.292183,-123.130611
VANCOUVER,BAYSWATER ST,POINT GREY RD,88865cf2-7636-546f-91d5-49766ea09f08,"BAYSWATER ST & POINT GREY RD, VANCOUVER",49.271078,-123.170986
VANCOUVER,BAYSWATER ST,W 2ND AVE,4b8216ed-abee-581f-b2e4-11d2600f2be7,"BAYSWATER ST & W 2ND AVE, VANCOUVER",49.270208,-123.171028
VANCOUVER,BAYSWATER ST,W 3RD AVE,73c0948c-ffaf-580d-a8f8-008194d5184d,"BAYSWATER ST & W 3RD AVE, VANCOUVER",49.269292,-123.171051
VANCOUVER,BAYSWATER ST,W 4TH AVE,64f0b028-1ee0-5c2f-8b28-c61532552faa,"BAYSWATER ST & W 4TH AVE, VANCOUVER",49.268422,-123.171072
VANCOUVER,BAYSWATER ST,W 5TH AVE,bae7712b-ad6b-51a0-9787-8d9af0dd1b2f,"BAYSWATER ST & W 5TH AVE, VANCOUVER",49.267491,-123.171115
VANCOUVER,BAYSWATER ST,W 6TH AVE,9bef58c3-e61a-5ac4-b7f0-b22c8012df8c,"BAYSWATER ST & W 6TH AVE, VANCOUVER",49.266676,-123.171145
VANCOUVER,BAYSWATER ST,W 7TH AVE,0e444a15-7527-5b2e-a4b4-3442f35e403c,"BAYSWATER ST & W 7TH AVE, VANCOUVER",49.26583,-123.171178
VANCOUVER,BAYSWATER ST,W 8TH AVE,d42bfb41-9cdb-5088-a011-c66a2c0d8ef7,"BAYSWATER ST & W 8TH AVE, VANCOUVER",49.265026,-123.171207
VANCOUVER,BAYSWATER ST,W 9TH AVE,d4c055f1-b21f-5cdb-9a4c-4bfe39775725,"BAYSWATER ST & W 9TH AVE, VANCOUVER",49.264126,-123.171241
VANCOUVER,BAYSWATER ST,W BROADWAY,3c7054fd-0a83-5d93-9aee-010bd417be8e,"BAYSWATER ST & W BROADWAY, VANCOUVER",49.264126,-123.171241
VANCOUVER,BEACH AVE,BEACH CRES,59e44305-b3b8-57b6-9b35-d7384fd8c118,"BEACH AVE & BEACH CRES, VANCOUVER",49.274115,-123.130809
VANCOUVER,BEACH AVE,BIDWELL ST,93490667-a98c-59db-a95b-eb62e6ee8347,"BEACH AVE & BIDWELL ST, VANCOUVER",49.284569,-123.142724
VANCOUVER,BEACH AVE,BROUGHTON ST,2bd88215-38c4-54c6-986a-7100439f7e37,"BEACH AVE & BROUGHTON ST, VANCOUVER",49.281576,-123.139518
VANCOUVER,BEACH AVE,BURNABY ST,4b6751d8-a74d-598a-8fb6-690dc34dbf2b,"BEACH AVE & BURNABY ST, VANCOUVER",49.286283,-123.14249
VANCOUVER,BEACH AVE,BURRARD ST,63b0484a-f31a-58db-8a59-e5f2b86b0dff,"BEACH AVE & BURRARD ST, VANCOUVER",49.276325,-123.134146
VANCOUVER,BEACH AVE,BURRARD ST BRIDGE,86b8aa03-0949-547d-bb2b-1b9086c77514,"BEACH AVE & BURRARD ST BRIDGE, VANCOUVER",49.276325,-123.134146
VANCOUVER,BEACH AVE,BUTE ST,9125892f-4a6a-5a61-a869-65c4c01ce249,"BEACH AVE & BUTE ST, VANCOUVER",49.279284,-123.137129
VANCOUVER,BEACH AVE,CARDERO ST,ee8b4112-d444-5fc8-810b-f5cdacf964b1,"BEACH AVE & CARDERO ST, VANCOUVER",49.283079,-123.141787
VANCOUVER,BEACH AVE,CHILCO ST,5fcff323-ccb5-5b8b-8642-fee70b666cc2,"BEACH AVE & CHILCO ST, VANCOUVER",49.289487,-123.144272
VANCOUVER,BEACH AVE,DAVIE ST,95b94f33-c72c-520b-8774-17ce2bd3ef81,"BEACH AVE & DAVIE ST, VANCOUVER",49.28768,-123.142371
VANCOUVER,BEACH AVE,DENMAN ST,fd414e47-e427-55f8-8758-467a7107a93c,"BEACH AVE & DENMAN ST, VANCOUVER",49.286911,-123.142346
VANCOUVER,BEACH AVE,GILFORD ST,c47ee1b2-7d8d-536b-8f33-cd9b7f972eea,"BEACH AVE & GILFORD ST, VANCOUVER",49.288597,-123.142911
VANCOUVER,BEACH AVE,GRANVILLE ST,344fa804-bcc0-529c-b080-e151141514c8,"BEACH AVE & GRANVILLE ST, VANCOUVER",49.274115,-123.130809
VANCOUVER,BEACH AVE,GRANVILLE ST BRIDGE,dcef39cd-a186-5dd2-bc1b-5f9acf832880,"BEACH AVE & GRANVILLE ST BRIDGE, VANCOUVER",49.274147,-123.130857
VANCOUVER,BEACH AVE,HORNBY ST,a8441766-7a43-5bea-bd66-ad69b098481c,"BEACH AVE & HORNBY ST, VANCOUVER",49.27536,-123.132758
VANCOUVER,BEACH AVE,HOWE ST,a69a9889-590a-5ead-a377-00f31e66ee1f,"BEACH AVE & HOWE ST, VANCOUVER",49.27473,-123.131812
VANCOUVER,BEACH AVE,HWY 99,fd75fb41-1884-5ed7-b879-9a0e3693b038,"BEACH AVE & HWY 99, VANCOUVER",49.274147,-123.130857
VANCOUVER,BEACH AVE,JERVIS ST,271f977d-91b4-5011-b21c-ef80242cec0c,"BEACH AVE & JERVIS ST, VANCOUVER",49.280513,-123.138363
VANCOUVER,BEACH AVE,MORTON AVE,d374dc9c-c7c2-544d-bcfb-514029ebfa2c,"BEACH AVE & MORTON AVE, VANCOUVER",49.288203,-123.142413
VANCOUVER,BEACH AVE,NICOLA ST,5f028742-d19e-53ae-9abe-dfb7cbf3f6f7,"BEACH AVE & NICOLA ST, VANCOUVER",49.282365,-123.140722
VANCOUVER,BEACH AVE,PACIFIC ST,c30737d9-58e8-50c7-89a0-987c62830b86,"BEACH AVE & PACIFIC ST, VANCOUVER",49.281282,-123.139058
VANCOUVER,BEACH AVE,PANTAGES LANE,d6b02dc1-313f-5de3-af18-86b58d6d2e1d,"BEACH AVE & PANTAGES LANE, VANCOUVER",49.286911,-123.142346
VANCOUVER,BEACH AVE,PARK LANE,a6b5d4de-41cb-598f-93a0-1431c26b4f97,"BEACH AVE & PARK LANE, VANCOUVER",49.290766,-123.146722
VANCOUVER,BEACH AVE,THURLOW ST,7129437a-1b2b-5a2d-8946-b89bf6214841,"BEACH AVE & THURLOW ST, VANCOUVER",49.277593,-123.135424
VANCOUVER,BEACH CRES,GRANVILLE ST,6341c4cc-2012-5d50-a776-6dea14576a93,"BEACH CRES & GRANVILLE ST, VANCOUVER",49.274115,-123.130809
VANCOUVER,BEACH CRES,HOMER MEWS,2b191dc4-287d-5bb6-a208-e281ba7a4d01,"BEACH CRES & HOMER MEWS, VANCOUVER",49.271597,-123.126866
VANCOUVER,BEACH CRES,HOMER ST,ad020f61-cdff-508a-9889-84f9b73e276c,"BEACH CRES & HOMER ST, VANCOUVER",49.271597,-123.126866
VANCOUVER,BEACH CRES,HWY 99,b7f9a86b-5803-5481-bf70-f3c11270b200,"BEACH CRES & HWY 99, VANCOUVER",49.274015,-123.130688
VANCOUVER,BEACH CRES,RICHARDS ST,48f9aa21-2867-52f9-9ac8-1394b5a3a6d6,"BEACH CRES & RICHARDS ST, VANCOUVER",49.273182,-123.128341
VANCOUVER,BEACH CRES,SEYMOUR MEWS,544cc800-2d53-5a0d-9e14-bb864a6ee1ff,"BEACH CRES & SEYMOUR MEWS, VANCOUVER",49.273439,-123.129816
VANCOUVER,BEACH CRES,STRATHMORE MEWS,4dacad9e-da2d-5dce-b793-ad991ead4d64,"BEACH CRES & STRATHMORE MEWS, VANCOUVER",49.27228,-123.128012
VANCOUVER,BEATRICE ST,E 22ND AVE,f09ff6cd-1d0d-5cd8-96df-fcff3c4c2e04,"BEATRICE ST & E 22ND AVE, VANCOUVER",49.250296,-123.066945
VANCOUVER,BEATRICE ST,E 31ST AVE,142e1613-7db8-513c-af97-bd8d7722a8cd,"BEATRICE ST & E 31ST AVE, VANCOUVER",49.242871,-123.066617
VANCOUVER,BEATRICE ST,E 32ND AVE,0edc68c1-d1e6-5605-bf79-7303518df0f1,"BEATRICE ST & E 32ND AVE, VANCOUVER",49.241542,-123.066605
VANCOUVER,BEATRICE ST,E 33RD AVE,73475f9a-30e3-53e3-a98e-5936582e5bce,"BEATRICE ST & E 33RD AVE, VANCOUVER",49.240092,-123.066598
VANCOUVER,BEATRICE ST,E 41ST AVE,3dd93212-aaaa-5829-9803-0a17905e1968,"BEATRICE ST & E 41ST AVE, VANCOUVER",49.232537,-123.066915
VANCOUVER,BEATRICE ST,E 43RD AVE,b5c96b7a-3c1e-551d-9f23-c5c4d6d31d9f,"BEATRICE ST & E 43RD AVE, VANCOUVER",49.230508,-123.066967
VANCOUVER,BEATRICE ST,E 47TH AVE,8fc38284-a193-5ba0-b7e7-ea601002865a,"BEATRICE ST & E 47TH AVE, VANCOUVER",49.227625,-123.067033
VANCOUVER,BEATRICE ST,E 49TH AVE,2ea93574-28c5-5c1d-9479-98c0cf5b47bc,"BEATRICE ST & E 49TH AVE, VANCOUVER",49.225178,-123.067091
VANCOUVER,BEATRICE ST,E 53RD AVE,f7572999-7c84-5e7e-bbec-be7d533d29cf,"BEATRICE ST & E 53RD AVE, VANCOUVER",49.221807,-123.067149
VANCOUVER,BEATRICE ST,E 55TH AVE,d1076b17-e753-53f2-9b3f-aa93692ce376,"BEATRICE ST & E 55TH AVE, VANCOUVER",49.220334,-123.067197
VANCOUVER,BEATRICE ST,ISLAND AVE,e4b42db6-7792-5e1c-a9c3-923ccb0e48b3,"BEATRICE ST & ISLAND AVE, VANCOUVER",49.20906,-123.067803
VANCOUVER,BEATRICE ST,KINGSWAY,5b60b7b9-1bd4-594b-9d4a-6e3ccb167f11,"BEATRICE ST & KINGSWAY, VANCOUVER",49.245786,-123.066531
VANCOUVER,BEATRICE ST,SE MARINE DR,9eacca6e-1343-5b7a-8836-c8e5df8f5daf,"BEATRICE ST & SE MARINE DR, VANCOUVER",49.210264,-123.06779
VANCOUVER,BEATRICE ST,STAINSBURY AVE,13cc7ee5-d85a-5753-855c-874ade428fa4,"BEATRICE ST & STAINSBURY AVE, VANCOUVER",49.251922,-123.066695
VANCOUVER,BEATTY ST,CAMBIE ST,d221f3ed-9daa-5153-9ded-ecf276a8fc06,"BEATTY ST & CAMBIE ST, VANCOUVER",49.27549,-123.117162
VANCOUVER,BEATTY ST,CAMBIE ST BRIDGE,cd9f2277-9b65-52f2-b478-71f381bcca14,"BEATTY ST & CAMBIE ST BRIDGE, VANCOUVER",49.27549,-123.117162
VANCOUVER,BEATTY ST,DUNSMUIR ST,8edf41a4-f0e0-579a-b8ac-a69c5b7ebca8,"BEATTY ST & DUNSMUIR ST, VANCOUVER",49.279839,-123.110537
VANCOUVER,BEATTY ST,DUNSMUIR VIADUCT,fa7ff852-639b-5daa-a991-03fed4965b40,"BEATTY ST & DUNSMUIR VIADUCT, VANCOUVER",49.279839,-123.110537
VANCOUVER,BEATTY ST,HWY 1A,b665882d-841e-5c53-baab-2f5d5948501d,"BEATTY ST & HWY 1A, VANCOUVER",49.28122,-123.108459
VANCOUVER,BEATTY ST,ROBSON ST,5300a0d5-2e50-54bb-bff2-c7779024b981,"BEATTY ST & ROBSON ST, VANCOUVER",49.277588,-123.113963
VANCOUVER,BEATTY ST,SMITHE ST,04d8adcd-467a-5f3d-b6e7-df98d3bba5cc,"BEATTY ST & SMITHE ST, VANCOUVER",49.276538,-123.115575
VANCOUVER,BEATTY ST,W GEORGIA ST,0658a226-026f-56ab-8a1a-4fa78789be63,"BEATTY ST & W GEORGIA ST, VANCOUVER",49.27871,-123.112254
VANCOUVER,BEATTY ST,W PENDER ST,f7590391-ca47-5f9e-8f58-87172b534ade,"BEATTY ST & W PENDER ST, VANCOUVER",49.28122,-123.108459
VANCOUVER,BEATTY WALK,CAMBIE ST,120942d0-dd6e-51d4-a9ed-fab5f4c6b9af,"BEATTY WALK & CAMBIE ST, VANCOUVER",49.274554,-123.119271
VANCOUVER,BEATTY WALK,EXPO BLVD,acb429e0-996d-5a87-a650-2cb2335b5a3a,"BEATTY WALK & EXPO BLVD, VANCOUVER",49.274554,-123.119271
VANCOUVER,BEATTY WALK,PACIFIC BLVD,5de5cf1e-3cf4-5122-8377-ac5ef960839c,"BEATTY WALK & PACIFIC BLVD, VANCOUVER",49.274554,-123.119271
VANCOUVER,BEECHWOOD ST,W 49TH AVE,aff6a0fd-7caa-576c-8c45-f35b62577af6,"BEECHWOOD ST & W 49TH AVE, VANCOUVER",49.227182,-123.156331
VANCOUVER,BEECHWOOD ST,W 51ST AVE,578017c0-7054-5dc7-9890-eed9f344f864,"BEECHWOOD ST & W 51ST AVE, VANCOUVER",49.225005,-123.157016
VANCOUVER,BEECHWOOD ST,W 54TH AVE,ade36d13-5d88-5779-a372-6a005f5bc046,"BEECHWOOD ST & W 54TH AVE, VANCOUVER",49.221953,-123.156359
VANCOUVER,BEECHWOOD ST,W 57TH AVE,ab2b89f5-c726-567e-ad51-1bf1d8d38680,"BEECHWOOD ST & W 57TH AVE, VANCOUVER",49.219555,-123.156462
VANCOUVER,BEGG ST,EVANS AVE,900f0963-b248-52de-b88a-7c498bf0dc3f,"BEGG ST & EVANS AVE, VANCOUVER",49.271748,-123.087058
VANCOUVER,BEGG ST,TERMINAL AVE,f98efd0b-f154-57d4-8000-559b2ff4d448,"BEGG ST & TERMINAL AVE, VANCOUVER",49.270683,-123.087441
VANCOUVER,BELLA-VISTA ST,E 20TH AVE,2f170025-8280-5374-b5b3-d753f1ee7b7a,"BELLA-VISTA ST & E 20TH AVE, VANCOUVER",49.25251,-123.070501
VANCOUVER,BELLEVUE DR,BELMONT AVE,c04f45e5-9063-5d59-9e2f-1223aa4eabac,"BELLEVUE DR & BELMONT AVE, VANCOUVER",49.273784,-123.214842
VANCOUVER,BELMONT AVE,BLANCA ST,4f8dfd38-4ea3-5a64-a196-e19774dcfc34,"BELMONT AVE & BLANCA ST, VANCOUVER",49.273784,-123.214842
VANCOUVER,BELMONT AVE,NW MARINE DR,1cae3c93-87de-54a4-8e29-b62102049a66,"BELMONT AVE & NW MARINE DR, VANCOUVER",49.273585,-123.205692
VANCOUVER,BELMONT AVE,TOLMIE ST,b73fce05-e637-56eb-af3c-fef37b2c6606,"BELMONT AVE & TOLMIE ST, VANCOUVER",49.273736,-123.211767
VANCOUVER,BENTALL ST,CORNETT RD,bbb8b52b-e4b8-503e-94ae-11b98a1c0fa0,"BENTALL ST & CORNETT RD, VANCOUVER",49.259752,-123.032008
VANCOUVER,BENTALL ST,GRANDVIEW HWY,acfc4869-a7b3-592a-85a9-009a51697da8,"BENTALL ST & GRANDVIEW HWY, VANCOUVER",49.258131,-123.031992
VANCOUVER,BENTLEY ST,W 75TH AVE,7bed1f34-cb11-5d39-ba7a-67b3617ea960,"BENTLEY ST & W 75TH AVE, VANCOUVER",49.204342,-123.142578
VANCOUVER,BERKELEY ST,E 41ST AVE,b52b5d5c-0e0c-5f63-a426-4b52763c59e4,"BERKELEY ST & E 41ST AVE, VANCOUVER",49.232831,-123.057865
VANCOUVER,BERKELEY ST,E 45TH AVE,83be446a-45fa-5f31-8d88-d18b777371be,"BERKELEY ST & E 45TH AVE, VANCOUVER",49.229396,-123.057934
VANCOUVER,BERKELEY ST,E 49TH AVE,48dbf91a-3e2f-52e2-bcf4-434defe6fca0,"BERKELEY ST & E 49TH AVE, VANCOUVER",49.224891,-123.057671
VANCOUVER,BERKELEY ST,E 54TH AVE,28670939-16bf-5570-8a43-3aea2d6ef706,"BERKELEY ST & E 54TH AVE, VANCOUVER",49.220196,-123.057894
VANCOUVER,BERKELEY ST,UPLAND DR,c70ef030-2186-51fc-b79d-add30d3a58e8,"BERKELEY ST & UPLAND DR, VANCOUVER",49.217967,-123.057869
VANCOUVER,BIDWELL ST,BURNABY ST,ac1ab74e-b166-5b69-965b-4d14f2edeb96,"BIDWELL ST & BURNABY ST, VANCOUVER",49.285508,-123.141328
VANCOUVER,BIDWELL ST,COMOX ST,060bc7e9-28e2-5615-a6af-27bef8ca29b1,"BIDWELL ST & COMOX ST, VANCOUVER",49.287628,-123.13812
VANCOUVER,BIDWELL ST,DAVIE ST,31c01f70-279b-5cf7-beea-1d5bc27f5290,"BIDWELL ST & DAVIE ST, VANCOUVER",49.286241,-123.140236
VANCOUVER,BIDWELL ST,HARO ST,2e4fb029-9deb-55cf-bccf-6503f9fcb5db,"BIDWELL ST & HARO ST, VANCOUVER",49.289762,-123.134926
VANCOUVER,BIDWELL ST,HARWOOD ST,f05b2266-dc53-5810-a660-400c55911a41,"BIDWELL ST & HARWOOD ST, VANCOUVER",49.28481,-123.142368
VANCOUVER,BIDWELL ST,HENSHAW LANE,116c3bc7-27b3-516f-8ed7-6d63bbdf9801,"BIDWELL ST & HENSHAW LANE, VANCOUVER",49.28801,-123.137547
VANCOUVER,BIDWELL ST,HWY 99,904719fd-06a5-5caf-8d58-8edd2c8d83ee,"BIDWELL ST & HWY 99, VANCOUVER",49.291606,-123.132114
VANCOUVER,BIDWELL ST,JEPSON-YOUNG LANE,a9d863e5-7c7b-5806-b734-b68c35d4d520,"BIDWELL ST & JEPSON-YOUNG LANE, VANCOUVER",49.287285,-123.138638
VANCOUVER,BIDWELL ST,MAXINE LANE,9c95ad81-194c-5fc8-ac6e-83350f8beb4e,"BIDWELL ST & MAXINE LANE, VANCOUVER",49.285216,-123.141763
VANCOUVER,BIDWELL ST,NELSON ST,ca5ec0b6-2b06-5ee7-bc91-60c7c9a34434,"BIDWELL ST & NELSON ST, VANCOUVER",49.288355,-123.13708
VANCOUVER,BIDWELL ST,PANTAGES LANE,cd0cbca1-4cbf-5b3e-acf5-d3f48fdde162,"BIDWELL ST & PANTAGES LANE, VANCOUVER",49.285911,-123.140728
VANCOUVER,BIDWELL ST,PENDRELL ST,32f82d26-8890-5cd1-9894-903ed40830d8,"BIDWELL ST & PENDRELL ST, VANCOUVER",49.286927,-123.139177
VANCOUVER,BIDWELL ST,ROBSON ST,ae157a1f-78f6-5d3e-bd31-46ecf6ece9ca,"BIDWELL ST & ROBSON ST, VANCOUVER",49.290467,-123.133879
VANCOUVER,BIDWELL ST,ROSEMARY BROWN LANE,b0190eb7-3f35-5313-9059-a1345437f4e5,"BIDWELL ST & ROSEMARY BROWN LANE, VANCOUVER",49.290093,-123.134434
VANCOUVER,BIDWELL ST,SEE-EM-IA LANE,8e2ebda9-d7a5-5efa-bab9-e998faded41c,"BIDWELL ST & SEE-EM-IA LANE, VANCOUVER",49.286609,-123.139696
VANCOUVER,BIDWELL ST,W GEORGIA ST,3fbdb499-82cd-5d04-8e76-f114158d5d1a,"BIDWELL ST & W GEORGIA ST, VANCOUVER",49.291606,-123.132114
VANCOUVER,BIRCH ST,PARK DR,2af76702-bc82-5b98-b8e1-07e39a045efa,"BIRCH ST & PARK DR, VANCOUVER",49.216206,-123.136242
VANCOUVER,BIRCH ST,W 10TH AVE,e47719bc-a317-57bf-8a0c-daa97aed1628,"BIRCH ST & W 10TH AVE, VANCOUVER",49.262555,-123.133753
VANCOUVER,BIRCH ST,W 11TH AVE,9355b37d-05c4-5293-8ee3-2e655cfc5a15,"BIRCH ST & W 11TH AVE, VANCOUVER",49.261623,-123.133793
VANCOUVER,BIRCH ST,W 12TH AVE,ede0df72-4245-509c-90b3-68e309b7fa04,"BIRCH ST & W 12TH AVE, VANCOUVER",49.260718,-123.133828
VANCOUVER,BIRCH ST,W 13TH AVE,e5386b07-67ad-582e-a68a-5cee71833a04,"BIRCH ST & W 13TH AVE, VANCOUVER",49.259747,-123.13387
VANCOUVER,BIRCH ST,W 14TH AVE,ecffccb8-922c-561d-b0e3-acbd0102949b,"BIRCH ST & W 14TH AVE, VANCOUVER",49.258834,-123.133908
VANCOUVER,BIRCH ST,W 15TH AVE,25b6586e-aa78-54f3-b142-0cfc08f420a4,"BIRCH ST & W 15TH AVE, VANCOUVER",49.257854,-123.133919
VANCOUVER,BIRCH ST,W 4TH AVE,3df5a447-2cd9-51b9-9f6b-1ab2036b57b9,"BIRCH ST & W 4TH AVE, VANCOUVER",49.266184,-123.133618
VANCOUVER,BIRCH ST,W 64TH AVE,4a0c940a-ab3b-562e-85fd-75411444e79d,"BIRCH ST & W 64TH AVE, VANCOUVER",49.21309,-123.136287
VANCOUVER,BIRCH ST,W 6TH AVE,e435f588-259d-53c9-bdb6-d56028d24665,"BIRCH ST & W 6TH AVE, VANCOUVER",49.266184,-123.133618
VANCOUVER,BIRCH ST,W 7TH AVE,3f411f76-0de6-5364-b9ce-a6d9fc226322,"BIRCH ST & W 7TH AVE, VANCOUVER",49.265268,-123.13366
VANCOUVER,BIRCH ST,W 8TH AVE,ba5e739a-c110-5b66-b00e-385221a3e8fb,"BIRCH ST & W 8TH AVE, VANCOUVER",49.264424,-123.133691
VANCOUVER,BIRCH ST,W BROADWAY,1e8620fe-e75a-573e-8daa-ec4b1e04923d,"BIRCH ST & W BROADWAY, VANCOUVER",49.263519,-123.13372
VANCOUVER,BLAKE ST,CHAMPLAIN CRES,b6abb904-59f9-5402-bc62-c563d4664ce8,"BLAKE ST & CHAMPLAIN CRES, VANCOUVER",49.216675,-123.031151
VANCOUVER,BLAKE ST,GARIBALDI DR,b88c0e4c-30c0-52b1-9325-47aa0ad038a2,"BLAKE ST & GARIBALDI DR, VANCOUVER",49.21818,-123.028944
VANCOUVER,BLAKE ST,MATHESON CRES,76fe83dc-2a51-550d-bf73-1169017b564d,"BLAKE ST & MATHESON CRES, VANCOUVER",49.218798,-123.028177
VANCOUVER,BLANCA ST,CHANCELLOR BLVD,2d89368b-c4e4-58f5-9200-fed621518e1f,"BLANCA ST & CHANCELLOR BLVD, VANCOUVER",49.265674,-123.215105
VANCOUVER,BLANCA ST,SIMPSON AVE,290d81b5-112a-52cd-9fb8-e7b151cd679c,"BLANCA ST & SIMPSON AVE, VANCOUVER",49.274373,-123.214841
VANCOUVER,BLANCA ST,UNIVERSITY BLVD,753e9ca5-1bc5-54d8-a2a5-f61e39681ac1,"BLANCA ST & UNIVERSITY BLVD, VANCOUVER",49.263927,-123.215243
VANCOUVER,BLANCA ST,W 10TH AVE,b67850c5-a19a-5267-8d56-fdf24914a4e9,"BLANCA ST & W 10TH AVE, VANCOUVER",49.263927,-123.215243
VANCOUVER,BLANCA ST,W 11TH AVE,2cf81ef2-4376-5f6c-adc3-5e85f4292133,"BLANCA ST & W 11TH AVE, VANCOUVER",49.262986,-123.215266
VANCOUVER,BLANCA ST,W 13TH AVE,4fb51f67-7929-5942-8b1d-7cd553aec9ff,"BLANCA ST & W 13TH AVE, VANCOUVER",49.261196,-123.215312
VANCOUVER,BLANCA ST,W 15TH AVE,caa10537-62fc-5ead-9cd9-5de303ad8e5a,"BLANCA ST & W 15TH AVE, VANCOUVER",49.259388,-123.215368
VANCOUVER,BLANCA ST,W 16TH AVE,3fbd6e43-11d2-5179-b6a7-e243c042b2ae,"BLANCA ST & W 16TH AVE, VANCOUVER",49.258414,-123.215391
VANCOUVER,BLANCA ST,W 3RD AVE,28a71143-271a-59e8-8952-5c002fafa84e,"BLANCA ST & W 3RD AVE, VANCOUVER",49.270263,-123.214976
VANCOUVER,BLANCA ST,W 4TH AVE,81ebc545-9a46-5fa6-966e-147c557c3e7d,"BLANCA ST & W 4TH AVE, VANCOUVER",49.26911,-123.214998
VANCOUVER,BLANCA ST,W 6TH AVE,34ac0edd-bf86-5592-8128-879fdecd1bed,"BLANCA ST & W 6TH AVE, VANCOUVER",49.267368,-123.21504
VANCOUVER,BLANCA ST,W 8TH AVE,484255dd-286a-5a7e-b134-e52482c99309,"BLANCA ST & W 8TH AVE, VANCOUVER",49.265674,-123.215105
VANCOUVER,BLANCA ST,W 9TH AVE,1eaebbc6-5848-509d-9ce1-23ccbbf92107,"BLANCA ST & W 9TH AVE, VANCOUVER",49.264807,-123.215189
VANCOUVER,BLANCHE ST,E KENT AVE N,3e83aca0-b761-50ce-9e29-6e3aa0659d09,"BLANCHE ST & E KENT AVE N, VANCOUVER",49.206082,-123.052352
VANCOUVER,BLENHEIM ST,CELTIC AVE,c24edfc3-08aa-5e79-9d84-ff39ff9edc18,"BLENHEIM ST & CELTIC AVE, VANCOUVER",49.218616,-123.178961
VANCOUVER,BLENHEIM ST,MAYFAIR AVE,ee404172-2288-58a6-97d8-49587f808860,"BLENHEIM ST & MAYFAIR AVE, VANCOUVER",49.236851,-123.178687
VANCOUVER,BLENHEIM ST,POINT GREY RD,3ce8dfb9-4aa9-543e-9206-137dd3717df0,"BLENHEIM ST & POINT GREY RD, VANCOUVER",49.271537,-123.177612
VANCOUVER,BLENHEIM ST,PUGET DR,5b58215a-9280-5255-82c9-e34d18775f2c,"BLENHEIM ST & PUGET DR, VANCOUVER",49.257233,-123.178188
VANCOUVER,BLENHEIM ST,QUESNEL DR,d0124ffc-2008-5908-9427-cf92f87486ad,"BLENHEIM ST & QUESNEL DR, VANCOUVER",49.256383,-123.178539
VANCOUVER,BLENHEIM ST,SW MARINE DR,52b6690f-e1ae-56a8-bd05-95ed82e17248,"BLENHEIM ST & SW MARINE DR, VANCOUVER",49.23012,-123.178705
VANCOUVER,BLENHEIM ST,W 10TH AVE,8b263d1b-b685-5261-ab8f-2f5f68e25a2d,"BLENHEIM ST & W 10TH AVE, VANCOUVER",49.26336,-123.177838
VANCOUVER,BLENHEIM ST,W 11TH AVE,bfb9c642-d8e6-5d1b-a9c8-8b74c5176e0e,"BLENHEIM ST & W 11TH AVE, VANCOUVER",49.262426,-123.177881
VANCOUVER,BLENHEIM ST,W 12TH AVE,59cf029b-f384-5780-bdea-fe7c828cbb8b,"BLENHEIM ST & W 12TH AVE, VANCOUVER",49.261529,-123.177919
VANCOUVER,BLENHEIM ST,W 13TH AVE,79a43a39-952c-586a-813f-4799572afbe9,"BLENHEIM ST & W 13TH AVE, VANCOUVER",49.260632,-123.177962
VANCOUVER,BLENHEIM ST,W 14TH AVE,5c873e39-d730-5aa3-9aad-d86faf60977f,"BLENHEIM ST & W 14TH AVE, VANCOUVER",49.259722,-123.178004
VANCOUVER,BLENHEIM ST,W 15TH AVE,acf9a5f5-8508-550d-bda3-3e45d6db87a0,"BLENHEIM ST & W 15TH AVE, VANCOUVER",49.25881,-123.178046
VANCOUVER,BLENHEIM ST,W 16TH AVE,16ba3a22-d866-5f39-827c-a4075bce8fb9,"BLENHEIM ST & W 16TH AVE, VANCOUVER",49.257817,-123.178092
VANCOUVER,BLENHEIM ST,W 20TH AVE,9932350f-6637-55ce-b256-3d1d54473e3d,"BLENHEIM ST & W 20TH AVE, VANCOUVER",49.254644,-123.178549
VANCOUVER,BLENHEIM ST,W 21ST AVE,a4460f21-16b5-5a82-aa7d-98e759788609,"BLENHEIM ST & W 21ST AVE, VANCOUVER",49.253732,-123.178558
VANCOUVER,BLENHEIM ST,W 22ND AVE,9da9c719-2e72-5f24-aa52-6f7c781ce177,"BLENHEIM ST & W 22ND AVE, VANCOUVER",49.252833,-123.17857
VANCOUVER,BLENHEIM ST,W 23RD AVE,c1a8f588-8558-5aec-89b7-e74192b43149,"BLENHEIM ST & W 23RD AVE, VANCOUVER",49.251924,-123.178581
VANCOUVER,BLENHEIM ST,W 24TH AVE,7fb6582a-9b67-5c20-bca5-86a3e12d8b71,"BLENHEIM ST & W 24TH AVE, VANCOUVER",49.251029,-123.17859
VANCOUVER,BLENHEIM ST,W 25TH AVE,bdcfb355-a1cf-5b07-a38a-747b24e51191,"BLENHEIM ST & W 25TH AVE, VANCOUVER",49.250036,-123.178634
VANCOUVER,BLENHEIM ST,W 26TH AVE,c7d22ef6-5823-5eec-8e15-00f1f25dfda3,"BLENHEIM ST & W 26TH AVE, VANCOUVER",49.248988,-123.178577
VANCOUVER,BLENHEIM ST,W 27TH AVE,4a512fe5-c170-5936-976e-b6a1f77cb48c,"BLENHEIM ST & W 27TH AVE, VANCOUVER",49.248033,-123.178608
VANCOUVER,BLENHEIM ST,W 28TH AVE,69199d51-9676-5f59-b33f-d932de9be214,"BLENHEIM ST & W 28TH AVE, VANCOUVER",49.247068,-123.178584
VANCOUVER,BLENHEIM ST,W 29TH AVE,f0b620ff-48b8-5cf5-93e1-f89c6370be4b,"BLENHEIM ST & W 29TH AVE, VANCOUVER",49.246153,-123.178596
VANCOUVER,BLENHEIM ST,W 2ND AVE,e627f344-b84b-51cf-8f7c-217b1997fe3b,"BLENHEIM ST & W 2ND AVE, VANCOUVER",49.27031,-123.177644
VANCOUVER,BLENHEIM ST,W 30TH AVE,78ffdaff-8ee8-523b-b1a3-e5ccef445d16,"BLENHEIM ST & W 30TH AVE, VANCOUVER",49.245192,-123.178609
VANCOUVER,BLENHEIM ST,W 31ST AVE,705b1f47-cae1-5e3e-8461-71c4655fe6c8,"BLENHEIM ST & W 31ST AVE, VANCOUVER",49.244255,-123.178629
VANCOUVER,BLENHEIM ST,W 32ND AVE,893be813-5651-50c0-bc92-b53081bdf7fc,"BLENHEIM ST & W 32ND AVE, VANCOUVER",49.243293,-123.178667
VANCOUVER,BLENHEIM ST,W 33RD AVE,b7ed31b5-d130-529b-88d6-9b977eb465a7,"BLENHEIM ST & W 33RD AVE, VANCOUVER",49.242358,-123.178645
VANCOUVER,BLENHEIM ST,W 34TH AVE,4929e887-6323-59c5-b168-89de77b9d15a,"BLENHEIM ST & W 34TH AVE, VANCOUVER",49.241392,-123.178645
VANCOUVER,BLENHEIM ST,W 35TH AVE,4b4369e7-d192-56cf-9a87-99be21ecd334,"BLENHEIM ST & W 35TH AVE, VANCOUVER",49.240455,-123.178656
VANCOUVER,BLENHEIM ST,W 36TH AVE,15241730-8377-52ef-b838-3a70222cc9b4,"BLENHEIM ST & W 36TH AVE, VANCOUVER",49.239504,-123.178663
VANCOUVER,BLENHEIM ST,W 37TH AVE,89e4a83e-ecf3-53b9-9269-a287f1e83023,"BLENHEIM ST & W 37TH AVE, VANCOUVER",49.238564,-123.178659
VANCOUVER,BLENHEIM ST,W 38TH AVE,552d186b-628b-5b8c-9f4b-1eb9005e3a06,"BLENHEIM ST & W 38TH AVE, VANCOUVER",49.237652,-123.178676
VANCOUVER,BLENHEIM ST,W 39TH AVE,edad6dab-a7ac-5b01-a7d5-f6de6fd4c5f1,"BLENHEIM ST & W 39TH AVE, VANCOUVER",49.236518,-123.178693
VANCOUVER,BLENHEIM ST,W 3RD AVE,244fa93d-4362-576b-bf44-0c4a79b9b5ce,"BLENHEIM ST & W 3RD AVE, VANCOUVER",49.269399,-123.177652
VANCOUVER,BLENHEIM ST,W 40TH AVE,1a534d57-0819-5dab-bd05-7957d7cc603a,"BLENHEIM ST & W 40TH AVE, VANCOUVER",49.235682,-123.178706
VANCOUVER,BLENHEIM ST,W 41ST AVE,6ded5e39-5b6f-58f4-a05e-b5848a415dda,"BLENHEIM ST & W 41ST AVE, VANCOUVER",49.23476,-123.178714
VANCOUVER,BLENHEIM ST,W 42ND AVE,b10d1f02-6359-51bc-a57f-9a67f6a9be24,"BLENHEIM ST & W 42ND AVE, VANCOUVER",49.233808,-123.178712
VANCOUVER,BLENHEIM ST,W 43RD AVE,4ad121f6-6ca0-5f4d-b928-632dadac9548,"BLENHEIM ST & W 43RD AVE, VANCOUVER",49.232847,-123.178697
VANCOUVER,BLENHEIM ST,W 44TH AVE,2ea59db0-93ed-5687-b141-55ce895f6205,"BLENHEIM ST & W 44TH AVE, VANCOUVER",49.232139,-123.17874
VANCOUVER,BLENHEIM ST,W 49TH AVE,97b55126-11a6-5443-8d53-d83f1506e497,"BLENHEIM ST & W 49TH AVE, VANCOUVER",49.227469,-123.178743
VANCOUVER,BLENHEIM ST,W 4TH AVE,5154e2de-31c3-5a50-821c-3577680db7d0,"BLENHEIM ST & W 4TH AVE, VANCOUVER",49.268502,-123.17769
VANCOUVER,BLENHEIM ST,W 53RD AVE,ebb50294-4b33-5a4f-9db5-732f83a340b3,"BLENHEIM ST & W 53RD AVE, VANCOUVER",49.223433,-123.178899
VANCOUVER,BLENHEIM ST,W 5TH AVE,aa3f9b52-a780-5093-8381-7a0f438b9c54,"BLENHEIM ST & W 5TH AVE, VANCOUVER",49.267631,-123.177681
VANCOUVER,BLENHEIM ST,W 6TH AVE,afd6f740-e536-589e-ad4a-b677e8104c04,"BLENHEIM ST & W 6TH AVE, VANCOUVER",49.2668,-123.177745
VANCOUVER,BLENHEIM ST,W 7TH AVE,7d07f884-4cb4-5814-b657-e8927fa04678,"BLENHEIM ST & W 7TH AVE, VANCOUVER",49.265928,-123.177789
VANCOUVER,BLENHEIM ST,W 8TH AVE,ffca91d5-a449-53a4-96b2-9eb7f6626ca1,"BLENHEIM ST & W 8TH AVE, VANCOUVER",49.26511,-123.177793
VANCOUVER,BLENHEIM ST,W BROADWAY,6bfbedbe-5f5d-5154-bdd1-cb11094ac8f3,"BLENHEIM ST & W BROADWAY, VANCOUVER",49.264235,-123.177798
VANCOUVER,BLENHEIM ST,W KING EDWARD AVE,8d9f65d1-cf27-5a8f-b241-e8d8a043f44c,"BLENHEIM ST & W KING EDWARD AVE, VANCOUVER",49.250036,-123.178634
VANCOUVER,BLUE JAY CRES,HUMMINGBIRD PL,49fed10d-3e74-5a0e-8a78-5e451deb6f77,"BLUE JAY CRES & HUMMINGBIRD PL, VANCOUVER",49.212765,-123.02739
VANCOUVER,BOATHOUSE MEWS,MARINASIDE CRES,a0bab659-5436-503c-ba51-d2f0cc30efa9,"BOATHOUSE MEWS & MARINASIDE CRES, VANCOUVER",49.273412,-123.117293
VANCOUVER,BOATLIFT LANE,DURANLEAU ST,c0aa4588-c0a9-56b3-b55e-1b4efb595e66,"BOATLIFT LANE & DURANLEAU ST, VANCOUVER",49.271798,-123.135963
VANCOUVER,BOBOLINK AVE,ELLIOTT ST,c878e432-53b6-5635-b3f3-334966e072ef,"BOBOLINK AVE & ELLIOTT ST, VANCOUVER",49.2149,-123.054397
VANCOUVER,BOBOLINK AVE,MUIRFIELD DR,930986cb-32a5-5a19-abc0-0a71287f00eb,"BOBOLINK AVE & MUIRFIELD DR, VANCOUVER",49.21443,-123.056276
VANCOUVER,BONACCORD DR,BURQUITLAM DR,1f7ab396-6c66-560e-9344-fcbcfeb0caf5,"BONACCORD DR & BURQUITLAM DR, VANCOUVER",49.210562,-123.062075
VANCOUVER,BONACCORD DR,HARRISON DR,7c6fed42-bf73-5657-938a-2c6c509149ee,"BONACCORD DR & HARRISON DR, VANCOUVER",49.211396,-123.056666
VANCOUVER,BONNYVALE AVE,STIRLING ST,065c5716-3d74-5fe0-91fb-15f52bacdfca,"BONNYVALE AVE & STIRLING ST, VANCOUVER",49.217104,-123.06069
VANCOUVER,BONSAI ST,W 16TH AVE,52f6faba-ab80-531c-9b8f-904fd3538a16,"BONSAI ST & W 16TH AVE, VANCOUVER",49.257579,-123.16773
VANCOUVER,BONSAI ST,W 17TH AVE,fae19230-9bca-5dc6-9ad9-d4c2c5f26bd7,"BONSAI ST & W 17TH AVE, VANCOUVER",49.257076,-123.167736
VANCOUVER,BORDEN ST,E 60TH AVE,25052c78-3e57-59db-9b7e-213c17952067,"BORDEN ST & E 60TH AVE, VANCOUVER",49.215448,-123.074024
VANCOUVER,BORDEN ST,E 61ST AVE,e0666120-a26f-515d-800b-0c26d9c734a1,"BORDEN ST & E 61ST AVE, VANCOUVER",49.214598,-123.074037
VANCOUVER,BORDEN ST,E 62ND AVE,38c5fb53-77b7-59ed-b09e-53f89294c883,"BORDEN ST & E 62ND AVE, VANCOUVER",49.213752,-123.074049
VANCOUVER,BORDEN ST,E 63RD AVE,b0c157a5-c77c-53df-8cd1-5e32b773f493,"BORDEN ST & E 63RD AVE, VANCOUVER",49.212869,-123.074061
VANCOUVER,BORDEN ST,E 64TH AVE,439c7725-69b9-50b8-a79c-1596a626d404,"BORDEN ST & E 64TH AVE, VANCOUVER",49.211969,-123.074076
VANCOUVER,BORDEN ST,E KENT AVE N,1c15b4a9-42ab-5145-af8e-fc9ba8a40372,"BORDEN ST & E KENT AVE N, VANCOUVER",49.209533,-123.073999
VANCOUVER,BORDEN ST,E KENT AVE S,0d91aa5b-e74a-5639-92c6-72d7f9241a79,"BORDEN ST & E KENT AVE S, VANCOUVER",49.20926,-123.074021
VANCOUVER,BORDEN ST,SE MARINE DR,6f260456-263a-525e-9b46-0269e4b80076,"BORDEN ST & SE MARINE DR, VANCOUVER",49.211071,-123.074013
VANCOUVER,BORHAM CRES,MATHESON CRES,6bf6fee4-a28a-5609-b3e6-16d13b3a84ee,"BORHAM CRES & MATHESON CRES, VANCOUVER",49.215848,-123.025293
VANCOUVER,BOUNDARY LOOP,LOUGHEED HWY,f09b7d98-e9c6-5bd1-9a9d-c8cfa4733c91,"BOUNDARY LOOP & LOUGHEED HWY, VANCOUVER",49.265326,-123.024926
VANCOUVER,BOUNDARY RD,BOUNDARY RD OFFRAMP,fc2cf8b2-6d84-5778-a259-993d7ba03276,"BOUNDARY RD & BOUNDARY RD OFFRAMP, VANCOUVER",49.261007,-123.023626
VANCOUVER,BOUNDARY RD,BOUNDARY RD ONRAMP,eed3e319-cd24-5dbd-a8ef-755a80a24305,"BOUNDARY RD & BOUNDARY RD ONRAMP, VANCOUVER",49.261007,-123.023626
VANCOUVER,BOUNDARY RD,COQUIHALLA DR,8ea5fc5f-60b5-5001-9139-b153029eb853,"BOUNDARY RD & COQUIHALLA DR, VANCOUVER",49.223252,-123.023494
VANCOUVER,BOUNDARY RD,E 11TH AVE,d5bbce4d-93d1-54a7-a3d9-a9895487470d,"BOUNDARY RD & E 11TH AVE, VANCOUVER",49.260096,-123.023778
VANCOUVER,BOUNDARY RD,E 22ND AVE,025e58fd-2ca7-5fe3-8568-feefba5ee3a5,"BOUNDARY RD & E 22ND AVE, VANCOUVER",49.250655,-123.023652
VANCOUVER,BOUNDARY RD,E 26TH AVE,6d8cb28e-a44e-5567-b8dd-e61b44fa4996,"BOUNDARY RD & E 26TH AVE, VANCOUVER",49.247046,-123.023696
VANCOUVER,BOUNDARY RD,E 27TH AVE,40029169-e8a8-549b-b6a5-ab49f70e99b1,"BOUNDARY RD & E 27TH AVE, VANCOUVER",49.24618,-123.023687
VANCOUVER,BOUNDARY RD,E 28TH AVE,dd0ecb40-3871-53aa-906b-47b0c99120c6,"BOUNDARY RD & E 28TH AVE, VANCOUVER",49.245341,-123.023793
VANCOUVER,BOUNDARY RD,E 29TH AVE,d66e0953-52a8-53c7-a5ec-3a9125ecdb5d,"BOUNDARY RD & E 29TH AVE, VANCOUVER",49.245123,-123.02379
VANCOUVER,BOUNDARY RD,E 45TH AVE,62569b82-12b0-5dab-84c9-76e84c91d524,"BOUNDARY RD & E 45TH AVE, VANCOUVER",49.229234,-123.023512
VANCOUVER,BOUNDARY RD,E 46TH AVE,f0039746-45fc-5147-a93c-0111c56243ce,"BOUNDARY RD & E 46TH AVE, VANCOUVER",49.228093,-123.023516
VANCOUVER,BOUNDARY RD,E 47TH AVE,ef5025e1-337a-55d0-9743-abd98b012a27,"BOUNDARY RD & E 47TH AVE, VANCOUVER",49.226376,-123.023523
VANCOUVER,BOUNDARY RD,E 48TH AVE,7087b460-ec7e-5c82-9b19-09b0ef162dad,"BOUNDARY RD & E 48TH AVE, VANCOUVER",49.225198,-123.023479
VANCOUVER,BOUNDARY RD,E 49TH AVE,fe19d81c-1d3b-5486-9f7a-fc39c651c6e4,"BOUNDARY RD & E 49TH AVE, VANCOUVER",49.221948,-123.023697
VANCOUVER,BOUNDARY RD,E KENT AVE N,5fa740a3-5e66-503b-94de-1309a2cf31c3,"BOUNDARY RD & E KENT AVE N, VANCOUVER",49.204288,-123.023425
VANCOUVER,BOUNDARY RD,E KENT AVE S,aa369cbd-6cc0-59f2-bee5-ee0cb262dd5e,"BOUNDARY RD & E KENT AVE S, VANCOUVER",49.203932,-123.023401
VANCOUVER,BOUNDARY RD,ELMWOOD ST,46fdf744-7dbc-5725-9393-d8c9d30eda88,"BOUNDARY RD & ELMWOOD ST, VANCOUVER",49.250655,-123.023652
VANCOUVER,BOUNDARY RD,FRANKLIN ST,93d48912-be29-56a1-82b8-00723e6664aa,"BOUNDARY RD & FRANKLIN ST, VANCOUVER",49.282048,-123.023492
VANCOUVER,BOUNDARY RD,GRANDVIEW HWY,4ea8441d-794c-550b-b939-9339d61e66f6,"BOUNDARY RD & GRANDVIEW HWY, VANCOUVER",49.258209,-123.023636
VANCOUVER,BOUNDARY RD,GRANDVIEW HWY ONRAMP,741f24a8-7dd1-5329-92aa-367572793c1d,"BOUNDARY RD & GRANDVIEW HWY ONRAMP, VANCOUVER",49.258209,-123.023636
VANCOUVER,BOUNDARY RD,GRAVELEY ST,0fdbc5bb-130e-5c2b-a8f0-7b857fc9ed47,"BOUNDARY RD & GRAVELEY ST, VANCOUVER",49.270289,-123.023569
VANCOUVER,BOUNDARY RD,HURST AVE,8a8bee74-b4a6-5086-a358-468f73b2ce4c,"BOUNDARY RD & HURST AVE, VANCOUVER",49.220139,-123.023802
VANCOUVER,BOUNDARY RD,HWY 1,9cdf2b72-8a8d-5ab7-be95-a3748fe7d3cb,"BOUNDARY RD & HWY 1, VANCOUVER",49.261007,-123.023626
VANCOUVER,BOUNDARY RD,IMPERIAL ST,96428022-ac70-5c07-b0a3-5c5d67087a40,"BOUNDARY RD & IMPERIAL ST, VANCOUVER",49.221948,-123.023697
VANCOUVER,BOUNDARY RD,MARINE WAY,b478a6d0-7b2b-5b76-9c31-0215c6c6dd46,"BOUNDARY RD & MARINE WAY, VANCOUVER",49.205426,-123.023441
VANCOUVER,BOUNDARY RD,MONMOUTH AVE,4c2b32b6-9ac8-582c-8236-62632d431eaa,"BOUNDARY RD & MONMOUTH AVE, VANCOUVER",49.239569,-123.023583
VANCOUVER,BOUNDARY RD,MOSCROP ST,6b72720a-07fc-5fa7-9916-3c357dd29c99,"BOUNDARY RD & MOSCROP ST, VANCOUVER",49.242547,-123.023688
VANCOUVER,BOUNDARY RD,NAPIER ST,fef024da-c09d-5649-a6a5-15d4622ba22a,"BOUNDARY RD & NAPIER ST, VANCOUVER",49.274875,-123.023534
VANCOUVER,BOUNDARY RD,NITHSDALE ST,92471460-d0b1-53c9-865b-9be5de8647c3,"BOUNDARY RD & NITHSDALE ST, VANCOUVER",49.2515,-123.023656
VANCOUVER,BOUNDARY RD,NORMANDY DR,4a333a7f-3ffc-5e26-895e-0c75d1b8bed3,"BOUNDARY RD & NORMANDY DR, VANCOUVER",49.2515,-123.023656
VANCOUVER,BOUNDARY RD,PRICE ST,e3d72c41-f43f-5c33-8b27-0704aa6ccabb,"BOUNDARY RD & PRICE ST, VANCOUVER",49.240351,-123.023687
VANCOUVER,BOUNDARY RD,RAE AVE,f99a5161-806e-5e86-b034-2622708566a9,"BOUNDARY RD & RAE AVE, VANCOUVER",49.236212,-123.023513
VANCOUVER,BOUNDARY RD,SE MARINE DR,376798c3-408c-514b-a7ce-acb3d04f661b,"BOUNDARY RD & SE MARINE DR, VANCOUVER",49.208167,-123.023671
VANCOUVER,BOUNDARY RD,SPRUCE ST,92481681-d8a5-5b46-b896-3aa0343fec97,"BOUNDARY RD & SPRUCE ST, VANCOUVER",49.247046,-123.023696
VANCOUVER,BOUNDARY RD,TANNER ST,4b3fe032-981d-524c-a0f7-ca843d589f0e,"BOUNDARY RD & TANNER ST, VANCOUVER",49.241523,-123.023705
VANCOUVER,BOUNDARY RD,TRIUMPH ST,9dffe33e-f96a-5c15-96f5-b72a88b689a8,"BOUNDARY RD & TRIUMPH ST, VANCOUVER",49.283857,-123.023461
VANCOUVER,BOUNDARY RD,TURNER ST,25bdf4c6-73b4-5c63-8b6c-29786c4694e4,"BOUNDARY RD & TURNER ST, VANCOUVER",49.279054,-123.023523
VANCOUVER,BOUNDARY RD,UNION ST,b7550af4-2490-5293-b505-5d14a2fdc629,"BOUNDARY RD & UNION ST, VANCOUVER",49.277492,-123.023519
VANCOUVER,BOUNDARY RD,VANNESS AVE,de0753dd-089f-5d9c-828d-afa59ebb8b91,"BOUNDARY RD & VANNESS AVE, VANCOUVER",49.234918,-123.023635
VANCOUVER,BOUNDARY RD,WELLINGTON AVE,1fefd871-b580-594f-8b8f-3b0b612377dd,"BOUNDARY RD & WELLINGTON AVE, VANCOUVER",49.23776,-123.023496
VANCOUVER,BOUNDARY RD OFFRAMP,HWY 1,522ff18b-2478-5064-a287-118f594b52e9,"BOUNDARY RD OFFRAMP & HWY 1, VANCOUVER",49.261007,-123.023626
VANCOUVER,BOUNDARY RD OFFRAMP,TRANS-CANADA HWY,41d5c337-8dc3-5b5b-8970-99795757b6dd,"BOUNDARY RD OFFRAMP & TRANS-CANADA HWY, VANCOUVER",49.261007,-123.023626
VANCOUVER,BOUNDARY RD ONRAMP,HWY 1,1cda333f-1b4d-5237-872f-7b2142aef2b3,"BOUNDARY RD ONRAMP & HWY 1, VANCOUVER",49.261007,-123.023626
VANCOUVER,BOUNDARY RD ONRAMP,TRANS-CANADA HWY,412c2b9a-a4f1-56ea-87b4-f6c1eb722357,"BOUNDARY RD ONRAMP & TRANS-CANADA HWY, VANCOUVER",49.261007,-123.023626
VANCOUVER,BOYD DIVERS,E 22ND AVE,5f61839a-43a6-5698-a2d7-4288683df239,"BOYD DIVERS & E 22ND AVE, VANCOUVER",49.250627,-123.044181
VANCOUVER,BOYD DIVERS,NOOTKA ST,d7eb5057-af02-559d-bd05-d3261dc8ae88,"BOYD DIVERS & NOOTKA ST, VANCOUVER",49.249183,-123.04178
VANCOUVER,BOYD DIVERS,RENFREW ST,43bf3350-70e5-5a59-8b74-806974975a90,"BOYD DIVERS & RENFREW ST, VANCOUVER",49.250627,-123.044181
VANCOUVER,BRAEBURN ST,E 56TH AVE,599511e1-2bf2-5862-8483-300732708ee4,"BRAEBURN ST & E 56TH AVE, VANCOUVER",49.219096,-123.069829
VANCOUVER,BRAEBURN ST,NASSAU DR,027ab9ea-ec92-5cf6-b52e-78c8afc49d3b,"BRAEBURN ST & NASSAU DR, VANCOUVER",49.218704,-123.069473
VANCOUVER,BRAEBURN ST,UPLAND DR,117c0b48-d198-55b7-825c-1ff1d5b4efd5,"BRAEBURN ST & UPLAND DR, VANCOUVER",49.21792,-123.068891
VANCOUVER,BRAKENRIDGE ST,EDDINGTON DR,69c233e4-2149-5cc8-8f41-0c8ac58fcec0,"BRAKENRIDGE ST & EDDINGTON DR, VANCOUVER",49.245583,-123.159202
VANCOUVER,BRAKENRIDGE ST,MCBAIN AVE,d748bb74-d734-5630-9458-d6cb085e9ad5,"BRAKENRIDGE ST & MCBAIN AVE, VANCOUVER",49.247718,-123.161509
VANCOUVER,BRAKENRIDGE ST,W KING EDWARD AVE,8928dfcd-7080-586f-ab1d-738025b90c25,"BRAKENRIDGE ST & W KING EDWARD AVE, VANCOUVER",49.248551,-123.162429
VANCOUVER,BRANDYWINE PL,GARIBALDI DR,47447625-1437-5ed3-b717-ef3b3930ab62,"BRANDYWINE PL & GARIBALDI DR, VANCOUVER",49.216816,-123.029479
VANCOUVER,BRANT ST,E 24TH AVE,5c4f4a52-61e3-5f44-b4bd-f3c30e1ca24b,"BRANT ST & E 24TH AVE, VANCOUVER",49.248915,-123.057992
VANCOUVER,BRANT ST,E 25TH AVE,cda077c2-6de5-5719-8dcc-c2348a993a4c,"BRANT ST & E 25TH AVE, VANCOUVER",49.248104,-123.058012
VANCOUVER,BRANT ST,E 27TH AVE,9d5991d6-6515-589d-ae82-32a3e048bf68,"BRANT ST & E 27TH AVE, VANCOUVER",49.246708,-123.058043
VANCOUVER,BRANT ST,VANNESS AVE,81d9a49e-d530-583e-805b-c17998211006,"BRANT ST & VANNESS AVE, VANCOUVER",49.248915,-123.057992
VANCOUVER,BRIDGEWAY,HWY 1,ef033b51-f723-54e0-be3d-67e0fca49097,"BRIDGEWAY & HWY 1, VANCOUVER",49.283771,-123.032033
VANCOUVER,BRIDGEWAY,MCGILL ST,fadd6a8c-b697-52b2-89a0-3797398b41bb,"BRIDGEWAY & MCGILL ST, VANCOUVER",49.287032,-123.031028
VANCOUVER,BRIDGEWAY,MCGILL ST ONRAMP,7a8ca97e-60e7-5f6a-90c3-13d756a6ee89,"BRIDGEWAY & MCGILL ST ONRAMP, VANCOUVER",49.287489,-123.033603
VANCOUVER,BRIDGEWAY,N SKEENA ST,26ff5892-11d9-5949-b30c-dc760d44b59f,"BRIDGEWAY & N SKEENA ST, VANCOUVER",49.290475,-123.028512
VANCOUVER,BRIDGEWAY ST,CASSIAR CONNECTOR,e0deef62-8d91-566e-a14a-29671523e309,"BRIDGEWAY ST & CASSIAR CONNECTOR, VANCOUVER",49.287032,-123.031028
VANCOUVER,BRIDGEWAY ST,CASSIAR TUNNEL,c638fafb-6b9f-5f67-afd2-212918e6c8fd,"BRIDGEWAY ST & CASSIAR TUNNEL, VANCOUVER",49.283771,-123.032033
VANCOUVER,BRIDGEWAY ST,E HASTINGS ST OFFRAMP,30ab3e2b-b9f0-58f5-8cce-0bfc4214f3b8,"BRIDGEWAY ST & E HASTINGS ST OFFRAMP, VANCOUVER",49.287032,-123.031028
VANCOUVER,BRIDGEWAY ST,HWY 1,7d940eaf-d0e8-5e10-bc63-86f847b1bcd4,"BRIDGEWAY ST & HWY 1, VANCOUVER",49.283771,-123.032033
VANCOUVER,BRIDGEWAY ST,MCGILL ST,3ab76176-1d8f-5520-8e15-85b6097d6469,"BRIDGEWAY ST & MCGILL ST, VANCOUVER",49.287032,-123.031028
VANCOUVER,BRIDGEWAY ST,MCGILL ST ONRAMP,06864989-3265-5456-b4fa-d9a204dc2837,"BRIDGEWAY ST & MCGILL ST ONRAMP, VANCOUVER",49.287489,-123.033603
VANCOUVER,BRIDGEWAY ST,MILLER DR,05642fb6-9f8c-571d-b21f-49035645bb1d,"BRIDGEWAY ST & MILLER DR, VANCOUVER",49.285875,-123.03294
VANCOUVER,BRIDGEWAY ST,N SKEENA ST,50e84c03-b1de-5caa-a1f4-6ae7a2585422,"BRIDGEWAY ST & N SKEENA ST, VANCOUVER",49.290475,-123.028512
VANCOUVER,BRIGADOON AVE,DUFF ST,0adb1560-6f19-55fa-a20d-20b5d098abd7,"BRIGADOON AVE & DUFF ST, VANCOUVER",49.216599,-123.064689
VANCOUVER,BRIGADOON AVE,GLADSTONE ST,226b3f28-30ad-5684-818e-e3ef9d014360,"BRIGADOON AVE & GLADSTONE ST, VANCOUVER",49.216559,-123.062083
VANCOUVER,BRIGADOON AVE,HUMM ST,8a9a08ed-1839-563c-83dd-733d22d2bd51,"BRIGADOON AVE & HUMM ST, VANCOUVER",49.216578,-123.063396
VANCOUVER,BRIGADOON AVE,VICTORIA DR,a9c68651-a811-50d2-bcaa-f358525e82ac,"BRIGADOON AVE & VICTORIA DR, VANCOUVER",49.216618,-123.065971
VANCOUVER,BRIGHTWOOD PL,VIVIAN DR,fe8fa2d8-71fc-506c-809a-642ba917ab12,"BRIGHTWOOD PL & VIVIAN DR, VANCOUVER",49.214973,-123.052265
VANCOUVER,BROCK ST,CLARENDON ST,d36868ed-3150-5887-9f8b-d4db1fac63e7,"BROCK ST & CLARENDON ST, VANCOUVER",49.243712,-123.053484
VANCOUVER,BROCK ST,NANAIMO ST,2e69277d-873f-5290-ace5-89b24caa446e,"BROCK ST & NANAIMO ST, VANCOUVER",49.243861,-123.056656
VANCOUVER,BROCK ST,WENONAH ST,aa21096c-c9af-5123-b81e-543a596ba7b6,"BROCK ST & WENONAH ST, VANCOUVER",49.243997,-123.05865
VANCOUVER,BROOKS ST,E 47TH AVE,1450005d-19b4-58c3-accd-f8c76ee4849d,"BROOKS ST & E 47TH AVE, VANCOUVER",49.226416,-123.035107
VANCOUVER,BROOKS ST,E 49TH AVE,a554a082-45e4-522e-b231-b852a11d30e4,"BROOKS ST & E 49TH AVE, VANCOUVER",49.224673,-123.035186
VANCOUVER,BROOKS ST,E 54TH AVE,21021b9c-a943-512d-b75d-86b49c5261f4,"BROOKS ST & E 54TH AVE, VANCOUVER",49.220136,-123.035277
VANCOUVER,BROUGHTON ST,BURNABY ST,a99aaf86-63fd-5b54-b6ae-a5514f73a685,"BROUGHTON ST & BURNABY ST, VANCOUVER",49.282982,-123.137393
VANCOUVER,BROUGHTON ST,COMOX ST,64421447-a4a9-5dd7-9bff-d4f399baa379,"BROUGHTON ST & COMOX ST, VANCOUVER",49.285092,-123.1342
VANCOUVER,BROUGHTON ST,DAVIE ST,d50e94e9-5c46-5512-b381-9f05e162772e,"BROUGHTON ST & DAVIE ST, VANCOUVER",49.283711,-123.136303
VANCOUVER,BROUGHTON ST,EIHU LANE,167ed75d-76e1-5b00-8536-84d2078edefc,"BROUGHTON ST & EIHU LANE, VANCOUVER",49.288294,-123.129344
VANCOUVER,BROUGHTON ST,HARO ST,0a3c56b3-d4a1-59d8-8d9d-895acf642658,"BROUGHTON ST & HARO ST, VANCOUVER",49.287206,-123.131009
VANCOUVER,BROUGHTON ST,HARWOOD ST,e18542ff-bc72-5c45-85f3-40df2e3aa80b,"BROUGHTON ST & HARWOOD ST, VANCOUVER",49.28233,-123.138434
VANCOUVER,BROUGHTON ST,HENSHAW LANE,304069f6-dfb2-5a5c-b09c-2cc0624f6fe5,"BROUGHTON ST & HENSHAW LANE, VANCOUVER",49.285454,-123.133654
VANCOUVER,BROUGHTON ST,HWY 1A,101a8f4f-d790-569a-82f6-1a7eaff88351,"BROUGHTON ST & HWY 1A, VANCOUVER",49.289005,-123.128224
VANCOUVER,BROUGHTON ST,HWY 99,3844db0a-a730-5bc7-90df-807a8f79006d,"BROUGHTON ST & HWY 99, VANCOUVER",49.289005,-123.128224
VANCOUVER,BROUGHTON ST,JEPSON-YOUNG LANE,686a0062-5e7c-5f07-ace1-f19296cdb73e,"BROUGHTON ST & JEPSON-YOUNG LANE, VANCOUVER",49.284722,-123.134761
VANCOUVER,BROUGHTON ST,JUNG LANE,fbbf7ad1-fc68-5e5d-8d4e-385579d1954a,"BROUGHTON ST & JUNG LANE, VANCOUVER",49.281957,-123.138936
VANCOUVER,BROUGHTON ST,MAXINE LANE,cb6413c6-cf1b-5e0d-acad-412a1b9f07b5,"BROUGHTON ST & MAXINE LANE, VANCOUVER",49.282668,-123.137852
VANCOUVER,BROUGHTON ST,NELSON ST,b8ccc339-039a-5bd7-af83-f646798f1072,"BROUGHTON ST & NELSON ST, VANCOUVER",49.285787,-123.133114
VANCOUVER,BROUGHTON ST,PANTAGES LANE,099ca1e4-939b-53ee-a17b-9673ff900868,"BROUGHTON ST & PANTAGES LANE, VANCOUVER",49.283363,-123.136824
VANCOUVER,BROUGHTON ST,PENDRELL ST,e20712a5-5339-5173-8485-3f75a39f1017,"BROUGHTON ST & PENDRELL ST, VANCOUVER",49.284406,-123.135239
VANCOUVER,BROUGHTON ST,ROBSON ST,c9bf6021-dec7-5475-bf85-dfd1f28b04d6,"BROUGHTON ST & ROBSON ST, VANCOUVER",49.287918,-123.129948
VANCOUVER,BROUGHTON ST,ROSEMARY BROWN LANE,1eb012ec-c23f-54d8-b11a-e9abccccf654,"BROUGHTON ST & ROSEMARY BROWN LANE, VANCOUVER",49.287566,-123.130473
VANCOUVER,BROUGHTON ST,SEE-EM-IA LANE,ba525466-9b2c-5773-8e6b-71911a526dd6,"BROUGHTON ST & SEE-EM-IA LANE, VANCOUVER",49.284068,-123.135756
VANCOUVER,BROUGHTON ST,STOVOLD LANE,b9238426-f26f-5f91-94a1-0673389f936f,"BROUGHTON ST & STOVOLD LANE, VANCOUVER",49.286862,-123.13153
VANCOUVER,BROUGHTON ST,TED NORTHE LANE,1e5c6cd7-30c7-5688-b993-30579bb9331f,"BROUGHTON ST & TED NORTHE LANE, VANCOUVER",49.286158,-123.132574
VANCOUVER,BROUGHTON ST,W GEORGIA ST,b75defa4-6b61-5d92-b210-32c801308c2c,"BROUGHTON ST & W GEORGIA ST, VANCOUVER",49.289005,-123.128224
VANCOUVER,BROUGHTON ST,W HASTINGS ST,796c2376-703f-5288-828f-cd13ee536d56,"BROUGHTON ST & W HASTINGS ST, VANCOUVER",49.28999,-123.126792
VANCOUVER,BROUGHTON ST,W PENDER ST,d2d8d416-3028-563d-9e5f-8e2f2eb150d6,"BROUGHTON ST & W PENDER ST, VANCOUVER",49.289568,-123.127447
VANCOUVER,BRUCE ST,E 32ND AVE,1ef759a9-da43-581a-9a90-de8a4a984f76,"BRUCE ST & E 32ND AVE, VANCOUVER",49.241566,-123.06945
VANCOUVER,BRUCE ST,E 37TH AVE,eb2c5b2f-f658-5226-b93c-5bd813f019d3,"BRUCE ST & E 37TH AVE, VANCOUVER",49.236744,-123.070011
VANCOUVER,BRUCE ST,E 41ST AVE,d18ac88a-d326-5022-b596-e58084028ba4,"BRUCE ST & E 41ST AVE, VANCOUVER",49.232618,-123.070111
VANCOUVER,BRUCE ST,E 45TH AVE,0f190376-04b4-5ec4-865c-dfc8dad435a4,"BRUCE ST & E 45TH AVE, VANCOUVER",49.228982,-123.069788
VANCOUVER,BRUCE ST,E 47TH AVE,f38b06d5-bc2d-597a-ad5b-0bb61973d2e4,"BRUCE ST & E 47TH AVE, VANCOUVER",49.227663,-123.06984
VANCOUVER,BRUCE ST,E 49TH AVE,e9bb55dd-51fd-5136-9f22-d4fe6ce9de35,"BRUCE ST & E 49TH AVE, VANCOUVER",49.2252,-123.069937
VANCOUVER,BRUNSWICK ST,E 2ND AVE,14d4aced-73f9-5833-88f4-48a4e7b40d3a,"BRUNSWICK ST & E 2ND AVE, VANCOUVER",49.266741,-123.096256
VANCOUVER,BRUNSWICK ST,E 5TH AVE,77f3228d-0499-5813-856f-c5a108f1950f,"BRUNSWICK ST & E 5TH AVE, VANCOUVER",49.266331,-123.096765
VANCOUVER,BRUNSWICK ST,E 6TH AVE,260dbeda-55e9-53ff-8f83-83eb81c49d63,"BRUNSWICK ST & E 6TH AVE, VANCOUVER",49.265432,-123.096932
VANCOUVER,BRUNSWICK ST,E 7TH AVE,523dc64d-47be-5350-9c8c-b9ca5b7518af,"BRUNSWICK ST & E 7TH AVE, VANCOUVER",49.264548,-123.096969
VANCOUVER,BRUNSWICK ST,E 8TH AVE,468da42b-d756-59ee-9dff-756d0b29df99,"BRUNSWICK ST & E 8TH AVE, VANCOUVER",49.263633,-123.09699
VANCOUVER,BRUNSWICK ST,E BROADWAY,a3c757dd-9050-5404-8f62-cca9e2e4414b,"BRUNSWICK ST & E BROADWAY, VANCOUVER",49.262785,-123.097017
VANCOUVER,BRUNSWICK ST,GREAT NORTHERN WAY,a7d4f998-f7e7-5cf0-a939-0fca5c707850,"BRUNSWICK ST & GREAT NORTHERN WAY, VANCOUVER",49.266741,-123.096256
VANCOUVER,BRUNSWICK ST,HWY 7,eb28ba16-7122-5f15-ae84-abefff89dcb8,"BRUNSWICK ST & HWY 7, VANCOUVER",49.262785,-123.097017
VANCOUVER,BUCKETWHEEL,MOBERLY RD,4ad0d519-34b2-54f9-8826-efc86b42251a,"BUCKETWHEEL & MOBERLY RD, VANCOUVER",49.267871,-123.117465
VANCOUVER,BURNABY ST,BURRARD ST,340dadbf-aae5-57f1-a292-745d53c387d8,"BURNABY ST & BURRARD ST, VANCOUVER",49.278359,-123.130288
VANCOUVER,BURNABY ST,BUTE ST,1ddd67cf-0e7b-50d0-886f-6fd5331518a4,"BURNABY ST & BUTE ST, VANCOUVER",49.281071,-123.134457
VANCOUVER,BURNABY ST,CARDERO ST,7300424f-8d32-5d91-815b-bd1ebaff19f3,"BURNABY ST & CARDERO ST, VANCOUVER",49.284497,-123.139739
VANCOUVER,BURNABY ST,JERVIS ST,7679b78e-bb23-5cc1-84b2-8c123e04559c,"BURNABY ST & JERVIS ST, VANCOUVER",49.282112,-123.13601
VANCOUVER,BURNABY ST,NICOLA ST,504de5bd-ab61-533b-81ed-167583575b5c,"BURNABY ST & NICOLA ST, VANCOUVER",49.283741,-123.138562
VANCOUVER,BURNABY ST,THURLOW ST,3dd2d931-8b02-50b4-a68b-fa1f3ba6d345,"BURNABY ST & THURLOW ST, VANCOUVER",49.279657,-123.132241
VANCOUVER,BURQUITLAM DR,FRASERVIEW DR,d2139236-c603-51d1-9644-b821c1115d40,"BURQUITLAM DR & FRASERVIEW DR, VANCOUVER",49.211783,-123.064695
VANCOUVER,BURQUITLAM DR,HARRISON DR,4043c8f1-2462-5ee0-854f-26962fd86100,"BURQUITLAM DR & HARRISON DR, VANCOUVER",49.209758,-123.057035
VANCOUVER,BURRARD ST,CANADA PL,f418776d-6ad5-55c0-a16f-a19c7d534b33,"BURRARD ST & CANADA PL, VANCOUVER",49.288095,-123.115505
VANCOUVER,BURRARD ST,COMOX ST,c2d505f6-7737-55b8-8a40-7d79474b2c40,"BURRARD ST & COMOX ST, VANCOUVER",49.280479,-123.127078
VANCOUVER,BURRARD ST,CORNWALL AVE,4880d55e-d440-59c5-8b2f-4cb1fde8d788,"BURRARD ST & CORNWALL AVE, VANCOUVER",49.272406,-123.145229
VANCOUVER,BURRARD ST,DAVIE ST,dedb2b58-11d4-5f2b-97b3-01738075a021,"BURRARD ST & DAVIE ST, VANCOUVER",49.279077,-123.129182
VANCOUVER,BURRARD ST,DRAKE ST,f43d8592-ca4e-56cf-abae-93ae3018174a,"BURRARD ST & DRAKE ST, VANCOUVER",49.278036,-123.130786
VANCOUVER,BURRARD ST,DUNSMUIR ST,e636685e-13a1-52d7-8e4b-c6093836253e,"BURRARD ST & DUNSMUIR ST, VANCOUVER",49.285551,-123.119379
VANCOUVER,BURRARD ST,EIHU LANE,e84f8f1c-bee2-5b31-926c-f40eaf90babc,"BURRARD ST & EIHU LANE, VANCOUVER",49.283645,-123.122239
VANCOUVER,BURRARD ST,HARWOOD ST,6ab5c0e8-1d76-50b7-adc0-00a3622ef08b,"BURRARD ST & HARWOOD ST, VANCOUVER",49.277669,-123.131347
VANCOUVER,BURRARD ST,HELMCKEN ST,373ba1d5-778c-5441-84ec-2407f48d8cca,"BURRARD ST & HELMCKEN ST, VANCOUVER",49.280115,-123.127624
VANCOUVER,BURRARD ST,HENSHAW LANE,1567f924-c927-5aa8-b952-1815978a7fed,"BURRARD ST & HENSHAW LANE, VANCOUVER",49.28086,-123.126524
VANCOUVER,BURRARD ST,JUNG LANE,6d86d46b-6d9d-5275-bd88-1ff1a72dedb3,"BURRARD ST & JUNG LANE, VANCOUVER",49.27736,-123.131816
VANCOUVER,BURRARD ST,MAXINE LANE,7f754050-2ab7-51e6-bd42-ba17b5741ba9,"BURRARD ST & MAXINE LANE, VANCOUVER",49.278036,-123.130786
VANCOUVER,BURRARD ST,MELVILLE ST,530017e0-4291-5943-9e92-0cf999e99649,"BURRARD ST & MELVILLE ST, VANCOUVER",49.285153,-123.120017
VANCOUVER,BURRARD ST,NELSON ST,8628476e-118b-5dee-8218-3415a00625b3,"BURRARD ST & NELSON ST, VANCOUVER",49.281194,-123.126037
VANCOUVER,BURRARD ST,PACIFIC ST,cca5b966-4fd4-569b-accf-0b25db8b1a09,"BURRARD ST & PACIFIC ST, VANCOUVER",49.276971,-123.132435
VANCOUVER,BURRARD ST,PACIFIC ST OFFRAMP,692bce1d-10e8-5941-8198-96979c2619ff,"BURRARD ST & PACIFIC ST OFFRAMP, VANCOUVER",49.276971,-123.132435
VANCOUVER,BURRARD ST,PACIFIC ST ONRAMP,313d0e71-3aa3-5f36-ab85-d745c34095a8,"BURRARD ST & PACIFIC ST ONRAMP, VANCOUVER",49.276971,-123.132435
VANCOUVER,BURRARD ST,PANTAGES LANE,de58a78a-38e8-5ef6-a1e4-481ec5e3292f,"BURRARD ST & PANTAGES LANE, VANCOUVER",49.278739,-123.129703
VANCOUVER,BURRARD ST,ROBSON ST,ec6d9285-ae7e-5e9f-b159-375ccb1ddf8b,"BURRARD ST & ROBSON ST, VANCOUVER",49.283281,-123.122803
VANCOUVER,BURRARD ST,ROSEMARY BROWN LANE,52eb0d1b-6515-56e6-a8ae-68a4b0bc4b38,"BURRARD ST & ROSEMARY BROWN LANE, VANCOUVER",49.282918,-123.123359
VANCOUVER,BURRARD ST,SEE-EM-IA LANE,90c73397-cfd3-590a-a6d3-1069ebdbfe81,"BURRARD ST & SEE-EM-IA LANE, VANCOUVER",49.279434,-123.128647
VANCOUVER,BURRARD ST,SMITHE ST,72470584-860d-53c4-b354-026a09278191,"BURRARD ST & SMITHE ST, VANCOUVER",49.282225,-123.124422
VANCOUVER,BURRARD ST,TED NORTHE LANE,ee8c890a-8a86-54cf-85f3-4eb512a79da1,"BURRARD ST & TED NORTHE LANE, VANCOUVER",49.281584,-123.12543
VANCOUVER,BURRARD ST,W 10TH AVE,5683a504-a911-50aa-af8b-bd6a1f61182e,"BURRARD ST & W 10TH AVE, VANCOUVER",49.262749,-123.145796
VANCOUVER,BURRARD ST,W 11TH AVE,baf825c6-f416-5ea3-9941-a1925f1a9f7e,"BURRARD ST & W 11TH AVE, VANCOUVER",49.261827,-123.145828
VANCOUVER,BURRARD ST,W 12TH AVE,dcacde7f-c331-5423-9cab-4892e0df65af,"BURRARD ST & W 12TH AVE, VANCOUVER",49.260941,-123.145866
VANCOUVER,BURRARD ST,W 13TH AVE,f5d1f0da-66a9-5d4d-82ea-f3bd49fe4edf,"BURRARD ST & W 13TH AVE, VANCOUVER",49.25994,-123.145903
VANCOUVER,BURRARD ST,W 14TH AVE,f28d4bf4-2a18-55d2-89c9-64863ae3bbe4,"BURRARD ST & W 14TH AVE, VANCOUVER",49.259051,-123.145937
VANCOUVER,BURRARD ST,W 15TH AVE,b3e6998f-dd66-5c35-ac01-ad0ff0f4954b,"BURRARD ST & W 15TH AVE, VANCOUVER",49.258096,-123.145972
VANCOUVER,BURRARD ST,W 16TH AVE,bd7d338c-ea4b-55d8-b8f6-f1cb4b639c66,"BURRARD ST & W 16TH AVE, VANCOUVER",49.257179,-123.145979
VANCOUVER,BURRARD ST,W 1ST AVE,4ad2277d-9a99-585b-a502-16a829c1eb98,"BURRARD ST & W 1ST AVE, VANCOUVER",49.270666,-123.145483
VANCOUVER,BURRARD ST,W 2ND AVE,f082353a-b00f-5bdf-b935-5393fdf88676,"BURRARD ST & W 2ND AVE, VANCOUVER",49.269782,-123.145561
VANCOUVER,BURRARD ST,W 3RD AVE,19d0d6d1-d467-526a-a6c3-29ae5b4e7d37,"BURRARD ST & W 3RD AVE, VANCOUVER",49.2689,-123.145594
VANCOUVER,BURRARD ST,W 4TH AVE,e56f6a2c-2af9-5d34-8dda-66e5ab34ba6a,"BURRARD ST & W 4TH AVE, VANCOUVER",49.268005,-123.14564
VANCOUVER,BURRARD ST,W 5TH AVE,0acbda63-e88d-508d-b12b-9bfdfe98b5d6,"BURRARD ST & W 5TH AVE, VANCOUVER",49.267152,-123.145644
VANCOUVER,BURRARD ST,W 6TH AVE,53356872-49be-59f7-ade7-955c6db77b2a,"BURRARD ST & W 6TH AVE, VANCOUVER",49.266304,-123.145662
VANCOUVER,BURRARD ST,W 7TH AVE,3d9dfabb-494d-5324-ad10-da451904b8d0,"BURRARD ST & W 7TH AVE, VANCOUVER",49.265454,-123.145708
VANCOUVER,BURRARD ST,W 8TH AVE,be7a03af-1366-5ad8-bb93-173bca9e9a4c,"BURRARD ST & W 8TH AVE, VANCOUVER",49.264637,-123.145737
VANCOUVER,BURRARD ST,W 9TH AVE,ad8f83ee-9ddd-588c-a77d-f4413d699a7c,"BURRARD ST & W 9TH AVE, VANCOUVER",49.263701,-123.145756
VANCOUVER,BURRARD ST,W BROADWAY,55effc2d-0274-5388-b54b-c4cc5dbe086d,"BURRARD ST & W BROADWAY, VANCOUVER",49.263701,-123.145756
VANCOUVER,BURRARD ST,W CORDOVA ST,246a365a-4fc6-5e13-9a79-7a06b442eebd,"BURRARD ST & W CORDOVA ST, VANCOUVER",49.287664,-123.116194
VANCOUVER,BURRARD ST,W GEORGIA ST,482c376a-f776-56c8-a983-dff2412d1c31,"BURRARD ST & W GEORGIA ST, VANCOUVER",49.284409,-123.121096
VANCOUVER,BURRARD ST,W HASTINGS ST,5a879d01-3e26-5ede-af7e-847b9bd97547,"BURRARD ST & W HASTINGS ST, VANCOUVER",49.287173,-123.11696
VANCOUVER,BURRARD ST,W PENDER ST,48420df9-6ee0-56c2-814a-7712cbc52d3f,"BURRARD ST & W PENDER ST, VANCOUVER",49.286556,-123.117889
VANCOUVER,BURRARD ST BRIDGE,CORNWALL AVE OFFRAMP,c0f6aca9-eee2-543f-b890-fce32c3bb124,"BURRARD ST BRIDGE & CORNWALL AVE OFFRAMP, VANCOUVER",49.272406,-123.145229
VANCOUVER,BURRARD ST BRIDGE,CORNWALL AVE ONRAMP,dd4f97a1-870b-5896-b1f5-4b4f0fec4548,"BURRARD ST BRIDGE & CORNWALL AVE ONRAMP, VANCOUVER",49.272406,-123.145229
VANCOUVER,BURRARD ST BRIDGE,PACIFIC ST,ef09ee01-b7bc-58c3-8542-49fc30132138,"BURRARD ST BRIDGE & PACIFIC ST, VANCOUVER",49.276971,-123.132435
VANCOUVER,BURRARD ST BRIDGE,PACIFIC ST OFFRAMP,75a90d8a-84a0-5d98-8440-77d31b5100d9,"BURRARD ST BRIDGE & PACIFIC ST OFFRAMP, VANCOUVER",49.276971,-123.132435
VANCOUVER,BURRARD ST BRIDGE,PACIFIC ST ONRAMP,553fcd80-dccc-51e5-980a-09eea138bb1f,"BURRARD ST BRIDGE & PACIFIC ST ONRAMP, VANCOUVER",49.276971,-123.132435
VANCOUVER,BURSILL ST,HORLEY ST,c41734a5-47c6-544a-a500-fd0acb013079,"BURSILL ST & HORLEY ST, VANCOUVER",49.23798,-123.042435
VANCOUVER,BURSILL ST,KINGSWAY,420bf768-39e9-597b-b4f1-07b2aee16982,"BURSILL ST & KINGSWAY, VANCOUVER",49.236056,-123.044366
VANCOUVER,BUSCOMBE ST,E 63RD AVE,b88048fe-738c-5746-a8e6-7845090dea11,"BUSCOMBE ST & E 63RD AVE, VANCOUVER",49.213269,-123.095341
VANCOUVER,BUSCOMBE ST,E 64TH AVE,eb3d9a2f-827e-5e36-b173-6e11579d91cc,"BUSCOMBE ST & E 64TH AVE, VANCOUVER",49.212163,-123.095345
VANCOUVER,BUSCOMBE ST,SE MARINE DR,ba66645d-3f47-56c5-b4c9-798b45ceb5de,"BUSCOMBE ST & SE MARINE DR, VANCOUVER",49.211063,-123.095348
VANCOUVER,BUTE ST,COMOX ST,0cb0b6bb-ac02-5e99-921a-707ba10355e6,"BUTE ST & COMOX ST, VANCOUVER",49.283195,-123.131246
VANCOUVER,BUTE ST,DAVIE ST,6faf6d9d-a53a-58e5-92d8-93cb5e4a141c,"BUTE ST & DAVIE ST, VANCOUVER",49.281806,-123.133352
VANCOUVER,BUTE ST,EIHU LANE,73a57bea-50c1-509a-be46-22f4105d1d62,"BUTE ST & EIHU LANE, VANCOUVER",49.286371,-123.126425
VANCOUVER,BUTE ST,HARO ST,6daba1f5-8569-59e0-86a1-ba0a9b325bc2,"BUTE ST & HARO ST, VANCOUVER",49.28532,-123.128043
VANCOUVER,BUTE ST,HARWOOD ST,03098e2b-c54d-5ddd-bfd1-aa98fbfb7762,"BUTE ST & HARWOOD ST, VANCOUVER",49.280378,-123.135495
VANCOUVER,BUTE ST,HENSHAW LANE,965c4dae-f910-53e7-91e3-47706b90c7a5,"BUTE ST & HENSHAW LANE, VANCOUVER",49.283547,-123.130714
VANCOUVER,BUTE ST,HWY 99,3ec45902-a79c-5d20-9dd6-2e8987f0948c,"BUTE ST & HWY 99, VANCOUVER",49.287135,-123.12533
VANCOUVER,BUTE ST,JUNG LANE,38450eb1-a0fe-518b-ae34-2bb22b04a2da,"BUTE ST & JUNG LANE, VANCOUVER",49.280024,-123.136025
VANCOUVER,BUTE ST,MAXINE LANE,54e5e6ce-84d4-5fcc-b1ff-1d7e5d3e18f9,"BUTE ST & MAXINE LANE, VANCOUVER",49.280742,-123.13495
VANCOUVER,BUTE ST,MELVILLE ST,163d628c-2346-5968-9cd5-b1e5953388f5,"BUTE ST & MELVILLE ST, VANCOUVER",49.287855,-123.124192
VANCOUVER,BUTE ST,NELSON ST,144f2d67-f69e-58c9-8f76-a2b63b0dd5e1,"BUTE ST & NELSON ST, VANCOUVER",49.283888,-123.130197
VANCOUVER,BUTE ST,PACIFIC ST,72ee6f5d-6d12-551c-b340-b075b043942f,"BUTE ST & PACIFIC ST, VANCOUVER",49.279659,-123.13657
VANCOUVER,BUTE ST,PANTAGES LANE,17b86f33-da4c-5b08-b953-3270459cfe6b,"BUTE ST & PANTAGES LANE, VANCOUVER",49.281425,-123.133919
VANCOUVER,BUTE ST,PENDRELL ST,f750bb03-34a5-53c8-8823-a718074b3b57,"BUTE ST & PENDRELL ST, VANCOUVER",49.282527,-123.132325
VANCOUVER,BUTE ST,ROBSON ST,dcb75eaa-6c06-5866-94dd-8f6c6f8c981f,"BUTE ST & ROBSON ST, VANCOUVER",49.285973,-123.126958
VANCOUVER,BUTE ST,ROSEMARY BROWN LANE,a7031f1a-e28b-5fa2-959e-b787f8afbcc0,"BUTE ST & ROSEMARY BROWN LANE, VANCOUVER",49.285633,-123.127523
VANCOUVER,BUTE ST,SEE-EM-IA LANE,0866c430-8a93-5287-b7e6-cb1d2c36ea11,"BUTE ST & SEE-EM-IA LANE, VANCOUVER",49.282148,-123.132811
VANCOUVER,BUTE ST,STOVOLD LANE,293ebc66-be75-5f27-b819-62ecc0f3698b,"BUTE ST & STOVOLD LANE, VANCOUVER",49.284952,-123.128613
VANCOUVER,BUTE ST,TED NORTHE LANE,e89054b7-acda-5b9a-935e-687c43edc5cc,"BUTE ST & TED NORTHE LANE, VANCOUVER",49.284271,-123.129635
VANCOUVER,BUTE ST,W CORDOVA ST,f14bc062-5574-50a8-a927-02ef0ecb9bc4,"BUTE ST & W CORDOVA ST, VANCOUVER",49.289222,-123.122073
VANCOUVER,BUTE ST,W GEORGIA ST,b98aa961-d996-58c8-8045-b117546da2fe,"BUTE ST & W GEORGIA ST, VANCOUVER",49.287135,-123.12533
VANCOUVER,BUTE ST,W HASTINGS ST,e62e8bde-e76e-5126-afcc-b994225cad96,"BUTE ST & W HASTINGS ST, VANCOUVER",49.288794,-123.12276
VANCOUVER,BUTE ST,W PENDER ST,93932181-ed74-5474-80a0-1e28a09df6b7,"BUTE ST & W PENDER ST, VANCOUVER",49.288364,-123.123384
VANCOUVER,BUTLER ST,E 47TH AVE,03f5a1c3-cf23-5b38-bd88-41578478349c,"BUTLER ST & E 47TH AVE, VANCOUVER",49.226411,-123.033675
VANCOUVER,BUTLER ST,E 49TH AVE,e689bd51-51e0-525f-8efc-6c408ab538eb,"BUTLER ST & E 49TH AVE, VANCOUVER",49.224663,-123.033692
VANCOUVER,BUTLER ST,E 54TH AVE,07e9982d-08c9-5f39-8a1c-7564f5e97b1b,"BUTLER ST & E 54TH AVE, VANCOUVER",49.220128,-123.033843
VANCOUVER,BUTLER ST,E 62ND AVE,1282c7e4-15b6-5834-a1d6-b0d8e55d579c,"BUTLER ST & E 62ND AVE, VANCOUVER",49.214033,-123.033265
VANCOUVER,BUTLER ST,MAQUINNA DR,ec4f4337-b19d-5925-a1fc-ec4b6bc7ede5,"BUTLER ST & MAQUINNA DR, VANCOUVER",49.215663,-123.033735
VANCOUVER,BUTLER ST,ROSEMONT DR,fad1fc30-9b9e-57fa-aa20-ca421fffb695,"BUTLER ST & ROSEMONT DR, VANCOUVER",49.21643,-123.034811
VANCOUVER,CAMBIE ST,CAMBIE ST BRIDGE,0b1d894d-09c4-5417-be3f-82506edc3f4f,"CAMBIE ST & CAMBIE ST BRIDGE, VANCOUVER",49.27315,-123.114704
VANCOUVER,CAMBIE ST,DUNSMUIR ST,9aca7485-fdf8-5e40-a936-1fe368f8af20,"CAMBIE ST & DUNSMUIR ST, VANCOUVER",49.280488,-123.111556
VANCOUVER,CAMBIE ST,EXPO BLVD,3e6b2984-9f2f-55a8-a363-1b2949103b23,"CAMBIE ST & EXPO BLVD, VANCOUVER",49.274779,-123.11612
VANCOUVER,CAMBIE ST,HWY 1A,966aa227-39d3-597b-a7c7-56165460bcb4,"CAMBIE ST & HWY 1A, VANCOUVER",49.28156,-123.110066
VANCOUVER,CAMBIE ST,HWY 7A,e2480295-4700-54e4-b6cb-1f192ab8d7ea,"CAMBIE ST & HWY 7A, VANCOUVER",49.282555,-123.109609
VANCOUVER,CAMBIE ST,MARINASIDE CRES,aa4d8b77-b596-550e-bebe-88a7270e27bf,"CAMBIE ST & MARINASIDE CRES, VANCOUVER",49.273521,-123.114899
VANCOUVER,CAMBIE ST,MCGUIGAN AVE,f7a7d989-1d29-5add-87f2-6e85f180ede2,"CAMBIE ST & MCGUIGAN AVE, VANCOUVER",49.240397,-123.118341
VANCOUVER,CAMBIE ST,NELSON ST,2eb4bd3b-977b-5c24-87f4-e74b709e8654,"CAMBIE ST & NELSON ST, VANCOUVER",49.276078,-123.118097
VANCOUVER,CAMBIE ST,PACIFIC BLVD OFFRAMP,4d88d747-55a1-5426-827d-3fbc99ac488d,"CAMBIE ST & PACIFIC BLVD OFFRAMP, VANCOUVER",49.27315,-123.114704
VANCOUVER,CAMBIE ST,ROBSON ST,2c43575c-cda2-52e7-bc72-e82133f35aa3,"CAMBIE ST & ROBSON ST, VANCOUVER",49.278209,-123.114962
VANCOUVER,CAMBIE ST,SMITHE ST,c4f4c16e-717e-5996-a8ff-eec8509401cd,"CAMBIE ST & SMITHE ST, VANCOUVER",49.277167,-123.116587
VANCOUVER,CAMBIE ST,SW MARINE DR,774661b6-2e07-56a6-9f26-5134057369b4,"CAMBIE ST & SW MARINE DR, VANCOUVER",49.210132,-123.117149
VANCOUVER,CAMBIE ST,W 10TH AVE,f227f8c3-f7b5-5d9c-981d-b48290dd5ded,"CAMBIE ST & W 10TH AVE, VANCOUVER",49.262239,-123.114914
VANCOUVER,CAMBIE ST,W 12TH AVE,8e2d5469-af50-583c-8eb6-3080d5c8b1c6,"CAMBIE ST & W 12TH AVE, VANCOUVER",49.260396,-123.114989
VANCOUVER,CAMBIE ST,W 13TH AVE,109de77c-74e4-5433-8cc8-e94e51dfd08c,"CAMBIE ST & W 13TH AVE, VANCOUVER",49.259444,-123.115012
VANCOUVER,CAMBIE ST,W 14TH AVE,a5a3af20-79f2-55a0-87f6-fb2ee7363e47,"CAMBIE ST & W 14TH AVE, VANCOUVER",49.258738,-123.115022
VANCOUVER,CAMBIE ST,W 15TH AVE,a49dcbed-5ba9-5f61-94dc-5598c8253dd5,"CAMBIE ST & W 15TH AVE, VANCOUVER",49.257827,-123.115037
VANCOUVER,CAMBIE ST,W 16TH AVE,3310716a-5103-52ed-8f29-33f7753e5487,"CAMBIE ST & W 16TH AVE, VANCOUVER",49.256913,-123.115053
VANCOUVER,CAMBIE ST,W 17TH AVE,ec1a8722-106b-5aea-b209-a88f820cbfbb,"CAMBIE ST & W 17TH AVE, VANCOUVER",49.255869,-123.115114
VANCOUVER,CAMBIE ST,W 18TH AVE,cdbae728-feff-5e34-9e69-5356572bd0e3,"CAMBIE ST & W 18TH AVE, VANCOUVER",49.254903,-123.11516
VANCOUVER,CAMBIE ST,W 19TH AVE,ff2420a9-b71e-569f-828b-1e1a7ad83130,"CAMBIE ST & W 19TH AVE, VANCOUVER",49.253984,-123.11521
VANCOUVER,CAMBIE ST,W 1ST AVE,2a515be6-fb6f-5522-8672-901898f0a269,"CAMBIE ST & W 1ST AVE, VANCOUVER",49.268172,-123.114706
VANCOUVER,CAMBIE ST,W 20TH AVE,89b0faa2-b4d9-53c4-821b-44364ff80d0f,"CAMBIE ST & W 20TH AVE, VANCOUVER",49.253006,-123.115245
VANCOUVER,CAMBIE ST,W 21ST AVE,32b8a3a9-ca8f-56ec-8ad3-dd02561e7ac6,"CAMBIE ST & W 21ST AVE, VANCOUVER",49.252092,-123.115273
VANCOUVER,CAMBIE ST,W 22ND AVE,0d162e70-8213-5ba4-a294-e25e129c4e41,"CAMBIE ST & W 22ND AVE, VANCOUVER",49.251214,-123.115325
VANCOUVER,CAMBIE ST,W 23RD AVE,ad8b3827-9857-5165-9e81-d688e77f5c98,"CAMBIE ST & W 23RD AVE, VANCOUVER",49.250095,-123.11536
VANCOUVER,CAMBIE ST,W 24TH AVE,ec12d7bb-ccfa-59ed-8e3e-961360778d22,"CAMBIE ST & W 24TH AVE, VANCOUVER",49.250095,-123.11536
VANCOUVER,CAMBIE ST,W 25TH AVE,bdae2445-8c1e-5a28-8528-411dffa49e00,"CAMBIE ST & W 25TH AVE, VANCOUVER",49.248986,-123.115396
VANCOUVER,CAMBIE ST,W 26TH AVE,caedcfc5-f214-5721-bb63-d784d3f782d8,"CAMBIE ST & W 26TH AVE, VANCOUVER",49.247959,-123.115236
VANCOUVER,CAMBIE ST,W 27TH AVE,70674577-fa56-511a-953d-b2bfd86d0e6e,"CAMBIE ST & W 27TH AVE, VANCOUVER",49.247029,-123.115486
VANCOUVER,CAMBIE ST,W 28TH AVE,3628b7c0-b5c0-5c13-8756-6b0b0f5a4ac0,"CAMBIE ST & W 28TH AVE, VANCOUVER",49.246112,-123.115738
VANCOUVER,CAMBIE ST,W 29TH AVE,be4f0b1b-5098-5f48-8d36-6019beba8f16,"CAMBIE ST & W 29TH AVE, VANCOUVER",49.245163,-123.115602
VANCOUVER,CAMBIE ST,W 2ND AVE,25de7706-5f1f-54f3-b268-42a9697d0feb,"CAMBIE ST & W 2ND AVE, VANCOUVER",49.266721,-123.11478
VANCOUVER,CAMBIE ST,W 2ND AVE OFFRAMP,caa0d685-9bf1-5eaa-897c-f8d3f19cd608,"CAMBIE ST & W 2ND AVE OFFRAMP, VANCOUVER",49.266629,-123.114844
VANCOUVER,CAMBIE ST,W 30TH AVE,90212032-6596-58cc-a734-cfab8eb21d84,"CAMBIE ST & W 30TH AVE, VANCOUVER",49.243676,-123.117305
VANCOUVER,CAMBIE ST,W 31ST AVE,6b69a530-aea0-5512-980a-3a613d2bff65,"CAMBIE ST & W 31ST AVE, VANCOUVER",49.24323,-123.117922
VANCOUVER,CAMBIE ST,W 32ND AVE,992d9ac7-4a33-561d-8d2a-6b8d15bc18b9,"CAMBIE ST & W 32ND AVE, VANCOUVER",49.242176,-123.118498
VANCOUVER,CAMBIE ST,W 33RD AVE,2f095384-6ab7-5435-8ddd-3f06378e0c5a,"CAMBIE ST & W 33RD AVE, VANCOUVER",49.241084,-123.118437
VANCOUVER,CAMBIE ST,W 35TH AVE,ac231b2d-4d9e-51b0-8690-1128dcb2e2ca,"CAMBIE ST & W 35TH AVE, VANCOUVER",49.239063,-123.116747
VANCOUVER,CAMBIE ST,W 37TH AVE,8331c2ae-fb10-5fc8-ad44-55999c4cedbd,"CAMBIE ST & W 37TH AVE, VANCOUVER",49.237264,-123.116045
VANCOUVER,CAMBIE ST,W 38TH AVE,83a120b4-a167-51f8-9bdb-cd0c19773543,"CAMBIE ST & W 38TH AVE, VANCOUVER",49.236296,-123.115959
VANCOUVER,CAMBIE ST,W 39TH AVE,874ff338-83b1-523e-9186-1e2d3ef775f3,"CAMBIE ST & W 39TH AVE, VANCOUVER",49.235391,-123.116149
VANCOUVER,CAMBIE ST,W 40TH AVE,f8bdb1ce-326d-59c0-a94a-36bf21555f84,"CAMBIE ST & W 40TH AVE, VANCOUVER",49.234467,-123.116043
VANCOUVER,CAMBIE ST,W 41ST AVE,9e5a6d71-4928-57a3-b5d3-2eff9bc9efdb,"CAMBIE ST & W 41ST AVE, VANCOUVER",49.23354,-123.116194
VANCOUVER,CAMBIE ST,W 42ND AVE,cdcfc202-cbdf-5bc3-82dc-ae14728c936e,"CAMBIE ST & W 42ND AVE, VANCOUVER",49.232534,-123.11607
VANCOUVER,CAMBIE ST,W 43RD AVE,4d7ad489-a074-536c-a97d-3fbb07ae7969,"CAMBIE ST & W 43RD AVE, VANCOUVER",49.231631,-123.116279
VANCOUVER,CAMBIE ST,W 44TH AVE,967042dc-de26-53cc-81b9-e6d33a5b39e0,"CAMBIE ST & W 44TH AVE, VANCOUVER",49.230738,-123.116161
VANCOUVER,CAMBIE ST,W 45TH AVE,a63b0e19-752f-5b78-959f-949dd0749471,"CAMBIE ST & W 45TH AVE, VANCOUVER",49.229814,-123.116358
VANCOUVER,CAMBIE ST,W 46TH AVE,37313dce-d7c5-584c-a7a9-061e1c65d2c8,"CAMBIE ST & W 46TH AVE, VANCOUVER",49.228809,-123.116407
VANCOUVER,CAMBIE ST,W 48TH AVE,7ce41501-4b43-5bb7-ab7f-2438db156e72,"CAMBIE ST & W 48TH AVE, VANCOUVER",49.227002,-123.116335
VANCOUVER,CAMBIE ST,W 49TH AVE,78491986-19b2-5d29-9d11-731f9a3810f9,"CAMBIE ST & W 49TH AVE, VANCOUVER",49.226076,-123.116515
VANCOUVER,CAMBIE ST,W 50TH AVE,85b9f501-4377-529b-be66-f9ff2f1babf6,"CAMBIE ST & W 50TH AVE, VANCOUVER",49.225191,-123.116563
VANCOUVER,CAMBIE ST,W 54TH AVE,3e672765-38d8-5d1e-8923-99b81ab5a60d,"CAMBIE ST & W 54TH AVE, VANCOUVER",49.221716,-123.116685
VANCOUVER,CAMBIE ST,W 57TH AVE,5fc9d6fb-a412-5a21-ab18-d5dbf7b7abae,"CAMBIE ST & W 57TH AVE, VANCOUVER",49.219058,-123.116784
VANCOUVER,CAMBIE ST,W 58TH AVE,c415ff57-6ce0-583b-b3f0-a5c7e513500c,"CAMBIE ST & W 58TH AVE, VANCOUVER",49.217807,-123.11671
VANCOUVER,CAMBIE ST,W 59TH AVE,ad9eef81-7c18-5772-ab09-bc4cd48e3939,"CAMBIE ST & W 59TH AVE, VANCOUVER",49.216944,-123.116868
VANCOUVER,CAMBIE ST,W 60TH AVE,91c1e588-47a3-5e6d-98a4-64bf57477b4a,"CAMBIE ST & W 60TH AVE, VANCOUVER",49.215931,-123.117036
VANCOUVER,CAMBIE ST,W 61ST AVE,e3acc2a5-f8bf-5780-8c04-e42db462490e,"CAMBIE ST & W 61ST AVE, VANCOUVER",49.215002,-123.116942
VANCOUVER,CAMBIE ST,W 62ND AVE,d8763ea8-67cc-520d-8490-5f1459578cbc,"CAMBIE ST & W 62ND AVE, VANCOUVER",49.214122,-123.117111
VANCOUVER,CAMBIE ST,W 63RD AVE,31292fa3-3f1e-57ba-8615-1d9c339f2c79,"CAMBIE ST & W 63RD AVE, VANCOUVER",49.213204,-123.117009
VANCOUVER,CAMBIE ST,W 64TH AVE,0bdb2ce8-3111-5b81-893f-c01f9854e5e2,"CAMBIE ST & W 64TH AVE, VANCOUVER",49.212313,-123.117107
VANCOUVER,CAMBIE ST,W 65TH AVE,faa891e8-123a-506d-9594-ef3f27de9112,"CAMBIE ST & W 65TH AVE, VANCOUVER",49.211423,-123.117229
VANCOUVER,CAMBIE ST,W 6TH AVE,93f84ad2-6e7c-5ef5-830f-183d2d74d4f8,"CAMBIE ST & W 6TH AVE, VANCOUVER",49.265763,-123.114674
VANCOUVER,CAMBIE ST,W 7TH AVE,549d1fe3-ed64-570a-a626-28a938815765,"CAMBIE ST & W 7TH AVE, VANCOUVER",49.26495,-123.114804
VANCOUVER,CAMBIE ST,W 8TH AVE,11441f01-cdf6-5fa2-85d6-b85cac2bc252,"CAMBIE ST & W 8TH AVE, VANCOUVER",49.26405,-123.114821
VANCOUVER,CAMBIE ST,W 9TH AVE,1dda26d6-aac3-53e7-8793-f5602866c889,"CAMBIE ST & W 9TH AVE, VANCOUVER",49.263205,-123.114853
VANCOUVER,CAMBIE ST,W BROADWAY,4f98e54c-1286-5e23-a45d-61b6d84e9f7c,"CAMBIE ST & W BROADWAY, VANCOUVER",49.263205,-123.114853
VANCOUVER,CAMBIE ST,W CORDOVA ST,cb8399f1-2b62-5938-add6-0a09b02226a8,"CAMBIE ST & W CORDOVA ST, VANCOUVER",49.283537,-123.109152
VANCOUVER,CAMBIE ST,W GEORGIA ST,5d828d54-b9ac-5166-aa33-9e8ec8a437bd,"CAMBIE ST & W GEORGIA ST, VANCOUVER",49.279321,-123.113277
VANCOUVER,CAMBIE ST,W HASTINGS ST,aca71fd1-fded-5018-b294-d62f923da461,"CAMBIE ST & W HASTINGS ST, VANCOUVER",49.282555,-123.109609
VANCOUVER,CAMBIE ST,W KENT AVE N,e6761a5a-d28b-5afd-9cb7-3c650e2af851,"CAMBIE ST & W KENT AVE N, VANCOUVER",49.206071,-123.117291
VANCOUVER,CAMBIE ST,W KING EDWARD AVE,cb52966c-81cf-59b7-921a-592b6fb4674c,"CAMBIE ST & W KING EDWARD AVE, VANCOUVER",49.248986,-123.115396
VANCOUVER,CAMBIE ST,W PENDER ST,f1d5ad9b-5dc4-5eb0-adac-c06175b0822c,"CAMBIE ST & W PENDER ST, VANCOUVER",49.28156,-123.110066
VANCOUVER,CAMBIE ST,WATER ST,ca05652e-3a30-5453-b010-6394eb647286,"CAMBIE ST & WATER ST, VANCOUVER",49.28431,-123.108822
VANCOUVER,CAMBIE ST BRIDGE,COMMODORE RD,832dc265-981e-5f6f-a0de-157533344735,"CAMBIE ST BRIDGE & COMMODORE RD, VANCOUVER",49.268135,-123.114866
VANCOUVER,CAMBIE ST BRIDGE,COOPERAGE WAY,cfabca32-4ec0-5bc8-9bb1-a5c44d25633a,"CAMBIE ST BRIDGE & COOPERAGE WAY, VANCOUVER",49.27362,-123.114701
VANCOUVER,CAMBIE ST BRIDGE,EXPO BLVD,e92761b3-0ee7-5482-ad48-6e5853085d14,"CAMBIE ST BRIDGE & EXPO BLVD, VANCOUVER",49.274779,-123.11612
VANCOUVER,CAMBIE ST BRIDGE,MARINASIDE CRES,8feb3a4f-0f2e-5b64-bd6c-26165854cb1e,"CAMBIE ST BRIDGE & MARINASIDE CRES, VANCOUVER",49.273521,-123.114899
VANCOUVER,CAMBIE ST BRIDGE,PACIFIC BLVD OFFRAMP,bcb90f09-fe79-5e95-88be-a7bbfc13a3d6,"CAMBIE ST BRIDGE & PACIFIC BLVD OFFRAMP, VANCOUVER",49.27315,-123.114704
VANCOUVER,CAMBIE ST BRIDGE,W 2ND AVE,4a52d348-a691-5727-862a-a2d650d98b22,"CAMBIE ST BRIDGE & W 2ND AVE, VANCOUVER",49.266721,-123.11478
VANCOUVER,CAMBRIDGE ST,N BOUNDARY RD,bc5fcc9a-e851-5027-8e8d-06998817a671,"CAMBRIDGE ST & N BOUNDARY RD, VANCOUVER",49.286634,-123.023416
VANCOUVER,CAMBRIDGE ST,N CASSIAR ST,91dfb2fc-2df0-5f47-8f87-7b088f1d36b4,"CAMBRIDGE ST & N CASSIAR ST, VANCOUVER",49.286657,-123.030041
VANCOUVER,CAMBRIDGE ST,N GARDEN DR,e7ae56d7-f468-5bf1-a8e9-12690d9e658b,"CAMBRIDGE ST & N GARDEN DR, VANCOUVER",49.286601,-123.057745
VANCOUVER,CAMBRIDGE ST,N KASLO ST,d624d149-2650-518e-be8f-2f524f5699b2,"CAMBRIDGE ST & N KASLO ST, VANCOUVER",49.286721,-123.046696
VANCOUVER,CAMBRIDGE ST,N KOOTENAY ST,03abbc48-1c6e-5499-828c-2b4ac99d39d6,"CAMBRIDGE ST & N KOOTENAY ST, VANCOUVER",49.286695,-123.025702
VANCOUVER,CAMBRIDGE ST,N NANAIMO ST,2591c7dc-b28a-5e60-bfba-827f3fc5b8d7,"CAMBRIDGE ST & N NANAIMO ST, VANCOUVER",49.286665,-123.056527
VANCOUVER,CAMBRIDGE ST,N RENFREW ST,a155b451-35c7-57ee-9b0a-8d0d896c4aec,"CAMBRIDGE ST & N RENFREW ST, VANCOUVER",49.286716,-123.044061
VANCOUVER,CAMBRIDGE ST,N SKEENA ST,a472f62f-7206-5d29-b40f-92370da72295,"CAMBRIDGE ST & N SKEENA ST, VANCOUVER",49.286695,-123.028311
VANCOUVER,CAMBRIDGE ST,N SLOCAN ST,6c38106e-7b1a-5ae2-aee7-5550c7d9caf3,"CAMBRIDGE ST & N SLOCAN ST, VANCOUVER",49.286725,-123.049312
VANCOUVER,CAMOSUN ST,CROWN CRES,02936837-222e-5afb-8a68-cb023765d305,"CAMOSUN ST & CROWN CRES, VANCOUVER",49.264593,-123.196913
VANCOUVER,CAMOSUN ST,SW MARINE DR,bcf920b8-7dba-58e1-bcf8-7a9291211a01,"CAMOSUN ST & SW MARINE DR, VANCOUVER",49.234777,-123.19622
VANCOUVER,CAMOSUN ST,W 10TH AVE,95c8e86a-7e7b-5e1e-bbfd-dd5139608169,"CAMOSUN ST & W 10TH AVE, VANCOUVER",49.263647,-123.19697
VANCOUVER,CAMOSUN ST,W 11TH AVE,2cadab26-9c3f-5dde-bf82-f21e11864269,"CAMOSUN ST & W 11TH AVE, VANCOUVER",49.262741,-123.197008
VANCOUVER,CAMOSUN ST,W 12TH AVE,83a66f86-d544-5164-b317-5bfe02e9897e,"CAMOSUN ST & W 12TH AVE, VANCOUVER",49.261842,-123.196999
VANCOUVER,CAMOSUN ST,W 13TH AVE,7629f7a2-2bae-57fa-a9ea-3584a2f7462a,"CAMOSUN ST & W 13TH AVE, VANCOUVER",49.260921,-123.197041
VANCOUVER,CAMOSUN ST,W 14TH AVE,1ab2fd69-8a54-5bdd-9f40-c2a05ce352c1,"CAMOSUN ST & W 14TH AVE, VANCOUVER",49.260017,-123.197077
VANCOUVER,CAMOSUN ST,W 15TH AVE,bf2eb8c8-5141-5abb-a77b-9b48cc6c6e24,"CAMOSUN ST & W 15TH AVE, VANCOUVER",49.25907,-123.197116
VANCOUVER,CAMOSUN ST,W 16TH AVE,b2dd0fc3-dbea-5d6e-bc5c-d8564cf07082,"CAMOSUN ST & W 16TH AVE, VANCOUVER",49.258118,-123.197165
VANCOUVER,CAMOSUN ST,W 17TH AVE,7a3e0449-2861-5c37-8100-bafc68df417c,"CAMOSUN ST & W 17TH AVE, VANCOUVER",49.257523,-123.196553
VANCOUVER,CAMOSUN ST,W 18TH AVE,ca02eb74-7ac8-5ace-a17c-b757c804dbdb,"CAMOSUN ST & W 18TH AVE, VANCOUVER",49.256523,-123.196545
VANCOUVER,CAMOSUN ST,W 19TH AVE,5c3d41d8-bf60-57ce-8d44-382379d194e2,"CAMOSUN ST & W 19TH AVE, VANCOUVER",49.255616,-123.196538
VANCOUVER,CAMOSUN ST,W 28TH AVE,ff86e446-f47f-5785-8d63-593f2b9e149a,"CAMOSUN ST & W 28TH AVE, VANCOUVER",49.24717,-123.196746
VANCOUVER,CAMOSUN ST,W 29TH AVE,c82f728b-2e6a-5a9f-8803-b9755d524982,"CAMOSUN ST & W 29TH AVE, VANCOUVER",49.24622,-123.196752
VANCOUVER,CAMOSUN ST,W 33RD AVE,4145e1da-7d57-5b6a-9ac9-1f8f0859cace,"CAMOSUN ST & W 33RD AVE, VANCOUVER",49.242421,-123.196785
VANCOUVER,CAMOSUN ST,W 34TH AVE,0d8b7420-f563-59dd-ac5d-fe981b2a8957,"CAMOSUN ST & W 34TH AVE, VANCOUVER",49.241474,-123.196799
VANCOUVER,CAMOSUN ST,W 37TH AVE,034a0683-a635-5a5b-9805-2f13545b9f8c,"CAMOSUN ST & W 37TH AVE, VANCOUVER",49.238639,-123.196822
VANCOUVER,CAMOSUN ST,W 38TH AVE,c65beeed-27d5-521e-a197-3acd5542a106,"CAMOSUN ST & W 38TH AVE, VANCOUVER",49.237629,-123.196841
VANCOUVER,CAMOSUN ST,W 39TH AVE,7151c6d0-51f7-5a94-a692-032e8fc663b0,"CAMOSUN ST & W 39TH AVE, VANCOUVER",49.23648,-123.196835
VANCOUVER,CAMOSUN ST,W 40TH AVE,17ea4c07-1af3-5921-a997-2893a597d696,"CAMOSUN ST & W 40TH AVE, VANCOUVER",49.235638,-123.196831
VANCOUVER,CAMPBELL AVE,E CORDOVA ST,01d1473f-ac8e-5787-96cd-6d63cb75032e,"CAMPBELL AVE & E CORDOVA ST, VANCOUVER",49.28201,-123.084754
VANCOUVER,CAMPBELL AVE,E GEORGIA ST,ff651d9c-687a-5186-aa37-e147a392bd24,"CAMPBELL AVE & E GEORGIA ST, VANCOUVER",49.278299,-123.084919
VANCOUVER,CAMPBELL AVE,E HASTINGS ST,57f11481-e454-5627-aa1d-e5be4216c2ac,"CAMPBELL AVE & E HASTINGS ST, VANCOUVER",49.281043,-123.084797
VANCOUVER,CAMPBELL AVE,E PENDER ST,d0b23378-bbf6-546a-8596-ab6368dfdc8e,"CAMPBELL AVE & E PENDER ST, VANCOUVER",49.280107,-123.084839
VANCOUVER,CAMPBELL AVE,KEEFER ST,3448d2d5-ebd5-554c-b7f0-f9326257766c,"CAMPBELL AVE & KEEFER ST, VANCOUVER",49.279203,-123.08488
VANCOUVER,CAMPBELL AVE,PRIOR ST,54574768-9e51-59c9-aa48-a2b8fe28481f,"CAMPBELL AVE & PRIOR ST, VANCOUVER",49.276493,-123.084998
VANCOUVER,CAMPBELL AVE,UNION ST,9e4b9264-83c3-5167-a262-092f022ab15e,"CAMPBELL AVE & UNION ST, VANCOUVER",49.277399,-123.084959
VANCOUVER,CAMPBELL AVE,VENABLES ST,c7f47c7e-d075-5c5f-b4ac-fd6a732d3914,"CAMPBELL AVE & VENABLES ST, VANCOUVER",49.276493,-123.084998
VANCOUVER,CANADA PL,HOWE ST,f7f3ffba-8ff4-576a-9b91-b48b4f0193a5,"CANADA PL & HOWE ST, VANCOUVER",49.287359,-123.113083
VANCOUVER,CANADA PL,THURLOW ST,d9975c04-a366-5d87-93c8-6eabfb4f76a4,"CANADA PL & THURLOW ST, VANCOUVER",49.288851,-123.118279
VANCOUVER,CANADA PL,WATERFRONT RD,bd9313c8-9632-53c2-950d-c71edaad6cae,"CANADA PL & WATERFRONT RD, VANCOUVER",49.288851,-123.118279
VANCOUVER,CARDERO ST,COAL HARBOUR QUAY,369c431e-90c2-5173-97c8-a10b96e2f180,"CARDERO ST & COAL HARBOUR QUAY, VANCOUVER",49.291811,-123.128641
VANCOUVER,CARDERO ST,COMOX ST,849fa70a-b7e6-5962-88ce-ca99d9cf2a00,"CARDERO ST & COMOX ST, VANCOUVER",49.286612,-123.136536
VANCOUVER,CARDERO ST,DAVIE ST,c1962bfc-dcce-5eb6-a446-66706e8ca3c2,"CARDERO ST & DAVIE ST, VANCOUVER",49.285223,-123.13867
VANCOUVER,CARDERO ST,HARO ST,affb7ecb-cf13-50df-b172-2078d4a9029b,"CARDERO ST & HARO ST, VANCOUVER",49.288787,-123.13334
VANCOUVER,CARDERO ST,HARWOOD ST,1e7ec699-d6e4-55e6-9cd2-85df9649faa9,"CARDERO ST & HARWOOD ST, VANCOUVER",49.283787,-123.140782
VANCOUVER,CARDERO ST,HENSHAW LANE,5d577a21-7228-5cf7-936b-92c17600ddeb,"CARDERO ST & HENSHAW LANE, VANCOUVER",49.286965,-123.135984
VANCOUVER,CARDERO ST,MAXINE LANE,d6e8c952-1fbd-5947-8c09-dec3e12a0ac0,"CARDERO ST & MAXINE LANE, VANCOUVER",49.284178,-123.140208
VANCOUVER,CARDERO ST,NELSON ST,93a428ab-41a7-52fd-a37c-496c20ea3169,"CARDERO ST & NELSON ST, VANCOUVER",49.287297,-123.135466
VANCOUVER,CARDERO ST,PANTAGES LANE,8a7bed2b-4995-5959-950d-63deefca929b,"CARDERO ST & PANTAGES LANE, VANCOUVER",49.284884,-123.139193
VANCOUVER,CARDERO ST,PENDRELL ST,216aacc4-f177-5c12-bd15-ada8cf9913f4,"CARDERO ST & PENDRELL ST, VANCOUVER",49.285932,-123.137571
VANCOUVER,CARDERO ST,ROBSON ST,cb4f0a49-ca94-5a5b-ada7-86808c69072d,"CARDERO ST & ROBSON ST, VANCOUVER",49.289416,-123.132281
VANCOUVER,CARDERO ST,ROSEMARY BROWN LANE,94064dba-1f4b-5619-ac9d-df34f71b80fb,"CARDERO ST & ROSEMARY BROWN LANE, VANCOUVER",49.289065,-123.13284
VANCOUVER,CARDERO ST,SEE-EM-IA LANE,b637bfe5-f90f-54ec-ab22-d53c5a945321,"CARDERO ST & SEE-EM-IA LANE, VANCOUVER",49.285584,-123.13811
VANCOUVER,CARDERO ST,STOVOLD LANE,4d0f0dba-515b-5fe8-99e5-4530cc890a57,"CARDERO ST & STOVOLD LANE, VANCOUVER",49.288354,-123.133873
VANCOUVER,CARDERO ST,TED NORTHE LANE,8347f6fc-47d3-5215-ba3b-f4ad9173f53b,"CARDERO ST & TED NORTHE LANE, VANCOUVER",49.287664,-123.134908
VANCOUVER,CARDERO ST,W GEORGIA ST,afad049e-42d4-59ee-aae9-808a50b76806,"CARDERO ST & W GEORGIA ST, VANCOUVER",49.290575,-123.130597
VANCOUVER,CARDERO ST,W HASTINGS ST,2a9f9409-9db4-5c3a-99b9-578747ba9d9e,"CARDERO ST & W HASTINGS ST, VANCOUVER",49.291075,-123.129818
VANCOUVER,CARDERO ST,W PENDER ST,73958aa0-b16c-57c4-8b7a-3329ddc54c11,"CARDERO ST & W PENDER ST, VANCOUVER",49.290575,-123.130597
VANCOUVER,CARIBOO ST,E 29TH AVE,9f51aff7-50d8-5292-9c5a-25619e9e6b5e,"CARIBOO ST & E 29TH AVE, VANCOUVER",49.244472,-123.027371
VANCOUVER,CARLISLE ST,RENFREW ST,1207812a-3ac6-5bf3-b67d-ef1c26668eef,"CARLISLE ST & RENFREW ST, VANCOUVER",49.279624,-123.044085
VANCOUVER,CARNARVON ST,PUGET DR,4f2cfe09-9975-5e0b-bfa2-bbb5b2c35043,"CARNARVON ST & PUGET DR, VANCOUVER",49.252416,-123.172897
VANCOUVER,CARNARVON ST,SW MARINE DR,4714a9a8-06ce-5597-8c18-a1c3d7096218,"CARNARVON ST & SW MARINE DR, VANCOUVER",49.228194,-123.173603
VANCOUVER,CARNARVON ST,W 10TH AVE,7ba6549a-9a8d-52e3-ad30-d3b6776d96b4,"CARNARVON ST & W 10TH AVE, VANCOUVER",49.263266,-123.17209
VANCOUVER,CARNARVON ST,W 11TH AVE,dcc73fff-2bcd-525d-9752-2b5b10e92f5b,"CARNARVON ST & W 11TH AVE, VANCOUVER",49.262337,-123.172119
VANCOUVER,CARNARVON ST,W 12TH AVE,49bdbacf-360d-51e7-8171-328b70101243,"CARNARVON ST & W 12TH AVE, VANCOUVER",49.261448,-123.172153
VANCOUVER,CARNARVON ST,W 14TH AVE,ae7755b1-50ba-547f-b9ff-f4a7f13b173b,"CARNARVON ST & W 14TH AVE, VANCOUVER",49.259647,-123.172215
VANCOUVER,CARNARVON ST,W 16TH AVE,9f93da2a-11e4-55e5-a964-d9e131433b49,"CARNARVON ST & W 16TH AVE, VANCOUVER",49.257812,-123.172276
VANCOUVER,CARNARVON ST,W 19TH AVE,624fb131-fe87-56db-a13c-9f4b83db48ec,"CARNARVON ST & W 19TH AVE, VANCOUVER",49.25553,-123.172868
VANCOUVER,CARNARVON ST,W 20TH AVE,714a6e1c-2645-5273-9e90-e7f8ae78b749,"CARNARVON ST & W 20TH AVE, VANCOUVER",49.254624,-123.172878
VANCOUVER,CARNARVON ST,W 22ND AVE,05ab2be6-4ce4-5911-b2ec-4221c46d93a4,"CARNARVON ST & W 22ND AVE, VANCOUVER",49.252811,-123.172894
VANCOUVER,CARNARVON ST,W 28TH AVE,312c8c30-ddd5-5a47-8848-41476dedfba7,"CARNARVON ST & W 28TH AVE, VANCOUVER",49.247073,-123.172947
VANCOUVER,CARNARVON ST,W 30TH AVE,2c1c3b71-2827-519b-ac45-fa2961b951b6,"CARNARVON ST & W 30TH AVE, VANCOUVER",49.245179,-123.172986
VANCOUVER,CARNARVON ST,W 31ST AVE,6d43b075-af46-5817-9685-aa3322857c1a,"CARNARVON ST & W 31ST AVE, VANCOUVER",49.244228,-123.172994
VANCOUVER,CARNARVON ST,W 32ND AVE,88b63311-ae77-5380-a75f-d7a209af8e4c,"CARNARVON ST & W 32ND AVE, VANCOUVER",49.243271,-123.173001
VANCOUVER,CARNARVON ST,W 33RD AVE,6d20bde5-eb51-58d7-8fed-525be4e6b88c,"CARNARVON ST & W 33RD AVE, VANCOUVER",49.242334,-123.173002
VANCOUVER,CARNARVON ST,W 34TH AVE,7e64f36f-45b8-5497-accb-fa2a7a128609,"CARNARVON ST & W 34TH AVE, VANCOUVER",49.241366,-123.172996
VANCOUVER,CARNARVON ST,W 35TH AVE,0b7b6938-0b8b-54b4-9fc6-19b051620b55,"CARNARVON ST & W 35TH AVE, VANCOUVER",49.240437,-123.173002
VANCOUVER,CARNARVON ST,W 37TH AVE,37e10fda-0835-542f-acd6-61a54cfd6875,"CARNARVON ST & W 37TH AVE, VANCOUVER",49.238546,-123.17302
VANCOUVER,CARNARVON ST,W 38TH AVE,50bca78d-816a-5adc-b6d4-60f03118b51e,"CARNARVON ST & W 38TH AVE, VANCOUVER",49.237579,-123.173051
VANCOUVER,CARNARVON ST,W 39TH AVE,ca590378-d9c3-5340-85b3-1170593d7a37,"CARNARVON ST & W 39TH AVE, VANCOUVER",49.236612,-123.173052
VANCOUVER,CARNARVON ST,W 40TH AVE,29ed27c0-4b2e-5459-a39a-9069f85e0fe1,"CARNARVON ST & W 40TH AVE, VANCOUVER",49.235687,-123.173056
VANCOUVER,CARNARVON ST,W 41ST AVE,8e4ddf22-51fd-54d3-b3b4-b8f3b971dd28,"CARNARVON ST & W 41ST AVE, VANCOUVER",49.234734,-123.173066
VANCOUVER,CARNARVON ST,W 42ND AVE,a67b9d4f-74a0-5cdb-b312-9dfc531717ae,"CARNARVON ST & W 42ND AVE, VANCOUVER",49.233761,-123.173057
VANCOUVER,CARNARVON ST,W 43RD AVE,06a7aefe-1723-52ac-8a73-4a3f72f995fd,"CARNARVON ST & W 43RD AVE, VANCOUVER",49.232779,-123.173069
VANCOUVER,CARNARVON ST,W 44TH AVE,3e9e2e51-ca1a-50bd-8f6e-23a980fb836b,"CARNARVON ST & W 44TH AVE, VANCOUVER",49.231909,-123.173081
VANCOUVER,CARNARVON ST,W 45TH AVE,86c9ee38-82c0-568c-b84b-30d7f1d18b69,"CARNARVON ST & W 45TH AVE, VANCOUVER",49.231013,-123.173126
VANCOUVER,CARNARVON ST,W 55TH AVE,6666e1c8-3d05-5231-bf43-431a157e3fd9,"CARNARVON ST & W 55TH AVE, VANCOUVER",49.221396,-123.173055
VANCOUVER,CARNARVON ST,W BROADWAY,c4c66735-02f4-5219-841d-49de52d4a13b,"CARNARVON ST & W BROADWAY, VANCOUVER",49.264141,-123.172058
VANCOUVER,CAROLINA ST,E 10TH AVE,37420606-f8f6-5c77-9bd2-9768ea54494e,"CAROLINA ST & E 10TH AVE, VANCOUVER",49.261548,-123.091101
VANCOUVER,CAROLINA ST,E 11TH AVE,6af7a527-f05f-5763-9ace-51147e280d08,"CAROLINA ST & E 11TH AVE, VANCOUVER",49.260635,-123.091091
VANCOUVER,CAROLINA ST,E 12TH AVE,004cec47-2989-5e75-9416-0f4fc59af3c9,"CAROLINA ST & E 12TH AVE, VANCOUVER",49.259748,-123.091087
VANCOUVER,CAROLINA ST,E 13TH AVE,d484ee05-7d80-5cad-99f2-0e0c73d31cd0,"CAROLINA ST & E 13TH AVE, VANCOUVER",49.258836,-123.091128
VANCOUVER,CAROLINA ST,E 14TH AVE,7a5cb4f6-392d-50b5-b94a-8ac8fb2ce72a,"CAROLINA ST & E 14TH AVE, VANCOUVER",49.257951,-123.091118
VANCOUVER,CAROLINA ST,E 15TH AVE,a2d1cf36-4e94-5e96-a0cc-30d0971c5c13,"CAROLINA ST & E 15TH AVE, VANCOUVER",49.257326,-123.091813
VANCOUVER,CAROLINA ST,E 16TH AVE,ae3d4781-bcbb-53a5-957b-7f4c10c9dd1a,"CAROLINA ST & E 16TH AVE, VANCOUVER",49.256461,-123.091843
VANCOUVER,CAROLINA ST,E 17TH AVE,632d0827-72a3-520e-963c-340ac109d23f,"CAROLINA ST & E 17TH AVE, VANCOUVER",49.255565,-123.091869
VANCOUVER,CAROLINA ST,E 18TH AVE,fd86c597-1b37-5298-ad7c-dd61ec85687e,"CAROLINA ST & E 18TH AVE, VANCOUVER",49.254654,-123.091915
VANCOUVER,CAROLINA ST,E 19TH AVE,0d6776cd-91dc-504e-86c8-b6ddd651a402,"CAROLINA ST & E 19TH AVE, VANCOUVER",49.253745,-123.091951
VANCOUVER,CAROLINA ST,E 1ST AVE,9a5e915f-aec7-5b81-ae81-339c9189045d,"CAROLINA ST & E 1ST AVE, VANCOUVER",49.267948,-123.090873
VANCOUVER,CAROLINA ST,E 20TH AVE,b4e02214-8533-5e03-8613-6c17e7bc8dca,"CAROLINA ST & E 20TH AVE, VANCOUVER",49.252848,-123.091987
VANCOUVER,CAROLINA ST,E 21ST AVE,e89ef5a9-3fbf-5000-b617-54e0323a622f,"CAROLINA ST & E 21ST AVE, VANCOUVER",49.251932,-123.092024
VANCOUVER,CAROLINA ST,E 22ND AVE,73271442-54de-5bc4-aac8-1b01ca3eafe4,"CAROLINA ST & E 22ND AVE, VANCOUVER",49.25104,-123.092053
VANCOUVER,CAROLINA ST,E 23RD AVE,a947e167-5564-575a-aeca-a622772095ad,"CAROLINA ST & E 23RD AVE, VANCOUVER",49.25014,-123.092088
VANCOUVER,CAROLINA ST,E 5TH AVE,1b46c73b-4099-5132-abbb-d6322025a5af,"CAROLINA ST & E 5TH AVE, VANCOUVER",49.266161,-123.091005
VANCOUVER,CAROLINA ST,E 6TH AVE,953b9f01-d731-5233-8afe-5e26e94263fe,"CAROLINA ST & E 6TH AVE, VANCOUVER",49.265252,-123.091007
VANCOUVER,CAROLINA ST,E 7TH AVE,855afd83-0c77-5ee0-a82c-868cc32a6a33,"CAROLINA ST & E 7TH AVE, VANCOUVER",49.264343,-123.091055
VANCOUVER,CAROLINA ST,E 8TH AVE,b96acecd-5e13-5f22-9b86-3bea7502e78e,"CAROLINA ST & E 8TH AVE, VANCOUVER",49.263448,-123.091056
VANCOUVER,CAROLINA ST,E BROADWAY,08b5bb44-f1de-5ced-bc90-6ad352bf83c1,"CAROLINA ST & E BROADWAY, VANCOUVER",49.26249,-123.091043
VANCOUVER,CAROLINA ST,E KING EDWARD AVE,86e0093b-70c5-5ab4-8ac8-1a5bd09e20c8,"CAROLINA ST & E KING EDWARD AVE, VANCOUVER",49.248665,-123.092139
VANCOUVER,CAROLINA ST,EVANS AVE,34529ab6-0307-5d11-8d44-c6364ebc2856,"CAROLINA ST & EVANS AVE, VANCOUVER",49.272105,-123.08908
VANCOUVER,CAROLINA ST,GREAT NORTHERN WAY,fb6c4ccb-c172-5993-abbd-268522da80ee,"CAROLINA ST & GREAT NORTHERN WAY, VANCOUVER",49.266785,-123.090802
VANCOUVER,CAROLINA ST,HWY 99A,33abdc60-5c63-53da-a2c0-585adc472c60,"CAROLINA ST & HWY 99A, VANCOUVER",49.257326,-123.091813
VANCOUVER,CAROLINA ST,KINGSWAY,a7ee4612-8fc9-595c-916a-a8fce148033e,"CAROLINA ST & KINGSWAY, VANCOUVER",49.257326,-123.091813
VANCOUVER,CAROLINA ST,TERMINAL AVE,a70f2ba6-aa34-56a8-838d-b0311f81b0c3,"CAROLINA ST & TERMINAL AVE, VANCOUVER",49.270949,-123.089574
VANCOUVER,CARRALL ST,DUNSMUIR VIADUCT,a4d8cea8-e03e-5970-890f-04356cdbfa20,"CARRALL ST & DUNSMUIR VIADUCT, VANCOUVER",49.277677,-123.106316
VANCOUVER,CARRALL ST,E CORDOVA ST,e856e1bc-5ccf-5b17-9725-8d8f7c692a89,"CARRALL ST & E CORDOVA ST, VANCOUVER",49.282429,-123.104267
VANCOUVER,CARRALL ST,E HASTINGS ST,c23458b6-0035-5f30-bce2-5c84dd49c9e4,"CARRALL ST & E HASTINGS ST, VANCOUVER",49.281474,-123.104327
VANCOUVER,CARRALL ST,E PENDER ST,520be560-7c6f-5042-a016-10fdec6d44f6,"CARRALL ST & E PENDER ST, VANCOUVER",49.280492,-123.104378
VANCOUVER,CARRALL ST,EXPO BLVD,7f671f40-c254-5d0a-9502-668ddcbbf102,"CARRALL ST & EXPO BLVD, VANCOUVER",49.278046,-123.106155
VANCOUVER,CARRALL ST,KEEFER PL,77b4cfee-c464-57e4-9444-3872aa24aad5,"CARRALL ST & KEEFER PL, VANCOUVER",49.279226,-123.104464
VANCOUVER,CARRALL ST,KEEFER ST,3c319553-1533-53db-b363-630098533f3c,"CARRALL ST & KEEFER ST, VANCOUVER",49.279226,-123.104464
VANCOUVER,CARRALL ST,PACIFIC BLVD,fcb6e011-6627-5ced-9912-448e03c5b1a9,"CARRALL ST & PACIFIC BLVD, VANCOUVER",49.277106,-123.106445
VANCOUVER,CARRALL ST,W CORDOVA ST,4529403d-3273-572c-b470-97bcd1004a5b,"CARRALL ST & W CORDOVA ST, VANCOUVER",49.282429,-123.104267
VANCOUVER,CARRALL ST,W HASTINGS ST,ac3b9a8d-e304-595b-8018-d9b510eec608,"CARRALL ST & W HASTINGS ST, VANCOUVER",49.281474,-123.104327
VANCOUVER,CARRALL ST,W PENDER ST,bca2730d-cd8a-5020-916b-d8c0ca189d50,"CARRALL ST & W PENDER ST, VANCOUVER",49.280492,-123.104378
VANCOUVER,CARRALL ST,WATER ST,f7d8355d-2a20-511e-a43a-7c3daf6b07f1,"CARRALL ST & WATER ST, VANCOUVER",49.283473,-123.104222
VANCOUVER,CARRINGTON ST,DEERING ISLAND PL,eb50baae-35cb-5579-9d6f-d092414ac74e,"CARRINGTON ST & DEERING ISLAND PL, VANCOUVER",49.218214,-123.184139
VANCOUVER,CARRINGTON ST,W 55TH AVE,39fd93a9-356a-5f2f-8e92-bc2e19a07c94,"CARRINGTON ST & W 55TH AVE, VANCOUVER",49.221517,-123.182751
VANCOUVER,CARTIER PL,W 70TH AVE,133544ad-efdb-593a-ae32-62e0b092e7e1,"CARTIER PL & W 70TH AVE, VANCOUVER",49.208582,-123.137121
VANCOUVER,CARTIER ST,LAURIER AVE,bdbfd71f-1ae5-58fe-96d7-adebae865e73,"CARTIER ST & LAURIER AVE, VANCOUVER",49.250791,-123.136636
VANCOUVER,CARTIER ST,NANTON AVE,448e4669-a43f-5f8a-9254-763265f62296,"CARTIER ST & NANTON AVE, VANCOUVER",49.247368,-123.136777
VANCOUVER,CARTIER ST,PARK DR,497508d3-3ff4-573c-aa78-6ed1d47114e3,"CARTIER ST & PARK DR, VANCOUVER",49.216576,-123.137557
VANCOUVER,CARTIER ST,W 25TH AVE,450021cc-94fd-5c65-a052-10a5f4420c7b,"CARTIER ST & W 25TH AVE, VANCOUVER",49.249357,-123.136705
VANCOUVER,CARTIER ST,W 37TH AVE,749e1630-8bde-5835-be38-4f3b1f9e5d84,"CARTIER ST & W 37TH AVE, VANCOUVER",49.237981,-123.137088
VANCOUVER,CARTIER ST,W 38TH AVE,9cb9f4c5-70ec-5b2d-9ecc-a3191806312b,"CARTIER ST & W 38TH AVE, VANCOUVER",49.237039,-123.137119
VANCOUVER,CARTIER ST,W 39TH AVE,bc9a24e6-cf99-53cf-b11d-ac3984f3f6f8,"CARTIER ST & W 39TH AVE, VANCOUVER",49.236163,-123.137147
VANCOUVER,CARTIER ST,W 40TH AVE,ac8aa16f-1a52-52d4-a307-5f2de738fbb7,"CARTIER ST & W 40TH AVE, VANCOUVER",49.235275,-123.137177
VANCOUVER,CARTIER ST,W 41ST AVE,5d41590c-2801-556b-a77f-da4a7fad68ce,"CARTIER ST & W 41ST AVE, VANCOUVER",49.234282,-123.137993
VANCOUVER,CARTIER ST,W 43RD AVE,e95d9b5e-978b-504a-9c37-373a1df9b4cf,"CARTIER ST & W 43RD AVE, VANCOUVER",49.232405,-123.138061
VANCOUVER,CARTIER ST,W 47TH AVE,921fe53a-1000-58d1-8057-3a79cff68cfc,"CARTIER ST & W 47TH AVE, VANCOUVER",49.228699,-123.137401
VANCOUVER,CARTIER ST,W 48TH AVE,4499ce63-f761-52c1-b3e3-56207c41af88,"CARTIER ST & W 48TH AVE, VANCOUVER",49.227801,-123.137429
VANCOUVER,CARTIER ST,W 49TH AVE,3952716a-2bbd-57b1-9cc5-6e567e59ad83,"CARTIER ST & W 49TH AVE, VANCOUVER",49.22688,-123.137452
VANCOUVER,CARTIER ST,W 50TH AVE,ad4c6686-1078-5c13-8b87-781c894c83ef,"CARTIER ST & W 50TH AVE, VANCOUVER",49.225812,-123.137493
VANCOUVER,CARTIER ST,W 51ST AVE,63d27971-f609-551e-916e-798ed6e51bad,"CARTIER ST & W 51ST AVE, VANCOUVER",49.224937,-123.137526
VANCOUVER,CARTIER ST,W 53RD AVE,c5780a4d-f380-5c9f-afec-4be1ab60fc48,"CARTIER ST & W 53RD AVE, VANCOUVER",49.222583,-123.137627
VANCOUVER,CARTIER ST,W 54TH AVE,17f7e219-2da9-5cb4-8b16-80fdb324f45a,"CARTIER ST & W 54TH AVE, VANCOUVER",49.221671,-123.137655
VANCOUVER,CARTIER ST,W 57TH AVE,f6aea80f-fe01-535f-9c0b-e10b246db49a,"CARTIER ST & W 57TH AVE, VANCOUVER",49.219322,-123.137746
VANCOUVER,CARTIER ST,W 59TH AVE,0ca31c2b-7d0f-5ec0-8cac-47b4f8c6afa2,"CARTIER ST & W 59TH AVE, VANCOUVER",49.217347,-123.137677
VANCOUVER,CARTIER ST,W 62ND AVE,9b427df8-b594-5790-841c-24e72310c5a5,"CARTIER ST & W 62ND AVE, VANCOUVER",49.214998,-123.13761
VANCOUVER,CARTIER ST,W 64TH AVE,af86f72b-8ced-5aba-8793-d616514207df,"CARTIER ST & W 64TH AVE, VANCOUVER",49.213113,-123.137651
VANCOUVER,CARTIER ST,W 67TH AVE,b5cf99e7-293e-5273-aebe-e7861dcb0719,"CARTIER ST & W 67TH AVE, VANCOUVER",49.210839,-123.137736
VANCOUVER,CARTIER ST,W 70TH AVE,ebe282ad-f7ce-5744-a44e-633f0139a572,"CARTIER ST & W 70TH AVE, VANCOUVER",49.208593,-123.13774
VANCOUVER,CARTIER ST,W 71ST AVE,84868c47-c307-543b-802b-9fc4b2ff65af,"CARTIER ST & W 71ST AVE, VANCOUVER",49.207025,-123.137714
VANCOUVER,CARTIER ST,W 72ND AVE,50337eaa-9846-547a-9eae-fbb3de4a351e,"CARTIER ST & W 72ND AVE, VANCOUVER",49.205751,-123.137752
VANCOUVER,CARTIER ST,W 73RD AVE,570bdea9-af81-58ea-9c45-7585eb6097c2,"CARTIER ST & W 73RD AVE, VANCOUVER",49.205045,-123.137775
VANCOUVER,CARTIER ST,W KING EDWARD AVE,f5074ca9-9fcb-56e2-8f9e-86c419e0fd9f,"CARTIER ST & W KING EDWARD AVE, VANCOUVER",49.249357,-123.136705
VANCOUVER,CARTWRIGHT ST,DURANLEAU ST,6a925a4d-df65-53a8-ae0d-f65a9363eda9,"CARTWRIGHT ST & DURANLEAU ST, VANCOUVER",49.270629,-123.136053
VANCOUVER,CARTWRIGHT ST,HWY 99,559183a6-f20f-5ba5-8242-038030106a94,"CARTWRIGHT ST & HWY 99, VANCOUVER",49.270594,-123.136
VANCOUVER,CARTWRIGHT ST,JOHNSTON ST,f98e4256-a5c6-5388-863b-8d226e6a25c2,"CARTWRIGHT ST & JOHNSTON ST, VANCOUVER",49.269513,-123.131869
VANCOUVER,CARTWRIGHT ST,OLD BRIDGE ST,18c4adbc-5b16-5010-ac9e-2105f5ed667c,"CARTWRIGHT ST & OLD BRIDGE ST, VANCOUVER",49.270109,-123.135158
VANCOUVER,CASSIAR CONNECTR,CASSIAR TUNNEL,c41da942-50ef-501b-b944-9f7c7231a34d,"CASSIAR CONNECTR & CASSIAR TUNNEL, VANCOUVER",49.281228,-123.031485
VANCOUVER,CASSIAR CONNECTR,E HASTINGS ST,53470957-c26c-5505-b4f2-db2bf4dbb772,"CASSIAR CONNECTR & E HASTINGS ST, VANCOUVER",49.28117,-123.031463
VANCOUVER,CASSIAR CONNECTR,HWY 1,424e39cc-eb32-5ac8-b0b3-b21347a8232e,"CASSIAR CONNECTR & HWY 1, VANCOUVER",49.283126,-123.031967
VANCOUVER,CASSIAR CONNECTR,MCGILL ST OFFRAMP,9f4bc825-985d-5cf2-808c-2db53fcbba25,"CASSIAR CONNECTR & MCGILL ST OFFRAMP, VANCOUVER",49.287032,-123.031028
VANCOUVER,CASSIAR CONNECTR,MCGILL ST ONRAMP,c7ebb3dd-0063-572a-ab00-66649ca6a0f6,"CASSIAR CONNECTR & MCGILL ST ONRAMP, VANCOUVER",49.287088,-123.031371
VANCOUVER,CASSIAR CONNECTR,TRANS-CANADA HWY,b47cbaae-01e0-568a-9080-e04f363f132b,"CASSIAR CONNECTR & TRANS-CANADA HWY, VANCOUVER",49.283126,-123.031967
VANCOUVER,CASSIAR ST,E 1ST AVE,27fcabf1-c672-5949-a699-fd0f444fde3b,"CASSIAR ST & E 1ST AVE, VANCOUVER",49.269366,-123.03099
VANCOUVER,CASSIAR ST,E 22ND AVE,301cf3ca-ff14-50f7-8816-8073c6cf025c,"CASSIAR ST & E 22ND AVE, VANCOUVER",49.250608,-123.031068
VANCOUVER,CASSIAR ST,E 24TH AVE,ae334786-10cd-55a3-acc4-2588c1d6ab2f,"CASSIAR ST & E 24TH AVE, VANCOUVER",49.248785,-123.031065
VANCOUVER,CASSIAR ST,E 25TH AVE,71e813ba-012f-5c32-877e-7b86dfed249c,"CASSIAR ST & E 25TH AVE, VANCOUVER",49.247883,-123.031064
VANCOUVER,CASSIAR ST,E 26TH AVE,9fb394ee-a1e8-55d5-80f4-ff382b081679,"CASSIAR ST & E 26TH AVE, VANCOUVER",49.247073,-123.031061
VANCOUVER,CASSIAR ST,E 2ND AVE,91437f26-6087-58b9-adbd-28875f0fc9b6,"CASSIAR ST & E 2ND AVE, VANCOUVER",49.268455,-123.030991
VANCOUVER,CASSIAR ST,E 3RD AVE,96d53cce-8419-5994-968b-c781c5f50155,"CASSIAR ST & E 3RD AVE, VANCOUVER",49.26755,-123.030991
VANCOUVER,CASSIAR ST,E 4TH AVE,9c64856e-5f5e-568f-a3b1-b546ae7edeaa,"CASSIAR ST & E 4TH AVE, VANCOUVER",49.266628,-123.030998
VANCOUVER,CASSIAR ST,E 5TH AVE,dac5dcec-8244-5896-9f16-8e6f9ba50fde,"CASSIAR ST & E 5TH AVE, VANCOUVER",49.265644,-123.031003
VANCOUVER,CASSIAR ST,E 6TH AVE,10141153-ee76-588a-8912-a5e638bb1254,"CASSIAR ST & E 6TH AVE, VANCOUVER",49.264699,-123.031008
VANCOUVER,CASSIAR ST,E 8TH AVE,10516b88-31c5-54c3-af62-1836b1458eae,"CASSIAR ST & E 8TH AVE, VANCOUVER",49.262895,-123.03102
VANCOUVER,CASSIAR ST,E BROADWAY,b779c483-82b9-54ba-93fa-7cd4a7c6603c,"CASSIAR ST & E BROADWAY, VANCOUVER",49.262113,-123.031026
VANCOUVER,CASSIAR ST,E PENDER ST,f773b2b1-2652-5e45-9f49-d138bfcddcc0,"CASSIAR ST & E PENDER ST, VANCOUVER",49.280215,-123.030838
VANCOUVER,CASSIAR ST,FRANKLIN ST,958e5e3f-7b48-5770-83eb-ed2eb76f56a4,"CASSIAR ST & FRANKLIN ST, VANCOUVER",49.282069,-123.03083
VANCOUVER,CASSIAR ST,HERMON DR,dbdd498a-ed54-59ee-848f-2716224046a7,"CASSIAR ST & HERMON DR, VANCOUVER",49.26309,-123.031018
VANCOUVER,CASSIAR ST,LOUGHEED HWY,55e5dcfd-c23f-5f7e-9865-9f84474b262c,"CASSIAR ST & LOUGHEED HWY, VANCOUVER",49.262113,-123.031026
VANCOUVER,CASSIAR ST,NAPIER ST,bda0b9fb-fd5f-57c4-b392-e859e2c6495d,"CASSIAR ST & NAPIER ST, VANCOUVER",49.274957,-123.030735
VANCOUVER,CASSIAR ST,TURNER ST,44f41b72-9566-55a9-9d94-ab4d54bcd908,"CASSIAR ST & TURNER ST, VANCOUVER",49.279077,-123.030863
VANCOUVER,CASSIAR ST,WILLIAM ST,9aea95d3-4202-5779-b910-1ea0c09e0c00,"CASSIAR ST & WILLIAM ST, VANCOUVER",49.274123,-123.030909
VANCOUVER,CASSIAR TUNNEL,E HASTINGS ST,376eee12-327b-55a7-bc18-ca131fc15535,"CASSIAR TUNNEL & E HASTINGS ST, VANCOUVER",49.281193,-123.031483
VANCOUVER,CASSIAR TUNNEL,E HASTINGS ST ONRAMP,739b4436-b12c-5f50-91f8-98413790c97d,"CASSIAR TUNNEL & E HASTINGS ST ONRAMP, VANCOUVER",49.281377,-123.031789
VANCOUVER,CASSIAR TUNNEL,HWY 7A,6c7e8873-e67d-5ac3-b5a1-10f5f3a8dbfd,"CASSIAR TUNNEL & HWY 7A, VANCOUVER",49.281228,-123.031485
VANCOUVER,CECIL ST,EUCLID AVE,f9b97dd8-88df-5e6c-afaa-b07da4c1ff37,"CECIL ST & EUCLID AVE, VANCOUVER",49.236859,-123.034696
VANCOUVER,CECIL ST,KINGSWAY,6806f99f-d263-57df-9742-608eac5b187f,"CECIL ST & KINGSWAY, VANCOUVER",49.234623,-123.036889
VANCOUVER,CEDAR COTTAGE MEWS,E KING EDWARD AVE,de939fc5-7e18-5e03-abc1-8074709965b6,"CEDAR COTTAGE MEWS & E KING EDWARD AVE, VANCOUVER",49.248505,-123.074945
VANCOUVER,CEDAR COTTAGE MEWS,KNIGHT ST,d3e44464-6522-53e1-9b36-3eb3d1ec0c3d,"CEDAR COTTAGE MEWS & KNIGHT ST, VANCOUVER",49.249263,-123.076025
VANCOUVER,CEDAR CRES,PINE ST,fcc3f3d6-d5fc-5d79-a86d-fdb2c9a9d841,"CEDAR CRES & PINE ST, VANCOUVER",49.256184,-123.143679
VANCOUVER,CEDAR CRES,W 17TH AVE,606b24df-ec42-578e-8eac-96bf77aa6cda,"CEDAR CRES & W 17TH AVE, VANCOUVER",49.256226,-123.146007
VANCOUVER,CEDARHURST ST,SW MARINE DR,d2e0f85a-b54a-5162-bb9d-0131794985ae,"CEDARHURST ST & SW MARINE DR, VANCOUVER",49.227367,-123.171556
VANCOUVER,CELISTA DR,MATHESON CRES,dcd58776-3eb2-5011-874e-334f62d8a3d8,"CELISTA DR & MATHESON CRES, VANCOUVER",49.21887,-123.026633
VANCOUVER,CENTENNIAL RD,HEATLEY AVE,03baa00f-cd86-5e2f-bd3e-580281e4ccfe,"CENTENNIAL RD & HEATLEY AVE, VANCOUVER",49.285052,-123.08949
VANCOUVER,CENTENNIAL RD,ROGERS ST,a6607bc3-222d-56b6-9927-19c647b8026f,"CENTENNIAL RD & ROGERS ST, VANCOUVER",49.283348,-123.079981
VANCOUVER,CENTENNIAL RD,STEWART ST,26418ef6-a9c7-5cde-bd98-45f45aa36c80,"CENTENNIAL RD & STEWART ST, VANCOUVER",49.283348,-123.079981
VANCOUVER,CENTRAL ST,MAIN ST,b8a94071-cb7c-52e3-9300-15f4f6831c40,"CENTRAL ST & MAIN ST, VANCOUVER",49.271594,-123.100337
VANCOUVER,CENTRAL ST,QUEBEC ST,fecdcd32-bf02-597d-9be1-3e6ff52eb805,"CENTRAL ST & QUEBEC ST, VANCOUVER",49.271882,-123.101817
VANCOUVER,CENTRAL ST,STATION ST,f2a28b95-f688-551f-bf2c-5d20cef19eeb,"CENTRAL ST & STATION ST, VANCOUVER",49.271029,-123.098065
VANCOUVER,CHAMBERS ST,E 34TH AVE,ffe2801d-f1f7-5c3a-b646-a0fcff3c513f,"CHAMBERS ST & E 34TH AVE, VANCOUVER",49.238882,-123.053005
VANCOUVER,CHAMBERS ST,E 37TH AVE,4771deaf-1a6f-547e-85f1-fe8c4972e621,"CHAMBERS ST & E 37TH AVE, VANCOUVER",49.237387,-123.053008
VANCOUVER,CHAMPLAIN CRES,E 54TH AVE,67e7d4a0-3df2-5cbb-9f4e-65ab8d80daab,"CHAMPLAIN CRES & E 54TH AVE, VANCOUVER",49.220122,-123.03239
VANCOUVER,CHAMPLAIN CRES,FLAGSTAFF PL,7917d1d2-2f3b-53a3-9fd0-41b98be543fa,"CHAMPLAIN CRES & FLAGSTAFF PL, VANCOUVER",49.211315,-123.029312
VANCOUVER,CHAMPLAIN CRES,LANGFORD AVE,1859ce0a-1e2d-537c-9faa-d459c0e7a998,"CHAMPLAIN CRES & LANGFORD AVE, VANCOUVER",49.215019,-123.029988
VANCOUVER,CHAMPLAIN CRES,LAVAL PL,ff877b6e-a432-5c4a-8dfb-47988887a822,"CHAMPLAIN CRES & LAVAL PL, VANCOUVER",49.211471,-123.029444
VANCOUVER,CHAMPLAIN CRES,MAQUINNA DR,24ec7e18-df6d-506f-9819-e8602b09a5a8,"CHAMPLAIN CRES & MAQUINNA DR, VANCOUVER",49.215644,-123.030279
VANCOUVER,CHAMPLAIN CRES,MARQUETTE CRES,b02df5a3-b8d6-5de0-a09b-3d5740c9faf9,"CHAMPLAIN CRES & MARQUETTE CRES, VANCOUVER",49.212726,-123.029713
VANCOUVER,CHAMPLAIN CRES,MATHESON CRES,f9f9a9a8-b996-5375-8e23-48c766f5815f,"CHAMPLAIN CRES & MATHESON CRES, VANCOUVER",49.210558,-123.027277
VANCOUVER,CHAMPLAIN CRES,RIEL PL,08dd3aba-370a-54c0-bec8-04ccd0c84b92,"CHAMPLAIN CRES & RIEL PL, VANCOUVER",49.210905,-123.028579
VANCOUVER,CHAMPLAIN CRES,SWANSACRE,c6c14fc1-59e4-59f9-aa4f-539e88bcd016,"CHAMPLAIN CRES & SWANSACRE, VANCOUVER",49.212177,-123.029726
VANCOUVER,CHAMPLAIN CRES,TOLBOOTH,407bd08b-044a-50d3-85ef-8d643608527a,"CHAMPLAIN CRES & TOLBOOTH, VANCOUVER",49.212726,-123.029713
VANCOUVER,CHAMPLAIN CRES,TYNE ST,22162adf-5ffa-576d-aae4-62e55b7d21e6,"CHAMPLAIN CRES & TYNE ST, VANCOUVER",49.220122,-123.03239
VANCOUVER,CHAMPLAIN MALL,KERR ST,db14781a-a734-53da-9ece-2628b7a31bb9,"CHAMPLAIN MALL & KERR ST, VANCOUVER",49.219127,-123.041357
VANCOUVER,CHANDLERY PL,E KENT AVE N,4bb5d5c0-b0b5-53c6-978c-e86e9724c04e,"CHANDLERY PL & E KENT AVE N, VANCOUVER",49.206248,-123.050445
VANCOUVER,CHARLES ST,CLARK DR,28db9f3e-1ca7-5423-9dc6-a8fd9ed03248,"CHARLES ST & CLARK DR, VANCOUVER",49.27313,-123.077315
VANCOUVER,CHARLES ST,COMMERCIAL DR,ac6b6e67-1d5a-5c16-b814-04fb23843cc8,"CHARLES ST & COMMERCIAL DR, VANCOUVER",49.273053,-123.069582
VANCOUVER,CHARLES ST,COTTON DR,f8726e28-2aa4-5534-b6b5-311a9f05fa88,"CHARLES ST & COTTON DR, VANCOUVER",49.273078,-123.071517
VANCOUVER,CHARLES ST,GARDEN DR,c801c470-021e-58c9-ace2-3232b137bb03,"CHARLES ST & GARDEN DR, VANCOUVER",49.272951,-123.057968
VANCOUVER,CHARLES ST,KAMLOOPS ST,8ab2fea6-5ede-5817-9e4b-5eb8cc5ce0bf,"CHARLES ST & KAMLOOPS ST, VANCOUVER",49.273275,-123.054684
VANCOUVER,CHARLES ST,KASLO ST,6e9f0bb3-23a8-5f14-a10b-7df9fde8ac8a,"CHARLES ST & KASLO ST, VANCOUVER",49.273264,-123.04686
VANCOUVER,CHARLES ST,KELOWNA ST,9f65a8f6-5b71-51e2-81d1-4060517e7c01,"CHARLES ST & KELOWNA ST, VANCOUVER",49.273256,-123.042744
VANCOUVER,CHARLES ST,LEROI ST,9aeccf31-7f2d-574d-af71-7b7a1d346067,"CHARLES ST & LEROI ST, VANCOUVER",49.273252,-123.040161
VANCOUVER,CHARLES ST,LILLOOET ST,a063a664-691f-5350-8b11-6bd892fb4a8b,"CHARLES ST & LILLOOET ST, VANCOUVER",49.273249,-123.038912
VANCOUVER,CHARLES ST,MCLEAN DR,55ea3549-6451-5fe6-88df-53238defbf3c,"CHARLES ST & MCLEAN DR, VANCOUVER",49.27307,-123.074477
VANCOUVER,CHARLES ST,NANAIMO ST,a80f1d7d-1b5d-5d7a-93bb-ba4437641ff1,"CHARLES ST & NANAIMO ST, VANCOUVER",49.273283,-123.056581
VANCOUVER,CHARLES ST,NOOTKA ST,d932a718-aab7-5508-a5d7-0555b713c38b,"CHARLES ST & NOOTKA ST, VANCOUVER",49.273254,-123.041429
VANCOUVER,CHARLES ST,ODLUM DR,f247e1e4-32c2-59a4-9b56-090eb70b5ff6,"CHARLES ST & ODLUM DR, VANCOUVER",49.2731,-123.075933
VANCOUVER,CHARLES ST,PENTICTON ST,5e42c2b4-8434-59ab-918c-c2971e6ca68f,"CHARLES ST & PENTICTON ST, VANCOUVER",49.273274,-123.05204
VANCOUVER,CHARLES ST,RENFREW ST,aaa3adda-791d-5dbc-9f6b-605d02dba6e3,"CHARLES ST & RENFREW ST, VANCOUVER",49.273259,-123.044161
VANCOUVER,CHARLES ST,ROSSLAND ST,2528b9f2-0654-5e26-8f9c-28f837d9eb9f,"CHARLES ST & ROSSLAND ST, VANCOUVER",49.273257,-123.045576
VANCOUVER,CHARLES ST,RUPERT ST,0460e1f5-baf4-52d9-b560-61fd49457dfa,"CHARLES ST & RUPERT ST, VANCOUVER",49.273239,-123.033635
VANCOUVER,CHARLES ST,SALSBURY DR,bfa884a1-d85f-52db-967e-3f6d4e29f1c6,"CHARLES ST & SALSBURY DR, VANCOUVER",49.273027,-123.067623
VANCOUVER,CHARLES ST,SLOCAN ST,4098790f-9f55-5fe5-b4ad-267939ff143b,"CHARLES ST & SLOCAN ST, VANCOUVER",49.273269,-123.049398
VANCOUVER,CHARLES ST,TEMPLETON DR,83476436-5d3f-5fd7-8611-c7dcef5a340a,"CHARLES ST & TEMPLETON DR, VANCOUVER",49.272948,-123.059896
VANCOUVER,CHARLES ST,VERNON DR,41b033e2-ce11-5c1b-b3a0-f44ec43af03a,"CHARLES ST & VERNON DR, VANCOUVER",49.27316,-123.078683
VANCOUVER,CHARLES ST,VICTORIA DR,ecbc7eaa-fe12-5f0b-b765-f5d73951fb52,"CHARLES ST & VICTORIA DR, VANCOUVER",49.273012,-123.065693
VANCOUVER,CHARLES ST,WINDERMERE ST,2d071276-aff9-588f-bca7-9880f8838ded,"CHARLES ST & WINDERMERE ST, VANCOUVER",49.273244,-123.03638
VANCOUVER,CHARLES ST,WOODLAND DR,0339076a-9bf7-5554-956b-f7aa5b231063,"CHARLES ST & WOODLAND DR, VANCOUVER",49.273046,-123.073434
VANCOUVER,CHARLESON,MOBERLY RD,1ee80e1f-1d4f-516c-9a2a-ecfbbb841d57,"CHARLESON & MOBERLY RD, VANCOUVER",49.266251,-123.120538
VANCOUVER,CHATHAM ST,EUCLID AVE,0b49422c-52f0-5b2a-ba2c-c9ecac2b706c,"CHATHAM ST & EUCLID AVE, VANCOUVER",49.239242,-123.040583
VANCOUVER,CHATHAM ST,HORLEY ST,45385688-56e7-539a-889f-7d35d0c959f2,"CHATHAM ST & HORLEY ST, VANCOUVER",49.237795,-123.041977
VANCOUVER,CHATHAM ST,VANNESS AVE,0cff9c60-9a8a-5ff0-99ff-e98dc2db4626,"CHATHAM ST & VANNESS AVE, VANCOUVER",49.241115,-123.038778
VANCOUVER,CHERRY ST,JOYCE ST,3d3a4485-0ec3-5d07-92c5-b8e526b2fe94,"CHERRY ST & JOYCE ST, VANCOUVER",49.235433,-123.03459
VANCOUVER,CHERRY ST,STAMFORD ST,b2b7a1d7-8138-594a-b66e-b9124bdff060,"CHERRY ST & STAMFORD ST, VANCOUVER",49.233963,-123.030955
VANCOUVER,CHESS ST,MALKIN AVE,0d3ff8b6-60d4-522d-8744-74a6ee1cf16f,"CHESS ST & MALKIN AVE, VANCOUVER",49.274182,-123.086071
VANCOUVER,CHESS ST,NATIONAL AVE,2d225c2e-3df1-5093-9073-baf79b5b3aba,"CHESS ST & NATIONAL AVE, VANCOUVER",49.272584,-123.086744
VANCOUVER,CHESTER ST,E 33RD AVE,4d56bfd3-4e82-5161-877d-e8f9f74d9a59,"CHESTER ST & E 33RD AVE, VANCOUVER",49.240279,-123.089144
VANCOUVER,CHESTER ST,E 35TH AVE,db0108a5-08e0-549f-9ae1-f6bfefe9e3a5,"CHESTER ST & E 35TH AVE, VANCOUVER",49.238312,-123.089192
VANCOUVER,CHESTER ST,E 37TH AVE,29ec61ed-d92b-53f2-b9c5-475efcb629b5,"CHESTER ST & E 37TH AVE, VANCOUVER",49.236535,-123.089241
VANCOUVER,CHESTER ST,E 39TH AVE,ec966732-302e-5247-a553-dc36deed7335,"CHESTER ST & E 39TH AVE, VANCOUVER",49.234751,-123.089232
VANCOUVER,CHESTER ST,E 41ST AVE,05514a06-5dbf-568e-838c-e97829902825,"CHESTER ST & E 41ST AVE, VANCOUVER",49.232891,-123.089294
VANCOUVER,CHESTER ST,E 43RD AVE,a05f20a9-4d26-5872-879f-f4e1679b0774,"CHESTER ST & E 43RD AVE, VANCOUVER",49.230981,-123.089228
VANCOUVER,CHESTER ST,E 45TH AVE,f086a4d0-8b01-5fed-bd4b-f3c0008534e0,"CHESTER ST & E 45TH AVE, VANCOUVER",49.229141,-123.089292
VANCOUVER,CHESTER ST,E 47TH AVE,dcf89799-9acb-575f-a33c-a6eef970f339,"CHESTER ST & E 47TH AVE, VANCOUVER",49.227359,-123.089346
VANCOUVER,CHESTER ST,E 49TH AVE,3d9387b7-42ec-5004-b4c8-3f5c98e4316a,"CHESTER ST & E 49TH AVE, VANCOUVER",49.225434,-123.089402
VANCOUVER,CHESTER ST,E 63RD AVE,eb6276ff-2812-5e66-b467-2f44820cdf75,"CHESTER ST & E 63RD AVE, VANCOUVER",49.212982,-123.089526
VANCOUVER,CHESTER ST,E KENT AVE N,801e593b-2961-54ee-b142-2d85dd2d9bf3,"CHESTER ST & E KENT AVE N, VANCOUVER",49.208346,-123.089265
VANCOUVER,CHESTER ST,SE MARINE DR,f827e9fd-63a3-5bc7-af7c-48952fd14454,"CHESTER ST & SE MARINE DR, VANCOUVER",49.211036,-123.089575
VANCOUVER,CHESTNUT ST,CORNWALL AVE,c8df1a8e-9a90-5422-b0ca-dbd7d1f82a53,"CHESTNUT ST & CORNWALL AVE, VANCOUVER",49.272444,-123.14634
VANCOUVER,CHESTNUT ST,CORNWALL AVE OFFRAMP,4c035484-6583-5022-ab69-35160e3a176f,"CHESTNUT ST & CORNWALL AVE OFFRAMP, VANCOUVER",49.272406,-123.145229
VANCOUVER,CHESTNUT ST,CREELMAN AVE,6cc8b3ea-94da-5f67-b749-80983140f2e6,"CHESTNUT ST & CREELMAN AVE, VANCOUVER",49.274426,-123.146255
VANCOUVER,CHESTNUT ST,GREER AVE,d998144a-ad6c-5b2b-80e4-2d29ba3cfc3b,"CHESTNUT ST & GREER AVE, VANCOUVER",49.273554,-123.146322
VANCOUVER,CHESTNUT ST,MCNICOLL AVE,de6bb11f-1afb-57ac-b19d-a1ac9908d333,"CHESTNUT ST & MCNICOLL AVE, VANCOUVER",49.276086,-123.146192
VANCOUVER,CHESTNUT ST,OGDEN AVE,e8b26665-8027-5426-80a5-887281cfdf5e,"CHESTNUT ST & OGDEN AVE, VANCOUVER",49.276777,-123.146165
VANCOUVER,CHESTNUT ST,W 1ST AVE,bf1d5ec7-643d-58f8-9e8b-a5bad04f0354,"CHESTNUT ST & W 1ST AVE, VANCOUVER",49.270681,-123.146403
VANCOUVER,CHESTNUT ST,WHYTE AVE,f9c7b156-d12c-544c-806d-f4558cebc11d,"CHESTNUT ST & WHYTE AVE, VANCOUVER",49.275305,-123.146217
VANCOUVER,CHESTNUT ST,YORK AVE,90e5fe01-7209-5f10-9289-340230bf4339,"CHESTNUT ST & YORK AVE, VANCOUVER",49.27155,-123.146401
VANCOUVER,CHEYENNE AVE,DUCHESS ST,b6bab389-28b6-590c-bded-f6dea7e554b2,"CHEYENNE AVE & DUCHESS ST, VANCOUVER",49.241808,-123.049588
VANCOUVER,CHEYENNE AVE,EARLES ST,bdbf5552-0126-55c7-b00c-6a7b7f6182a8,"CHEYENNE AVE & EARLES ST, VANCOUVER",49.240409,-123.046128
VANCOUVER,CHICKADEE PL,MATHESON CRES,e410f697-9036-55f3-b3da-8018faa6dc67,"CHICKADEE PL & MATHESON CRES, VANCOUVER",49.212686,-123.025083
VANCOUVER,CHILCO ST,COMOX ST,c84ded4f-fd45-527c-bb35-ec1dc18e97a4,"CHILCO ST & COMOX ST, VANCOUVER",49.29056,-123.142627
VANCOUVER,CHILCO ST,HARO ST,4b5b742d-0228-5d38-b9b6-3f4632a6f8a6,"CHILCO ST & HARO ST, VANCOUVER",49.292672,-123.139443
VANCOUVER,CHILCO ST,HENSHAW LANE,9ab7b071-0e5c-562b-a00d-949bd8c9f189,"CHILCO ST & HENSHAW LANE, VANCOUVER",49.290929,-123.142077
VANCOUVER,CHILCO ST,JEPSON-YOUNG LANE,2a70b7d2-18b3-511d-b695-30a7dd3520bd,"CHILCO ST & JEPSON-YOUNG LANE, VANCOUVER",49.290236,-123.143111
VANCOUVER,CHILCO ST,LAGOON DR,dc20a8ff-2b11-5dc6-8fab-6bdf5c490ae8,"CHILCO ST & LAGOON DR, VANCOUVER",49.293406,-123.138362
VANCOUVER,CHILCO ST,NELSON ST,904f1f2d-337a-5150-b9be-5762e3e2c738,"CHILCO ST & NELSON ST, VANCOUVER",49.291271,-123.141568
VANCOUVER,CHILCO ST,PENDRELL ST,5290249b-843b-5018-ae8e-c262a1618dc2,"CHILCO ST & PENDRELL ST, VANCOUVER",49.289862,-123.143669
VANCOUVER,CHILCO ST,ROBSON ST,3d09b635-a948-55d3-b30e-46285f188b39,"CHILCO ST & ROBSON ST, VANCOUVER",49.293406,-123.138362
VANCOUVER,CHILCO ST,ROSEMARY BROWN LANE,5d209add-ace3-5bd9-8267-73766718232f,"CHILCO ST & ROSEMARY BROWN LANE, VANCOUVER",49.293036,-123.138907
VANCOUVER,CHILCO ST,STOVOLD LANE,95bea204-f083-50a0-88c1-c29252060c8f,"CHILCO ST & STOVOLD LANE, VANCOUVER",49.292318,-123.139983
VANCOUVER,CHILCO ST,TED NORTHE LANE,43440652-3c6c-5061-aa2b-5c9ea57b2cd4,"CHILCO ST & TED NORTHE LANE, VANCOUVER",49.291641,-123.14101
VANCOUVER,CHURCH ST,JOYCE ST,3e4bfc1f-70ed-534a-9d49-659d79c69406,"CHURCH ST & JOYCE ST, VANCOUVER",49.234802,-123.035219
VANCOUVER,CHURCH ST,STAMFORD ST,0cbdb86e-00e9-5acb-ad15-a1208917fde0,"CHURCH ST & STAMFORD ST, VANCOUVER",49.233299,-123.031612
VANCOUVER,CHURCHILL ST,CONNAUGHT DR,8d51f948-30f4-59be-8959-f6a3f6276378,"CHURCHILL ST & CONNAUGHT DR, VANCOUVER",49.236841,-123.140694
VANCOUVER,CHURCHILL ST,W 41ST AVE,27676cdf-2c42-5e59-a7c8-845c5cf200df,"CHURCHILL ST & W 41ST AVE, VANCOUVER",49.234359,-123.141428
VANCOUVER,CHURCHILL ST,W 43RD AVE,9786d64b-fdd5-5303-9f1d-b16793c863ec,"CHURCHILL ST & W 43RD AVE, VANCOUVER",49.232493,-123.141484
VANCOUVER,CHURCHILL ST,W 45TH AVE,9cb04bf1-6062-5844-91f2-8ae99af87e36,"CHURCHILL ST & W 45TH AVE, VANCOUVER",49.230648,-123.141535
VANCOUVER,CHURCHILL ST,W 47TH AVE,9e108cf4-e0c8-5ad4-ba96-7fd5f87151bb,"CHURCHILL ST & W 47TH AVE, VANCOUVER",49.228795,-123.141574
VANCOUVER,CHURCHILL ST,W 49TH AVE,96bfb43d-0c12-5844-bb52-535a265cdb36,"CHURCHILL ST & W 49TH AVE, VANCOUVER",49.227001,-123.141634
VANCOUVER,CHURCHILL ST,W 52ND AVE,eb10a7fc-c875-5bd8-b3a0-2b99cca2dabc,"CHURCHILL ST & W 52ND AVE, VANCOUVER",49.224113,-123.141757
VANCOUVER,CHURCHILL ST,W 54TH AVE,2a8cebda-6ba5-535c-97f1-452ce9b922c0,"CHURCHILL ST & W 54TH AVE, VANCOUVER",49.221725,-123.141838
VANCOUVER,CITADEL PARADE,DUNSMUIR ST,e7460bd8-3523-5181-b401-ec302b1e290c,"CITADEL PARADE & DUNSMUIR ST, VANCOUVER",49.279462,-123.11004
VANCOUVER,CITADEL PARADE,DUNSMUIR VIADUCT,ae070dcf-fca1-5953-9356-b60a905ffde0,"CITADEL PARADE & DUNSMUIR VIADUCT, VANCOUVER",49.279462,-123.11004
VANCOUVER,CITADEL PARADE,GEORGIA VIADUCT,ee217c60-9a44-5d7b-a463-32cc6e0a2eda,"CITADEL PARADE & GEORGIA VIADUCT, VANCOUVER",49.278416,-123.111703
VANCOUVER,CITADEL PARADE,REGIMENT SQ,7aa13708-1cf6-5e68-a95e-a5913b02db31,"CITADEL PARADE & REGIMENT SQ, VANCOUVER",49.278958,-123.11084
VANCOUVER,CITADEL PARADE,W GEORGIA ST,97f633be-d2b9-50c7-a5e5-0c5acfd26754,"CITADEL PARADE & W GEORGIA ST, VANCOUVER",49.278416,-123.111703
VANCOUVER,CITY EDGE PL,SE MARINE DR,e61df7fd-f6a4-566c-896e-cf5b2b86fd6f,"CITY EDGE PL & SE MARINE DR, VANCOUVER",49.207969,-123.0261
VANCOUVER,CLANCY LORANGER WAY,MIDLOTHIAN AVE,e2ed8370-e4e3-5f29-bf5a-34ee5ad8ad09,"CLANCY LORANGER WAY & MIDLOTHIAN AVE, VANCOUVER",49.243009,-123.109102
VANCOUVER,CLARENDON ST,E 29TH AVE,0a506a92-9360-5a9f-aefd-bb0d23db9e77,"CLARENDON ST & E 29TH AVE, VANCOUVER",49.244619,-123.052614
VANCOUVER,CLARENDON ST,E 33RD AVE,28f773d6-760c-5328-a767-17cf4e1e5e93,"CLARENDON ST & E 33RD AVE, VANCOUVER",49.239772,-123.055455
VANCOUVER,CLARENDON ST,E 34TH AVE,6b2f4f00-78fd-5b89-8aa1-52d3c7618d44,"CLARENDON ST & E 34TH AVE, VANCOUVER",49.238892,-123.055462
VANCOUVER,CLARENDON ST,E 37TH AVE,4988d1e5-6aa6-5ae9-bea0-ba3f27192fdd,"CLARENDON ST & E 37TH AVE, VANCOUVER",49.237393,-123.055482
VANCOUVER,CLARENDON ST,E 38TH AVE,664caf0a-1461-5346-bdea-b267e21de4d1,"CLARENDON ST & E 38TH AVE, VANCOUVER",49.235903,-123.055493
VANCOUVER,CLARENDON ST,E 39TH AVE,3cdef1c1-bdba-5967-9b5d-7bf6c3f99605,"CLARENDON ST & E 39TH AVE, VANCOUVER",49.234871,-123.055511
VANCOUVER,CLARENDON ST,E 40TH AVE,0d1c5e88-0c15-55c7-907a-05eb4495ee23,"CLARENDON ST & E 40TH AVE, VANCOUVER",49.233859,-123.055528
VANCOUVER,CLARENDON ST,E 41ST AVE,b9e95e93-9482-55f7-a560-a04c6210eec9,"CLARENDON ST & E 41ST AVE, VANCOUVER",49.232812,-123.05548
VANCOUVER,CLARENDON ST,E 42ND AVE,c01cd7a5-76db-524e-bbec-b0aaada6f54c,"CLARENDON ST & E 42ND AVE, VANCOUVER",49.231787,-123.05522
VANCOUVER,CLARENDON ST,E 43RD AVE,8320cbb8-d1ba-5364-8564-aa76a454b88f,"CLARENDON ST & E 43RD AVE, VANCOUVER",49.230867,-123.055203
VANCOUVER,CLARENDON ST,E 45TH AVE,5eac41a4-4628-542d-9a2f-33bbde03e5b6,"CLARENDON ST & E 45TH AVE, VANCOUVER",49.229376,-123.05492
VANCOUVER,CLARENDON ST,E 48TH AVE,24c317fd-230a-5707-b7f7-4f9c40f4d43c,"CLARENDON ST & E 48TH AVE, VANCOUVER",49.225748,-123.056083
VANCOUVER,CLARENDON ST,E 49TH AVE,d74e3da3-2d53-54ed-8443-e936ba5dfedf,"CLARENDON ST & E 49TH AVE, VANCOUVER",49.224813,-123.056139
VANCOUVER,CLARENDON ST,E 54TH AVE,88d95cba-95a2-534a-88a1-bb4e813bdce7,"CLARENDON ST & E 54TH AVE, VANCOUVER",49.220189,-123.056439
VANCOUVER,CLARENDON ST,GALT ST,8b2e833e-ca30-5678-ac3b-e57f49fed9d5,"CLARENDON ST & GALT ST, VANCOUVER",49.241166,-123.05453
VANCOUVER,CLARENDON ST,KINGSWAY,738bed57-bbd1-57dc-b58d-bef4d3a5418e,"CLARENDON ST & KINGSWAY, VANCOUVER",49.240239,-123.054535
VANCOUVER,CLARENDON ST,WAVERLEY AVE,0a48aaf4-a49e-533a-96b1-58a3c7c158da,"CLARENDON ST & WAVERLEY AVE, VANCOUVER",49.226867,-123.056019
VANCOUVER,CLARK DR,E 10TH AVE,96f1efcd-0953-58da-a6e5-72053291312d,"CLARK DR & E 10TH AVE, VANCOUVER",49.261417,-123.077602
VANCOUVER,CLARK DR,E 11TH AVE,1ade9163-ae29-50f4-9770-2d0f15462342,"CLARK DR & E 11TH AVE, VANCOUVER",49.260518,-123.077534
VANCOUVER,CLARK DR,E 12TH AVE,e5392cc8-bedd-573b-9a2b-a0d254a0372b,"CLARK DR & E 12TH AVE, VANCOUVER",49.259628,-123.077527
VANCOUVER,CLARK DR,E 13TH AVE,5a567e0b-61cb-59a9-b187-87b9a4b17613,"CLARK DR & E 13TH AVE, VANCOUVER",49.258737,-123.077586
VANCOUVER,CLARK DR,E 14TH AVE,53baa1e7-6037-5569-9680-e22ca8165513,"CLARK DR & E 14TH AVE, VANCOUVER",49.25782,-123.077118
VANCOUVER,CLARK DR,E 15TH AVE,bacb3666-d5fc-526c-bc95-f5671cfcc2ef,"CLARK DR & E 15TH AVE, VANCOUVER",49.256691,-123.077721
VANCOUVER,CLARK DR,E 16TH AVE,acedbe6c-cded-5071-8551-441c49bfcc6b,"CLARK DR & E 16TH AVE, VANCOUVER",49.256248,-123.077839
VANCOUVER,CLARK DR,E 17TH AVE,5317e270-0036-59df-b56a-63631032e707,"CLARK DR & E 17TH AVE, VANCOUVER",49.255337,-123.077868
VANCOUVER,CLARK DR,E 18TH AVE,c86d4a22-0206-5633-a6ee-a6bb2452b3df,"CLARK DR & E 18TH AVE, VANCOUVER",49.254433,-123.077898
VANCOUVER,CLARK DR,E 19TH AVE,fb3aba51-673e-5232-b237-939f5b525ff3,"CLARK DR & E 19TH AVE, VANCOUVER",49.253524,-123.077932
VANCOUVER,CLARK DR,E 1ST AVE,edf3b029-dbf4-5ef8-9e8c-dbc154fac6d9,"CLARK DR & E 1ST AVE, VANCOUVER",49.269649,-123.077365
VANCOUVER,CLARK DR,E 20TH AVE,5fc125f0-fce0-5304-a546-e770e47cf4da,"CLARK DR & E 20TH AVE, VANCOUVER",49.25263,-123.077961
VANCOUVER,CLARK DR,E 21ST AVE,cdd21492-36d2-53ed-a6f0-66d08b9de497,"CLARK DR & E 21ST AVE, VANCOUVER",49.251711,-123.077991
VANCOUVER,CLARK DR,E 22ND AVE,a93ece26-a0ed-55b2-b768-7b9e021903b7,"CLARK DR & E 22ND AVE, VANCOUVER",49.250837,-123.078022
VANCOUVER,CLARK DR,E 23RD AVE,5809af39-8edf-5df4-a0fd-a11ce6cb393c,"CLARK DR & E 23RD AVE, VANCOUVER",49.249926,-123.078044
VANCOUVER,CLARK DR,E 24TH AVE,f6908704-3893-58a6-91a9-24c6f5c2ee4e,"CLARK DR & E 24TH AVE, VANCOUVER",49.249015,-123.078074
VANCOUVER,CLARK DR,E 25TH AVE,f5e070a7-3587-5eee-a1c8-bb4b2048a8ac,"CLARK DR & E 25TH AVE, VANCOUVER",49.248534,-123.078088
VANCOUVER,CLARK DR,E 2ND AVE,1767e9d7-c717-54c9-94ac-0673be25b5fc,"CLARK DR & E 2ND AVE, VANCOUVER",49.268754,-123.077385
VANCOUVER,CLARK DR,E 3RD AVE,978628bb-14bf-5384-9a75-626b1d096e63,"CLARK DR & E 3RD AVE, VANCOUVER",49.267849,-123.07738
VANCOUVER,CLARK DR,E 4TH AVE,b312588d-dd11-5206-87ec-b50b0ca69406,"CLARK DR & E 4TH AVE, VANCOUVER",49.266943,-123.077407
VANCOUVER,CLARK DR,E 6TH AVE,aaf6a310-7882-5cc5-8295-43f8d9298248,"CLARK DR & E 6TH AVE, VANCOUVER",49.265174,-123.077429
VANCOUVER,CLARK DR,E 7TH AVE,64b4b0d8-8903-58a4-a765-cb738bb8d521,"CLARK DR & E 7TH AVE, VANCOUVER",49.264234,-123.077487
VANCOUVER,CLARK DR,E 8TH AVE,f8188937-ad36-56fa-90bb-268c0ebabfd5,"CLARK DR & E 8TH AVE, VANCOUVER",49.263332,-123.077527
VANCOUVER,CLARK DR,E BROADWAY,9b040a22-801b-54f1-b27c-6d5c64243e9d,"CLARK DR & E BROADWAY, VANCOUVER",49.262392,-123.077552
VANCOUVER,CLARK DR,E GEORGIA ST,85517cbe-d8dc-5678-9629-5ca96d2074d8,"CLARK DR & E GEORGIA ST, VANCOUVER",49.278555,-123.077227
VANCOUVER,CLARK DR,E HASTINGS ST,b62a915f-fd8e-5998-9785-85781c14160c,"CLARK DR & E HASTINGS ST, VANCOUVER",49.281344,-123.0771
VANCOUVER,CLARK DR,E KING EDWARD AVE,4da74c00-f448-5528-8520-197d4eaa5627,"CLARK DR & E KING EDWARD AVE, VANCOUVER",49.248534,-123.078088
VANCOUVER,CLARK DR,E PENDER ST,4987feea-42af-5510-b612-5b355c7255f1,"CLARK DR & E PENDER ST, VANCOUVER",49.280357,-123.077162
VANCOUVER,CLARK DR,FRANCES ST,0166648f-85aa-5dc8-b726-fa08b386dfc0,"CLARK DR & FRANCES ST, VANCOUVER",49.279468,-123.077195
VANCOUVER,CLARK DR,FRANKLIN ST,adc0a01a-949a-5e52-be35-303f6096a127,"CLARK DR & FRANKLIN ST, VANCOUVER",49.282259,-123.077222
VANCOUVER,CLARK DR,GRANDVIEW HWY N,b442f073-6b95-555c-8dcf-0a9841a9e526,"CLARK DR & GRANDVIEW HWY N, VANCOUVER",49.266296,-123.077412
VANCOUVER,CLARK DR,GRANDVIEW VIADUCT,7ab7edc1-5633-5fa6-a0f8-e7611aa0fa69,"CLARK DR & GRANDVIEW VIADUCT, VANCOUVER",49.269649,-123.077365
VANCOUVER,CLARK DR,GRANT ST,4feeb13c-83a0-5251-a49e-5c70566d294f,"CLARK DR & GRANT ST, VANCOUVER",49.271501,-123.077338
VANCOUVER,CLARK DR,GRAVELEY ST,f28d0eef-c3dc-5dda-973c-62df992cb139,"CLARK DR & GRAVELEY ST, VANCOUVER",49.270564,-123.077353
VANCOUVER,CLARK DR,KINGSWAY,4a55386a-41c4-5373-b5c8-68cd3bd14e35,"CLARK DR & KINGSWAY, VANCOUVER",49.251162,-123.078009
VANCOUVER,CLARK DR,KNIGHT ST,2b77ace7-ba61-5bfb-b15d-b2034d2db9cb,"CLARK DR & KNIGHT ST, VANCOUVER",49.25782,-123.077118
VANCOUVER,CLARK DR,NAPIER ST,8763c02d-a91d-590b-bee5-2c6910d59d4c,"CLARK DR & NAPIER ST, VANCOUVER",49.274941,-123.077297
VANCOUVER,CLARK DR,PARKER ST,af441833-120a-581f-9319-51e481428892,"CLARK DR & PARKER ST, VANCOUVER",49.275854,-123.077288
VANCOUVER,CLARK DR,POWELL ST,2790d06b-b021-517d-a839-8fdb1be3a1ac,"CLARK DR & POWELL ST, VANCOUVER",49.283064,-123.077105
VANCOUVER,CLARK DR,STEWART ST,80f13c24-2932-5e79-821a-45bfaabcb437,"CLARK DR & STEWART ST, VANCOUVER",49.283966,-123.075796
VANCOUVER,CLARK DR,VENABLES ST,35c486c7-1bcd-53fc-98dd-f5d0051fb7a1,"CLARK DR & VENABLES ST, VANCOUVER",49.276759,-123.077265
VANCOUVER,CLARK DR,WILLIAM ST,52900f6d-49db-5b36-b30e-05433627e6b0,"CLARK DR & WILLIAM ST, VANCOUVER",49.27404,-123.077299
VANCOUVER,CLIVE AVE,MCHARDY ST,bba565ec-e695-577e-b085-0ca02c7d98ed,"CLIVE AVE & MCHARDY ST, VANCOUVER",49.239003,-123.035103
VANCOUVER,COAL HARBOUR QUAY,NICOLA ST,094b7390-aeeb-5358-b51b-a1575aea52bd,"COAL HARBOUR QUAY & NICOLA ST, VANCOUVER",49.2911,-123.127533
VANCOUVER,COLLEGE ST,E 41ST AVE,101e60cf-830d-5fe1-bc49-7af9218b1dfb,"COLLEGE ST & E 41ST AVE, VANCOUVER",49.232947,-123.044505
VANCOUVER,COLLEGE ST,KINGSWAY,fe821df7-3896-52c7-966a-e26695f0e57a,"COLLEGE ST & KINGSWAY, VANCOUVER",49.236056,-123.044366
VANCOUVER,COLLEGE ST,SCHOOL AVE,98e26527-5d9e-5058-a366-5aa1d19fa0c8,"COLLEGE ST & SCHOOL AVE, VANCOUVER",49.236056,-123.044366
VANCOUVER,COLLINGWOOD PL,COLLINGWOOD ST,fb3cb6d0-9c43-59a4-86df-9caf516c7b82,"COLLINGWOOD PL & COLLINGWOOD ST, VANCOUVER",49.231684,-123.182065
VANCOUVER,COLLINGWOOD ST,POINT GREY RD,d8de884c-5cf1-5e99-ab95-20785c619ad5,"COLLINGWOOD ST & POINT GREY RD, VANCOUVER",49.271966,-123.181598
VANCOUVER,COLLINGWOOD ST,SW MARINE DR,b4fb0c38-1c21-5c7b-98fc-1f3d7a1ebf64,"COLLINGWOOD ST & SW MARINE DR, VANCOUVER",49.230144,-123.182012
VANCOUVER,COLLINGWOOD ST,W 10TH AVE,777efd2d-3aea-50e8-9276-77924371ddd5,"COLLINGWOOD ST & W 10TH AVE, VANCOUVER",49.26342,-123.181884
VANCOUVER,COLLINGWOOD ST,W 11TH AVE,d3f496af-d304-5825-82a8-dc62069aa07e,"COLLINGWOOD ST & W 11TH AVE, VANCOUVER",49.262487,-123.181916
VANCOUVER,COLLINGWOOD ST,W 12TH AVE,ee022058-17f5-5fdc-97a4-79c7af809e30,"COLLINGWOOD ST & W 12TH AVE, VANCOUVER",49.261615,-123.181958
VANCOUVER,COLLINGWOOD ST,W 13TH AVE,d550fd04-3330-598b-8784-90e3302a6cf6,"COLLINGWOOD ST & W 13TH AVE, VANCOUVER",49.260699,-123.181976
VANCOUVER,COLLINGWOOD ST,W 15TH AVE,743d95d6-b652-536f-9e20-7e6405911d4c,"COLLINGWOOD ST & W 15TH AVE, VANCOUVER",49.258869,-123.182037
VANCOUVER,COLLINGWOOD ST,W 16TH AVE,920d778e-403e-5e0e-ae29-d06f5bbb3954,"COLLINGWOOD ST & W 16TH AVE, VANCOUVER",49.257963,-123.18207
VANCOUVER,COLLINGWOOD ST,W 18TH AVE,08a93ae3-c8b3-5a72-80b8-18b007b4ba37,"COLLINGWOOD ST & W 18TH AVE, VANCOUVER",49.256471,-123.181832
VANCOUVER,COLLINGWOOD ST,W 19TH AVE,aba14fec-c7ea-5619-aaef-a8952544b5cb,"COLLINGWOOD ST & W 19TH AVE, VANCOUVER",49.255565,-123.181842
VANCOUVER,COLLINGWOOD ST,W 1ST AVE,5f1a1d48-5415-53ee-bce2-409d9db8b32e,"COLLINGWOOD ST & W 1ST AVE, VANCOUVER",49.271252,-123.181624
VANCOUVER,COLLINGWOOD ST,W 20TH AVE,d181658b-66e1-54ef-9945-3d6132436813,"COLLINGWOOD ST & W 20TH AVE, VANCOUVER",49.254661,-123.181851
VANCOUVER,COLLINGWOOD ST,W 21ST AVE,92c94d83-edcd-57d4-890b-5d1ee715f8f8,"COLLINGWOOD ST & W 21ST AVE, VANCOUVER",49.253748,-123.181863
VANCOUVER,COLLINGWOOD ST,W 23RD AVE,217ba67e-c510-5f1f-8271-449b4e21afce,"COLLINGWOOD ST & W 23RD AVE, VANCOUVER",49.251933,-123.18186
VANCOUVER,COLLINGWOOD ST,W 24TH AVE,505436fc-aa96-5ef5-b89c-111309eea425,"COLLINGWOOD ST & W 24TH AVE, VANCOUVER",49.25104,-123.181858
VANCOUVER,COLLINGWOOD ST,W 25TH AVE,bea4a8c7-72e4-5e58-9a3d-64f9d5cc53c5,"COLLINGWOOD ST & W 25TH AVE, VANCOUVER",49.250047,-123.181839
VANCOUVER,COLLINGWOOD ST,W 27TH AVE,d887510b-03f7-5453-a24e-1f31ddcd28a9,"COLLINGWOOD ST & W 27TH AVE, VANCOUVER",49.248059,-123.18184
VANCOUVER,COLLINGWOOD ST,W 28TH AVE,f0d70e79-cee8-5bd8-8387-f4771cd08415,"COLLINGWOOD ST & W 28TH AVE, VANCOUVER",49.247114,-123.181911
VANCOUVER,COLLINGWOOD ST,W 29TH AVE,00c27d0d-df28-5cde-a373-172b2c4acf8a,"COLLINGWOOD ST & W 29TH AVE, VANCOUVER",49.246162,-123.181936
VANCOUVER,COLLINGWOOD ST,W 2ND AVE,af496816-ed2b-5378-b568-25200451d5fc,"COLLINGWOOD ST & W 2ND AVE, VANCOUVER",49.270348,-123.181644
VANCOUVER,COLLINGWOOD ST,W 30TH AVE,b34d60c5-46d5-5fc4-9691-11e27be75186,"COLLINGWOOD ST & W 30TH AVE, VANCOUVER",49.245194,-123.181947
VANCOUVER,COLLINGWOOD ST,W 31ST AVE,98f28c1d-4c1a-5fd9-9e43-0ad03cb1f010,"COLLINGWOOD ST & W 31ST AVE, VANCOUVER",49.244258,-123.181958
VANCOUVER,COLLINGWOOD ST,W 32ND AVE,b7ad2afe-2264-5b11-8459-b5ca2bc29f1c,"COLLINGWOOD ST & W 32ND AVE, VANCOUVER",49.243307,-123.18193
VANCOUVER,COLLINGWOOD ST,W 33RD AVE,d8662ef4-8f3f-5386-8138-4246c09a2a31,"COLLINGWOOD ST & W 33RD AVE, VANCOUVER",49.242353,-123.181971
VANCOUVER,COLLINGWOOD ST,W 34TH AVE,b4e58460-f9f4-5fb4-8db5-9bee39d059aa,"COLLINGWOOD ST & W 34TH AVE, VANCOUVER",49.241407,-123.181956
VANCOUVER,COLLINGWOOD ST,W 35TH AVE,e417bc81-537f-5f4e-8282-1a02342a4a7e,"COLLINGWOOD ST & W 35TH AVE, VANCOUVER",49.240466,-123.181965
VANCOUVER,COLLINGWOOD ST,W 36TH AVE,2c372251-8813-54af-bb1b-9594992d79ec,"COLLINGWOOD ST & W 36TH AVE, VANCOUVER",49.239514,-123.181981
VANCOUVER,COLLINGWOOD ST,W 37TH AVE,58a50509-8f86-5823-9c54-95ba38a35a87,"COLLINGWOOD ST & W 37TH AVE, VANCOUVER",49.238593,-123.181991
VANCOUVER,COLLINGWOOD ST,W 39TH AVE,2401e9a5-b92f-5ab7-8198-47a8690467c1,"COLLINGWOOD ST & W 39TH AVE, VANCOUVER",49.236439,-123.182017
VANCOUVER,COLLINGWOOD ST,W 3RD AVE,8a5d6dfe-001d-556e-908f-85a1158c80b2,"COLLINGWOOD ST & W 3RD AVE, VANCOUVER",49.269461,-123.181678
VANCOUVER,COLLINGWOOD ST,W 40TH AVE,910627d7-ae1d-58ad-8e12-f609b119efa6,"COLLINGWOOD ST & W 40TH AVE, VANCOUVER",49.235694,-123.182028
VANCOUVER,COLLINGWOOD ST,W 41ST AVE,3546b2e4-9d80-5ecc-8bad-98f6dfd6bc45,"COLLINGWOOD ST & W 41ST AVE, VANCOUVER",49.234763,-123.182031
VANCOUVER,COLLINGWOOD ST,W 42ND AVE,18276055-8b00-526b-a2ab-61d10ba1c6c1,"COLLINGWOOD ST & W 42ND AVE, VANCOUVER",49.23381,-123.182032
VANCOUVER,COLLINGWOOD ST,W 43RD AVE,850534c7-a6a3-5024-b6e8-fbabc4c602db,"COLLINGWOOD ST & W 43RD AVE, VANCOUVER",49.232882,-123.182067
VANCOUVER,COLLINGWOOD ST,W 48TH AVE,a1951485-dfdf-5374-9d28-bb30e6b5dcac,"COLLINGWOOD ST & W 48TH AVE, VANCOUVER",49.228544,-123.182102
VANCOUVER,COLLINGWOOD ST,W 49TH AVE,2e85bb68-bce7-5400-9c72-715c11e76e19,"COLLINGWOOD ST & W 49TH AVE, VANCOUVER",49.227455,-123.182164
VANCOUVER,COLLINGWOOD ST,W 4TH AVE,c7321732-2588-5e64-b809-c6e5e304214d,"COLLINGWOOD ST & W 4TH AVE, VANCOUVER",49.268561,-123.181736
VANCOUVER,COLLINGWOOD ST,W 5TH AVE,7b0eba38-c5cd-516b-9874-ed9767942b4e,"COLLINGWOOD ST & W 5TH AVE, VANCOUVER",49.267688,-123.181741
VANCOUVER,COLLINGWOOD ST,W 7TH AVE,937950b9-763b-57f7-8864-2ab3b9d99970,"COLLINGWOOD ST & W 7TH AVE, VANCOUVER",49.265994,-123.181799
VANCOUVER,COLLINGWOOD ST,W 8TH AVE,76968cba-3d16-5101-8bf3-d1e942e29d6e,"COLLINGWOOD ST & W 8TH AVE, VANCOUVER",49.265177,-123.181828
VANCOUVER,COLLINGWOOD ST,W BROADWAY,cd47b2de-67a3-5633-b291-ed818848b8c0,"COLLINGWOOD ST & W BROADWAY, VANCOUVER",49.264303,-123.181856
VANCOUVER,COLLINGWOOD ST,W KING EDWARD AVE,4ecd9221-4d73-576f-b4ff-f91e6e0605dd,"COLLINGWOOD ST & W KING EDWARD AVE, VANCOUVER",49.250047,-123.181839
VANCOUVER,COLUMBIA ST,E CORDOVA ST,767fd1db-a0b8-5b12-9aa3-d7f3aa7ac821,"COLUMBIA ST & E CORDOVA ST, VANCOUVER",49.282345,-123.102224
VANCOUVER,COLUMBIA ST,E HASTINGS ST,1f49a867-b72f-55b1-b3ee-8f6334972ecd,"COLUMBIA ST & E HASTINGS ST, VANCOUVER",49.281401,-123.102263
VANCOUVER,COLUMBIA ST,E PENDER ST,3ee3fa66-0843-52de-8dd6-23443c70bf4b,"COLUMBIA ST & E PENDER ST, VANCOUVER",49.280443,-123.102269
VANCOUVER,COLUMBIA ST,KEEFER ST,b5a3567e-7053-5789-b6ec-2c12b4ca11f1,"COLUMBIA ST & KEEFER ST, VANCOUVER",49.279286,-123.102155
VANCOUVER,COLUMBIA ST,POWELL ST,67920f83-87bd-5260-b9ba-61762c9435c4,"COLUMBIA ST & POWELL ST, VANCOUVER",49.283241,-123.102183
VANCOUVER,COLUMBIA ST,QUEBEC ST,99bc36d6-d4a1-56b2-b97b-ce4c3981b490,"COLUMBIA ST & QUEBEC ST, VANCOUVER",49.279286,-123.102155
VANCOUVER,COLUMBIA ST,SW MARINE DR,f6e9a112-610e-5449-8ff6-ebc55e756fcf,"COLUMBIA ST & SW MARINE DR, VANCOUVER",49.21142,-123.112814
VANCOUVER,COLUMBIA ST,W 10TH AVE,7499fa81-d20e-5be6-9de2-3a69f00584d4,"COLUMBIA ST & W 10TH AVE, VANCOUVER",49.26215,-123.109491
VANCOUVER,COLUMBIA ST,W 11TH AVE,9e3adcf6-e395-509f-9347-a003353af8f9,"COLUMBIA ST & W 11TH AVE, VANCOUVER",49.261238,-123.109525
VANCOUVER,COLUMBIA ST,W 12TH AVE,24abb3f8-21bf-5735-9047-4f5f3445253a,"COLUMBIA ST & W 12TH AVE, VANCOUVER",49.260337,-123.109558
VANCOUVER,COLUMBIA ST,W 13TH AVE,3d658ced-9aef-51d8-8607-46fa437aa1ec,"COLUMBIA ST & W 13TH AVE, VANCOUVER",49.259397,-123.109606
VANCOUVER,COLUMBIA ST,W 14TH AVE,051a8456-2958-511f-b231-cd255cfdbb0f,"COLUMBIA ST & W 14TH AVE, VANCOUVER",49.258592,-123.109609
VANCOUVER,COLUMBIA ST,W 15TH AVE,55df9a26-37cf-535a-9bad-815b5e1cd892,"COLUMBIA ST & W 15TH AVE, VANCOUVER",49.25767,-123.109639
VANCOUVER,COLUMBIA ST,W 16TH AVE,9b1cf6c9-9076-57da-a9a4-e875b86b650d,"COLUMBIA ST & W 16TH AVE, VANCOUVER",49.256753,-123.109699
VANCOUVER,COLUMBIA ST,W 17TH AVE,7e3dc6b1-47b4-5f00-9291-7cd768b50a9d,"COLUMBIA ST & W 17TH AVE, VANCOUVER",49.255746,-123.109744
VANCOUVER,COLUMBIA ST,W 18TH AVE,30e8186d-3868-58dd-8751-886e5d6cc4ca,"COLUMBIA ST & W 18TH AVE, VANCOUVER",49.25476,-123.109793
VANCOUVER,COLUMBIA ST,W 19TH AVE,cf008805-305e-568e-aa89-1e8d182fcff9,"COLUMBIA ST & W 19TH AVE, VANCOUVER",49.253851,-123.109834
VANCOUVER,COLUMBIA ST,W 1ST AVE,758ffd3b-7d02-5251-8f13-2c9fccf8e511,"COLUMBIA ST & W 1ST AVE, VANCOUVER",49.270302,-123.109404
VANCOUVER,COLUMBIA ST,W 22ND AVE,fad6b910-5d4a-5668-9758-7176bfd1cb36,"COLUMBIA ST & W 22ND AVE, VANCOUVER",49.251041,-123.109911
VANCOUVER,COLUMBIA ST,W 23RD AVE,945233da-e8da-54cb-af73-1f3fda9ba716,"COLUMBIA ST & W 23RD AVE, VANCOUVER",49.250014,-123.109961
VANCOUVER,COLUMBIA ST,W 25TH AVE,892162f9-a051-5368-a97d-76e70ea92ef8,"COLUMBIA ST & W 25TH AVE, VANCOUVER",49.248956,-123.11001
VANCOUVER,COLUMBIA ST,W 26TH AVE,c592dd9a-a515-5689-9bf2-a1cc5b97d53d,"COLUMBIA ST & W 26TH AVE, VANCOUVER",49.247761,-123.110048
VANCOUVER,COLUMBIA ST,W 2ND AVE,e98a2eb5-7fad-5f66-8fe6-d98441e9fd49,"COLUMBIA ST & W 2ND AVE, VANCOUVER",49.26923,-123.109427
VANCOUVER,COLUMBIA ST,W 37TH AVE,6859e62d-5969-53d9-95cc-9c5fd9e8643a,"COLUMBIA ST & W 37TH AVE, VANCOUVER",49.237172,-123.110593
VANCOUVER,COLUMBIA ST,W 3RD AVE,56df2d8b-e134-522b-bd37-738ecdde5813,"COLUMBIA ST & W 3RD AVE, VANCOUVER",49.26839,-123.109434
VANCOUVER,COLUMBIA ST,W 41ST AVE,3514ed6f-abe9-5f74-b80d-e193fb703a68,"COLUMBIA ST & W 41ST AVE, VANCOUVER",49.233341,-123.110765
VANCOUVER,COLUMBIA ST,W 42ND AVE,1b119b95-cc78-58ca-ba04-fb84efa2cf92,"COLUMBIA ST & W 42ND AVE, VANCOUVER",49.232353,-123.110802
VANCOUVER,COLUMBIA ST,W 43RD AVE,d38b02f6-f40a-5fa3-805d-5653929be572,"COLUMBIA ST & W 43RD AVE, VANCOUVER",49.231432,-123.110833
VANCOUVER,COLUMBIA ST,W 44TH AVE,088fcc71-a8cb-5a80-ac44-b2f4e91a3679,"COLUMBIA ST & W 44TH AVE, VANCOUVER",49.23056,-123.110867
VANCOUVER,COLUMBIA ST,W 45TH AVE,27cdfdfa-f2b1-589e-991c-ad476321f112,"COLUMBIA ST & W 45TH AVE, VANCOUVER",49.229622,-123.11086
VANCOUVER,COLUMBIA ST,W 47TH AVE,8d2db8d5-54d6-5343-8758-60449561aa4c,"COLUMBIA ST & W 47TH AVE, VANCOUVER",49.227735,-123.110788
VANCOUVER,COLUMBIA ST,W 48TH AVE,9b79e347-7c59-563d-a6b2-9e319ede8e24,"COLUMBIA ST & W 48TH AVE, VANCOUVER",49.226851,-123.110771
VANCOUVER,COLUMBIA ST,W 49TH AVE,aed0fcdf-6aca-53b6-ad06-06c1731634be,"COLUMBIA ST & W 49TH AVE, VANCOUVER",49.225901,-123.110734
VANCOUVER,COLUMBIA ST,W 4TH AVE,a080b052-e8d0-5925-9476-eb790917972f,"COLUMBIA ST & W 4TH AVE, VANCOUVER",49.26745,-123.109445
VANCOUVER,COLUMBIA ST,W 59TH AVE,4d7b291e-bce8-5523-b67b-70d15ba8552f,"COLUMBIA ST & W 59TH AVE, VANCOUVER",49.216889,-123.112629
VANCOUVER,COLUMBIA ST,W 5TH AVE,f9b6619f-1434-515c-af1e-037da6e7f743,"COLUMBIA ST & W 5TH AVE, VANCOUVER",49.266577,-123.109451
VANCOUVER,COLUMBIA ST,W 62ND AVE,41b1948e-2f98-586e-bc26-756876e853fd,"COLUMBIA ST & W 62ND AVE, VANCOUVER",49.214176,-123.112722
VANCOUVER,COLUMBIA ST,W 63RD AVE,64bdd365-e218-5001-ac8e-cc9940a968a4,"COLUMBIA ST & W 63RD AVE, VANCOUVER",49.213363,-123.112749
VANCOUVER,COLUMBIA ST,W 64TH AVE,a09d13ce-c1bc-589f-a3ed-446804c68193,"COLUMBIA ST & W 64TH AVE, VANCOUVER",49.212565,-123.112776
VANCOUVER,COLUMBIA ST,W 6TH AVE,ff7cf8c8-478a-5237-8083-8eeb0ac46bc9,"COLUMBIA ST & W 6TH AVE, VANCOUVER",49.265645,-123.109461
VANCOUVER,COLUMBIA ST,W 7TH AVE,a8bda455-d12d-5bac-85fb-04209778013d,"COLUMBIA ST & W 7TH AVE, VANCOUVER",49.264753,-123.109464
VANCOUVER,COLUMBIA ST,W 8TH AVE,7dd40e88-6c3a-525b-8c17-432d3c064e07,"COLUMBIA ST & W 8TH AVE, VANCOUVER",49.263849,-123.109477
VANCOUVER,COLUMBIA ST,W BROADWAY,7dcb0789-1cef-577b-b51a-b425a8ff251d,"COLUMBIA ST & W BROADWAY, VANCOUVER",49.263119,-123.109484
VANCOUVER,COLUMBIA ST,W KING EDWARD AVE,81e7102b-9bc5-543e-a438-a89f30339a20,"COLUMBIA ST & W KING EDWARD AVE, VANCOUVER",49.248956,-123.11001
VANCOUVER,COLUMBIA ST,W WOODSTOCK AVE,c54ba8ac-ddcd-581a-8002-d503fe903365,"COLUMBIA ST & W WOODSTOCK AVE, VANCOUVER",49.233867,-123.110726
VANCOUVER,COLUMBIA ST,WALTER HARDWICK AVE,d298e96a-8e9f-5476-9e07-362241ce0bbd,"COLUMBIA ST & WALTER HARDWICK AVE, VANCOUVER",49.270977,-123.109397
VANCOUVER,COMMERCIAL DIVERS N,COMMERCIAL DR,c600956c-9fbc-5bfd-aa41-4de8f4d19768,"COMMERCIAL DIVERS N & COMMERCIAL DR, VANCOUVER",49.27801,-123.07042
VANCOUVER,COMMERCIAL DIVERS N,VENABLES ST,061c9e1f-2ac9-52b8-b39c-9906f65f8a78,"COMMERCIAL DIVERS N & VENABLES ST, VANCOUVER",49.276656,-123.06947
VANCOUVER,COMMERCIAL DR,COMMERCIAL ST,0c23eb83-842f-5dc3-b4da-ed4591f4baa8,"COMMERCIAL DR & COMMERCIAL ST, VANCOUVER",49.254248,-123.067997
VANCOUVER,COMMERCIAL DR,E 10TH AVE,f2b9eb7b-defe-5601-a9da-9653722cd095,"COMMERCIAL DR & E 10TH AVE, VANCOUVER",49.26138,-123.069805
VANCOUVER,COMMERCIAL DR,E 11TH AVE,fee99d73-63cb-5fc1-985c-0fbe6242d4b2,"COMMERCIAL DR & E 11TH AVE, VANCOUVER",49.260447,-123.069828
VANCOUVER,COMMERCIAL DR,E 12TH AVE,21f71827-964d-52a2-9c3a-3e31a42630ec,"COMMERCIAL DR & E 12TH AVE, VANCOUVER",49.259588,-123.069846
VANCOUVER,COMMERCIAL DR,E 13TH AVE,1c1ed678-3050-50ec-b1e4-23a8d1cf9818,"COMMERCIAL DR & E 13TH AVE, VANCOUVER",49.258687,-123.069859
VANCOUVER,COMMERCIAL DR,E 14TH AVE,ff5124b7-eb80-5ce7-bab4-e2f8c8f9f8e0,"COMMERCIAL DR & E 14TH AVE, VANCOUVER",49.257754,-123.069867
VANCOUVER,COMMERCIAL DR,E 15TH AVE,e1bbc212-7544-5ed4-9b6a-f4f4f2c1809f,"COMMERCIAL DR & E 15TH AVE, VANCOUVER",49.256845,-123.069877
VANCOUVER,COMMERCIAL DR,E 16TH AVE,217001f0-e8d0-5e95-9af3-43ae338dced8,"COMMERCIAL DR & E 16TH AVE, VANCOUVER",49.256364,-123.069821
VANCOUVER,COMMERCIAL DR,E 18TH AVE,026ef73a-3844-5f06-b278-8e8860078226,"COMMERCIAL DR & E 18TH AVE, VANCOUVER",49.254248,-123.067997
VANCOUVER,COMMERCIAL DR,E 1ST AVE,c000b60d-cb66-522d-b5aa-a9de02895f66,"COMMERCIAL DR & E 1ST AVE, VANCOUVER",49.269586,-123.069675
VANCOUVER,COMMERCIAL DR,E 2ND AVE,68601305-7918-59bc-bdcc-030a6614fcb1,"COMMERCIAL DR & E 2ND AVE, VANCOUVER",49.2687,-123.069673
VANCOUVER,COMMERCIAL DR,E 3RD AVE,e595df55-66c5-536d-be4d-df425a2fc149,"COMMERCIAL DR & E 3RD AVE, VANCOUVER",49.267792,-123.069678
VANCOUVER,COMMERCIAL DR,E 4TH AVE,5897978f-fd0d-50d9-98d8-7bf510aaa4c3,"COMMERCIAL DR & E 4TH AVE, VANCOUVER",49.266982,-123.069697
VANCOUVER,COMMERCIAL DR,E 5TH AVE,2ae623fd-0ad3-548a-8768-0663db3fd1ac,"COMMERCIAL DR & E 5TH AVE, VANCOUVER",49.265887,-123.06972
VANCOUVER,COMMERCIAL DR,E 6TH AVE,90803c2b-1ac3-5d41-95e0-5beb716f96af,"COMMERCIAL DR & E 6TH AVE, VANCOUVER",49.265079,-123.06974
VANCOUVER,COMMERCIAL DR,E 7TH AVE,1fc697b3-6dfd-5245-af2d-669da5f6c438,"COMMERCIAL DR & E 7TH AVE, VANCOUVER",49.264168,-123.069758
VANCOUVER,COMMERCIAL DR,E 8TH AVE,e844cf79-4307-5b79-b1a3-3af61280648d,"COMMERCIAL DR & E 8TH AVE, VANCOUVER",49.262926,-123.069784
VANCOUVER,COMMERCIAL DR,E 9TH AVE,3ccbe174-dbe9-53a5-90f5-2b47238f8f75,"COMMERCIAL DR & E 9TH AVE, VANCOUVER",49.262326,-123.069794
VANCOUVER,COMMERCIAL DR,E BROADWAY,7afe5945-9084-534b-b780-449d89dbc8c5,"COMMERCIAL DR & E BROADWAY, VANCOUVER",49.262326,-123.069794
VANCOUVER,COMMERCIAL DR,E GEORGIA ST,5b6d18bf-2f38-5262-acd2-d2344a0efd20,"COMMERCIAL DR & E GEORGIA ST, VANCOUVER",49.278482,-123.070471
VANCOUVER,COMMERCIAL DR,E HASTINGS ST,91349cd6-1bf7-5991-a628-458acfe8483e,"COMMERCIAL DR & E HASTINGS ST, VANCOUVER",49.281248,-123.070399
VANCOUVER,COMMERCIAL DR,E PENDER ST,629cb1df-8dda-526d-9d92-fa00d3988ae1,"COMMERCIAL DR & E PENDER ST, VANCOUVER",49.280284,-123.070428
VANCOUVER,COMMERCIAL DR,FINDLAY ST,cd1ffc4a-b06b-56e0-8c10-51cae1c96be9,"COMMERCIAL DR & FINDLAY ST, VANCOUVER",49.254248,-123.067997
VANCOUVER,COMMERCIAL DR,FRANCES ST,3b7cd1cf-6f59-517a-9d7a-b984d25cefdc,"COMMERCIAL DR & FRANCES ST, VANCOUVER",49.279379,-123.070451
VANCOUVER,COMMERCIAL DR,FRANKLIN ST,d89736ad-8067-5de2-af98-a84ab9deee2f,"COMMERCIAL DR & FRANKLIN ST, VANCOUVER",49.282184,-123.070378
VANCOUVER,COMMERCIAL DR,GRANDVIEW HWY N,849e2b1e-6957-5146-a2fb-fb84e2616f2c,"COMMERCIAL DR & GRANDVIEW HWY N, VANCOUVER",49.263743,-123.069767
VANCOUVER,COMMERCIAL DR,GRANT ST,fed6bb7b-efbe-5ed8-8829-fa8df3c2903e,"COMMERCIAL DR & GRANT ST, VANCOUVER",49.271372,-123.069625
VANCOUVER,COMMERCIAL DR,GRAVELEY ST,8d1a0acc-d39a-5c97-bdf1-67932753fd88,"COMMERCIAL DR & GRAVELEY ST, VANCOUVER",49.270499,-123.069649
VANCOUVER,COMMERCIAL DR,KITCHENER ST,76558aa9-1fd3-5ed7-8e6d-f06b5402e03e,"COMMERCIAL DR & KITCHENER ST, VANCOUVER",49.272138,-123.069607
VANCOUVER,COMMERCIAL DR,MCSPADDEN AVE,f62c4c6e-b217-5313-89b2-67d2311b12a9,"COMMERCIAL DR & MCSPADDEN AVE, VANCOUVER",49.266436,-123.06971
VANCOUVER,COMMERCIAL DR,NAPIER ST,9439fe80-5a9d-538e-bf5b-89bb2979ba04,"COMMERCIAL DR & NAPIER ST, VANCOUVER",49.274864,-123.069545
VANCOUVER,COMMERCIAL DR,PANDORA ST,ca6113a4-b90e-577e-97d8-e01b58ffb0c4,"COMMERCIAL DR & PANDORA ST, VANCOUVER",49.283083,-123.070348
VANCOUVER,COMMERCIAL DR,PARKER ST,918adb84-917d-54d2-8afa-e2477054785f,"COMMERCIAL DR & PARKER ST, VANCOUVER",49.275761,-123.069532
VANCOUVER,COMMERCIAL DR,POWELL ST,64513019-62b0-5fca-a7b9-6c1b8ca1e82a,"COMMERCIAL DR & POWELL ST, VANCOUVER",49.283863,-123.070348
VANCOUVER,COMMERCIAL DR,VENABLES ST,0378c4b9-f688-5cbb-9b07-792e78619973,"COMMERCIAL DR & VENABLES ST, VANCOUVER",49.276673,-123.070461
VANCOUVER,COMMERCIAL DR,VICTORIA DIVERS,d30bda2c-8cb3-50c1-bf73-7bc7045d72d3,"COMMERCIAL DR & VICTORIA DIVERS, VANCOUVER",49.254248,-123.067997
VANCOUVER,COMMERCIAL DR,WILLIAM ST,cc40f029-8311-545a-8264-0d0a643ca234,"COMMERCIAL DR & WILLIAM ST, VANCOUVER",49.273951,-123.069559
VANCOUVER,COMMERCIAL ST,E 18TH AVE,046d8c7b-afb7-5a0d-8f6a-9f6e86b60cb9,"COMMERCIAL ST & E 18TH AVE, VANCOUVER",49.254248,-123.067997
VANCOUVER,COMMERCIAL ST,E 20TH AVE,f3054202-14ea-5c29-a450-99b21645fada,"COMMERCIAL ST & E 20TH AVE, VANCOUVER",49.252409,-123.068048
VANCOUVER,COMMERCIAL ST,E 22ND AVE,a63373d0-a54f-59da-b034-0993f26f4372,"COMMERCIAL ST & E 22ND AVE, VANCOUVER",49.250311,-123.06797
VANCOUVER,COMMERCIAL ST,E 28TH AVE,0fcd115a-022e-5a36-b95b-6aeb98605339,"COMMERCIAL ST & E 28TH AVE, VANCOUVER",49.245,-123.067888
VANCOUVER,COMMERCIAL ST,E 29TH AVE,34193ce7-67d4-502b-932f-971d0f696a01,"COMMERCIAL ST & E 29TH AVE, VANCOUVER",49.243975,-123.067955
VANCOUVER,COMMERCIAL ST,E 32ND AVE,f67d3191-0017-538d-a159-e98991813300,"COMMERCIAL ST & E 32ND AVE, VANCOUVER",49.241554,-123.068006
VANCOUVER,COMMERCIAL ST,E 33RD AVE,50cb0434-c2a5-5b0f-9a7f-d9f59547d3a7,"COMMERCIAL ST & E 33RD AVE, VANCOUVER",49.240097,-123.068015
VANCOUVER,COMMERCIAL ST,E 34TH AVE,8f0dedf5-d641-58dd-9d01-a285d922c79b,"COMMERCIAL ST & E 34TH AVE, VANCOUVER",49.239269,-123.068534
VANCOUVER,COMMERCIAL ST,E 35TH AVE,46b795fd-f941-5e21-a8b4-546d9d9098f3,"COMMERCIAL ST & E 35TH AVE, VANCOUVER",49.238376,-123.068571
VANCOUVER,COMMERCIAL ST,E 36TH AVE,a5d26037-4d7e-55ad-89f7-e8b236b40429,"COMMERCIAL ST & E 36TH AVE, VANCOUVER",49.237551,-123.068598
VANCOUVER,COMMERCIAL ST,E 37TH AVE,6cf692cd-ba42-5a4b-b633-57f8aed0e2ea,"COMMERCIAL ST & E 37TH AVE, VANCOUVER",49.236727,-123.068619
VANCOUVER,COMMERCIAL ST,E 38TH AVE,47b49004-8881-5a09-a677-5a5747afb005,"COMMERCIAL ST & E 38TH AVE, VANCOUVER",49.23527,-123.068642
VANCOUVER,COMMERCIAL ST,E 39TH AVE,1b41622f-865a-5e26-9da4-eedb804a3ba7,"COMMERCIAL ST & E 39TH AVE, VANCOUVER",49.234611,-123.068652
VANCOUVER,COMMERCIAL ST,E 40TH AVE,b95e100a-6d7b-5554-ad95-4c4a956a87aa,"COMMERCIAL ST & E 40TH AVE, VANCOUVER",49.233617,-123.068666
VANCOUVER,COMMERCIAL ST,E 41ST AVE,5c1555f6-9d6c-5ed3-ab19-379ab9b28c7a,"COMMERCIAL ST & E 41ST AVE, VANCOUVER",49.2326,-123.068686
VANCOUVER,COMMERCIAL ST,E 43RD AVE,20524675-7676-576c-8f22-d1e8eda16aa5,"COMMERCIAL ST & E 43RD AVE, VANCOUVER",49.230535,-123.068781
VANCOUVER,COMMERCIAL ST,E 45TH AVE,65ea3a27-3b05-5409-b340-95c6b127921d,"COMMERCIAL ST & E 45TH AVE, VANCOUVER",49.228978,-123.068319
VANCOUVER,COMMERCIAL ST,E 47TH AVE,7576ba21-3fa3-5823-acf9-b0f983cb068f,"COMMERCIAL ST & E 47TH AVE, VANCOUVER",49.227644,-123.068355
VANCOUVER,COMMERCIAL ST,E 49TH AVE,38d8aa5e-3cf6-546c-8439-11ee5198dc2c,"COMMERCIAL ST & E 49TH AVE, VANCOUVER",49.225192,-123.069052
VANCOUVER,COMMERCIAL ST,E 50TH AVE,8faf35d1-d0b8-50c7-b90d-99d70eb81041,"COMMERCIAL ST & E 50TH AVE, VANCOUVER",49.224294,-123.069035
VANCOUVER,COMMERCIAL ST,E 51ST AVE,264ce6f8-6df6-50a0-af7c-c7786332a07a,"COMMERCIAL ST & E 51ST AVE, VANCOUVER",49.223472,-123.069069
VANCOUVER,COMMERCIAL ST,E 53RD AVE,002a249a-75ac-5443-9ae0-3ad9e871e064,"COMMERCIAL ST & E 53RD AVE, VANCOUVER",49.221841,-123.069133
VANCOUVER,COMMERCIAL ST,E 55TH AVE,c45cfb45-4fc6-5fc4-ab89-6bb3744b3843,"COMMERCIAL ST & E 55TH AVE, VANCOUVER",49.220327,-123.069192
VANCOUVER,COMMERCIAL ST,FINDLAY ST,c17554d1-5a38-5696-952e-6ffab2c7a778,"COMMERCIAL ST & FINDLAY ST, VANCOUVER",49.254248,-123.067997
VANCOUVER,COMMERCIAL ST,KINGSWAY,adc546a6-bce3-58c6-a0a7-f255bd81979b,"COMMERCIAL ST & KINGSWAY, VANCOUVER",49.246389,-123.067834
VANCOUVER,COMMERCIAL ST,STAINSBURY AVE,6af83865-af85-50c5-bae1-ce96fb3d1c91,"COMMERCIAL ST & STAINSBURY AVE, VANCOUVER",49.252409,-123.068048
VANCOUVER,COMMERCIAL ST,VICTORIA DIVERS,18f2c40f-2782-5d3d-b654-ae30b577e6e4,"COMMERCIAL ST & VICTORIA DIVERS, VANCOUVER",49.254248,-123.067997
VANCOUVER,COMMISSIONER ST,MCGILL ST,54abc2e4-f8fc-56cd-9a0e-04a33af34304,"COMMISSIONER ST & MCGILL ST, VANCOUVER",49.288899,-123.040609
VANCOUVER,COMMISSIONER ST,NEW BRIGHTON RD,cde3daa8-e62e-5a0b-ad75-488f8a664394,"COMMISSIONER ST & NEW BRIGHTON RD, VANCOUVER",49.290852,-123.041402
VANCOUVER,COMMISSIONER ST,STEWART ST,b947d9a2-767c-5f55-9465-4a47e5f4852d,"COMMISSIONER ST & STEWART ST, VANCOUVER",49.285484,-123.065517
VANCOUVER,COMMODORE RD,MOBERLY RD,1d1abe60-2595-5aa5-b251-760838929f9f,"COMMODORE RD & MOBERLY RD, VANCOUVER",49.266965,-123.11792
VANCOUVER,COMMODORE RD,SPYGLASS PL,5bf7e0d9-6f9c-5f14-8ab7-f8df7c77328d,"COMMODORE RD & SPYGLASS PL, VANCOUVER",49.267917,-123.115317
VANCOUVER,COMOX ST,DENMAN ST,7f6aabd8-84a9-5062-a125-0ee0191b6817,"COMOX ST & DENMAN ST, VANCOUVER",49.288672,-123.139697
VANCOUVER,COMOX ST,GILFORD ST,d9f76516-bf7e-5919-87e0-46e42f508a6e,"COMOX ST & GILFORD ST, VANCOUVER",49.289694,-123.141267
VANCOUVER,COMOX ST,JERVIS ST,3c5de97f-0220-595f-bcc5-99dc33c76f9f,"COMOX ST & JERVIS ST, VANCOUVER",49.284212,-123.13283
VANCOUVER,COMOX ST,NICOLA ST,8e9ad788-3491-569d-8a0a-4e3a2de208e4,"COMOX ST & NICOLA ST, VANCOUVER",49.285856,-123.135376
VANCOUVER,COMOX ST,THURLOW ST,176b5fe2-f47c-5feb-9f6a-23afb664c6f0,"COMOX ST & THURLOW ST, VANCOUVER",49.281793,-123.129097
VANCOUVER,CONNAUGHT DR,GRANVILLE ST,ce33a138-8841-50f3-8223-95ed4fa1c83c,"CONNAUGHT DR & GRANVILLE ST, VANCOUVER",49.24536,-123.139167
VANCOUVER,CONNAUGHT DR,HUDSON ST,436af4b2-941b-5fec-8c44-c77b2b9b8a90,"CONNAUGHT DR & HUDSON ST, VANCOUVER",49.244988,-123.13537
VANCOUVER,CONNAUGHT DR,OAK ST,272f4d9a-f046-5335-8543-45ea00a5c506,"CONNAUGHT DR & OAK ST, VANCOUVER",49.243577,-123.127684
VANCOUVER,CONNAUGHT DR,W 32ND AVE,add71bf2-2a15-5ed5-b710-3cf29fc91270,"CONNAUGHT DR & W 32ND AVE, VANCOUVER",49.242975,-123.142112
VANCOUVER,CONNAUGHT DR,W 33RD AVE,b20995b7-192b-5ffc-b3ae-21c36bcb02ac,"CONNAUGHT DR & W 33RD AVE, VANCOUVER",49.241916,-123.142356
VANCOUVER,CONNAUGHT DR,W 34TH AVE,9e62c302-c8fb-57f1-b66b-6710d5af9f83,"CONNAUGHT DR & W 34TH AVE, VANCOUVER",49.240909,-123.142439
VANCOUVER,CONNAUGHT DR,W 35TH AVE,16dbc41a-1c35-5330-a28d-9343ed9d0830,"CONNAUGHT DR & W 35TH AVE, VANCOUVER",49.240021,-123.142482
VANCOUVER,CONNAUGHT DR,W 36TH AVE,f1b3ae19-6361-57f4-be8d-67ebb14741d6,"CONNAUGHT DR & W 36TH AVE, VANCOUVER",49.239075,-123.142545
VANCOUVER,CONNAUGHT DR,W 37TH AVE,df21b75c-c902-512b-b609-a1f25c25836a,"CONNAUGHT DR & W 37TH AVE, VANCOUVER",49.238082,-123.142029
VANCOUVER,CONTINENTAL ST,DRAKE ST,bbf91577-1ed4-5d06-a9cd-362a34fd3a97,"CONTINENTAL ST & DRAKE ST, VANCOUVER",49.276458,-123.128326
VANCOUVER,CONTINENTAL ST,GRANVILLE BRIDGE,dfeb76f5-40cf-533d-96e3-4b11bc23011c,"CONTINENTAL ST & GRANVILLE BRIDGE, VANCOUVER",49.27437,-123.130523
VANCOUVER,COOK ST,W 1ST AVE,ddc44428-e6bf-5a6e-b469-c3b1fef9422d,"COOK ST & W 1ST AVE, VANCOUVER",49.26985,-123.110893
VANCOUVER,COOK ST,W 2ND AVE,3d894f37-3f54-5582-a1bb-3f1270dac821,"COOK ST & W 2ND AVE, VANCOUVER",49.269031,-123.109955
VANCOUVER,COOPERAGE WAY,MARINASIDE CRES,c654d568-a30a-508c-a8b9-297c01b82371,"COOPERAGE WAY & MARINASIDE CRES, VANCOUVER",49.273583,-123.114882
VANCOUVER,COOPERAGE WAY,SMITHE MEWS,d34e80bd-1de4-5f37-b50d-195f93f8b0f7,"COOPERAGE WAY & SMITHE MEWS, VANCOUVER",49.274504,-123.11252
VANCOUVER,COOPERAGE WAY,SMITHE ST,913ebbde-e764-5da7-af50-0c84f216a266,"COOPERAGE WAY & SMITHE ST, VANCOUVER",49.274504,-123.11252
VANCOUVER,COOPERATIVE WAY,SLOCAN ST,3ba9da9f-2ff4-5f20-9f1a-ed7976d2abd7,"COOPERATIVE WAY & SLOCAN ST, VANCOUVER",49.257409,-123.049558
VANCOUVER,COPLEY ST,E 15TH AVE,b59142c4-d8cd-53cc-b74f-a4893222fefa,"COPLEY ST & E 15TH AVE, VANCOUVER",49.256607,-123.055007
VANCOUVER,COPLEY ST,E 17TH AVE,83c7a3e7-890c-5d71-a72b-68577cf76d41,"COPLEY ST & E 17TH AVE, VANCOUVER",49.25486,-123.055253
VANCOUVER,COPLEY ST,E 18TH AVE,1e17eb63-1d84-5d1a-814d-2ce9f9499f1d,"COPLEY ST & E 18TH AVE, VANCOUVER",49.25405,-123.055781
VANCOUVER,COPLEY ST,E 19TH AVE,ac763f4a-343d-5f6a-a2ce-5f6a9195532c,"COPLEY ST & E 19TH AVE, VANCOUVER",49.253441,-123.056177
VANCOUVER,COPLEY ST,GRANDVIEW HWY S,a174ab36-65d2-5ce4-85f1-e9235b168f65,"COPLEY ST & GRANDVIEW HWY S, VANCOUVER",49.257533,-123.055007
VANCOUVER,COPLEY ST,NANAIMO ST,aa70bfca-59d3-5af5-8623-8167becb6c3e,"COPLEY ST & NANAIMO ST, VANCOUVER",49.252878,-123.05659
VANCOUVER,COQUIHALLA DR,E 49TH AVE,cb6f61bc-9690-5e4a-af3b-014b7da04ab9,"COQUIHALLA DR & E 49TH AVE, VANCOUVER",49.222503,-123.026867
VANCOUVER,CORAL REEF PL,PORTSIDE DR,05a60b75-b15d-5a5c-b8a6-716d8a37b664,"CORAL REEF PL & PORTSIDE DR, VANCOUVER",49.206584,-123.061431
VANCOUVER,CORDIALE DR,MATHESON CRES,765a354a-d589-54d4-ad65-e03640c38206,"CORDIALE DR & MATHESON CRES, VANCOUVER",49.210051,-123.027682
VANCOUVER,CORDOVA DIVERS,E CORDOVA ST,a7573282-e523-571c-8529-4a02862361a1,"CORDOVA DIVERS & E CORDOVA ST, VANCOUVER",49.282047,-123.087109
VANCOUVER,CORDOVA DIVERS,HAWKS AVE,9016c32d-7078-5dc4-b6e4-80c1fa75d639,"CORDOVA DIVERS & HAWKS AVE, VANCOUVER",49.282047,-123.087109
VANCOUVER,CORDOVA DIVERS,POWELL ST,57f9ad14-7e3c-54ea-b4b2-1b5513bb9aea,"CORDOVA DIVERS & POWELL ST, VANCOUVER",49.28273,-123.085029
VANCOUVER,CORNETT RD,SKEENA ST,be2d2722-b022-573c-8fe8-0617ddd38421,"CORNETT RD & SKEENA ST, VANCOUVER",49.261181,-123.028505
VANCOUVER,CORNISH ST,SW MARINE DR,4d9b73e9-4d6c-526f-9ff5-e657d95fe606,"CORNISH ST & SW MARINE DR, VANCOUVER",49.208553,-123.142154
VANCOUVER,CORNISH ST,W 68TH AVE,ca67cc68-7a85-5217-873d-74afd3b32bd3,"CORNISH ST & W 68TH AVE, VANCOUVER",49.210541,-123.142039
VANCOUVER,CORNISH ST,W 70TH AVE,588b09c7-ddb4-5779-a7bf-5fc8287f3d61,"CORNISH ST & W 70TH AVE, VANCOUVER",49.208553,-123.142154
VANCOUVER,CORNWALL AVE,CYPRESS ST,8c19556e-5c1e-5e6e-bb6d-8091b6c418e7,"CORNWALL AVE & CYPRESS ST, VANCOUVER",49.272475,-123.147806
VANCOUVER,CORNWALL AVE,LABURNUM ST,14e7213c-7ac7-57a6-8baa-709181bc1472,"CORNWALL AVE & LABURNUM ST, VANCOUVER",49.272531,-123.151417
VANCOUVER,CORNWALL AVE,LARCH ST,bac41281-cfc8-59dc-bc15-0881efa1c0c2,"CORNWALL AVE & LARCH ST, VANCOUVER",49.272694,-123.162103
VANCOUVER,CORNWALL AVE,MAPLE ST,d08f710a-e07c-5907-a0a0-f0c7a4d008fa,"CORNWALL AVE & MAPLE ST, VANCOUVER",49.272513,-123.150222
VANCOUVER,CORNWALL AVE,POINT GREY RD,52d9f5b0-e935-597f-9135-bf2df0ed687a,"CORNWALL AVE & POINT GREY RD, VANCOUVER",49.272717,-123.164369
VANCOUVER,CORNWALL AVE,TRAFALGAR ST,25067b29-4770-5303-b46d-38d6229ef2c2,"CORNWALL AVE & TRAFALGAR ST, VANCOUVER",49.272717,-123.164369
VANCOUVER,CORNWALL AVE,VINE ST,da670ad8-b6fc-5137-8ff1-a53980c82e92,"CORNWALL AVE & VINE ST, VANCOUVER",49.272622,-123.157361
VANCOUVER,CORNWALL AVE,WALNUT ST,30168448-b365-5475-8cc0-79beb2658752,"CORNWALL AVE & WALNUT ST, VANCOUVER",49.272494,-123.148977
VANCOUVER,CORNWALL AVE,YEW ST,73d9e04c-2366-504a-8136-836a8e71e02e,"CORNWALL AVE & YEW ST, VANCOUVER",49.272584,-123.154979
VANCOUVER,CORSICA WAY,SE MARINE DR,be85ac4b-27e1-5dcf-ac09-43bf3d050eb8,"CORSICA WAY & SE MARINE DR, VANCOUVER",49.207936,-123.029309
VANCOUVER,COTTON DR,E 1ST AVE,dd0bcd3d-fc85-512b-bec9-afb9cc8092ed,"COTTON DR & E 1ST AVE, VANCOUVER",49.269601,-123.071574
VANCOUVER,COTTON DR,E 2ND AVE,17b5dba1-9dc9-5cee-bbb5-0ab84eb3e39e,"COTTON DR & E 2ND AVE, VANCOUVER",49.268715,-123.071589
VANCOUVER,COTTON DR,E 3RD AVE,ca6b90a9-8ca3-5a52-90cb-758a4087d6fa,"COTTON DR & E 3RD AVE, VANCOUVER",49.267808,-123.071605
VANCOUVER,COTTON DR,GRANT ST,dbcbe906-7f11-5e1b-b360-5651248680ea,"COTTON DR & GRANT ST, VANCOUVER",49.271429,-123.071545
VANCOUVER,COTTON DR,GRAVELEY ST,50bb5fb7-01fa-5eab-9902-8409555c497c,"COTTON DR & GRAVELEY ST, VANCOUVER",49.270511,-123.071561
VANCOUVER,COTTON DR,KITCHENER ST,dd882e4d-bf7a-514a-ad0d-5ef47c0fb2bd,"COTTON DR & KITCHENER ST, VANCOUVER",49.272147,-123.071526
VANCOUVER,COTTON DR,VENABLES ST,a327679a-0dbd-54ca-857a-c740b972d8ac,"COTTON DR & VENABLES ST, VANCOUVER",49.276683,-123.071416
VANCOUVER,COTTON DR,WILLIAM ST,84731d3f-4a7d-5627-ad74-075dae113565,"COTTON DR & WILLIAM ST, VANCOUVER",49.273964,-123.071492
VANCOUVER,COTTRELL ST,TERMINAL AVE,15d3f1c1-6997-5386-936a-754b714cd014,"COTTRELL ST & TERMINAL AVE, VANCOUVER",49.269861,-123.083872
VANCOUVER,COURTENAY ST,W 10TH AVE,a20b1fae-f059-586f-8f9c-24fa93e89d29,"COURTENAY ST & W 10TH AVE, VANCOUVER",49.263699,-123.200081
VANCOUVER,COURTENAY ST,W 11TH AVE,fd6566fd-d5bd-5fab-843a-0ad138a7a8f9,"COURTENAY ST & W 11TH AVE, VANCOUVER",49.262787,-123.200017
VANCOUVER,COURTENAY ST,W 12TH AVE,a8b01294-6ace-5238-9c21-b7b4a9008b3f,"COURTENAY ST & W 12TH AVE, VANCOUVER",49.261883,-123.200046
VANCOUVER,COURTENAY ST,W 13TH AVE,4e6a9b9d-a41f-5ad6-9689-a9c418a5ff0c,"COURTENAY ST & W 13TH AVE, VANCOUVER",49.260969,-123.200078
VANCOUVER,COURTENAY ST,W 15TH AVE,4460ff19-1189-5677-a579-711a1af846cc,"COURTENAY ST & W 15TH AVE, VANCOUVER",49.259142,-123.20014
VANCOUVER,COURTENAY ST,W 16TH AVE,92c95245-8270-5663-a82b-7e0558394611,"COURTENAY ST & W 16TH AVE, VANCOUVER",49.258157,-123.200152
VANCOUVER,COURTENAY ST,W 8TH AVE,6bfb292f-b819-5587-8dac-c58e68709b62,"COURTENAY ST & W 8TH AVE, VANCOUVER",49.265444,-123.201381
VANCOUVER,COURTENAY ST,W 9TH AVE,587f7d27-f10b-5981-b4d4-23f30be50dba,"COURTENAY ST & W 9TH AVE, VANCOUVER",49.264585,-123.201199
VANCOUVER,CRANBERRY DR,SALAL DR,77ced3b3-9917-524e-9f4a-bbd977482377,"CRANBERRY DR & SALAL DR, VANCOUVER",49.261535,-123.15374
VANCOUVER,CRANBERRY DR,W 10TH AVE,31f8f1c3-3d01-50ce-9953-e2f739640ccf,"CRANBERRY DR & W 10TH AVE, VANCOUVER",49.262873,-123.1538
VANCOUVER,CRANBERRY DR,W 11TH AVE,b3604fee-9727-5edb-b597-0a1c315d8f59,"CRANBERRY DR & W 11TH AVE, VANCOUVER",49.261952,-123.153643
VANCOUVER,CREE ST,E 41ST AVE,bba64e65-34ca-5f34-bbff-95addf336f05,"CREE ST & E 41ST AVE, VANCOUVER",49.233034,-123.100002
VANCOUVER,CREEKSIDE DR,PENNYFARTHING DR,9823d241-3576-5d64-89cf-5b3c2f63d641,"CREEKSIDE DR & PENNYFARTHING DR, VANCOUVER",49.272778,-123.140908
VANCOUVER,CREEKSIDE DR,W 1ST AVE,1c8affa0-9f8f-5a95-9a0f-665064f5a384,"CREEKSIDE DR & W 1ST AVE, VANCOUVER",49.271378,-123.140233
VANCOUVER,CREELMAN AVE,CYPRESS ST,7d9acb53-2444-5290-8f5a-6aeeb4ab8017,"CREELMAN AVE & CYPRESS ST, VANCOUVER",49.274462,-123.147747
VANCOUVER,CREELMAN AVE,LABURNUM ST,5744c4be-c0ae-58c1-a489-41a515ce03a0,"CREELMAN AVE & LABURNUM ST, VANCOUVER",49.274512,-123.15134
VANCOUVER,CREELMAN AVE,MAPLE ST,24f0ef6c-619e-5912-a21e-05de1cfc273f,"CREELMAN AVE & MAPLE ST, VANCOUVER",49.274492,-123.150128
VANCOUVER,CREELMAN AVE,WALNUT ST,924d5bb7-7618-5d04-8051-1fe60bd554fb,"CREELMAN AVE & WALNUT ST, VANCOUVER",49.274471,-123.148901
VANCOUVER,CROMPTON ST,E 66TH AVE,e4bfc472-a36c-5cf2-9789-b981a19fe791,"CROMPTON ST & E 66TH AVE, VANCOUVER",49.210129,-123.080737
VANCOUVER,CROMPTON ST,E KENT AVE N,14ed877f-2965-5727-b95a-f9e248ed44c6,"CROMPTON ST & E KENT AVE N, VANCOUVER",49.20906,-123.080791
VANCOUVER,CROMPTON ST,E KENT AVE S,72d9772f-90eb-53ac-a882-2af44e74734d,"CROMPTON ST & E KENT AVE S, VANCOUVER",49.208804,-123.080804
VANCOUVER,CROMPTON ST,SE MARINE DR,73664886-5152-58ce-92c8-f8c880597b9b,"CROMPTON ST & SE MARINE DR, VANCOUVER",49.211105,-123.080694
VANCOUVER,CROWE ST,W 1ST AVE,068d9ccd-0a61-5ac5-90b6-ce088d8153d3,"CROWE ST & W 1ST AVE, VANCOUVER",49.269014,-123.112326
VANCOUVER,CROWE ST,W 2ND AVE,dd3b726d-9d93-5599-8111-8fba6e9138dc,"CROWE ST & W 2ND AVE, VANCOUVER",49.268259,-123.1115
VANCOUVER,CROWLEY DR,GASTON ST,8d910eb0-6a02-5a4a-9846-06b224cf7084,"CROWLEY DR & GASTON ST, VANCOUVER",49.236631,-123.030641
VANCOUVER,CROWLEY DR,JOYCE ST,5207d5e6-3b9e-54b7-b81f-1a23b3dc5340,"CROWLEY DR & JOYCE ST, VANCOUVER",49.237472,-123.032577
VANCOUVER,CROWLEY DR,MELBOURNE ST,f71c4ca1-74eb-5d8d-82fa-c4137a0aa861,"CROWLEY DR & MELBOURNE ST, VANCOUVER",49.235852,-123.028877
VANCOUVER,CROWLEY DR,OBEN ST,2f1a61e4-66b6-5bc2-9d8b-f322a59191ba,"CROWLEY DR & OBEN ST, VANCOUVER",49.235017,-123.026985
VANCOUVER,CROWLEY DR,TYNE ST,5a03fd31-1427-5539-80a0-9edae306272c,"CROWLEY DR & TYNE ST, VANCOUVER",49.236224,-123.02976
VANCOUVER,CROWN CRES,W 8TH AVE,414777ab-7570-5cd2-b598-d7a0197eb736,"CROWN CRES & W 8TH AVE, VANCOUVER",49.265416,-123.199799
VANCOUVER,CROWN ST,STAUTLO AVE,f9c08fe4-6488-551c-b4f1-a9eefedc60f7,"CROWN ST & STAUTLO AVE, VANCOUVER",49.229467,-123.195163
VANCOUVER,CROWN ST,SW MARINE DR,d53ae8fa-0820-54f6-9fff-2acf5f76abee,"CROWN ST & SW MARINE DR, VANCOUVER",49.233695,-123.193751
VANCOUVER,CROWN ST,W 10TH AVE,5833e03f-a361-5511-ba88-e65bd3233632,"CROWN ST & W 10TH AVE, VANCOUVER",49.263624,-123.193912
VANCOUVER,CROWN ST,W 11TH AVE,2895efac-6b87-577d-8d87-f2cf72892a7e,"CROWN ST & W 11TH AVE, VANCOUVER",49.26266,-123.193942
VANCOUVER,CROWN ST,W 12TH AVE,2c89f8e9-13e1-5386-844c-82aeb81497d6,"CROWN ST & W 12TH AVE, VANCOUVER",49.261786,-123.193981
VANCOUVER,CROWN ST,W 13TH AVE,00120fed-cd03-5154-a2cd-c8437fb84ae7,"CROWN ST & W 13TH AVE, VANCOUVER",49.260875,-123.194036
VANCOUVER,CROWN ST,W 14TH AVE,aee4af16-c759-5a03-ac64-e5675841fca3,"CROWN ST & W 14TH AVE, VANCOUVER",49.259971,-123.194064
VANCOUVER,CROWN ST,W 15TH AVE,6137623d-d1b3-567c-9689-c26c2888df27,"CROWN ST & W 15TH AVE, VANCOUVER",49.259022,-123.194094
VANCOUVER,CROWN ST,W 16TH AVE,6c2bd29a-59d7-5e9a-976b-3f8f2b386dce,"CROWN ST & W 16TH AVE, VANCOUVER",49.258069,-123.194126
VANCOUVER,CROWN ST,W 17TH AVE,b46ca365-eba8-5c4f-b625-689f89109dd0,"CROWN ST & W 17TH AVE, VANCOUVER",49.257479,-123.193563
VANCOUVER,CROWN ST,W 18TH AVE,3e90b09e-9aa1-5ff8-bd41-16b6f61fd55d,"CROWN ST & W 18TH AVE, VANCOUVER",49.25651,-123.193569
VANCOUVER,CROWN ST,W 19TH AVE,b71507e1-3a0a-5133-847c-4449089f9e41,"CROWN ST & W 19TH AVE, VANCOUVER",49.255599,-123.193576
VANCOUVER,CROWN ST,W 20TH AVE,9868ca50-09fc-5349-8e5d-af9dcfa27e4e,"CROWN ST & W 20TH AVE, VANCOUVER",49.254716,-123.193581
VANCOUVER,CROWN ST,W 21ST AVE,06e135c1-363b-5dd1-b095-9a26b8e0f0f8,"CROWN ST & W 21ST AVE, VANCOUVER",49.2538,-123.193586
VANCOUVER,CROWN ST,W 23RD AVE,1c680f0b-0c97-502e-bd03-6c9ed4756421,"CROWN ST & W 23RD AVE, VANCOUVER",49.252006,-123.193617
VANCOUVER,CROWN ST,W 24TH AVE,c5bbc41a-bf74-51e1-8adf-93538ff738fc,"CROWN ST & W 24TH AVE, VANCOUVER",49.251086,-123.193622
VANCOUVER,CROWN ST,W 27TH AVE,0c6cc25c-4027-56a6-a4ad-ab91c352e3fe,"CROWN ST & W 27TH AVE, VANCOUVER",49.24811,-123.193624
VANCOUVER,CROWN ST,W 28TH AVE,93571f23-96d4-5fc2-b3a7-1c1c523ac4a2,"CROWN ST & W 28TH AVE, VANCOUVER",49.247158,-123.193627
VANCOUVER,CROWN ST,W 29TH AVE,cc7054c3-dd51-5260-89ec-c865708f8576,"CROWN ST & W 29TH AVE, VANCOUVER",49.246205,-123.193639
VANCOUVER,CROWN ST,W 30TH AVE,cea82b2f-ed63-5840-98e2-ee87b3c83935,"CROWN ST & W 30TH AVE, VANCOUVER",49.245254,-123.193652
VANCOUVER,CROWN ST,W 32ND AVE,7de064f4-e861-5eae-8992-641ba337117c,"CROWN ST & W 32ND AVE, VANCOUVER",49.243355,-123.193667
VANCOUVER,CROWN ST,W 33RD AVE,d0279293-ce1d-5c26-a4ad-59c2bdb25282,"CROWN ST & W 33RD AVE, VANCOUVER",49.242424,-123.193672
VANCOUVER,CROWN ST,W 36TH AVE,b361ed31-6eb0-544d-9beb-9e71dd081ed9,"CROWN ST & W 36TH AVE, VANCOUVER",49.239564,-123.193685
VANCOUVER,CROWN ST,W 38TH AVE,b54307c4-93a0-5e7f-b901-2a9fe693252d,"CROWN ST & W 38TH AVE, VANCOUVER",49.237615,-123.193705
VANCOUVER,CROWN ST,W 39TH AVE,5fec8c32-b3bd-5289-8b22-b594cec843c2,"CROWN ST & W 39TH AVE, VANCOUVER",49.236452,-123.193711
VANCOUVER,CROWN ST,W 40TH AVE,3a2880c2-4c32-5938-9e75-1f9179bbd08f,"CROWN ST & W 40TH AVE, VANCOUVER",49.235622,-123.193717
VANCOUVER,CROWN ST,W 41ST AVE,6b884179-7b6e-5122-b868-c4b28307f6b4,"CROWN ST & W 41ST AVE, VANCOUVER",49.234772,-123.193723
VANCOUVER,CROWN ST,W KING EDWARD AVE,250070b0-8cd5-566f-bd05-e3481c183b7b,"CROWN ST & W KING EDWARD AVE, VANCOUVER",49.250083,-123.193612
VANCOUVER,CULLODEN ST,E 29TH AVE,7922f7a8-d992-5225-8aa1-433cb92dc092,"CULLODEN ST & E 29TH AVE, VANCOUVER",49.244582,-123.078879
VANCOUVER,CULLODEN ST,E 31ST AVE,624b74d8-f665-5773-9576-c5b456607866,"CULLODEN ST & E 31ST AVE, VANCOUVER",49.242516,-123.078941
VANCOUVER,CULLODEN ST,E 33RD AVE,e8986650-0b60-5138-8cec-46e8826de952,"CULLODEN ST & E 33RD AVE, VANCOUVER",49.240216,-123.078983
VANCOUVER,CULLODEN ST,E 35TH AVE,148f8c09-99cf-53f7-a63e-1f2a7a5f1a86,"CULLODEN ST & E 35TH AVE, VANCOUVER",49.238563,-123.079066
VANCOUVER,CULLODEN ST,E 36TH AVE,f2d0fde2-afd1-5f22-b75f-944b46413c7c,"CULLODEN ST & E 36TH AVE, VANCOUVER",49.237727,-123.079094
VANCOUVER,CULLODEN ST,E 37TH AVE,35bd6e71-dedc-5231-97c1-a5d90e5a4f38,"CULLODEN ST & E 37TH AVE, VANCOUVER",49.236868,-123.079122
VANCOUVER,CULLODEN ST,E 39TH AVE,98c0deec-22a1-5569-a666-24597d467a6f,"CULLODEN ST & E 39TH AVE, VANCOUVER",49.234807,-123.078344
VANCOUVER,CULLODEN ST,E 41ST AVE,2e8d1bfe-b145-517b-9bcf-d120c7f79ce7,"CULLODEN ST & E 41ST AVE, VANCOUVER",49.232755,-123.078413
VANCOUVER,CULLODEN ST,E 43RD AVE,170c3c36-5987-5512-bf1b-4dfad8bc7d7a,"CULLODEN ST & E 43RD AVE, VANCOUVER",49.230743,-123.078483
VANCOUVER,CULLODEN ST,E 45TH AVE,a0615613-42a7-565d-9a5a-f36caec61e60,"CULLODEN ST & E 45TH AVE, VANCOUVER",49.229024,-123.078541
VANCOUVER,CULLODEN ST,E 49TH AVE,6fc26740-36ec-56e7-ae7b-3c97e13a6dab,"CULLODEN ST & E 49TH AVE, VANCOUVER",49.225305,-123.078683
VANCOUVER,CULLODEN ST,E 51ST AVE,8810b199-7717-53c8-ab06-2ff96217045f,"CULLODEN ST & E 51ST AVE, VANCOUVER",49.223408,-123.07875
VANCOUVER,CULLODEN ST,E 53RD AVE,d2e5e6c0-d065-5ab4-88a0-dcb12fb83710,"CULLODEN ST & E 53RD AVE, VANCOUVER",49.221816,-123.078809
VANCOUVER,CULLODEN ST,E 54TH AVE,8d871cb2-c6cc-5db2-9c3a-1d621dc9f0b8,"CULLODEN ST & E 54TH AVE, VANCOUVER",49.220462,-123.078859
VANCOUVER,CULLODEN ST,E 55TH AVE,4492d159-92cc-519f-aa49-3d454f451ee8,"CULLODEN ST & E 55TH AVE, VANCOUVER",49.219584,-123.078714
VANCOUVER,CULLODEN ST,E 57TH AVE,25dc3ead-6ea5-50db-975c-f89095aad209,"CULLODEN ST & E 57TH AVE, VANCOUVER",49.218138,-123.078567
VANCOUVER,CULLODEN ST,E 59TH AVE,56f9ad73-e9fc-5103-817c-2c3c2e7faad8,"CULLODEN ST & E 59TH AVE, VANCOUVER",49.216404,-123.07858
VANCOUVER,CYPRESS CRES,CYPRESS ST,a66ea34c-089b-5db1-a85b-ae4ca4e1580e,"CYPRESS CRES & CYPRESS ST, VANCOUVER",49.249673,-123.148797
VANCOUVER,CYPRESS ST,GREER AVE,d25eda9a-8fd9-53ab-b25f-c6b62f657e31,"CYPRESS ST & GREER AVE, VANCOUVER",49.273519,-123.147767
VANCOUVER,CYPRESS ST,MAPLE CRES,1d6f86c0-a512-5680-93b3-12a79d560aff,"CYPRESS ST & MAPLE CRES, VANCOUVER",49.246276,-123.148915
VANCOUVER,CYPRESS ST,MATTHEWS AVE,25c01391-70ee-548f-a54f-e98df4e26462,"CYPRESS ST & MATTHEWS AVE, VANCOUVER",49.251133,-123.148658
VANCOUVER,CYPRESS ST,MCNICOLL AVE,8d07680c-7ee4-5c12-9f1d-d8422a708b74,"CYPRESS ST & MCNICOLL AVE, VANCOUVER",49.27622,-123.147678
VANCOUVER,CYPRESS ST,NANTON AVE,204035ae-d315-5482-ae83-4f2b474e2529,"CYPRESS ST & NANTON AVE, VANCOUVER",49.247568,-123.148895
VANCOUVER,CYPRESS ST,W 10TH AVE,00e3c24a-397b-5267-9ed1-5b0395d47bbc,"CYPRESS ST & W 10TH AVE, VANCOUVER",49.262787,-123.14818
VANCOUVER,CYPRESS ST,W 11TH AVE,dd6bbc82-ed14-5d30-b386-fbe0d4261956,"CYPRESS ST & W 11TH AVE, VANCOUVER",49.261866,-123.148213
VANCOUVER,CYPRESS ST,W 12TH AVE,0f70ca68-df9c-5a61-a246-7b041a11c6c3,"CYPRESS ST & W 12TH AVE, VANCOUVER",49.260976,-123.14825
VANCOUVER,CYPRESS ST,W 13TH AVE,720d51a1-4de8-5fa1-b9e0-f1a4d69e4ca0,"CYPRESS ST & W 13TH AVE, VANCOUVER",49.259969,-123.148287
VANCOUVER,CYPRESS ST,W 14TH AVE,90f6adfc-2aec-5b41-ab4f-19fb835bcc53,"CYPRESS ST & W 14TH AVE, VANCOUVER",49.259096,-123.148334
VANCOUVER,CYPRESS ST,W 15TH AVE,e67ac6d2-b556-5b3e-8a64-5cec12025269,"CYPRESS ST & W 15TH AVE, VANCOUVER",49.258122,-123.148356
VANCOUVER,CYPRESS ST,W 16TH AVE,2cfdd90a-9365-528c-80a9-07b89d7129d6,"CYPRESS ST & W 16TH AVE, VANCOUVER",49.257221,-123.148371
VANCOUVER,CYPRESS ST,W 18TH AVE,d8c3e6c8-8706-5fcc-87d2-94860b26bd9c,"CYPRESS ST & W 18TH AVE, VANCOUVER",49.25531,-123.14845
VANCOUVER,CYPRESS ST,W 1ST AVE,8e686a07-0c9b-5251-9302-50ab33a8afdf,"CYPRESS ST & W 1ST AVE, VANCOUVER",49.270704,-123.147876
VANCOUVER,CYPRESS ST,W 2ND AVE,9978dd19-5eb0-524b-91b4-439632d3d531,"CYPRESS ST & W 2ND AVE, VANCOUVER",49.269825,-123.147908
VANCOUVER,CYPRESS ST,W 33RD AVE,76b158fa-bb8e-58a9-9fe3-7f2c35472705,"CYPRESS ST & W 33RD AVE, VANCOUVER",49.242052,-123.149436
VANCOUVER,CYPRESS ST,W 36TH AVE,af2d5562-9b5f-5160-b613-80fe2badfcbb,"CYPRESS ST & W 36TH AVE, VANCOUVER",49.239089,-123.148771
VANCOUVER,CYPRESS ST,W 37TH AVE,dcedb458-d3d6-50a2-ab6f-7fe6c9b75109,"CYPRESS ST & W 37TH AVE, VANCOUVER",49.23819,-123.148948
VANCOUVER,CYPRESS ST,W 3RD AVE,28ad5c8d-9149-5db1-904e-93a18b18f713,"CYPRESS ST & W 3RD AVE, VANCOUVER",49.268954,-123.147945
VANCOUVER,CYPRESS ST,W 41ST AVE,c726360f-7175-5d62-b4ca-652e96f32a44,"CYPRESS ST & W 41ST AVE, VANCOUVER",49.234485,-123.149229
VANCOUVER,CYPRESS ST,W 42ND AVE,5333d110-229a-5f4f-972a-41303c38ad9d,"CYPRESS ST & W 42ND AVE, VANCOUVER",49.23345,-123.149265
VANCOUVER,CYPRESS ST,W 43RD AVE,8a545fb9-5828-5ead-88b3-965eda9bc4b2,"CYPRESS ST & W 43RD AVE, VANCOUVER",49.232608,-123.149295
VANCOUVER,CYPRESS ST,W 45TH AVE,e3aabb2c-096f-5807-a38d-9a68497dc9e7,"CYPRESS ST & W 45TH AVE, VANCOUVER",49.23077,-123.14936
VANCOUVER,CYPRESS ST,W 47TH AVE,43504f91-4e76-5476-b26b-093d127c4227,"CYPRESS ST & W 47TH AVE, VANCOUVER",49.22891,-123.149426
VANCOUVER,CYPRESS ST,W 49TH AVE,15c88b85-6bcb-5b79-8553-183c49020501,"CYPRESS ST & W 49TH AVE, VANCOUVER",49.227092,-123.149489
VANCOUVER,CYPRESS ST,W 4TH AVE,3037e471-56cd-53aa-a698-037254a88f3c,"CYPRESS ST & W 4TH AVE, VANCOUVER",49.268045,-123.147977
VANCOUVER,CYPRESS ST,W 50TH AVE,28578d8a-affb-57d5-9d53-55c625ed46c2,"CYPRESS ST & W 50TH AVE, VANCOUVER",49.225771,-123.149527
VANCOUVER,CYPRESS ST,W 54TH AVE,e809c3b5-ce2d-5c89-9a8f-8db570ea780a,"CYPRESS ST & W 54TH AVE, VANCOUVER",49.221816,-123.149636
VANCOUVER,CYPRESS ST,W 57TH AVE,90325513-8ad3-538c-921c-cb7835a45e87,"CYPRESS ST & W 57TH AVE, VANCOUVER",49.219479,-123.150094
VANCOUVER,CYPRESS ST,W 5TH AVE,f2d12c6d-ea04-5b0c-9f95-47486fb3dc24,"CYPRESS ST & W 5TH AVE, VANCOUVER",49.267203,-123.148017
VANCOUVER,CYPRESS ST,W 6TH AVE,3a84c902-e9b1-5aac-89ee-aa5fd0547bf6,"CYPRESS ST & W 6TH AVE, VANCOUVER",49.26634,-123.148044
VANCOUVER,CYPRESS ST,W 7TH AVE,f0d29f58-b735-583f-ae99-65c79278e428,"CYPRESS ST & W 7TH AVE, VANCOUVER",49.265501,-123.148076
VANCOUVER,CYPRESS ST,W 8TH AVE,d20f2b68-624e-5d05-bdc1-793cee59abd2,"CYPRESS ST & W 8TH AVE, VANCOUVER",49.264677,-123.148102
VANCOUVER,CYPRESS ST,W BROADWAY,dd02365d-3f6a-59ae-88ce-6fa0daede417,"CYPRESS ST & W BROADWAY, VANCOUVER",49.263742,-123.148141
VANCOUVER,CYPRESS ST,W KING EDWARD AVE,acf68c7f-93b1-5ffa-a150-0916b8a43261,"CYPRESS ST & W KING EDWARD AVE, VANCOUVER",49.249673,-123.148797
VANCOUVER,CYPRESS ST,WHYTE AVE,d65bd7dc-b868-5f25-ac3a-d37b2e0a04ef,"CYPRESS ST & WHYTE AVE, VANCOUVER",49.27533,-123.1477
VANCOUVER,CYPRESS ST,YORK AVE,57b8d5ac-bc8c-52d4-ba88-dddda8d76d2f,"CYPRESS ST & YORK AVE, VANCOUVER",49.271572,-123.147841
VANCOUVER,DARTMOOR PL,LYNMOOR PL,6231b278-5957-5b03-873a-8592b21da856,"DARTMOOR PL & LYNMOOR PL, VANCOUVER",49.209807,-123.028512
VANCOUVER,DAVIE ST,DENMAN ST,42caa2a4-6039-5f59-9c04-ec74a9ebec6d,"DAVIE ST & DENMAN ST, VANCOUVER",49.28727,-123.141822
VANCOUVER,DAVIE ST,GRANVILLE ST,e344ef53-0ee5-5c4c-8b55-28d54c9e9141,"DAVIE ST & GRANVILLE ST, VANCOUVER",49.277154,-123.126192
VANCOUVER,DAVIE ST,HAMILTON ST,aa59d2c2-91ec-570d-938b-795d3ec55db5,"DAVIE ST & HAMILTON ST, VANCOUVER",49.274871,-123.122664
VANCOUVER,DAVIE ST,HOMER ST,8a3fe755-c24a-51a6-8bdf-0a463b444114,"DAVIE ST & HOMER ST, VANCOUVER",49.275246,-123.123273
VANCOUVER,DAVIE ST,HORNBY ST,4063b628-d788-5f03-a652-0d15a842f98c,"DAVIE ST & HORNBY ST, VANCOUVER",49.278405,-123.128134
VANCOUVER,DAVIE ST,HOWE ST,1064e963-6f17-5d09-8739-723b85f0d829,"DAVIE ST & HOWE ST, VANCOUVER",49.277802,-123.127193
VANCOUVER,DAVIE ST,JERVIS ST,c29e34ef-501e-5d89-b249-90c37e42edcf,"DAVIE ST & JERVIS ST, VANCOUVER",49.28281,-123.134916
VANCOUVER,DAVIE ST,MAINLAND ST,3bba5bdc-38f2-5af7-a75e-61973c776224,"DAVIE ST & MAINLAND ST, VANCOUVER",49.274524,-123.122136
VANCOUVER,DAVIE ST,MARINASIDE CRES,93b193e2-4bc9-5980-a580-5932864633de,"DAVIE ST & MARINASIDE CRES, VANCOUVER",49.273126,-123.119925
VANCOUVER,DAVIE ST,NICOLA ST,112085e6-3b89-5bbf-bcba-7d48b43a98f9,"DAVIE ST & NICOLA ST, VANCOUVER",49.284452,-123.137481
VANCOUVER,DAVIE ST,PACIFIC BLVD,8f9d43be-af1e-56ee-969a-65e8d93f74bb,"DAVIE ST & PACIFIC BLVD, VANCOUVER",49.274047,-123.121365
VANCOUVER,DAVIE ST,RICHARDS ST,07733970-3423-53d1-9163-882cf3199a57,"DAVIE ST & RICHARDS ST, VANCOUVER",49.27589,-123.124257
VANCOUVER,DAVIE ST,SEYMOUR ST,3dfc2e27-2507-55f0-a2fc-484374febb17,"DAVIE ST & SEYMOUR ST, VANCOUVER",49.276501,-123.125189
VANCOUVER,DAVIE ST,THURLOW ST,58b3ab34-c2e1-56f3-a4c6-15c2cc234b4c,"DAVIE ST & THURLOW ST, VANCOUVER",49.280383,-123.131214
VANCOUVER,DAWSON ST,E 49TH AVE,0b49bfc9-f033-5bb3-ab2b-39d4b2acc49b,"DAWSON ST & E 49TH AVE, VANCOUVER",49.224764,-123.048777
VANCOUVER,DAWSON ST,E 51ST AVE,19c32a06-923c-5dde-a81b-5ed95e73ecec,"DAWSON ST & E 51ST AVE, VANCOUVER",49.222766,-123.048884
VANCOUVER,DAWSON ST,E 54TH AVE,101ccdcf-7ac8-53f2-9cc6-128b130393b8,"DAWSON ST & E 54TH AVE, VANCOUVER",49.220213,-123.049025
VANCOUVER,DENMAN ST,HARO ST,75ffce7c-6c31-5f85-9d12-4ab0e498490d,"DENMAN ST & HARO ST, VANCOUVER",49.290777,-123.136527
VANCOUVER,DENMAN ST,HENSHAW LANE,840694c6-5d54-5849-ad44-05e2f1bf6234,"DENMAN ST & HENSHAW LANE, VANCOUVER",49.289052,-123.139117
VANCOUVER,DENMAN ST,HWY 1A,6eebfe28-70c7-58d1-845e-f4eb468ff1f9,"DENMAN ST & HWY 1A, VANCOUVER",49.292623,-123.133718
VANCOUVER,DENMAN ST,HWY 99,e4536f4a-b400-5245-a3df-b5b31ef1eaf3,"DENMAN ST & HWY 99, VANCOUVER",49.292623,-123.133718
VANCOUVER,DENMAN ST,JEPSON-YOUNG LANE,66d47411-4756-5c15-96cd-303a6690851d,"DENMAN ST & JEPSON-YOUNG LANE, VANCOUVER",49.288306,-123.140247
VANCOUVER,DENMAN ST,MORTON AVE,7978d48b-4922-5525-8785-d59ce5877129,"DENMAN ST & MORTON AVE, VANCOUVER",49.287572,-123.141361
VANCOUVER,DENMAN ST,NELSON ST,45a66d21-f777-5a30-9151-abe0869091fe,"DENMAN ST & NELSON ST, VANCOUVER",49.28938,-123.138616
VANCOUVER,DENMAN ST,PANTAGES LANE,b6b20d64-e400-5775-a383-157662a6f691,"DENMAN ST & PANTAGES LANE, VANCOUVER",49.286911,-123.142346
VANCOUVER,DENMAN ST,PENDRELL ST,b300931a-4403-54e3-bf69-88cc72a7168b,"DENMAN ST & PENDRELL ST, VANCOUVER",49.287956,-123.140773
VANCOUVER,DENMAN ST,ROBSON ST,14439660-8931-5463-91d9-b7f7470b9df5,"DENMAN ST & ROBSON ST, VANCOUVER",49.291479,-123.135476
VANCOUVER,DENMAN ST,ROSEMARY BROWN LANE,64f03c1c-7ea1-58c1-a474-98d4719835bb,"DENMAN ST & ROSEMARY BROWN LANE, VANCOUVER",49.291126,-123.136005
VANCOUVER,DENMAN ST,SEE-EM-IA LANE,b8363946-2523-51d0-b073-64cf84df496c,"DENMAN ST & SEE-EM-IA LANE, VANCOUVER",49.287572,-123.141361
VANCOUVER,DENMAN ST,STOVOLD LANE,fc730d1a-1ef4-5ee1-ab34-85d21bb3e916,"DENMAN ST & STOVOLD LANE, VANCOUVER",49.29041,-123.137057
VANCOUVER,DENMAN ST,TED NORTHE LANE,fc4594da-2f88-5a15-be8e-df45aee489af,"DENMAN ST & TED NORTHE LANE, VANCOUVER",49.289751,-123.138042
VANCOUVER,DENMAN ST,W GEORGIA ST,49f2a276-ffde-5163-bae3-31a4b34b4381,"DENMAN ST & W GEORGIA ST, VANCOUVER",49.292623,-123.133718
VANCOUVER,DEVONSHIRE CRES,GRANVILLE ST,3dafc651-80c8-5387-8735-5f9da3ebc2ef,"DEVONSHIRE CRES & GRANVILLE ST, VANCOUVER",49.246482,-123.139173
VANCOUVER,DEVONSHIRE CRES,HUDSON ST,7c10c0ad-9259-556c-8f1e-cf164ef8787f,"DEVONSHIRE CRES & HUDSON ST, VANCOUVER",49.24577,-123.134484
VANCOUVER,DEVONSHIRE CRES,OAK ST,657e33b8-45f7-552e-a1da-818189a4e6d4,"DEVONSHIRE CRES & OAK ST, VANCOUVER",49.244498,-123.127659
VANCOUVER,DEVONSHIRE CRES,SELKIRK ST,a3aa391c-e35a-55e2-a1cc-28658b62ead2,"DEVONSHIRE CRES & SELKIRK ST, VANCOUVER",49.245297,-123.132206
VANCOUVER,DEVONSHIRE CRES,W 29TH AVE,d7654096-61ac-5834-82e2-043601fb7c7e,"DEVONSHIRE CRES & W 29TH AVE, VANCOUVER",49.245297,-123.132206
VANCOUVER,DIEPPE DR,DIEPPE PL,62a25157-9e9a-55d1-99c0-a64202bf49f5,"DIEPPE DR & DIEPPE PL, VANCOUVER",49.25645,-123.026704
VANCOUVER,DIEPPE DR,E 18TH AVE,11283ef1-154d-5087-a983-719117cf695e,"DIEPPE DR & E 18TH AVE, VANCOUVER",49.254202,-123.024634
VANCOUVER,DIEPPE DR,FALAISE AVE,909c06ba-eda9-5007-922e-84cee4af5233,"DIEPPE DR & FALAISE AVE, VANCOUVER",49.256895,-123.027392
VANCOUVER,DIEPPE DR,HAIDA DR,c5888b7a-bb71-5bd3-b5da-2964c7184975,"DIEPPE DR & HAIDA DR, VANCOUVER",49.253581,-123.024632
VANCOUVER,DIEPPE DR,MALTA AVE,b70573ab-0f4e-5e8d-8ec2-774b9d7b868f,"DIEPPE DR & MALTA AVE, VANCOUVER",49.255767,-123.025679
VANCOUVER,DIEPPE DR,MATAPAN CRES,f2b23b91-9d72-5fd6-a02e-bce8f86f098f,"DIEPPE DR & MATAPAN CRES, VANCOUVER",49.257269,-123.027808
VANCOUVER,DIEPPE DR,NORMANDY DR,53f3cf7b-1352-5241-8092-be2f4b32d9bd,"DIEPPE DR & NORMANDY DR, VANCOUVER",49.251507,-123.024627
VANCOUVER,DIEPPE DR,VIMY CRES,f84183bd-086c-5e2d-ae2c-7ce20620ed1b,"DIEPPE DR & VIMY CRES, VANCOUVER",49.257269,-123.027808
VANCOUVER,DIEPPE LANE,W 4TH AVE,d411dc0e-1706-5ac5-b57f-c5b0d100ca69,"DIEPPE LANE & W 4TH AVE, VANCOUVER",49.268714,-123.19345
VANCOUVER,DINMONT AVE,MIDLOTHIAN AVE,df69850c-c0f7-52a0-b3c3-78e16b1fd176,"DINMONT AVE & MIDLOTHIAN AVE, VANCOUVER",49.244821,-123.111359
VANCOUVER,DINMONT AVE,NIGEL AVE,7d3bbe3d-2b3e-59ee-a0ca-11a7544894f8,"DINMONT AVE & NIGEL AVE, VANCOUVER",49.245448,-123.110104
VANCOUVER,DINMONT AVE,PEVERIL AVE,d3c5408f-171b-5fdd-baa8-1d5e9429895d,"DINMONT AVE & PEVERIL AVE, VANCOUVER",49.246555,-123.107876
VANCOUVER,DINMONT AVE,TALISMAN AVE,0a98b0d4-7daf-54b6-8a1e-e9fc992db9c4,"DINMONT AVE & TALISMAN AVE, VANCOUVER",49.24602,-123.10895
VANCOUVER,DISCOVERY ST,NW MARINE DR,6a84e5e7-f3a9-5b54-8575-263d7bb88f1a,"DISCOVERY ST & NW MARINE DR, VANCOUVER",49.271694,-123.202684
VANCOUVER,DISCOVERY ST,W 10TH AVE,9b0a3524-9f6b-536c-8bce-65afbb7eedef,"DISCOVERY ST & W 10TH AVE, VANCOUVER",49.263743,-123.203011
VANCOUVER,DISCOVERY ST,W 11TH AVE,65c86aea-a974-5a7b-9b00-4d153fdabe60,"DISCOVERY ST & W 11TH AVE, VANCOUVER",49.262807,-123.203047
VANCOUVER,DISCOVERY ST,W 12TH AVE,195eabe7-4ebe-5957-a0d2-cf09dee6ba97,"DISCOVERY ST & W 12TH AVE, VANCOUVER",49.261925,-123.20308
VANCOUVER,DISCOVERY ST,W 13TH AVE,b1936094-adad-52c9-9795-694f21695689,"DISCOVERY ST & W 13TH AVE, VANCOUVER",49.261014,-123.203114
VANCOUVER,DISCOVERY ST,W 14TH AVE,9bb276e4-6e4c-5bbe-9064-dac8b5bb7919,"DISCOVERY ST & W 14TH AVE, VANCOUVER",49.26011,-123.203148
VANCOUVER,DISCOVERY ST,W 15TH AVE,66791e5a-603c-5fac-9e43-1ed2145bde7c,"DISCOVERY ST & W 15TH AVE, VANCOUVER",49.25919,-123.203183
VANCOUVER,DISCOVERY ST,W 16TH AVE,474a5914-c389-50a9-af68-506cf5b01f3c,"DISCOVERY ST & W 16TH AVE, VANCOUVER",49.258199,-123.20322
VANCOUVER,DISCOVERY ST,W 2ND AVE,a2925470-b704-51ef-aff8-a5a912aed92e,"DISCOVERY ST & W 2ND AVE, VANCOUVER",49.27126,-123.202759
VANCOUVER,DISCOVERY ST,W 8TH AVE,33378f9e-f5fd-51e4-a89c-3d85706ed1de,"DISCOVERY ST & W 8TH AVE, VANCOUVER",49.265472,-123.202945
VANCOUVER,DISCOVERY ST,W 9TH AVE,c03764dd-da3e-545b-afa5-ff38f79b3c76,"DISCOVERY ST & W 9TH AVE, VANCOUVER",49.264615,-123.20299
VANCOUVER,DOGWOOD AVE,GRANVILLE ST,573d8392-d55a-54be-919e-032a1176f3a5,"DOGWOOD AVE & GRANVILLE ST, VANCOUVER",49.223515,-123.139947
VANCOUVER,DOMAN ST,E 45TH AVE,35afb566-21c8-5425-a74f-5fd0dfc6d2cb,"DOMAN ST & E 45TH AVE, VANCOUVER",49.229264,-123.036435
VANCOUVER,DOMAN ST,E 46TH AVE,48437346-0902-5f89-95a5-f2c2996e1c62,"DOMAN ST & E 46TH AVE, VANCOUVER",49.22843,-123.036468
VANCOUVER,DOMAN ST,E 47TH AVE,d40f7cfa-be8b-5546-b021-46fa5268f91c,"DOMAN ST & E 47TH AVE, VANCOUVER",49.227686,-123.036501
VANCOUVER,DOMAN ST,E 48TH AVE,dc994230-8ed7-56de-8c8a-c17f1452656c,"DOMAN ST & E 48TH AVE, VANCOUVER",49.225443,-123.03661
VANCOUVER,DOMAN ST,E 49TH AVE,f17970b4-50dc-5e9c-8f4c-bc6fdadcc36a,"DOMAN ST & E 49TH AVE, VANCOUVER",49.224683,-123.036634
VANCOUVER,DOMAN ST,E 51ST AVE,8b92bef4-4f34-58e7-ade4-42d66f85c2b3,"DOMAN ST & E 51ST AVE, VANCOUVER",49.222844,-123.036731
VANCOUVER,DOMAN ST,E 53RD AVE,bfadb304-b665-589b-bf77-da9492e8fd0c,"DOMAN ST & E 53RD AVE, VANCOUVER",49.221262,-123.03677
VANCOUVER,DOMAN ST,E 54TH AVE,bf19ab53-6d2f-5711-a884-ad2e43f4f0e5,"DOMAN ST & E 54TH AVE, VANCOUVER",49.220145,-123.036825
VANCOUVER,DOMAN ST,WAVERLEY AVE,bd65c5f8-2c9c-5179-b2e5-2b7bad0631fd,"DOMAN ST & WAVERLEY AVE, VANCOUVER",49.226952,-123.036537
VANCOUVER,DOUGLAS CRES,OAK ST,4a698024-2cab-5731-b78e-4de6e9cbcea4,"DOUGLAS CRES & OAK ST, VANCOUVER",49.254412,-123.12733
VANCOUVER,DOUGLAS CRES,WOLFE AVE,38f928bd-d9ce-5490-9eb5-a041ce6b105e,"DOUGLAS CRES & WOLFE AVE, VANCOUVER",49.254785,-123.129271
VANCOUVER,DRAKE ST,GRANVILLE ST,013a0ec2-d5e2-55e9-a7eb-394120d3f07e,"DRAKE ST & GRANVILLE ST, VANCOUVER",49.276097,-123.127762
VANCOUVER,DRAKE ST,HAMILTON ST,e455c78f-845e-5045-9a4f-01052e8a3ef5,"DRAKE ST & HAMILTON ST, VANCOUVER",49.273819,-123.124273
VANCOUVER,DRAKE ST,HOMER ST,94e6d546-5f82-54d6-9500-e8e795b36f34,"DRAKE ST & HOMER ST, VANCOUVER",49.274205,-123.124853
VANCOUVER,DRAKE ST,HORNBY ST,df63e889-d599-5779-8365-64e0be8c0593,"DRAKE ST & HORNBY ST, VANCOUVER",49.277355,-123.129722
VANCOUVER,DRAKE ST,HOWE ST,aa9228d9-cc5d-5332-ad7e-077c644f7e10,"DRAKE ST & HOWE ST, VANCOUVER",49.276755,-123.128786
VANCOUVER,DRAKE ST,HWY 99,259e1006-7db9-581c-a7e3-02a21abda7c3,"DRAKE ST & HWY 99, VANCOUVER",49.276755,-123.128786
VANCOUVER,DRAKE ST,MARINASIDE CRES,61f0d5f7-98ba-5971-88ed-34287d50f030,"DRAKE ST & MARINASIDE CRES, VANCOUVER",49.271987,-123.121398
VANCOUVER,DRAKE ST,PACIFIC BLVD,31575df1-8a00-58c0-9519-57b15dfe2f2f,"DRAKE ST & PACIFIC BLVD, VANCOUVER",49.273446,-123.123668
VANCOUVER,DRAKE ST,RICHARDS ST,b89cd1d5-4d78-5156-b002-aa6d4a69e719,"DRAKE ST & RICHARDS ST, VANCOUVER",49.274827,-123.125829
VANCOUVER,DRAKE ST,ROLSTON ST,be5cddd0-e018-5f39-8d4e-c06a90eff08c,"DRAKE ST & ROLSTON ST, VANCOUVER",49.275728,-123.127206
VANCOUVER,DRAKE ST,ROUNDHOUSE MEWS,16388a87-34c6-5a0b-af36-b14e0dcd05eb,"DRAKE ST & ROUNDHOUSE MEWS, VANCOUVER",49.272832,-123.122682
VANCOUVER,DRAKE ST,SEYMOUR ST,cdad798b-3282-57c4-8750-0d7c1f247135,"DRAKE ST & SEYMOUR ST, VANCOUVER",49.275452,-123.126773
VANCOUVER,DRUMMOND DR,W 4TH AVE,460fccd2-4ae2-5e63-869d-6f810d8be606,"DRUMMOND DR & W 4TH AVE, VANCOUVER",49.268979,-123.219598
VANCOUVER,DUCHESS ST,DUKE ST,636055c5-6021-5fcc-b9fa-f06b9f3ca22c,"DUCHESS ST & DUKE ST, VANCOUVER",49.239952,-123.051938
VANCOUVER,DUCHESS ST,EUCLID AVE,21c84500-e60b-5632-bed1-4c103b0e3dd8,"DUCHESS ST & EUCLID AVE, VANCOUVER",49.242488,-123.048911
VANCOUVER,DUCHESS ST,HORLEY ST,28d054ba-b9d9-53b0-9b60-81f80a2b224c,"DUCHESS ST & HORLEY ST, VANCOUVER",49.241133,-123.050278
VANCOUVER,DUCHESS ST,KINGSWAY,ac8e02b1-b388-50fc-b082-f8f790a98543,"DUCHESS ST & KINGSWAY, VANCOUVER",49.239331,-123.052581
VANCOUVER,DUCHESS ST,WARD ST,539703bf-ffb2-5088-a69a-2e57b9d60e4a,"DUCHESS ST & WARD ST, VANCOUVER",49.240714,-123.051091
VANCOUVER,DUFF ST,E 54TH AVE,e77b5a80-0aa6-598a-bf46-be6240db9ef4,"DUFF ST & E 54TH AVE, VANCOUVER",49.220254,-123.064567
VANCOUVER,DUFF ST,SE MARINE DR,f243cccb-6927-57a3-a35c-ec6faff85b1e,"DUFF ST & SE MARINE DR, VANCOUVER",49.209103,-123.064377
VANCOUVER,DUFF ST,SOUTHSIDE DR,6156c3c7-8c4a-5a97-91d2-8bc03bae63c7,"DUFF ST & SOUTHSIDE DR, VANCOUVER",49.20851,-123.064391
VANCOUVER,DUFF ST,UPLAND DR,a4599515-3ed2-5fae-97d9-599e6d4acdb7,"DUFF ST & UPLAND DR, VANCOUVER",49.218036,-123.06464
VANCOUVER,DUKE ST,EARLES ST,ba226d8c-e513-5689-bbdc-5f4d6f230417,"DUKE ST & EARLES ST, VANCOUVER",49.238361,-123.048075
VANCOUVER,DUMFRIES ST,E 18TH AVE,0bb70a6b-1219-53b9-bf92-532dfbc48d72,"DUMFRIES ST & E 18TH AVE, VANCOUVER",49.254365,-123.072911
VANCOUVER,DUMFRIES ST,E 19TH AVE,fc389d54-3c1e-57b8-bdfd-d31f1a8d2b04,"DUMFRIES ST & E 19TH AVE, VANCOUVER",49.253468,-123.072929
VANCOUVER,DUMFRIES ST,E 20TH AVE,82c7334a-f628-5d0e-a25c-38ae5d9c002a,"DUMFRIES ST & E 20TH AVE, VANCOUVER",49.25255,-123.072955
VANCOUVER,DUMFRIES ST,E 21ST AVE,ba6c0bb5-fd86-57f6-aa0e-2ba1719e2c2c,"DUMFRIES ST & E 21ST AVE, VANCOUVER",49.251657,-123.07328
VANCOUVER,DUMFRIES ST,E 22ND AVE,44717213-f8c9-5c2e-ab5d-f8cae8b391e1,"DUMFRIES ST & E 22ND AVE, VANCOUVER",49.250394,-123.073312
VANCOUVER,DUMFRIES ST,E 26TH AVE,6e6bca76-ab75-5496-890c-2cf9d8861d4c,"DUMFRIES ST & E 26TH AVE, VANCOUVER",49.247848,-123.073387
VANCOUVER,DUMFRIES ST,E 27TH AVE,691667e7-8052-52c1-b1e4-50b149cf0726,"DUMFRIES ST & E 27TH AVE, VANCOUVER",49.246399,-123.073433
VANCOUVER,DUMFRIES ST,E 30TH AVE,6f2ff536-ab92-5bea-8dac-15991bad8087,"DUMFRIES ST & E 30TH AVE, VANCOUVER",49.24364,-123.073525
VANCOUVER,DUMFRIES ST,E 31ST AVE,bdf53b11-ddc2-5631-884c-1cdbb6064f39,"DUMFRIES ST & E 31ST AVE, VANCOUVER",49.243022,-123.073547
VANCOUVER,DUMFRIES ST,E 32ND AVE,d90516dc-c7ad-5ae1-b0ed-49868a284e83,"DUMFRIES ST & E 32ND AVE, VANCOUVER",49.241629,-123.073591
VANCOUVER,DUMFRIES ST,E 33RD AVE,d34657c9-dc64-5623-8c60-c81aede500ff,"DUMFRIES ST & E 33RD AVE, VANCOUVER",49.240186,-123.07382
VANCOUVER,DUMFRIES ST,E 34TH AVE,fc81793c-8dc1-58a1-af48-fa508116a540,"DUMFRIES ST & E 34TH AVE, VANCOUVER",49.239349,-123.074062
VANCOUVER,DUMFRIES ST,E 35TH AVE,9ff786f0-10aa-51e1-9f18-fd4098c39e50,"DUMFRIES ST & E 35TH AVE, VANCOUVER",49.238511,-123.074092
VANCOUVER,DUMFRIES ST,E 36TH AVE,7b416587-f469-5cf3-b3b0-510866a015d4,"DUMFRIES ST & E 36TH AVE, VANCOUVER",49.237689,-123.074123
VANCOUVER,DUMFRIES ST,E 37TH AVE,83bd603b-5539-5560-ad34-733404a1c9ad,"DUMFRIES ST & E 37TH AVE, VANCOUVER",49.236799,-123.074154
VANCOUVER,DUMFRIES ST,E 39TH AVE,90a8d324-e941-5ee1-a640-b9b06df214fb,"DUMFRIES ST & E 39TH AVE, VANCOUVER",49.234762,-123.074214
VANCOUVER,DUMFRIES ST,E 41ST AVE,f333142e-b37f-5a46-8e42-c6360809fc36,"DUMFRIES ST & E 41ST AVE, VANCOUVER",49.232673,-123.07429
VANCOUVER,DUMFRIES ST,E 43RD AVE,752b39e1-1000-5526-b7f9-179bc51a7dab,"DUMFRIES ST & E 43RD AVE, VANCOUVER",49.230601,-123.074346
VANCOUVER,DUMFRIES ST,E 47TH AVE,ae21f6f0-faa5-5781-85ef-edaab52a1b6b,"DUMFRIES ST & E 47TH AVE, VANCOUVER",49.227157,-123.074471
VANCOUVER,DUMFRIES ST,E 49TH AVE,6749ca35-8dbe-54d9-ab83-adce5b4ff9f9,"DUMFRIES ST & E 49TH AVE, VANCOUVER",49.225266,-123.074542
VANCOUVER,DUMFRIES ST,E 51ST AVE,36a12c06-4554-5654-9b2c-c3e5d0430867,"DUMFRIES ST & E 51ST AVE, VANCOUVER",49.223348,-123.074615
VANCOUVER,DUMFRIES ST,E 53RD AVE,ef296b79-ff8e-5bcd-919d-8f0804dba723,"DUMFRIES ST & E 53RD AVE, VANCOUVER",49.22177,-123.07467
VANCOUVER,DUMFRIES ST,E 54TH AVE,78a20027-def1-50d5-ba60-1a6092d9d047,"DUMFRIES ST & E 54TH AVE, VANCOUVER",49.220395,-123.074721
VANCOUVER,DUMFRIES ST,E 55TH AVE,80c23ec6-bb4e-578b-a0db-6e57b286bcd2,"DUMFRIES ST & E 55TH AVE, VANCOUVER",49.219563,-123.075462
VANCOUVER,DUMFRIES ST,E 57TH AVE,7eed8d6a-f498-5deb-9b7b-3a2cf501ca5c,"DUMFRIES ST & E 57TH AVE, VANCOUVER",49.218124,-123.0755
VANCOUVER,DUMFRIES ST,E 58TH AVE,afa880d9-e385-5e16-8040-e49fc90c7eac,"DUMFRIES ST & E 58TH AVE, VANCOUVER",49.21725,-123.075521
VANCOUVER,DUMFRIES ST,E 59TH AVE,7fe3888f-7cfd-5c77-9964-42976ee88a30,"DUMFRIES ST & E 59TH AVE, VANCOUVER",49.216382,-123.075544
VANCOUVER,DUMFRIES ST,E KING EDWARD AVE,93add395-4867-5f24-9389-82b8bde744fc,"DUMFRIES ST & E KING EDWARD AVE, VANCOUVER",49.248497,-123.073366
VANCOUVER,DUMFRIES ST,KINGSWAY,117a6383-3228-5e2c-9cdf-213f58be1017,"DUMFRIES ST & KINGSWAY, VANCOUVER",49.248944,-123.073352
VANCOUVER,DUNBAR LOOP,W 41ST AVE,9485af9c-77b4-5598-9886-905a1a9047a7,"DUNBAR LOOP & W 41ST AVE, VANCOUVER",49.234773,-123.185877
VANCOUVER,DUNBAR ST,MAYFAIR AVE,4963ca81-67b5-578e-86de-ff643b53bd17,"DUNBAR ST & MAYFAIR AVE, VANCOUVER",49.2369,-123.185265
VANCOUVER,DUNBAR ST,POINT GREY RD,140bf984-e886-55d3-bebf-30fc3f3ff464,"DUNBAR ST & POINT GREY RD, VANCOUVER",49.272165,-123.183505
VANCOUVER,DUNBAR ST,SW MARINE DR,42d6b3fb-c64c-5d53-85b6-8969a26eb371,"DUNBAR ST & SW MARINE DR, VANCOUVER",49.230603,-123.185361
VANCOUVER,DUNBAR ST,W 10TH AVE,d207b44f-f07b-545d-b850-d50975c8c37a,"DUNBAR ST & W 10TH AVE, VANCOUVER",49.26345,-123.183815
VANCOUVER,DUNBAR ST,W 11TH AVE,7d147601-e393-5660-91e3-703248ce37cc,"DUNBAR ST & W 11TH AVE, VANCOUVER",49.262515,-123.183844
VANCOUVER,DUNBAR ST,W 12TH AVE,7376b8d5-f6d7-5b0d-b1fb-74c3a88d327e,"DUNBAR ST & W 12TH AVE, VANCOUVER",49.261633,-123.183925
VANCOUVER,DUNBAR ST,W 14TH AVE,f02de073-05c2-587f-bc45-65eccc36fe43,"DUNBAR ST & W 14TH AVE, VANCOUVER",49.259816,-123.184004
VANCOUVER,DUNBAR ST,W 15TH AVE,81598847-3652-503f-844b-08d21f68a894,"DUNBAR ST & W 15TH AVE, VANCOUVER",49.2589,-123.184013
VANCOUVER,DUNBAR ST,W 16TH AVE,9c5ec560-7df7-5283-8267-8d59310197ba,"DUNBAR ST & W 16TH AVE, VANCOUVER",49.257905,-123.184014
VANCOUVER,DUNBAR ST,W 17TH AVE,87aeb3ab-9f9b-5726-a1a2-ac05e310e6db,"DUNBAR ST & W 17TH AVE, VANCOUVER",49.257356,-123.185126
VANCOUVER,DUNBAR ST,W 18TH AVE,1bf2ca1f-9915-5249-acd0-94abe633f837,"DUNBAR ST & W 18TH AVE, VANCOUVER",49.256476,-123.185128
VANCOUVER,DUNBAR ST,W 19TH AVE,e3800c07-ccc3-5da7-b2d9-0a031340c83b,"DUNBAR ST & W 19TH AVE, VANCOUVER",49.255567,-123.185135
VANCOUVER,DUNBAR ST,W 1ST AVE,b1ee41d7-d8c8-5c40-bc9d-3b953021632d,"DUNBAR ST & W 1ST AVE, VANCOUVER",49.271284,-123.183532
VANCOUVER,DUNBAR ST,W 20TH AVE,1e2ef0b8-a1f1-59b3-84af-bfa320a8573c,"DUNBAR ST & W 20TH AVE, VANCOUVER",49.254683,-123.185141
VANCOUVER,DUNBAR ST,W 21ST AVE,604ff5a7-0fe9-5168-9639-557d7ae52c26,"DUNBAR ST & W 21ST AVE, VANCOUVER",49.253762,-123.185165
VANCOUVER,DUNBAR ST,W 22ND AVE,fc7beace-94de-58be-baa4-a7cbbae77033,"DUNBAR ST & W 22ND AVE, VANCOUVER",49.252857,-123.185172
VANCOUVER,DUNBAR ST,W 23RD AVE,6e149738-188d-52be-88c3-29c12e5b0122,"DUNBAR ST & W 23RD AVE, VANCOUVER",49.251944,-123.185175
VANCOUVER,DUNBAR ST,W 24TH AVE,fc038423-179d-57c3-a447-7c8afa1e0564,"DUNBAR ST & W 24TH AVE, VANCOUVER",49.251052,-123.185189
VANCOUVER,DUNBAR ST,W 25TH AVE,e491b36d-e05e-550f-a43d-9f434846c908,"DUNBAR ST & W 25TH AVE, VANCOUVER",49.250062,-123.185196
VANCOUVER,DUNBAR ST,W 26TH AVE,696abe9a-3403-54c8-a5f1-70360b05d624,"DUNBAR ST & W 26TH AVE, VANCOUVER",49.249021,-123.185201
VANCOUVER,DUNBAR ST,W 27TH AVE,ba6682cf-7de7-5874-9750-5f60ef4ab5b6,"DUNBAR ST & W 27TH AVE, VANCOUVER",49.248074,-123.185231
VANCOUVER,DUNBAR ST,W 28TH AVE,ca161e2d-5c7d-5d4e-a98e-fefffef8acc3,"DUNBAR ST & W 28TH AVE, VANCOUVER",49.247125,-123.185261
VANCOUVER,DUNBAR ST,W 29TH AVE,bd58a096-dcfb-5d5d-a85d-a14c6a3ce409,"DUNBAR ST & W 29TH AVE, VANCOUVER",49.246166,-123.185255
VANCOUVER,DUNBAR ST,W 30TH AVE,914bebdb-fc40-5ce7-87a0-9fb4217535ee,"DUNBAR ST & W 30TH AVE, VANCOUVER",49.245226,-123.185243
VANCOUVER,DUNBAR ST,W 31ST AVE,1cfb2d44-5fe8-5f87-864f-df84c975b87b,"DUNBAR ST & W 31ST AVE, VANCOUVER",49.244271,-123.185244
VANCOUVER,DUNBAR ST,W 32ND AVE,a0a2fa4b-c2ce-5658-8f2c-244118b54aea,"DUNBAR ST & W 32ND AVE, VANCOUVER",49.243323,-123.185245
VANCOUVER,DUNBAR ST,W 33RD AVE,e5a73a82-becc-5370-bd0e-d4029bf2e226,"DUNBAR ST & W 33RD AVE, VANCOUVER",49.242377,-123.185247
VANCOUVER,DUNBAR ST,W 34TH AVE,38a17a78-7323-52cd-92b2-8b8ab03cc4d4,"DUNBAR ST & W 34TH AVE, VANCOUVER",49.241419,-123.185245
VANCOUVER,DUNBAR ST,W 35TH AVE,e9799a0a-eb38-598e-9889-6783953416c1,"DUNBAR ST & W 35TH AVE, VANCOUVER",49.240469,-123.185246
VANCOUVER,DUNBAR ST,W 36TH AVE,68290c00-3c73-5290-9ca7-9b8b2b7de18d,"DUNBAR ST & W 36TH AVE, VANCOUVER",49.239518,-123.185246
VANCOUVER,DUNBAR ST,W 37TH AVE,2ee6f6ce-9053-544a-b0c1-71c702cae338,"DUNBAR ST & W 37TH AVE, VANCOUVER",49.238574,-123.185249
VANCOUVER,DUNBAR ST,W 38TH AVE,e2cadfcf-2c9f-518c-a7ae-e79b808bbcec,"DUNBAR ST & W 38TH AVE, VANCOUVER",49.237662,-123.185257
VANCOUVER,DUNBAR ST,W 39TH AVE,d21eb212-9fbd-5d9c-b408-2b0a82209bc2,"DUNBAR ST & W 39TH AVE, VANCOUVER",49.236439,-123.185268
VANCOUVER,DUNBAR ST,W 3RD AVE,c2fcf800-0f8d-51ad-b57e-594b11db3864,"DUNBAR ST & W 3RD AVE, VANCOUVER",49.269494,-123.183602
VANCOUVER,DUNBAR ST,W 40TH AVE,d75752f6-0329-59cb-b672-abfb62d989ef,"DUNBAR ST & W 40TH AVE, VANCOUVER",49.2357,-123.185302
VANCOUVER,DUNBAR ST,W 41ST AVE,33f8b869-a1a4-5a8f-baee-b61513d3375a,"DUNBAR ST & W 41ST AVE, VANCOUVER",49.234768,-123.185324
VANCOUVER,DUNBAR ST,W 42ND AVE,34bb8bb3-f387-5c2b-8dba-0430d0593dd6,"DUNBAR ST & W 42ND AVE, VANCOUVER",49.233797,-123.185335
VANCOUVER,DUNBAR ST,W 43RD AVE,71e3f034-e031-50d1-8b26-64a4d52f434b,"DUNBAR ST & W 43RD AVE, VANCOUVER",49.232846,-123.185358
VANCOUVER,DUNBAR ST,W 48TH AVE,4468baef-84b6-5dcb-ac0d-a73d3e8f80ee,"DUNBAR ST & W 48TH AVE, VANCOUVER",49.228431,-123.185467
VANCOUVER,DUNBAR ST,W 49TH AVE,0cef7758-8f69-53f6-86ff-0d2a7702a32c,"DUNBAR ST & W 49TH AVE, VANCOUVER",49.227479,-123.185489
VANCOUVER,DUNBAR ST,W 4TH AVE,0deee078-ef9b-592f-afae-58a8ce66011a,"DUNBAR ST & W 4TH AVE, VANCOUVER",49.268585,-123.183636
VANCOUVER,DUNBAR ST,W 50TH AVE,9ff9e4ba-14cd-5d21-b2ef-fb6fa5445854,"DUNBAR ST & W 50TH AVE, VANCOUVER",49.226501,-123.185468
VANCOUVER,DUNBAR ST,W 51ST AVE,e28fbda1-d925-5f4b-97b4-49f9c7e304c6,"DUNBAR ST & W 51ST AVE, VANCOUVER",49.225507,-123.185577
VANCOUVER,DUNBAR ST,W 5TH AVE,aca9e122-160a-5d52-8c02-b942f2c17fe0,"DUNBAR ST & W 5TH AVE, VANCOUVER",49.267715,-123.183673
VANCOUVER,DUNBAR ST,W 7TH AVE,ff29bd21-4f90-5ac9-a71f-a6a04bafa8f1,"DUNBAR ST & W 7TH AVE, VANCOUVER",49.266025,-123.183727
VANCOUVER,DUNBAR ST,W 8TH AVE,b2c34c56-17d9-517d-a577-67cafc9b5f85,"DUNBAR ST & W 8TH AVE, VANCOUVER",49.265209,-123.183753
VANCOUVER,DUNBAR ST,W 9TH AVE,9019d9c0-704f-58be-96eb-62fa87045b87,"DUNBAR ST & W 9TH AVE, VANCOUVER",49.264336,-123.183784
VANCOUVER,DUNBAR ST,W BROADWAY,482331b5-d71d-54e9-a112-0a1d13f22ae7,"DUNBAR ST & W BROADWAY, VANCOUVER",49.264336,-123.183784
VANCOUVER,DUNBAR ST,W KING EDWARD AVE,f59ca3b7-534e-5a82-8ca1-85016ad33a38,"DUNBAR ST & W KING EDWARD AVE, VANCOUVER",49.250062,-123.185196
VANCOUVER,DUNDAS ST,GARDEN DR,7019f355-a0a5-5047-9143-e868648c6f6a,"DUNDAS ST & GARDEN DR, VANCOUVER",49.284791,-123.057767
VANCOUVER,DUNDAS ST,KAMLOOPS ST,3781cdce-01a1-5d3f-8fd7-2b9b77c52d4d,"DUNDAS ST & KAMLOOPS ST, VANCOUVER",49.284772,-123.054583
VANCOUVER,DUNDAS ST,KASLO ST,9456dcd4-82c1-5366-88bc-49cfa209e9dc,"DUNDAS ST & KASLO ST, VANCOUVER",49.284775,-123.0467
VANCOUVER,DUNDAS ST,LAKEWOOD DR,711c501e-2cf1-50b2-8e47-9493b03b6625,"DUNDAS ST & LAKEWOOD DR, VANCOUVER",49.284799,-123.061616
VANCOUVER,DUNDAS ST,N GARDEN DR,6d0f79d9-0797-5116-8b1b-f55b0c0c73b2,"DUNDAS ST & N GARDEN DR, VANCOUVER",49.284791,-123.057767
VANCOUVER,DUNDAS ST,N KAMLOOPS ST,f20b17ee-a255-570b-ae29-c3694b403ed6,"DUNDAS ST & N KAMLOOPS ST, VANCOUVER",49.284772,-123.054583
VANCOUVER,DUNDAS ST,N LAKEWOOD DR,60de9db1-29b2-5f14-9fe7-11d137645a96,"DUNDAS ST & N LAKEWOOD DR, VANCOUVER",49.284799,-123.061616
VANCOUVER,DUNDAS ST,N NANAIMO ST,afc13841-3b22-5dc7-af0e-c3f914c184c2,"DUNDAS ST & N NANAIMO ST, VANCOUVER",49.284779,-123.056525
VANCOUVER,DUNDAS ST,N PENTICTON ST,97f0b1eb-5a78-5f09-8ed9-8895972f3e6a,"DUNDAS ST & N PENTICTON ST, VANCOUVER",49.28478,-123.051971
VANCOUVER,DUNDAS ST,N RENFREW ST,3b49dcbf-ac80-5321-9b24-4610dbe73b80,"DUNDAS ST & N RENFREW ST, VANCOUVER",49.284775,-123.044002
VANCOUVER,DUNDAS ST,N TEMPLETON DR,9fe2aebe-4361-5314-a906-88a4799ce221,"DUNDAS ST & N TEMPLETON DR, VANCOUVER",49.284805,-123.059708
VANCOUVER,DUNDAS ST,NANAIMO ST,2b29fe74-538b-5b40-96af-4159c2b28db2,"DUNDAS ST & NANAIMO ST, VANCOUVER",49.284779,-123.056525
VANCOUVER,DUNDAS ST,PENTICTON ST,5d44e3c0-47c9-5351-bdfb-618505786eaf,"DUNDAS ST & PENTICTON ST, VANCOUVER",49.28478,-123.051971
VANCOUVER,DUNDAS ST,POWELL ST,3107fe35-caa0-5351-81db-83211724f930,"DUNDAS ST & POWELL ST, VANCOUVER",49.284806,-123.063552
VANCOUVER,DUNDAS ST,RENFREW ST,dcfd49e7-7b1f-594f-9ddd-6b0ab091a00d,"DUNDAS ST & RENFREW ST, VANCOUVER",49.284775,-123.044002
VANCOUVER,DUNDAS ST,SEMLIN DR,b28348ba-8883-5799-a448-00ca48819150,"DUNDAS ST & SEMLIN DR, VANCOUVER",49.284806,-123.063552
VANCOUVER,DUNDAS ST,SLOCAN ST,242dbdd0-9f0c-5bf4-8411-3a3e90101034,"DUNDAS ST & SLOCAN ST, VANCOUVER",49.284774,-123.049322
VANCOUVER,DUNDAS ST,TEMPLETON DR,2e615b89-15aa-5d75-933e-b6e81adaae18,"DUNDAS ST & TEMPLETON DR, VANCOUVER",49.284805,-123.059708
VANCOUVER,DUNDAS ST,WALL ST,c9612f0b-3bd3-51df-b6aa-a790c1d7afac,"DUNDAS ST & WALL ST, VANCOUVER",49.284806,-123.063552
VANCOUVER,DUNDEE ST,E 40TH AVE,84dbf311-952e-588f-9e57-9f5d0d725aec,"DUNDEE ST & E 40TH AVE, VANCOUVER",49.234049,-123.047402
VANCOUVER,DUNDEE ST,KINGSWAY,d4fed19a-e6b4-5ee5-b15a-db527cefd8d5,"DUNDEE ST & KINGSWAY, VANCOUVER",49.237064,-123.047628
VANCOUVER,DUNKIRK ST,W 26TH AVE,89ea5125-65bb-56cc-9350-48b723287692,"DUNKIRK ST & W 26TH AVE, VANCOUVER",49.249016,-123.183464
VANCOUVER,DUNKIRK ST,W 27TH AVE,bd4ee3e6-5555-5d30-b628-37f42b41fdf3,"DUNKIRK ST & W 27TH AVE, VANCOUVER",49.248067,-123.183478
VANCOUVER,DUNKIRK ST,W KING EDWARD AVE,83d009a7-939a-5caf-9102-4fe594514f00,"DUNKIRK ST & W KING EDWARD AVE, VANCOUVER",49.250041,-123.183453
VANCOUVER,DUNLEVY AVE,E CORDOVA ST,d426c5e3-6597-5795-bf09-7b38cff4f32e,"DUNLEVY AVE & E CORDOVA ST, VANCOUVER",49.282205,-123.095366
VANCOUVER,DUNLEVY AVE,E HASTINGS ST,efc9f438-5c8a-5d0c-a82e-120b9b6c510d,"DUNLEVY AVE & E HASTINGS ST, VANCOUVER",49.281274,-123.095406
VANCOUVER,DUNLEVY AVE,E PENDER ST,eb378650-9af4-5b18-a204-8c497964d134,"DUNLEVY AVE & E PENDER ST, VANCOUVER",49.280298,-123.095441
VANCOUVER,DUNLEVY AVE,POWELL ST,7c7aece0-3397-5dae-a85c-ae394a4e00ed,"DUNLEVY AVE & POWELL ST, VANCOUVER",49.28311,-123.095329
VANCOUVER,DUNLEVY AVE,PRIOR ST,f5f8586c-ee74-5642-997c-3c02cb13d0e0,"DUNLEVY AVE & PRIOR ST, VANCOUVER",49.276695,-123.095587
VANCOUVER,DUNLEVY AVE,RAILWAY ST,07741d09-9d6c-536d-9c2a-8e33c548dfad,"DUNLEVY AVE & RAILWAY ST, VANCOUVER",49.284865,-123.09525
VANCOUVER,DUNLEVY AVE,UNION ST,c64a3c5d-67fb-57b2-8346-d05c4267156e,"DUNLEVY AVE & UNION ST, VANCOUVER",49.277592,-123.095534
VANCOUVER,DUNSMUIR ST,DUNSMUIR VIADUCT,be2c7e9e-b633-5878-a3f8-7c995f3f0f68,"DUNSMUIR ST & DUNSMUIR VIADUCT, VANCOUVER",49.279839,-123.110537
VANCOUVER,DUNSMUIR ST,GRANVILLE ST,6a47fb02-41f8-572a-9df2-f6d148232fb6,"DUNSMUIR ST & GRANVILLE ST, VANCOUVER",49.283633,-123.116387
VANCOUVER,DUNSMUIR ST,HAILSTONE ST,b83fbbb2-be96-5d1a-8466-28ba5a16499b,"DUNSMUIR ST & HAILSTONE ST, VANCOUVER",49.286089,-123.121124
VANCOUVER,DUNSMUIR ST,HAMILTON ST,ce64a82f-6d66-5c23-974b-b564b618fad0,"DUNSMUIR ST & HAMILTON ST, VANCOUVER",49.281092,-123.112507
VANCOUVER,DUNSMUIR ST,HOMER ST,31f5f934-8462-598e-b756-5a8b5fe7b44b,"DUNSMUIR ST & HOMER ST, VANCOUVER",49.281725,-123.113475
VANCOUVER,DUNSMUIR ST,HORNBY ST,7f3b8f0b-1266-50a4-8b4c-943d836043e2,"DUNSMUIR ST & HORNBY ST, VANCOUVER",49.284897,-123.118345
VANCOUVER,DUNSMUIR ST,HOWE ST,335646e5-d7b9-576e-b88f-396b83d23161,"DUNSMUIR ST & HOWE ST, VANCOUVER",49.284275,-123.117371
VANCOUVER,DUNSMUIR ST,MELVILLE ST,b9ca118d-4562-569e-9c68-791b6b7caf2c,"DUNSMUIR ST & MELVILLE ST, VANCOUVER",49.286089,-123.121124
VANCOUVER,DUNSMUIR ST,RICHARDS ST,b9a3d2b1-e74d-5a89-8fa7-1d94d8f394e2,"DUNSMUIR ST & RICHARDS ST, VANCOUVER",49.282367,-123.114455
VANCOUVER,DUNSMUIR ST,SEYMOUR ST,8a6b5837-7971-5a5c-93c2-73e71dd90d76,"DUNSMUIR ST & SEYMOUR ST, VANCOUVER",49.282984,-123.115396
VANCOUVER,DUNSMUIR ST,ST REGIS LANE,51b09403-ba9c-5882-9906-b39d967df129,"DUNSMUIR ST & ST REGIS LANE, VANCOUVER",49.283308,-123.115894
VANCOUVER,DUNSMUIR VIADUCT,EXPO BLVD,c2b1ecb3-5488-5ea7-9ae0-42c193a76c23,"DUNSMUIR VIADUCT & EXPO BLVD, VANCOUVER",49.278657,-123.108698
VANCOUVER,DUNSMUIR VIADUCT,GORE AVE,c8522e84-3b4e-5107-9be2-dd22e9897a31,"DUNSMUIR VIADUCT & GORE AVE, VANCOUVER",49.276744,-123.096883
VANCOUVER,DUNSMUIR VIADUCT,HWY 1A,d043eae1-0cd2-521b-900d-a502e3f4b465,"DUNSMUIR VIADUCT & HWY 1A, VANCOUVER",49.277282,-123.099902
VANCOUVER,DUNSMUIR VIADUCT,MAIN ST,52bc79fa-26eb-50c6-bb85-0cd1ff3831cd,"DUNSMUIR VIADUCT & MAIN ST, VANCOUVER",49.277282,-123.099902
VANCOUVER,DUNSMUIR VIADUCT,MAIN ST ONRAMP,81177a3e-6262-55d5-ace6-92ad8d60137c,"DUNSMUIR VIADUCT & MAIN ST ONRAMP, VANCOUVER",49.277431,-123.103879
VANCOUVER,DUNSMUIR VIADUCT,PAT QUINN WAY,79685bb0-0308-5d75-90bb-5ed9c1511c63,"DUNSMUIR VIADUCT & PAT QUINN WAY, VANCOUVER",49.278068,-123.107638
VANCOUVER,DUNSMUIR VIADUCT,PRIOR ST,791b0d47-038c-5358-b13d-adccbcc6e8c8,"DUNSMUIR VIADUCT & PRIOR ST, VANCOUVER",49.276744,-123.096883
VANCOUVER,DURANLEAU ST,JOHNSTON ST,d86d0de0-9cf5-5888-b25a-f052199e8ac6,"DURANLEAU ST & JOHNSTON ST, VANCOUVER",49.272653,-123.135932
VANCOUVER,DURANLEAU ST,MARITIME MEWS,d8e2f0cb-ab2c-55ae-a768-e18115a3bf26,"DURANLEAU ST & MARITIME MEWS, VANCOUVER",49.271024,-123.135992
VANCOUVER,DURANLEAU ST,MAST TOWER RD,70a23f4e-860c-5af8-a7d8-225dea99bf3b,"DURANLEAU ST & MAST TOWER RD, VANCOUVER",49.271431,-123.135976
VANCOUVER,DURWARD AVE,FRASER ST,970995ae-12ff-5240-a2d3-e98331a56971,"DURWARD AVE & FRASER ST, VANCOUVER",49.24085,-123.09036
VANCOUVER,DURWARD AVE,PRINCE ALBERT ST,92ea479c-a5b6-5c74-9c9c-c2b8bae5920c,"DURWARD AVE & PRINCE ALBERT ST, VANCOUVER",49.240841,-123.087928
VANCOUVER,E 10TH AVE,FRASER ST,c12e684e-78ef-5268-9a9c-7a6ae483d44c,"E 10TH AVE & FRASER ST, VANCOUVER",49.261517,-123.089152
VANCOUVER,E 10TH AVE,GARDEN DR,ca70fa7e-ad36-590d-a996-54fea5f4137c,"E 10TH AVE & GARDEN DR, VANCOUVER",49.261282,-123.058187
VANCOUVER,E 10TH AVE,GLEN DR,0ac24b24-b3dc-5dfb-84d7-c1c37f55a03c,"E 10TH AVE & GLEN DR, VANCOUVER",49.261443,-123.081407
VANCOUVER,E 10TH AVE,GRANDVIEW HWY N,18206b43-1301-5843-9591-2f292e547749,"E 10TH AVE & GRANDVIEW HWY N, VANCOUVER",49.261315,-123.063697
VANCOUVER,E 10TH AVE,GUELPH ST,97093675-f419-56e3-82b9-fbc6163aa1dc,"E 10TH AVE & GUELPH ST, VANCOUVER",49.261557,-123.094966
VANCOUVER,E 10TH AVE,KASLO ST,d279c515-bddf-5c37-809f-cbc2eb73d1eb,"E 10TH AVE & KASLO ST, VANCOUVER",49.260925,-123.047044
VANCOUVER,E 10TH AVE,KEITH DR,7e4c5690-ea47-5539-ae33-950454cf209d,"E 10TH AVE & KEITH DR, VANCOUVER",49.261455,-123.079479
VANCOUVER,E 10TH AVE,KINGSWAY,3195df3d-4208-5b13-a848-3fb59f9f0912,"E 10TH AVE & KINGSWAY, VANCOUVER",49.261973,-123.098668
VANCOUVER,E 10TH AVE,LAKEWOOD DR,270db70f-c223-5839-b888-9ff3a56bff4b,"E 10TH AVE & LAKEWOOD DR, VANCOUVER",49.261305,-123.062049
VANCOUVER,E 10TH AVE,MAIN ST,2ee5ec7c-52d3-56aa-b644-4d3f02d0f7d6,"E 10TH AVE & MAIN ST, VANCOUVER",49.26201,-123.100996
VANCOUVER,E 10TH AVE,NANAIMO ST,864ea6fa-16d7-51c4-bf54-09b60c98f9ad,"E 10TH AVE & NANAIMO ST, VANCOUVER",49.261135,-123.056584
VANCOUVER,E 10TH AVE,ONTARIO ST,cd4ff90f-813e-5ddf-9b1f-ae45cfdb780f,"E 10TH AVE & ONTARIO ST, VANCOUVER",49.262072,-123.104917
VANCOUVER,E 10TH AVE,PENTICTON ST,3a6395e8-2d1e-5076-b351-bf6c8620bf92,"E 10TH AVE & PENTICTON ST, VANCOUVER",49.261029,-123.053
VANCOUVER,E 10TH AVE,PRINCE ALBERT ST,84779e7e-8741-5097-9919-344e5fa8c16c,"E 10TH AVE & PRINCE ALBERT ST, VANCOUVER",49.261499,-123.087191
VANCOUVER,E 10TH AVE,PRINCE EDWARD ST,8248d8ea-77f7-57e0-95c6-8dc2ed91aae1,"E 10TH AVE & PRINCE EDWARD ST, VANCOUVER",49.261934,-123.096061
VANCOUVER,E 10TH AVE,QUEBEC ST,e5793ade-7efc-5ca3-b8e1-598fbe40e2ad,"E 10TH AVE & QUEBEC ST, VANCOUVER",49.262036,-123.103
VANCOUVER,E 10TH AVE,RENFREW ST,b4c121e5-c649-57eb-95cf-4e8a49e0916c,"E 10TH AVE & RENFREW ST, VANCOUVER",49.260973,-123.044321
VANCOUVER,E 10TH AVE,ST CATHERINES ST,d10bdd94-d001-5819-97bc-7f0539d3942f,"E 10TH AVE & ST CATHERINES ST, VANCOUVER",49.261478,-123.085273
VANCOUVER,E 10TH AVE,ST GEORGE ST,55a83e03-6a9d-5f15-9565-4737da737a1a,"E 10TH AVE & ST GEORGE ST, VANCOUVER",49.261543,-123.093016
VANCOUVER,E 10TH AVE,TEMPLETON DR,bf639a16-b567-51e2-8332-8a4e1c30075f,"E 10TH AVE & TEMPLETON DR, VANCOUVER",49.261293,-123.06011
VANCOUVER,E 10TH AVE,VICTORIA DR,706bb84b-3cc9-5ddf-aec6-c164d381c108,"E 10TH AVE & VICTORIA DR, VANCOUVER",49.261382,-123.065928
VANCOUVER,E 10TH AVE,WATSON ST,5ad51777-b37b-5951-975e-ae07c98f737a,"E 10TH AVE & WATSON ST, VANCOUVER",49.262,-123.100337
VANCOUVER,E 10TH AVE,WINDSOR ST,887aa0a9-7635-518d-8da6-0faa9bebb494,"E 10TH AVE & WINDSOR ST, VANCOUVER",49.261455,-123.08333
VANCOUVER,E 10TH AVE,WOODLAND DR,ef5817cd-af38-5461-9649-3e685f11b6e6,"E 10TH AVE & WOODLAND DR, VANCOUVER",49.261401,-123.07366
VANCOUVER,E 11TH AVE,FRASER ST,f1d3edb6-d44e-5aaf-b8aa-150c75ca49c6,"E 11TH AVE & FRASER ST, VANCOUVER",49.26062,-123.089171
VANCOUVER,E 11TH AVE,GLEN DR,ec6be022-6cb7-57ab-9214-fb615afdde6f,"E 11TH AVE & GLEN DR, VANCOUVER",49.260558,-123.081425
VANCOUVER,E 11TH AVE,GRANDVIEW HWY N,4d0bb230-8bb1-5aae-83a9-031e636d034d,"E 11TH AVE & GRANDVIEW HWY N, VANCOUVER",49.260414,-123.06149
VANCOUVER,E 11TH AVE,GUELPH ST,3ddefa6a-6cce-5868-960c-3be58fc3b6b4,"E 11TH AVE & GUELPH ST, VANCOUVER",49.260671,-123.095065
VANCOUVER,E 11TH AVE,KINGSWAY,89ace3de-a79f-53e4-baf8-935589d2c88c,"E 11TH AVE & KINGSWAY, VANCOUVER",49.261071,-123.097763
VANCOUVER,E 11TH AVE,MAIN ST,ebac1f8b-40c5-5b48-bab8-43591bbad115,"E 11TH AVE & MAIN ST, VANCOUVER",49.261116,-123.101137
VANCOUVER,E 11TH AVE,NANAIMO ST,3afb5034-d3e3-539e-845e-e6c17570cab6,"E 11TH AVE & NANAIMO ST, VANCOUVER",49.260227,-123.056622
VANCOUVER,E 11TH AVE,ONTARIO ST,b22873b0-74f9-54d3-8c4a-eba43213cc22,"E 11TH AVE & ONTARIO ST, VANCOUVER",49.261162,-123.104983
VANCOUVER,E 11TH AVE,PENTICTON ST,46615c9d-9769-5b84-b141-647c9af56385,"E 11TH AVE & PENTICTON ST, VANCOUVER",49.260079,-123.052998
VANCOUVER,E 11TH AVE,PRINCE ALBERT ST,bb56ed93-ab4a-5a83-b503-0b5f21996061,"E 11TH AVE & PRINCE ALBERT ST, VANCOUVER",49.260602,-123.087194
VANCOUVER,E 11TH AVE,PRINCE EDWARD ST,80546257-3865-557b-a89e-f86495a51667,"E 11TH AVE & PRINCE EDWARD ST, VANCOUVER",49.26105,-123.096141
VANCOUVER,E 11TH AVE,QUEBEC ST,83e4c506-3ab9-5017-8048-e3f21b351958,"E 11TH AVE & QUEBEC ST, VANCOUVER",49.261142,-123.103045
VANCOUVER,E 11TH AVE,SEMLIN DR,3df7191a-8db4-5684-a2df-6d6d8d15436b,"E 11TH AVE & SEMLIN DR, VANCOUVER",49.260401,-123.063999
VANCOUVER,E 11TH AVE,SKEENA ST,078e818b-beb0-5754-a4c3-061d1605934d,"E 11TH AVE & SKEENA ST, VANCOUVER",49.260106,-123.028512
VANCOUVER,E 11TH AVE,SOPHIA ST,8b94493c-ae1f-5e54-912e-60e3bdbe4f17,"E 11TH AVE & SOPHIA ST, VANCOUVER",49.261078,-123.098275
VANCOUVER,E 11TH AVE,ST CATHERINES ST,6ad41769-e3e7-5673-a68f-7831bce625ef,"E 11TH AVE & ST CATHERINES ST, VANCOUVER",49.260586,-123.08528
VANCOUVER,E 11TH AVE,ST GEORGE ST,0caf132b-0ecb-5fef-9d8e-b58df52babc9,"E 11TH AVE & ST GEORGE ST, VANCOUVER",49.260654,-123.093033
VANCOUVER,E 11TH AVE,TEMPLETON DR,662a24c4-0c74-5963-bbe0-8881dd2f9fc0,"E 11TH AVE & TEMPLETON DR, VANCOUVER",49.260382,-123.060127
VANCOUVER,E 11TH AVE,VICTORIA DR,faba7e59-97a1-589c-b433-5cca929a8d8b,"E 11TH AVE & VICTORIA DR, VANCOUVER",49.26044,-123.065934
VANCOUVER,E 11TH AVE,WATSON ST,5feb8214-f1fc-5b1a-8339-15a357dfe880,"E 11TH AVE & WATSON ST, VANCOUVER",49.261106,-123.100391
VANCOUVER,E 11TH AVE,WINDSOR ST,e2820289-2ac2-5a91-b3b5-8a6ade9203db,"E 11TH AVE & WINDSOR ST, VANCOUVER",49.260568,-123.08334
VANCOUVER,E 11TH AVE,WOODLAND DR,a96a30a3-c6fc-5cf8-9079-ce9807c568de,"E 11TH AVE & WOODLAND DR, VANCOUVER",49.260495,-123.073688
VANCOUVER,E 12TH AVE,FRASER ST,29e33a6b-f499-547d-aea7-bd183f912199,"E 12TH AVE & FRASER ST, VANCOUVER",49.259735,-123.089186
VANCOUVER,E 12TH AVE,GARDEN DR,b5eba5bc-9a20-58ac-847a-57f44fbf5a59,"E 12TH AVE & GARDEN DR, VANCOUVER",49.259469,-123.058212
VANCOUVER,E 12TH AVE,GLEN DR,a4d54c6e-08ce-5ab5-9af6-1fdd343538a1,"E 12TH AVE & GLEN DR, VANCOUVER",49.259671,-123.081442
VANCOUVER,E 12TH AVE,GRANDVIEW HWY N,37b527ca-4640-51fe-bfca-d230f28326df,"E 12TH AVE & GRANDVIEW HWY N, VANCOUVER",49.259482,-123.059163
VANCOUVER,E 12TH AVE,GUELPH ST,a91ed2d0-854d-5dff-b38a-ba028cea3a80,"E 12TH AVE & GUELPH ST, VANCOUVER",49.259779,-123.094984
VANCOUVER,E 12TH AVE,HWY 1A,80a24b8b-698e-5608-a5b9-f42b47eb071e,"E 12TH AVE & HWY 1A, VANCOUVER",49.259878,-123.096571
VANCOUVER,E 12TH AVE,HWY 99A,1ed7196a-7027-528b-a31e-ae59bcaca1b7,"E 12TH AVE & HWY 99A, VANCOUVER",49.259878,-123.096571
VANCOUVER,E 12TH AVE,KASLO ST,4aa16596-fb79-5c2c-bb84-08bebfc07183,"E 12TH AVE & KASLO ST, VANCOUVER",49.259062,-123.047046
VANCOUVER,E 12TH AVE,KINGSWAY,ab587a6f-43df-5904-93bd-3e1c3337691e,"E 12TH AVE & KINGSWAY, VANCOUVER",49.259878,-123.096571
VANCOUVER,E 12TH AVE,LAKEWOOD DR,68dc0618-9193-51d3-82ec-c2de5b63e042,"E 12TH AVE & LAKEWOOD DR, VANCOUVER",49.259523,-123.06207
VANCOUVER,E 12TH AVE,MAIN ST,932ddadf-fe03-5fb4-99df-0eb2bd307332,"E 12TH AVE & MAIN ST, VANCOUVER",49.260193,-123.101079
VANCOUVER,E 12TH AVE,NANAIMO ST,41d65a3b-f0fa-51af-bb0d-ee57c9884c98,"E 12TH AVE & NANAIMO ST, VANCOUVER",49.259447,-123.056626
VANCOUVER,E 12TH AVE,ONTARIO ST,872b02bb-9899-5762-87c4-b33fb04c7dbc,"E 12TH AVE & ONTARIO ST, VANCOUVER",49.260247,-123.105031
VANCOUVER,E 12TH AVE,PENTICTON ST,7287520d-a070-5308-9459-c2da63332c0e,"E 12TH AVE & PENTICTON ST, VANCOUVER",49.25914,-123.053003
VANCOUVER,E 12TH AVE,PRINCE ALBERT ST,938f5813-6748-543b-b9b1-9cbbeab0edde,"E 12TH AVE & PRINCE ALBERT ST, VANCOUVER",49.259722,-123.087196
VANCOUVER,E 12TH AVE,QUEBEC ST,b69283f8-1977-5534-8ecd-62f52df3cb5e,"E 12TH AVE & QUEBEC ST, VANCOUVER",49.260231,-123.103085
VANCOUVER,E 12TH AVE,RENFREW ST,84828923-f88e-5c45-b7a7-d115dad26e81,"E 12TH AVE & RENFREW ST, VANCOUVER",49.259213,-123.044381
VANCOUVER,E 12TH AVE,SEMLIN DR,21ba9b8a-3391-595d-a50c-f2c5cda915f6,"E 12TH AVE & SEMLIN DR, VANCOUVER",49.259526,-123.064037
VANCOUVER,E 12TH AVE,SLOCAN ST,fbee584a-c4fb-53e0-961f-4108cce1155f,"E 12TH AVE & SLOCAN ST, VANCOUVER",49.258754,-123.049549
VANCOUVER,E 12TH AVE,SOPHIA ST,61568e3d-5670-5777-a726-c1460b12b37c,"E 12TH AVE & SOPHIA ST, VANCOUVER",49.260188,-123.098306
VANCOUVER,E 12TH AVE,ST CATHERINES ST,b403359d-a954-57e6-a28d-fe8feb44ca8e,"E 12TH AVE & ST CATHERINES ST, VANCOUVER",49.259708,-123.08532
VANCOUVER,E 12TH AVE,ST GEORGE ST,c3393507-c59d-553e-8502-fe49dddef5f1,"E 12TH AVE & ST GEORGE ST, VANCOUVER",49.259765,-123.093051
VANCOUVER,E 12TH AVE,TEMPLETON DR,448de14b-441e-5d39-866d-af239aa71fbf,"E 12TH AVE & TEMPLETON DR, VANCOUVER",49.25909,-123.060191
VANCOUVER,E 12TH AVE,VICTORIA DR,86238b91-5286-5413-8bec-bd6970fbbf25,"E 12TH AVE & VICTORIA DR, VANCOUVER",49.25954,-123.065949
VANCOUVER,E 12TH AVE,WATSON ST,bbd74cba-6971-5806-97ab-191ce391cf64,"E 12TH AVE & WATSON ST, VANCOUVER",49.260192,-123.100446
VANCOUVER,E 12TH AVE,WINDSOR ST,8971242a-7b61-5fe0-a9d4-51fbe836ac1e,"E 12TH AVE & WINDSOR ST, VANCOUVER",49.259692,-123.08335
VANCOUVER,E 12TH AVE,WOODLAND DR,546b5786-67ee-566c-8fb5-33810bc4bcf0,"E 12TH AVE & WOODLAND DR, VANCOUVER",49.259606,-123.073693
VANCOUVER,E 13TH AVE,FRASER ST,4429e91d-ac30-5422-b7da-1d741bfce292,"E 13TH AVE & FRASER ST, VANCOUVER",49.258813,-123.089195
VANCOUVER,E 13TH AVE,GLEN DR,2688af31-732c-5ee5-958d-f30bdef10071,"E 13TH AVE & GLEN DR, VANCOUVER",49.258766,-123.081458
VANCOUVER,E 13TH AVE,KINGSWAY,64ffbd9f-b537-57c5-8a1c-50912cd75d2d,"E 13TH AVE & KINGSWAY, VANCOUVER",49.259248,-123.095797
VANCOUVER,E 13TH AVE,LAKEWOOD DR,ef7e77ad-09c4-5048-9363-bf41b16a8270,"E 13TH AVE & LAKEWOOD DR, VANCOUVER",49.258611,-123.062114
VANCOUVER,E 13TH AVE,MAIN ST,a8871398-b03f-5590-9c01-d271f4b423c1,"E 13TH AVE & MAIN ST, VANCOUVER",49.259308,-123.101108
VANCOUVER,E 13TH AVE,ONTARIO ST,6773a0d3-0728-5174-8d82-e83df86697bc,"E 13TH AVE & ONTARIO ST, VANCOUVER",49.259371,-123.105048
VANCOUVER,E 13TH AVE,PRINCE ALBERT ST,fb63be7f-573c-540a-8f17-f3baaab0665f,"E 13TH AVE & PRINCE ALBERT ST, VANCOUVER",49.258806,-123.087275
VANCOUVER,E 13TH AVE,PRINCE EDWARD ST,e2ea2602-a3d3-545a-b476-9b3c09499603,"E 13TH AVE & PRINCE EDWARD ST, VANCOUVER",49.259255,-123.096342
VANCOUVER,E 13TH AVE,QUEBEC ST,7bcb99b4-0904-505f-a30e-5cfa8b03e577,"E 13TH AVE & QUEBEC ST, VANCOUVER",49.259333,-123.103147
VANCOUVER,E 13TH AVE,SEMLIN DR,636c5143-0c50-504a-bad1-11d4485431b8,"E 13TH AVE & SEMLIN DR, VANCOUVER",49.25863,-123.064045
VANCOUVER,E 13TH AVE,SOPHIA ST,1d377f94-c13c-56f9-b91f-5853a93c2ec8,"E 13TH AVE & SOPHIA ST, VANCOUVER",49.259277,-123.09834
VANCOUVER,E 13TH AVE,ST CATHERINES ST,88a5f22b-adc9-5e08-9aa0-1ad01d06b0cb,"E 13TH AVE & ST CATHERINES ST, VANCOUVER",49.258792,-123.085368
VANCOUVER,E 13TH AVE,ST GEORGE ST,18e63968-14c6-53d3-b420-9a0e1c734520,"E 13TH AVE & ST GEORGE ST, VANCOUVER",49.259295,-123.093059
VANCOUVER,E 13TH AVE,TEMPLETON DR,c55f07b6-5c5b-5ffa-b7b1-7cf085c6c742,"E 13TH AVE & TEMPLETON DR, VANCOUVER",49.258589,-123.06017
VANCOUVER,E 13TH AVE,VICTORIA DR,b00c241b-3cf6-5623-9e68-851047cb59be,"E 13TH AVE & VICTORIA DR, VANCOUVER",49.258649,-123.065965
VANCOUVER,E 13TH AVE,WATSON ST,1edb1d89-8c30-5ede-adea-06ae0fc97802,"E 13TH AVE & WATSON ST, VANCOUVER",49.259302,-123.100497
VANCOUVER,E 13TH AVE,WINDSOR ST,9a82bc96-e006-5005-b7a1-ac22b8c45061,"E 13TH AVE & WINDSOR ST, VANCOUVER",49.258767,-123.083385
VANCOUVER,E 13TH AVE,WOODLAND DR,315ec0e7-726f-56bc-8a5a-b02a5a4e4320,"E 13TH AVE & WOODLAND DR, VANCOUVER",49.258693,-123.073724
VANCOUVER,E 14TH AVE,FRASER ST,ada28e0d-b594-5a2a-bce4-80aa418fe289,"E 14TH AVE & FRASER ST, VANCOUVER",49.257939,-123.089209
VANCOUVER,E 14TH AVE,GLEN DR,91450b49-3c32-52ab-ab70-bc9c01832719,"E 14TH AVE & GLEN DR, VANCOUVER",49.257845,-123.081474
VANCOUVER,E 14TH AVE,KASLO ST,f60f0f5e-ed59-505a-ac88-f38a0ef39123,"E 14TH AVE & KASLO ST, VANCOUVER",49.257234,-123.047018
VANCOUVER,E 14TH AVE,KNIGHT ST,8d834fef-be5d-560b-ab9b-809548f0b06d,"E 14TH AVE & KNIGHT ST, VANCOUVER",49.25782,-123.077118
VANCOUVER,E 14TH AVE,LILLOOET ST,c469c1ce-85af-5216-9799-a99d30273df0,"E 14TH AVE & LILLOOET ST, VANCOUVER",49.257215,-123.039073
VANCOUVER,E 14TH AVE,MAIN ST,000b4aef-de7d-5fbe-8db7-c9b198905751,"E 14TH AVE & MAIN ST, VANCOUVER",49.258397,-123.101131
VANCOUVER,E 14TH AVE,NOOTKA ST,23a12d16-2e27-5353-a485-5daf42e659d0,"E 14TH AVE & NOOTKA ST, VANCOUVER",49.257222,-123.041566
VANCOUVER,E 14TH AVE,ONTARIO ST,916cc93b-793a-5cb0-afce-81fad7b472f6,"E 14TH AVE & ONTARIO ST, VANCOUVER",49.258471,-123.105104
VANCOUVER,E 14TH AVE,PRINCE ALBERT ST,7f26c6bd-9591-5981-bb6e-e2359e6d148a,"E 14TH AVE & PRINCE ALBERT ST, VANCOUVER",49.257927,-123.087252
VANCOUVER,E 14TH AVE,PRINCE EDWARD ST,23bc2466-4d20-538d-b38f-e94515237146,"E 14TH AVE & PRINCE EDWARD ST, VANCOUVER",49.25833,-123.09641
VANCOUVER,E 14TH AVE,QUEBEC ST,345c6ff7-12d7-5cf3-b87e-684049eb6872,"E 14TH AVE & QUEBEC ST, VANCOUVER",49.258425,-123.103184
VANCOUVER,E 14TH AVE,RENFREW ST,608a7bc1-cb22-55ca-8c8e-0314d7a8d21c,"E 14TH AVE & RENFREW ST, VANCOUVER",49.257222,-123.044314
VANCOUVER,E 14TH AVE,RUPERT ST,48da1e55-7e38-5356-ae57-af317816df04,"E 14TH AVE & RUPERT ST, VANCOUVER",49.257235,-123.033787
VANCOUVER,E 14TH AVE,SOPHIA ST,97a2b227-d3f9-5b04-8020-64530901e08f,"E 14TH AVE & SOPHIA ST, VANCOUVER",49.258359,-123.098374
VANCOUVER,E 14TH AVE,ST CATHERINES ST,9292630b-8def-5bf8-872a-312b3806b2a9,"E 14TH AVE & ST CATHERINES ST, VANCOUVER",49.257875,-123.085339
VANCOUVER,E 14TH AVE,VICTORIA DR,11532c4a-6870-53ee-9af0-883f56c3055c,"E 14TH AVE & VICTORIA DR, VANCOUVER",49.257722,-123.065989
VANCOUVER,E 14TH AVE,WATSON ST,71284c32-c137-5304-9d7a-373588bb7383,"E 14TH AVE & WATSON ST, VANCOUVER",49.25839,-123.100552
VANCOUVER,E 14TH AVE,WINDERMERE ST,4a874641-fc7a-592a-9282-ab38b22d1eff,"E 14TH AVE & WINDERMERE ST, VANCOUVER",49.257231,-123.03654
VANCOUVER,E 14TH AVE,WINDSOR ST,52b3e7bc-094f-528e-9551-01087e817727,"E 14TH AVE & WINDSOR ST, VANCOUVER",49.257857,-123.083369
VANCOUVER,E 14TH AVE,WOODLAND DR,4a420556-f209-5f04-a0de-0cabb2f21054,"E 14TH AVE & WOODLAND DR, VANCOUVER",49.25779,-123.073714
VANCOUVER,E 15TH AVE,FINDLAY ST,6d0a36d4-fe61-5b59-a5ea-f40c24e1681a,"E 15TH AVE & FINDLAY ST, VANCOUVER",49.256827,-123.067865
VANCOUVER,E 15TH AVE,FLEMING ST,8feafb8f-7fe7-559b-a06c-418166a1111e,"E 15TH AVE & FLEMING ST, VANCOUVER",49.256444,-123.070869
VANCOUVER,E 15TH AVE,FRASER ST,a17f2213-440e-53fa-a54f-958b7c178c02,"E 15TH AVE & FRASER ST, VANCOUVER",49.257163,-123.08944
VANCOUVER,E 15TH AVE,GARDEN DR,2cc5931c-5bfb-5b3e-be53-995e99255658,"E 15TH AVE & GARDEN DR, VANCOUVER",49.256776,-123.058277
VANCOUVER,E 15TH AVE,GLEN DR,4242a18a-4b3c-5efd-b576-2bd9a47950b4,"E 15TH AVE & GLEN DR, VANCOUVER",49.256848,-123.081589
VANCOUVER,E 15TH AVE,INVERNESS ST,39a3644c-f909-5a18-9669-51a296e1165e,"E 15TH AVE & INVERNESS ST, VANCOUVER",49.256775,-123.079781
VANCOUVER,E 15TH AVE,KASLO ST,6bd267b7-c89b-561b-9fde-0785a23dcb39,"E 15TH AVE & KASLO ST, VANCOUVER",49.25633,-123.047028
VANCOUVER,E 15TH AVE,KINGSWAY,d78c2cf4-fb86-5f57-9b78-4cfc477a5fe1,"E 15TH AVE & KINGSWAY, VANCOUVER",49.257282,-123.091119
VANCOUVER,E 15TH AVE,KNIGHT ST,b730de3f-d14e-5aff-b212-6ca58a073398,"E 15TH AVE & KNIGHT ST, VANCOUVER",49.256597,-123.075866
VANCOUVER,E 15TH AVE,LILLOOET ST,eaf69c27-5d95-569e-9150-0edfb4d9a4bc,"E 15TH AVE & LILLOOET ST, VANCOUVER",49.256369,-123.039079
VANCOUVER,E 15TH AVE,MADDAMS ST,972b0d7c-55fd-5feb-96b4-61bea45123ca,"E 15TH AVE & MADDAMS ST, VANCOUVER",49.256567,-123.075045
VANCOUVER,E 15TH AVE,MAIN ST,f78f080b-ef8c-50f3-ac48-ec1c40178b04,"E 15TH AVE & MAIN ST, VANCOUVER",49.257507,-123.101198
VANCOUVER,E 15TH AVE,NANAIMO ST,8f2ff1e5-b24a-59ec-b66a-a6ce913864c9,"E 15TH AVE & NANAIMO ST, VANCOUVER",49.256442,-123.056619
VANCOUVER,E 15TH AVE,NOOTKA ST,b83a7a5c-3da0-507d-8fc5-d1fef189e219,"E 15TH AVE & NOOTKA ST, VANCOUVER",49.256348,-123.041576
VANCOUVER,E 15TH AVE,ONTARIO ST,9a7917fc-fa86-5d04-876d-a8a8c413dbbd,"E 15TH AVE & ONTARIO ST, VANCOUVER",49.257566,-123.105153
VANCOUVER,E 15TH AVE,PRINCE ALBERT ST,e3de9bc5-4a07-5eb3-b4ac-821a6344c75e,"E 15TH AVE & PRINCE ALBERT ST, VANCOUVER",49.257079,-123.087318
VANCOUVER,E 15TH AVE,PRINCE EDWARD ST,2d6da2a3-1360-5718-859b-f8b3dd5cdd26,"E 15TH AVE & PRINCE EDWARD ST, VANCOUVER",49.257442,-123.096442
VANCOUVER,E 15TH AVE,QUEBEC ST,86fe5719-dc6a-5573-b725-70b859489f85,"E 15TH AVE & QUEBEC ST, VANCOUVER",49.257533,-123.103185
VANCOUVER,E 15TH AVE,RENFREW ST,49c78f94-d07f-554c-bf3f-dea44c46d56a,"E 15TH AVE & RENFREW ST, VANCOUVER",49.256314,-123.044324
VANCOUVER,E 15TH AVE,RUPERT ST,82ba2861-a6f2-5850-898c-afadc6fe6edf,"E 15TH AVE & RUPERT ST, VANCOUVER",49.25641,-123.033792
VANCOUVER,E 15TH AVE,SLOCAN ST,31dfe390-acf0-5a68-9e6d-0d022efdf032,"E 15TH AVE & SLOCAN ST, VANCOUVER",49.25634,-123.049523
VANCOUVER,E 15TH AVE,SOPHIA ST,6059d831-ab56-5621-8650-053ff3e9becb,"E 15TH AVE & SOPHIA ST, VANCOUVER",49.25747,-123.098414
VANCOUVER,E 15TH AVE,ST CATHERINES ST,bbf31846-e846-5c59-8172-139dd6566eb9,"E 15TH AVE & ST CATHERINES ST, VANCOUVER",49.257003,-123.085434
VANCOUVER,E 15TH AVE,ST GEORGE ST,e7b09a06-8bea-5ca9-8229-cbe7cdd9ddc4,"E 15TH AVE & ST GEORGE ST, VANCOUVER",49.257325,-123.093768
VANCOUVER,E 15TH AVE,VICTORIA DR,5a543ff4-3671-5754-81d1-5bbf78dbc323,"E 15TH AVE & VICTORIA DR, VANCOUVER",49.256816,-123.066008
VANCOUVER,E 15TH AVE,WATSON ST,c0f2e350-4aa5-5e1a-b199-3647e59a338d,"E 15TH AVE & WATSON ST, VANCOUVER",49.257499,-123.100607
VANCOUVER,E 15TH AVE,WINDERMERE ST,ac63b31d-123a-5025-a705-9c008ef91cd8,"E 15TH AVE & WINDERMERE ST, VANCOUVER",49.256389,-123.03655
VANCOUVER,E 15TH AVE,WINDSOR ST,7c70392a-01ee-598b-b258-235cba09519a,"E 15TH AVE & WINDSOR ST, VANCOUVER",49.256924,-123.083476
VANCOUVER,E 16TH AVE,FINDLAY ST,b2e67a3d-0d45-540e-9c21-314deb4cb62e,"E 16TH AVE & FINDLAY ST, VANCOUVER",49.256287,-123.067891
VANCOUVER,E 16TH AVE,FRASER ST,eaf0fb45-8c5b-5396-b8af-4ee5a321ecd8,"E 16TH AVE & FRASER ST, VANCOUVER",49.256565,-123.089884
VANCOUVER,E 16TH AVE,GLEN DR,e3c61615-dcc7-5a70-8545-26099d9b74c6,"E 16TH AVE & GLEN DR, VANCOUVER",49.256302,-123.081706
VANCOUVER,E 16TH AVE,KASLO ST,d91a2ef3-0344-58ea-a1b1-5098b122313a,"E 16TH AVE & KASLO ST, VANCOUVER",49.255433,-123.047034
VANCOUVER,E 16TH AVE,KINGSWAY,7102e6e4-4c17-5cf9-84b6-a35d9c191039,"E 16TH AVE & KINGSWAY, VANCOUVER",49.256404,-123.089186
VANCOUVER,E 16TH AVE,KNIGHT ST,2f8ca7f4-bab6-5afa-bd9d-3e77c2200d5e,"E 16TH AVE & KNIGHT ST, VANCOUVER",49.25622,-123.07588
VANCOUVER,E 16TH AVE,MAIN ST,91d264e2-a169-516b-a0a6-ba4d99517877,"E 16TH AVE & MAIN ST, VANCOUVER",49.256579,-123.101238
VANCOUVER,E 16TH AVE,NOOTKA ST,a77029ed-40a0-5479-b96e-a2905763b555,"E 16TH AVE & NOOTKA ST, VANCOUVER",49.255493,-123.041585
VANCOUVER,E 16TH AVE,ONTARIO ST,7ad23f57-f947-55f9-8581-8f24671a9129,"E 16TH AVE & ONTARIO ST, VANCOUVER",49.256637,-123.105058
VANCOUVER,E 16TH AVE,PENTICTON ST,f2638232-d095-56f2-ae46-a9f366c6700b,"E 16TH AVE & PENTICTON ST, VANCOUVER",49.25571,-123.052969
VANCOUVER,E 16TH AVE,PRINCE ALBERT ST,a6317d87-12ce-507e-b0b4-6d2e10bf5097,"E 16TH AVE & PRINCE ALBERT ST, VANCOUVER",49.256381,-123.087466
VANCOUVER,E 16TH AVE,PRINCE EDWARD ST,742d2467-aabb-51b5-80c2-a45f1bf68e67,"E 16TH AVE & PRINCE EDWARD ST, VANCOUVER",49.256515,-123.096477
VANCOUVER,E 16TH AVE,QUEBEC ST,42f24a95-caa9-5aa7-9220-e0c454d1bfee,"E 16TH AVE & QUEBEC ST, VANCOUVER",49.256606,-123.103243
VANCOUVER,E 16TH AVE,RENFREW ST,1551776b-a1cb-55ae-8f0f-097beda3919d,"E 16TH AVE & RENFREW ST, VANCOUVER",49.255403,-123.044335
VANCOUVER,E 16TH AVE,RUPERT ST,5499ca99-3645-5af2-9117-56de268b859a,"E 16TH AVE & RUPERT ST, VANCOUVER",49.255564,-123.033851
VANCOUVER,E 16TH AVE,SLOCAN ST,f44b617f-1fc3-596b-b71a-ca26b658a148,"E 16TH AVE & SLOCAN ST, VANCOUVER",49.255448,-123.049529
VANCOUVER,E 16TH AVE,SOPHIA ST,fc413688-23ff-5e70-b0b0-ab479b2f6e80,"E 16TH AVE & SOPHIA ST, VANCOUVER",49.256545,-123.098439
VANCOUVER,E 16TH AVE,ST CATHERINES ST,c494068a-4e31-5aa1-8be8-fa402bbcee44,"E 16TH AVE & ST CATHERINES ST, VANCOUVER",49.256363,-123.085551
VANCOUVER,E 16TH AVE,ST GEORGE ST,9ad8125d-af53-5757-a10a-af20ceedefff,"E 16TH AVE & ST GEORGE ST, VANCOUVER",49.256497,-123.093787
VANCOUVER,E 16TH AVE,VICTORIA DR,0891fdff-8717-50e7-9894-2e70e8598661,"E 16TH AVE & VICTORIA DR, VANCOUVER",49.256218,-123.066056
VANCOUVER,E 16TH AVE,WATSON ST,67963766-fa89-5659-b8d7-b22052ce4495,"E 16TH AVE & WATSON ST, VANCOUVER",49.256572,-123.100658
VANCOUVER,E 16TH AVE,WINDERMERE ST,90251e64-89b6-5292-a4ea-affcc175012a,"E 16TH AVE & WINDERMERE ST, VANCOUVER",49.255573,-123.036557
VANCOUVER,E 16TH AVE,WINDSOR ST,a32fdee6-d98f-519c-86af-8d73f6973f5c,"E 16TH AVE & WINDSOR ST, VANCOUVER",49.256341,-123.083609
VANCOUVER,E 17TH AVE,FRASER ST,32e8060c-fe29-53f4-9b67-3826a1bf71d8,"E 17TH AVE & FRASER ST, VANCOUVER",49.255532,-123.089913
VANCOUVER,E 17TH AVE,GARDEN DR,0b4a19b0-d47d-5048-b119-5b2b802ba20f,"E 17TH AVE & GARDEN DR, VANCOUVER",49.255086,-123.058283
VANCOUVER,E 17TH AVE,INVERNESS ST,b7c794b5-cb83-5135-905d-e20dbe782936,"E 17TH AVE & INVERNESS ST, VANCOUVER",49.255357,-123.079815
VANCOUVER,E 17TH AVE,KNIGHT ST,d8b53f6b-d13f-5384-b6ec-637ef15aab37,"E 17TH AVE & KNIGHT ST, VANCOUVER",49.255316,-123.075924
VANCOUVER,E 17TH AVE,LILLOOET ST,c5e7abb3-b975-5cee-93c2-20c53bcae75f,"E 17TH AVE & LILLOOET ST, VANCOUVER",49.254765,-123.039085
VANCOUVER,E 17TH AVE,MAIN ST,360d9c7c-a86c-58fe-be7d-a06fbafba8f6,"E 17TH AVE & MAIN ST, VANCOUVER",49.255683,-123.101268
VANCOUVER,E 17TH AVE,NANAIMO ST,bda24836-6cf5-59c3-a39c-8771cab629bc,"E 17TH AVE & NANAIMO ST, VANCOUVER",49.255078,-123.056633
VANCOUVER,E 17TH AVE,NOOTKA ST,f5e02536-b50d-56bf-b00f-dfa70a986363,"E 17TH AVE & NOOTKA ST, VANCOUVER",49.254777,-123.041591
VANCOUVER,E 17TH AVE,ONTARIO ST,f9c5aaaa-a7c4-5513-8b58-f07c4267f17e,"E 17TH AVE & ONTARIO ST, VANCOUVER",49.255708,-123.104987
VANCOUVER,E 17TH AVE,PENTICTON ST,252e5b57-e6de-51dd-8944-be56c7d38bb9,"E 17TH AVE & PENTICTON ST, VANCOUVER",49.254499,-123.052991
VANCOUVER,E 17TH AVE,PRINCE EDWARD ST,425b8811-7a3a-5fc8-ba76-ee74478234c0,"E 17TH AVE & PRINCE EDWARD ST, VANCOUVER",49.255601,-123.096512
VANCOUVER,E 17TH AVE,QUEBEC PL,9266a9cb-ad8a-52d3-a23d-82060d417fec,"E 17TH AVE & QUEBEC PL, VANCOUVER",49.255723,-123.103935
VANCOUVER,E 17TH AVE,QUEBEC ST,c8a1771e-9ae2-57f3-b59a-e59c08019e84,"E 17TH AVE & QUEBEC ST, VANCOUVER",49.255708,-123.103295
VANCOUVER,E 17TH AVE,RENFREW ST,98dc3314-1302-5457-be50-a04307597c6f,"E 17TH AVE & RENFREW ST, VANCOUVER",49.254411,-123.044346
VANCOUVER,E 17TH AVE,RUPERT ST,f7730241-e656-5f95-bb6c-7de2ae41b8bc,"E 17TH AVE & RUPERT ST, VANCOUVER",49.254735,-123.033798
VANCOUVER,E 17TH AVE,SLOCAN ST,64f913ab-2ac6-58b2-86cf-1dd5b3e88dca,"E 17TH AVE & SLOCAN ST, VANCOUVER",49.254479,-123.049538
VANCOUVER,E 17TH AVE,SOPHIA ST,51d97938-b81d-5785-adb6-8d80d64bd6c7,"E 17TH AVE & SOPHIA ST, VANCOUVER",49.255649,-123.098473
VANCOUVER,E 17TH AVE,ST CATHERINES ST,889c3ac7-f7e5-52a1-9294-b750e5f78dab,"E 17TH AVE & ST CATHERINES ST, VANCOUVER",49.255415,-123.08559
VANCOUVER,E 17TH AVE,ST GEORGE ST,55a63747-7323-569c-9ed5-bbc99a7eb86e,"E 17TH AVE & ST GEORGE ST, VANCOUVER",49.255595,-123.093806
VANCOUVER,E 17TH AVE,WATSON ST,89561fa7-cca8-5db4-b3aa-6d6c9bbb95ee,"E 17TH AVE & WATSON ST, VANCOUVER",49.255677,-123.100712
VANCOUVER,E 17TH AVE,WINDERMERE ST,778bd71d-e968-56b7-a204-9abcf9906c87,"E 17TH AVE & WINDERMERE ST, VANCOUVER",49.25475,-123.036563
VANCOUVER,E 17TH AVE,WINDSOR ST,66870c3f-9601-5907-bf49-aabc3b502071,"E 17TH AVE & WINDSOR ST, VANCOUVER",49.255394,-123.083634
VANCOUVER,E 18TH AVE,FLEMING ST,2e0b3370-82fa-56ad-9af8-76ec746b5138,"E 18TH AVE & FLEMING ST, VANCOUVER",49.25437,-123.071453
VANCOUVER,E 18TH AVE,FRASER ST,6f154a39-229b-5567-9b64-576829480a4f,"E 18TH AVE & FRASER ST, VANCOUVER",49.254632,-123.089952
VANCOUVER,E 18TH AVE,GARDEN DR,3ee4713b-f08f-5a40-861f-b0ddfcd0f543,"E 18TH AVE & GARDEN DR, VANCOUVER",49.253486,-123.05829
VANCOUVER,E 18TH AVE,INVERNESS ST,fce63b06-edf7-5739-83e8-9d24eb1bacfb,"E 18TH AVE & INVERNESS ST, VANCOUVER",49.254461,-123.079837
VANCOUVER,E 18TH AVE,KAMLOOPS ST,8cdc9534-c17f-59b8-856d-3ab6d49d2bd7,"E 18TH AVE & KAMLOOPS ST, VANCOUVER",49.254045,-123.054538
VANCOUVER,E 18TH AVE,KASLO ST,0eacb1eb-e17a-5460-8ca3-863891d86610,"E 18TH AVE & KASLO ST, VANCOUVER",49.254027,-123.047046
VANCOUVER,E 18TH AVE,KINGSWAY,b6958560-805a-52a6-826d-c7d8c9d4d0a7,"E 18TH AVE & KINGSWAY, VANCOUVER",49.254545,-123.085209
VANCOUVER,E 18TH AVE,KNIGHT ST,7c54c158-f981-5599-ad06-d760023876c0,"E 18TH AVE & KNIGHT ST, VANCOUVER",49.254405,-123.075956
VANCOUVER,E 18TH AVE,LILLOOET ST,b5fb89bc-81c9-59a8-96e9-acf92acc604d,"E 18TH AVE & LILLOOET ST, VANCOUVER",49.254007,-123.039089
VANCOUVER,E 18TH AVE,MAIN ST,35680dea-8d28-508f-8f7e-334d6aaad611,"E 18TH AVE & MAIN ST, VANCOUVER",49.254735,-123.100895
VANCOUVER,E 18TH AVE,NANAIMO ST,b303fe8e-ef5f-5f8f-9efa-0820894652eb,"E 18TH AVE & NANAIMO ST, VANCOUVER",49.253488,-123.056592
VANCOUVER,E 18TH AVE,NOOTKA ST,83755d7c-d7e4-54c1-bfdd-225d022f560d,"E 18TH AVE & NOOTKA ST, VANCOUVER",49.254014,-123.041598
VANCOUVER,E 18TH AVE,ONTARIO ST,04725253-8e5c-5b05-a933-9bf340951d0f,"E 18TH AVE & ONTARIO ST, VANCOUVER",49.254662,-123.105029
VANCOUVER,E 18TH AVE,PENTICTON ST,6b45e4f3-3a55-5665-8609-c4c52529c7d9,"E 18TH AVE & PENTICTON ST, VANCOUVER",49.254041,-123.052166
VANCOUVER,E 18TH AVE,PRINCE ALBERT ST,59aeddac-4191-5041-8232-d39ffe71d010,"E 18TH AVE & PRINCE ALBERT ST, VANCOUVER",49.254581,-123.087565
VANCOUVER,E 18TH AVE,PRINCE EDWARD ST,3aba42d7-6a7e-5751-a646-96415505f923,"E 18TH AVE & PRINCE EDWARD ST, VANCOUVER",49.254728,-123.096543
VANCOUVER,E 18TH AVE,QUEBEC PL,0a4efaec-ee1f-54c8-9efd-b99af14eeae6,"E 18TH AVE & QUEBEC PL, VANCOUVER",49.254637,-123.104
VANCOUVER,E 18TH AVE,QUEBEC ST,238793c9-afb5-5f76-a062-6bf9ca5aec65,"E 18TH AVE & QUEBEC ST, VANCOUVER",49.254631,-123.103358
VANCOUVER,E 18TH AVE,RENFREW ST,1897e8a2-c018-5a0e-b8c4-776fc1a07d06,"E 18TH AVE & RENFREW ST, VANCOUVER",49.25402,-123.044352
VANCOUVER,E 18TH AVE,RUPERT ST,73d72d2a-1bba-5c99-82ea-c453febe768a,"E 18TH AVE & RUPERT ST, VANCOUVER",49.253996,-123.033859
VANCOUVER,E 18TH AVE,SLOCAN ST,faa79c2b-ab1d-5746-baae-ee8e08575e39,"E 18TH AVE & SLOCAN ST, VANCOUVER",49.254029,-123.049543
VANCOUVER,E 18TH AVE,SOPHIA ST,35461baa-17bf-59b1-bc4e-694a5b0585a7,"E 18TH AVE & SOPHIA ST, VANCOUVER",49.254759,-123.098501
VANCOUVER,E 18TH AVE,ST CATHERINES ST,ce60d1e5-72cc-5f7d-b5f7-0600253dae9d,"E 18TH AVE & ST CATHERINES ST, VANCOUVER",49.254552,-123.085646
VANCOUVER,E 18TH AVE,ST GEORGE ST,b0de67b2-4f30-51d4-8212-15e63e8c0908,"E 18TH AVE & ST GEORGE ST, VANCOUVER",49.254685,-123.093836
VANCOUVER,E 18TH AVE,VICTORIA DIVERS,ca7e2e2a-1a67-5cb8-9cff-18461c62b607,"E 18TH AVE & VICTORIA DIVERS, VANCOUVER",49.254248,-123.067997
VANCOUVER,E 18TH AVE,WATSON ST,8ab2154a-f9bd-55fd-8b6a-6353b7e5bc36,"E 18TH AVE & WATSON ST, VANCOUVER",49.254735,-123.100895
VANCOUVER,E 18TH AVE,WELWYN ST,2f4b69fc-0dff-5fc3-8420-497611f780bb,"E 18TH AVE & WELWYN ST, VANCOUVER",49.254294,-123.069337
VANCOUVER,E 18TH AVE,WINDERMERE ST,bf76b6d3-1680-5e24-9cf7-b566365dc370,"E 18TH AVE & WINDERMERE ST, VANCOUVER",49.254002,-123.036569
VANCOUVER,E 19TH AVE,FRASER ST,dfd15b5e-c2b2-5d89-9784-36d52aa2c21b,"E 19TH AVE & FRASER ST, VANCOUVER",49.253725,-123.089961
VANCOUVER,E 19TH AVE,GARDEN DR,6784aaba-c42a-5acf-bb5a-9df12556c5be,"E 19TH AVE & GARDEN DR, VANCOUVER",49.252042,-123.058581
VANCOUVER,E 19TH AVE,GLADSTONE ST,2e696d56-3a53-5729-a118-58dbe8dc518d,"E 19TH AVE & GLADSTONE ST, VANCOUVER",49.252168,-123.059033
VANCOUVER,E 19TH AVE,GLEN DR,8f0075b7-9015-5dea-a015-8414593cedc3,"E 19TH AVE & GLEN DR, VANCOUVER",49.253588,-123.081781
VANCOUVER,E 19TH AVE,HULL ST,2e127480-e432-5d70-858c-3f5786b4f47d,"E 19TH AVE & HULL ST, VANCOUVER",49.253486,-123.063742
VANCOUVER,E 19TH AVE,INVERNESS ST,48dc65f5-ceae-5047-a34f-4c60f453e594,"E 19TH AVE & INVERNESS ST, VANCOUVER",49.253557,-123.079869
VANCOUVER,E 19TH AVE,KAMLOOPS ST,63cecd69-6a58-52f5-b2d3-f85da6e2e8aa,"E 19TH AVE & KAMLOOPS ST, VANCOUVER",49.253209,-123.054536
VANCOUVER,E 19TH AVE,KASLO ST,79dd51a4-2e3c-5032-90e0-0b914b835641,"E 19TH AVE & KASLO ST, VANCOUVER",49.253183,-123.047052
VANCOUVER,E 19TH AVE,KINGSWAY,5e2c7b50-e8d0-5384-8dc8-bbdc59d74388,"E 19TH AVE & KINGSWAY, VANCOUVER",49.253612,-123.08321
VANCOUVER,E 19TH AVE,KNIGHT ST,034ee609-379a-512e-8f4c-04e28db424af,"E 19TH AVE & KNIGHT ST, VANCOUVER",49.253492,-123.076
VANCOUVER,E 19TH AVE,LAKEWOOD ST,84199e8e-c526-5b5d-9a6c-5173c8e89d9a,"E 19TH AVE & LAKEWOOD ST, VANCOUVER",49.252642,-123.060698
VANCOUVER,E 19TH AVE,LILLOOET ST,5e4dc2ac-ec5b-5729-9bde-10a2aa1b52dd,"E 19TH AVE & LILLOOET ST, VANCOUVER",49.253154,-123.039092
VANCOUVER,E 19TH AVE,MAIN ST,0af5278a-47e3-5902-8f6c-fe0cbb352828,"E 19TH AVE & MAIN ST, VANCOUVER",49.253792,-123.100871
VANCOUVER,E 19TH AVE,MARSHALL ST,2a145712-3044-59e2-89bd-2c07d72f0ff5,"E 19TH AVE & MARSHALL ST, VANCOUVER",49.253029,-123.062092
VANCOUVER,E 19TH AVE,NOOTKA ST,9bc2fd4b-1c18-53ad-8d53-34b021aec246,"E 19TH AVE & NOOTKA ST, VANCOUVER",49.253159,-123.041605
VANCOUVER,E 19TH AVE,ONTARIO ST,2364f080-0b91-5626-a39d-0eea9caf7e59,"E 19TH AVE & ONTARIO ST, VANCOUVER",49.253783,-123.104803
VANCOUVER,E 19TH AVE,PRINCE ALBERT ST,0d2ea316-50d0-58a0-85f5-9c52a562159d,"E 19TH AVE & PRINCE ALBERT ST, VANCOUVER",49.253686,-123.087567
VANCOUVER,E 19TH AVE,PRINCE EDWARD ST,c2c2fcd6-48fe-500e-ba48-12e0b8fe0cfb,"E 19TH AVE & PRINCE EDWARD ST, VANCOUVER",49.253816,-123.096576
VANCOUVER,E 19TH AVE,QUEBEC ST,868a988a-a1a0-5ade-ba48-607d13d34db2,"E 19TH AVE & QUEBEC ST, VANCOUVER",49.253723,-123.102825
VANCOUVER,E 19TH AVE,RENFREW ST,b661ccec-072b-582f-8801-b8c7490c3fb1,"E 19TH AVE & RENFREW ST, VANCOUVER",49.253183,-123.044356
VANCOUVER,E 19TH AVE,RUPERT ST,d44dfeec-b5d1-5032-8ff0-f52edf531238,"E 19TH AVE & RUPERT ST, VANCOUVER",49.253145,-123.033804
VANCOUVER,E 19TH AVE,SEAFORTH DR,7dc331de-d005-52ab-8955-85188db64374,"E 19TH AVE & SEAFORTH DR, VANCOUVER",49.253145,-123.033804
VANCOUVER,E 19TH AVE,SOPHIA ST,46552270-99ba-5bc2-9f7f-d8d328e9e672,"E 19TH AVE & SOPHIA ST, VANCOUVER",49.253846,-123.098532
VANCOUVER,E 19TH AVE,ST CATHERINES ST,d852e290-dcc4-5516-852e-db4d5e0ecda5,"E 19TH AVE & ST CATHERINES ST, VANCOUVER",49.253652,-123.08565
VANCOUVER,E 19TH AVE,ST GEORGE ST,357d644c-0247-58e1-bcdc-fe4496ce4456,"E 19TH AVE & ST GEORGE ST, VANCOUVER",49.253775,-123.093879
VANCOUVER,E 19TH AVE,VICTORIA DR,7c0c0a4d-c5fe-5781-a8e1-7da518165bc4,"E 19TH AVE & VICTORIA DR, VANCOUVER",49.254149,-123.066101
VANCOUVER,E 19TH AVE,WALKER ST,0391c13b-550e-533f-89d1-023d29582e11,"E 19TH AVE & WALKER ST, VANCOUVER",49.251873,-123.057931
VANCOUVER,E 19TH AVE,WINDERMERE ST,6cbe9968-bfdb-5d97-95bb-b2a386151bd2,"E 19TH AVE & WINDERMERE ST, VANCOUVER",49.25315,-123.036578
VANCOUVER,E 19TH AVE,WINDSOR ST,933fdf60-0e71-50c7-98e9-35484e1adc53,"E 19TH AVE & WINDSOR ST, VANCOUVER",49.253621,-123.083729
VANCOUVER,E 1ST AVE,E 1ST AVE OFFRAMP,ba62365a-697a-52fb-ad66-d5dc40a3f7ea,"E 1ST AVE & E 1ST AVE OFFRAMP, VANCOUVER",49.269452,-123.027611
VANCOUVER,E 1ST AVE,E 1ST AVE ONRAMP,a6f1162a-ad4c-516f-bf1f-65bfa5f48513,"E 1ST AVE & E 1ST AVE ONRAMP, VANCOUVER",49.26953,-123.027812
VANCOUVER,E 1ST AVE,GARDEN DR,8fab196f-0217-5fce-b90d-bfe7deb3ad23,"E 1ST AVE & GARDEN DR, VANCOUVER",49.269496,-123.058015
VANCOUVER,E 1ST AVE,GRANDVIEW VIADUCT,c16fcd26-03d7-51b9-ad29-f7db15d32c16,"E 1ST AVE & GRANDVIEW VIADUCT, VANCOUVER",49.269649,-123.077365
VANCOUVER,E 1ST AVE,HWY 1,e171986a-bb38-5a81-902b-26fc512545c0,"E 1ST AVE & HWY 1, VANCOUVER",49.26953,-123.027487
VANCOUVER,E 1ST AVE,HWY 1A,fab29fee-3732-59ce-b7d0-cdb1f3eea8a1,"E 1ST AVE & HWY 1A, VANCOUVER",49.270128,-123.100736
VANCOUVER,E 1ST AVE,KAMLOOPS ST,5dbe0a20-4442-5615-bd5d-1bbc80fa04d8,"E 1ST AVE & KAMLOOPS ST, VANCOUVER",49.269511,-123.054681
VANCOUVER,E 1ST AVE,KASLO ST,4932b001-a884-508b-b524-c64e3eaa7a46,"E 1ST AVE & KASLO ST, VANCOUVER",49.269577,-123.046936
VANCOUVER,E 1ST AVE,LAKEWOOD DR,cc9d4252-6efe-5bc5-ad2b-3a39f43e72c8,"E 1ST AVE & LAKEWOOD DR, VANCOUVER",49.269534,-123.061901
VANCOUVER,E 1ST AVE,LILLOOET ST,202867ba-6ece-5da3-a3ab-d442ece5853a,"E 1ST AVE & LILLOOET ST, VANCOUVER",49.269367,-123.038945
VANCOUVER,E 1ST AVE,LORNE ST,3cca9f09-c8c8-52f7-81ea-f3753dca8438,"E 1ST AVE & LORNE ST, VANCOUVER",49.269214,-123.098838
VANCOUVER,E 1ST AVE,MAIN ST,1c370756-60aa-52a4-b123-39b2df2ebae7,"E 1ST AVE & MAIN ST, VANCOUVER",49.270128,-123.100736
VANCOUVER,E 1ST AVE,MCLEAN DR,7e7f4a00-b124-5d9b-b720-73a353cd30aa,"E 1ST AVE & MCLEAN DR, VANCOUVER",49.269634,-123.075422
VANCOUVER,E 1ST AVE,NANAIMO ST,085abd60-3e2f-5cf7-9196-079840b3fa8a,"E 1ST AVE & NANAIMO ST, VANCOUVER",49.269481,-123.056605
VANCOUVER,E 1ST AVE,NOOTKA ST,465d5dfa-3b9b-5411-a618-8fca5a324ce9,"E 1ST AVE & NOOTKA ST, VANCOUVER",49.269558,-123.041466
VANCOUVER,E 1ST AVE,ONTARIO ST,6def6a6b-9c86-5515-831b-e2df404aa7cf,"E 1ST AVE & ONTARIO ST, VANCOUVER",49.270163,-123.104627
VANCOUVER,E 1ST AVE,PENTICTON ST,435331b7-6740-5761-bdf3-adba49f9018a,"E 1ST AVE & PENTICTON ST, VANCOUVER",49.269485,-123.052072
VANCOUVER,E 1ST AVE,PULLMAN PORTER ST,6fe4c32a-0ef9-5c01-9c3c-4b9f6430df83,"E 1ST AVE & PULLMAN PORTER ST, VANCOUVER",49.270183,-123.103712
VANCOUVER,E 1ST AVE,QUEBEC ST,dd48e4e7-52d9-56b3-8e8f-8041b092c157,"E 1ST AVE & QUEBEC ST, VANCOUVER",49.270157,-123.102714
VANCOUVER,E 1ST AVE,RENFREW ST,153ac3e0-ac74-5151-90ba-a097d2838d79,"E 1ST AVE & RENFREW ST, VANCOUVER",49.269475,-123.044219
VANCOUVER,E 1ST AVE,RUPERT ST,56003534-56c9-5810-9a0c-c4502af32198,"E 1ST AVE & RUPERT ST, VANCOUVER",49.26945,-123.033689
VANCOUVER,E 1ST AVE,SALSBURY DR,ba81c170-96d0-5bf3-b561-81d4b0269395,"E 1ST AVE & SALSBURY DR, VANCOUVER",49.26956,-123.06772
VANCOUVER,E 1ST AVE,SCOTIA ST,c958ee8f-a160-5201-9bff-ed73f4271235,"E 1ST AVE & SCOTIA ST, VANCOUVER",49.268378,-123.097383
VANCOUVER,E 1ST AVE,SEMLIN DR,d1b3b31e-bc5b-5625-a996-c316f8ceddf6,"E 1ST AVE & SEMLIN DR, VANCOUVER",49.269566,-123.063806
VANCOUVER,E 1ST AVE,SLOCAN ST,bb08d23f-5c1a-5bfe-8542-2318b646a949,"E 1ST AVE & SLOCAN ST, VANCOUVER",49.269481,-123.049447
VANCOUVER,E 1ST AVE,TEMPLETON DR,62bda2ac-261a-5f6a-9d17-947a724ff301,"E 1ST AVE & TEMPLETON DR, VANCOUVER",49.26951,-123.059945
VANCOUVER,E 1ST AVE,THORNTON ST,ccaef5a2-f665-58e5-8d89-f6419adaa124,"E 1ST AVE & THORNTON ST, VANCOUVER",49.26763,-123.094902
VANCOUVER,E 1ST AVE,TRANS-CANADA HWY,bc7561b9-22ec-5487-8b65-4cb75cc91a9c,"E 1ST AVE & TRANS-CANADA HWY, VANCOUVER",49.26953,-123.027487
VANCOUVER,E 1ST AVE,VALIANT ST,5e35d8c4-9a69-5f93-bb14-46ffc0331d86,"E 1ST AVE & VALIANT ST, VANCOUVER",49.269529,-123.025406
VANCOUVER,E 1ST AVE,VICTORIA DR,3dbec697-3cf5-5ed8-a055-6270e9702525,"E 1ST AVE & VICTORIA DR, VANCOUVER",49.26956,-123.065769
VANCOUVER,E 1ST AVE,W 1ST AVE,ba0904df-20b9-5d4f-a737-5d0d0bb9d0db,"E 1ST AVE & W 1ST AVE, VANCOUVER",49.270163,-123.104627
VANCOUVER,E 1ST AVE,WINDERMERE ST,a6a5a9e3-7dd3-5e0d-b0de-86302d4571b6,"E 1ST AVE & WINDERMERE ST, VANCOUVER",49.269537,-123.036435
VANCOUVER,E 1ST AVE,WOODLAND DR,fd732e4e-c989-54ed-baff-3cbf654c2f0d,"E 1ST AVE & WOODLAND DR, VANCOUVER",49.269622,-123.07349
VANCOUVER,E 1ST AVE OFFRAMP,HWY 1,5a136f2c-4d0d-54e8-b732-ca2ff9574950,"E 1ST AVE OFFRAMP & HWY 1, VANCOUVER",49.269452,-123.027611
VANCOUVER,E 1ST AVE OFFRAMP,TRANS-CANADA HWY,582f84f5-2966-5c66-b4fc-69c138a704be,"E 1ST AVE OFFRAMP & TRANS-CANADA HWY, VANCOUVER",49.269452,-123.027611
VANCOUVER,E 1ST AVE ONRAMP,HWY 1,96432b65-b385-5e64-9cc2-fedf6e551e86,"E 1ST AVE ONRAMP & HWY 1, VANCOUVER",49.26953,-123.027812
VANCOUVER,E 20TH AVE,FLEMING ST,05f4bedd-b593-59e0-8bef-4b651310b5cf,"E 20TH AVE & FLEMING ST, VANCOUVER",49.252533,-123.071965
VANCOUVER,E 20TH AVE,FRASER ST,49754197-1ad7-5eb3-881f-0f159cef6ff9,"E 20TH AVE & FRASER ST, VANCOUVER",49.252794,-123.089992
VANCOUVER,E 20TH AVE,GLEN DR,52c34fc5-6eaa-5e79-ab21-aab191097f50,"E 20TH AVE & GLEN DR, VANCOUVER",49.252681,-123.081803
VANCOUVER,E 20TH AVE,HULL ST,084b3edc-d5dc-5a99-a236-292eb811802d,"E 20TH AVE & HULL ST, VANCOUVER",49.25268,-123.064278
VANCOUVER,E 20TH AVE,INVERNESS ST,6ea7daec-3db5-5fc8-bc42-26137285cb18,"E 20TH AVE & INVERNESS ST, VANCOUVER",49.252658,-123.079882
VANCOUVER,E 20TH AVE,KASLO ST,a5a47b2b-aacb-521c-8feb-5eeff67cb08e,"E 20TH AVE & KASLO ST, VANCOUVER",49.252358,-123.047058
VANCOUVER,E 20TH AVE,KNIGHT ST,f02d825b-eb6c-500d-8411-e2bf568a9c16,"E 20TH AVE & KNIGHT ST, VANCOUVER",49.2526,-123.075999
VANCOUVER,E 20TH AVE,LILLOOET ST,046432af-abbd-5d8b-96e9-34a7f56afc10,"E 20TH AVE & LILLOOET ST, VANCOUVER",49.252335,-123.039096
VANCOUVER,E 20TH AVE,MAIN ST,b8bb350b-479f-5b39-b992-1a41e479533d,"E 20TH AVE & MAIN ST, VANCOUVER",49.252708,-123.100937
VANCOUVER,E 20TH AVE,MARSHALL ST,aed35b7b-a154-5392-9e16-d694fb47923e,"E 20TH AVE & MARSHALL ST, VANCOUVER",49.252183,-123.062651
VANCOUVER,E 20TH AVE,MAXWELL ST,f04182a8-cf5e-5f2d-b2ee-351964a140cc,"E 20TH AVE & MAXWELL ST, VANCOUVER",49.252503,-123.070167
VANCOUVER,E 20TH AVE,NANAIMO ST,26b9621b-69db-5847-b81e-d66319eafe70,"E 20TH AVE & NANAIMO ST, VANCOUVER",49.252289,-123.056596
VANCOUVER,E 20TH AVE,NOOTKA ST,3a304997-f512-55a8-abf8-0835f8ac304f,"E 20TH AVE & NOOTKA ST, VANCOUVER",49.25234,-123.041613
VANCOUVER,E 20TH AVE,ONTARIO ST,f97cb01c-a0fa-5192-abe7-c486e7a8a8aa,"E 20TH AVE & ONTARIO ST, VANCOUVER",49.252761,-123.104815
VANCOUVER,E 20TH AVE,PENTICTON ST,eac4e32c-6860-5482-9cf0-526d748ffda1,"E 20TH AVE & PENTICTON ST, VANCOUVER",49.252366,-123.052181
VANCOUVER,E 20TH AVE,PRINCE ALBERT ST,e5dd65f4-ad19-57e8-8ed2-1911e95760ee,"E 20TH AVE & PRINCE ALBERT ST, VANCOUVER",49.252769,-123.087632
VANCOUVER,E 20TH AVE,PRINCE EDWARD ST,0de447c8-e3e8-5c3d-9303-403a401f9b96,"E 20TH AVE & PRINCE EDWARD ST, VANCOUVER",49.252919,-123.096611
VANCOUVER,E 20TH AVE,QUEBEC ST,d8c9d691-9960-59a2-8800-ca0c3ba26680,"E 20TH AVE & QUEBEC ST, VANCOUVER",49.252736,-123.102855
VANCOUVER,E 20TH AVE,RENFREW ST,9f2f0b8f-0e12-554c-8fa0-64c951835501,"E 20TH AVE & RENFREW ST, VANCOUVER",49.252346,-123.044365
VANCOUVER,E 20TH AVE,RUPERT ST,66c6c879-cab0-53b6-b108-a2e7071c9182,"E 20TH AVE & RUPERT ST, VANCOUVER",49.252306,-123.03381
VANCOUVER,E 20TH AVE,SLOCAN ST,c03b5df0-d78f-5d26-bab9-bc2eaf785d2d,"E 20TH AVE & SLOCAN ST, VANCOUVER",49.252375,-123.049603
VANCOUVER,E 20TH AVE,SOPHIA ST,be76f9e9-109e-5054-9d7a-f7f9aadf849c,"E 20TH AVE & SOPHIA ST, VANCOUVER",49.25295,-123.098563
VANCOUVER,E 20TH AVE,ST CATHERINES ST,e618d211-814e-54d7-a2f8-b0f9ca45f987,"E 20TH AVE & ST CATHERINES ST, VANCOUVER",49.252739,-123.085707
VANCOUVER,E 20TH AVE,WELWYN ST,fd9329e4-83d8-51f4-a5de-2325ccb47e27,"E 20TH AVE & WELWYN ST, VANCOUVER",49.25249,-123.069378
VANCOUVER,E 20TH AVE,WINDERMERE ST,b358c241-0443-54e3-b876-d06ad0da3fc0,"E 20TH AVE & WINDERMERE ST, VANCOUVER",49.252331,-123.036585
VANCOUVER,E 20TH AVE,WINDSOR ST,1d3a60e8-0c8f-5cef-9a97-af2048f7a539,"E 20TH AVE & WINDSOR ST, VANCOUVER",49.252708,-123.083742
VANCOUVER,E 20TH ST,KNIGHT ST,d970ba82-2176-5259-9105-5f69d9303249,"E 20TH ST & KNIGHT ST, VANCOUVER",49.252599,-123.075963
VANCOUVER,E 21ST AVE,FRASER ST,e3faa74a-374c-5cce-9b93-bc278d726a9a,"E 21ST AVE & FRASER ST, VANCOUVER",49.251896,-123.090059
VANCOUVER,E 21ST AVE,GLEN DR,23a5d590-fb08-599d-8600-288006fd3108,"E 21ST AVE & GLEN DR, VANCOUVER",49.251785,-123.081825
VANCOUVER,E 21ST AVE,INVERNESS ST,c8dcd00d-ac02-5721-8563-6d679270c4cd,"E 21ST AVE & INVERNESS ST, VANCOUVER",49.251753,-123.0799
VANCOUVER,E 21ST AVE,KASLO ST,f6cb9f0a-ec8b-5d9f-b9a8-eb840d0e98f1,"E 21ST AVE & KASLO ST, VANCOUVER",49.251504,-123.047067
VANCOUVER,E 21ST AVE,KNIGHT ST,be5d5c76-75ba-57d2-b156-23b5c740eee9,"E 21ST AVE & KNIGHT ST, VANCOUVER",49.251697,-123.075996
VANCOUVER,E 21ST AVE,LILLOOET ST,c18b98c7-d6a7-5a14-b39a-06f12a12f912,"E 21ST AVE & LILLOOET ST, VANCOUVER",49.25149,-123.039099
VANCOUVER,E 21ST AVE,MAIN ST,6aa88a95-2363-5835-a9e4-f8410dcaf176,"E 21ST AVE & MAIN ST, VANCOUVER",49.251936,-123.100937
VANCOUVER,E 21ST AVE,NANAIMO ST,064acbde-985e-58f7-826f-0918b786cfad,"E 21ST AVE & NANAIMO ST, VANCOUVER",49.251525,-123.056597
VANCOUVER,E 21ST AVE,NOOTKA ST,70c6e54f-7071-57b6-bae2-5307ede97e7e,"E 21ST AVE & NOOTKA ST, VANCOUVER",49.251493,-123.041624
VANCOUVER,E 21ST AVE,ONTARIO ST,a4ba7e53-3fc3-516d-af40-78d04dd5468e,"E 21ST AVE & ONTARIO ST, VANCOUVER",49.251877,-123.104873
VANCOUVER,E 21ST AVE,PENTICTON ST,aba14d1f-3d47-5ab9-a5dc-1e1692dd0c12,"E 21ST AVE & PENTICTON ST, VANCOUVER",49.25155,-123.052214
VANCOUVER,E 21ST AVE,PRINCE EDWARD ST,eab4e13a-01f3-50e6-b987-c38e274f2190,"E 21ST AVE & PRINCE EDWARD ST, VANCOUVER",49.25201,-123.096645
VANCOUVER,E 21ST AVE,QUEBEC ST,dbea2813-f4cd-5477-9a6c-5330fcb8ca9f,"E 21ST AVE & QUEBEC ST, VANCOUVER",49.251828,-123.10288
VANCOUVER,E 21ST AVE,RENFREW ST,f578f56c-a0f1-57c9-8f15-770c8b81092c,"E 21ST AVE & RENFREW ST, VANCOUVER",49.2515,-123.044371
VANCOUVER,E 21ST AVE,RUPERT ST,51371383-b51c-54b3-8ff6-d99d6fb774cc,"E 21ST AVE & RUPERT ST, VANCOUVER",49.251481,-123.033862
VANCOUVER,E 21ST AVE,SLOCAN ST,0d8ad4e9-cf17-5144-87df-f7921f6f6e13,"E 21ST AVE & SLOCAN ST, VANCOUVER",49.251548,-123.049608
VANCOUVER,E 21ST AVE,SOPHIA ST,24a9ac6b-def2-5e1b-b88f-99d3f70a63ef,"E 21ST AVE & SOPHIA ST, VANCOUVER",49.252036,-123.098596
VANCOUVER,E 21ST AVE,ST CATHERINES ST,cec1fb3e-4296-537e-a7bb-a06ee28f8cdd,"E 21ST AVE & ST CATHERINES ST, VANCOUVER",49.251841,-123.085736
VANCOUVER,E 21ST AVE,ST GEORGE ST,93dcea55-f3b5-5ad6-9543-6b785ffe6acc,"E 21ST AVE & ST GEORGE ST, VANCOUVER",49.251973,-123.093962
VANCOUVER,E 21ST AVE,WELWYN ST,bfbf8ded-3ccd-50f8-bd71-8272f6369d5c,"E 21ST AVE & WELWYN ST, VANCOUVER",49.251602,-123.069403
VANCOUVER,E 21ST AVE,WINDERMERE ST,12a1ad0f-940c-564f-bf15-2384430ef47d,"E 21ST AVE & WINDERMERE ST, VANCOUVER",49.251486,-123.036595
VANCOUVER,E 22ND AVE,FLEMING ST,0a3c2a1b-a588-538e-a060-cb13ad7752bb,"E 22ND AVE & FLEMING ST, VANCOUVER",49.250378,-123.072413
VANCOUVER,E 22ND AVE,FRASER ST,9ef8013d-c75f-5433-9258-5fa2ba15a755,"E 22ND AVE & FRASER ST, VANCOUVER",49.251008,-123.090078
VANCOUVER,E 22ND AVE,GLENDALE ST,e42d4ac3-1fff-5f53-a8f0-58258c2ec3a8,"E 22ND AVE & GLENDALE ST, VANCOUVER",49.250642,-123.025373
VANCOUVER,E 22ND AVE,INVERNESS ST,72fe8651-b042-50bd-9b77-406b11310ab3,"E 22ND AVE & INVERNESS ST, VANCOUVER",49.250866,-123.079949
VANCOUVER,E 22ND AVE,KAMLOOPS ST,a2bdf847-db54-5b44-80a4-6d2e2ca2a2e5,"E 22ND AVE & KAMLOOPS ST, VANCOUVER",49.250631,-123.054583
VANCOUVER,E 22ND AVE,KASLO ST,d8ce439a-e091-5fb6-a416-792f4e1b6aae,"E 22ND AVE & KASLO ST, VANCOUVER",49.250635,-123.047073
VANCOUVER,E 22ND AVE,KNIGHT ST,14197228-c1c0-5156-82ac-5d331df7b159,"E 22ND AVE & KNIGHT ST, VANCOUVER",49.250432,-123.076006
VANCOUVER,E 22ND AVE,KOOTENAY ST,e2b1d52c-f0b2-5ece-bee7-97e0fe136124,"E 22ND AVE & KOOTENAY ST, VANCOUVER",49.250638,-123.026252
VANCOUVER,E 22ND AVE,LANARK ST,7d50fe15-809f-595e-9cbd-8cc1b2ce4a2b,"E 22ND AVE & LANARK ST, VANCOUVER",49.250411,-123.074646
VANCOUVER,E 22ND AVE,LILLOOET ST,3dab124d-1bec-566b-8752-31e5b0f0c7a3,"E 22ND AVE & LILLOOET ST, VANCOUVER",49.25061,-123.039103
VANCOUVER,E 22ND AVE,MAIN ST,b603158e-7a44-593b-bcc1-e959ae03ab05,"E 22ND AVE & MAIN ST, VANCOUVER",49.251062,-123.100977
VANCOUVER,E 22ND AVE,MAXWELL ST,9f800417-3d17-5082-a535-091a9f0e37bd,"E 22ND AVE & MAXWELL ST, VANCOUVER",49.250346,-123.070228
VANCOUVER,E 22ND AVE,NANAIMO ST,d6a79f51-863a-57ba-8c77-c69eef46a384,"E 22ND AVE & NANAIMO ST, VANCOUVER",49.250649,-123.056601
VANCOUVER,E 22ND AVE,NOOTKA ST,9dddaaef-c291-5d79-9b17-98a15164ed2a,"E 22ND AVE & NOOTKA ST, VANCOUVER",49.250617,-123.041605
VANCOUVER,E 22ND AVE,ONTARIO ST,3132b90d-92fa-5886-b472-49c9b1d993fc,"E 22ND AVE & ONTARIO ST, VANCOUVER",49.25097,-123.104906
VANCOUVER,E 22ND AVE,PENTICTON ST,af13b0a1-9d45-5ea9-920f-6c6eb95e19f3,"E 22ND AVE & PENTICTON ST, VANCOUVER",49.250654,-123.052233
VANCOUVER,E 22ND AVE,PERRY ST,b56b3aae-003f-5847-a518-f8150cd66d50,"E 22ND AVE & PERRY ST, VANCOUVER",49.250361,-123.07109
VANCOUVER,E 22ND AVE,PRINCE ALBERT ST,db83be1f-d069-5236-80fb-36cf9bfcac97,"E 22ND AVE & PRINCE ALBERT ST, VANCOUVER",49.25098,-123.087703
VANCOUVER,E 22ND AVE,PRINCE EDWARD ST,c72ae655-500f-5e83-a45d-fe5096e82925,"E 22ND AVE & PRINCE EDWARD ST, VANCOUVER",49.251116,-123.096676
VANCOUVER,E 22ND AVE,QUEBEC ST,8add2262-a0a9-54b4-bba5-31be0a63c0fd,"E 22ND AVE & QUEBEC ST, VANCOUVER",49.250972,-123.102906
VANCOUVER,E 22ND AVE,RENFREW ST,eb1a5648-5151-515e-be3b-186afc2ef6af,"E 22ND AVE & RENFREW ST, VANCOUVER",49.250627,-123.044181
VANCOUVER,E 22ND AVE,RUPERT ST,51e79bd5-20c5-526b-94bb-fff09fdbd5c0,"E 22ND AVE & RUPERT ST, VANCOUVER",49.250607,-123.033814
VANCOUVER,E 22ND AVE,SIDNEY ST,71ba3c64-cde1-58c8-851b-877a497f6715,"E 22ND AVE & SIDNEY ST, VANCOUVER",49.250254,-123.062566
VANCOUVER,E 22ND AVE,SKEENA ST,3901d179-f240-5d39-aa3f-4166cba57551,"E 22ND AVE & SKEENA ST, VANCOUVER",49.250625,-123.028522
VANCOUVER,E 22ND AVE,SLOCAN ST,a3c273e8-bc87-5881-9281-0444f3731f89,"E 22ND AVE & SLOCAN ST, VANCOUVER",49.250639,-123.049615
VANCOUVER,E 22ND AVE,SOPHIA ST,36e46330-b637-5bd9-93a0-62be44cc280f,"E 22ND AVE & SOPHIA ST, VANCOUVER",49.251146,-123.098628
VANCOUVER,E 22ND AVE,ST GEORGE ST,0f1521b6-b21b-5686-9e91-70e886aed079,"E 22ND AVE & ST GEORGE ST, VANCOUVER",49.251073,-123.094
VANCOUVER,E 22ND AVE,VICTORIA DR,cd3d76e6-4141-5444-a11e-fb4d66b7bcfe,"E 22ND AVE & VICTORIA DR, VANCOUVER",49.250266,-123.065031
VANCOUVER,E 22ND AVE,WELWYN ST,cb72746f-7bc0-5e82-ab91-20aa9be3ddfb,"E 22ND AVE & WELWYN ST, VANCOUVER",49.250341,-123.069874
VANCOUVER,E 22ND AVE,WINDERMERE ST,5c65e437-63a0-58d8-b4e2-f4e0f9cbbbc1,"E 22ND AVE & WINDERMERE ST, VANCOUVER",49.250604,-123.036601
VANCOUVER,E 22ND AVE,WINDSOR ST,d2eb9775-0558-5b32-8507-e9c0e14dc0e2,"E 22ND AVE & WINDSOR ST, VANCOUVER",49.250922,-123.083809
VANCOUVER,E 22ND AVE,WORTHINGTON DR,3ac850a6-498e-515b-9055-a9bf9e8a1e89,"E 22ND AVE & WORTHINGTON DR, VANCOUVER",49.250638,-123.026252
VANCOUVER,E 23RD AVE,FRASER ST,efba0487-78bb-58ef-a064-3ca4925c69c3,"E 23RD AVE & FRASER ST, VANCOUVER",49.250092,-123.090117
VANCOUVER,E 23RD AVE,INVERNESS ST,57c4e20e-5fc2-5d52-a3b9-7e06b3fb139a,"E 23RD AVE & INVERNESS ST, VANCOUVER",49.249948,-123.079984
VANCOUVER,E 23RD AVE,KAMLOOPS ST,a97acdae-c310-52d7-9d11-922ba244aa2b,"E 23RD AVE & KAMLOOPS ST, VANCOUVER",49.249717,-123.05459
VANCOUVER,E 23RD AVE,KASLO ST,08dbf4b5-10ae-51bc-85b3-6b9e282a4938,"E 23RD AVE & KASLO ST, VANCOUVER",49.249689,-123.047082
VANCOUVER,E 23RD AVE,KNIGHT ST,9cfc1dbd-e962-581e-a092-b9584b970a3a,"E 23RD AVE & KNIGHT ST, VANCOUVER",49.249892,-123.076132
VANCOUVER,E 23RD AVE,LILLOOET ST,ad5e3b32-cbf5-5025-b295-1fcc614f33b2,"E 23RD AVE & LILLOOET ST, VANCOUVER",49.249667,-123.039108
VANCOUVER,E 23RD AVE,MAIN ST,8de06a0d-f42a-56e7-b983-0669b9fd3ab7,"E 23RD AVE & MAIN ST, VANCOUVER",49.250251,-123.101012
VANCOUVER,E 23RD AVE,NANAIMO ST,e1f5e4af-edf5-541f-a38d-2503e3114c99,"E 23RD AVE & NANAIMO ST, VANCOUVER",49.2497,-123.05662
VANCOUVER,E 23RD AVE,NOOTKA ST,d5954b50-a7b1-5aaa-a354-d8c0af8c85b4,"E 23RD AVE & NOOTKA ST, VANCOUVER",49.249663,-123.04159
VANCOUVER,E 23RD AVE,ONTARIO ST,56cf57e6-1bec-5761-b926-048aebb32a5e,"E 23RD AVE & ONTARIO ST, VANCOUVER",49.249916,-123.104968
VANCOUVER,E 23RD AVE,PENTICTON ST,77651328-f6b0-546d-ab52-8ea24f5c2f1a,"E 23RD AVE & PENTICTON ST, VANCOUVER",49.249714,-123.05221
VANCOUVER,E 23RD AVE,PRINCE ALBERT ST,73e79c5e-6cbc-5bdf-8ecb-b96538c69716,"E 23RD AVE & PRINCE ALBERT ST, VANCOUVER",49.250071,-123.087739
VANCOUVER,E 23RD AVE,PRINCE EDWARD ST,8a16d4d1-37d9-570b-8602-4c580db37b44,"E 23RD AVE & PRINCE EDWARD ST, VANCOUVER",49.2502,-123.09671
VANCOUVER,E 23RD AVE,QUEBEC ST,b1eca57b-cbe3-5ec0-a557-79656969de9a,"E 23RD AVE & QUEBEC ST, VANCOUVER",49.250285,-123.102901
VANCOUVER,E 23RD AVE,RENFREW ST,f4261320-388f-53b2-ab85-acced6ef95dc,"E 23RD AVE & RENFREW ST, VANCOUVER",49.249686,-123.044405
VANCOUVER,E 23RD AVE,RUPERT ST,3943e18f-6516-580c-8d28-aecfd0e0d9ac,"E 23RD AVE & RUPERT ST, VANCOUVER",49.249657,-123.033813
VANCOUVER,E 23RD AVE,SLOCAN ST,6ce75c65-8e20-5400-810c-27c40a8d6854,"E 23RD AVE & SLOCAN ST, VANCOUVER",49.249712,-123.049626
VANCOUVER,E 23RD AVE,SOPHIA ST,be3c071a-62e7-526c-9e2b-7f3de6fd50ba,"E 23RD AVE & SOPHIA ST, VANCOUVER",49.250229,-123.098675
VANCOUVER,E 23RD AVE,VICTORIA DR,ab2df1f8-2236-55ea-a997-a62e022100de,"E 23RD AVE & VICTORIA DR, VANCOUVER",49.249387,-123.065052
VANCOUVER,E 23RD AVE,WINDERMERE ST,99de0b67-da8a-50cf-8e61-d1991998278d,"E 23RD AVE & WINDERMERE ST, VANCOUVER",49.249671,-123.036557
VANCOUVER,E 24TH AVE,FRASER ST,403e3e65-9c53-5fa3-a89d-1f0445fd1b0f,"E 24TH AVE & FRASER ST, VANCOUVER",49.249185,-123.09014
VANCOUVER,E 24TH AVE,GLEN DR,dae5a244-134e-5cd5-a4bd-d26c88aaa002,"E 24TH AVE & GLEN DR, VANCOUVER",49.249064,-123.081896
VANCOUVER,E 24TH AVE,GLENDALE ST,40e4126d-63f0-50fb-adc1-ff7c5a3973c1,"E 24TH AVE & GLENDALE ST, VANCOUVER",49.248798,-123.025368
VANCOUVER,E 24TH AVE,KNIGHT ST,68eb4ab6-9721-5fa6-9079-e6facd9fd68e,"E 24TH AVE & KNIGHT ST, VANCOUVER",49.248981,-123.076162
VANCOUVER,E 24TH AVE,KOOTENAY ST,5ffaa5f8-aa1e-56a0-8b2d-3de9297cdfd5,"E 24TH AVE & KOOTENAY ST, VANCOUVER",49.2488,-123.026263
VANCOUVER,E 24TH AVE,MAIN ST,6d9661f2-f96f-5fd2-9048-7da8dfe2c62a,"E 24TH AVE & MAIN ST, VANCOUVER",49.249435,-123.101047
VANCOUVER,E 24TH AVE,NANAIMO ST,212262c2-ff39-557b-84aa-ac854a76a8d8,"E 24TH AVE & NANAIMO ST, VANCOUVER",49.248811,-123.056632
VANCOUVER,E 24TH AVE,NANAIMO STATION LOOP,f48b5a32-683c-50bb-8b3d-28be6e404522,"E 24TH AVE & NANAIMO STATION LOOP, VANCOUVER",49.248815,-123.0554
VANCOUVER,E 24TH AVE,NOOTKA ST,83ed80fd-39f3-50f6-b2dc-82e71080ede1,"E 24TH AVE & NOOTKA ST, VANCOUVER",49.248751,-123.041615
VANCOUVER,E 24TH AVE,ONTARIO ST,818d60e1-9c0d-5d9d-a40b-87c3c3d4d132,"E 24TH AVE & ONTARIO ST, VANCOUVER",49.249569,-123.104976
VANCOUVER,E 24TH AVE,PENTICTON ST,658ae342-c2d0-559e-867f-51625b0b3e91,"E 24TH AVE & PENTICTON ST, VANCOUVER",49.248823,-123.052233
VANCOUVER,E 24TH AVE,PRINCE ALBERT ST,2f0834e2-9121-5aab-9317-3a7daa950585,"E 24TH AVE & PRINCE ALBERT ST, VANCOUVER",49.249167,-123.087775
VANCOUVER,E 24TH AVE,PRINCE EDWARD ST,6fd19dc9-e2d2-53ac-a166-c2df9bf2dbdf,"E 24TH AVE & PRINCE EDWARD ST, VANCOUVER",49.249305,-123.096742
VANCOUVER,E 24TH AVE,RENFREW ST,1feee182-b3ab-591d-90d1-c95c85d42167,"E 24TH AVE & RENFREW ST, VANCOUVER",49.248795,-123.044417
VANCOUVER,E 24TH AVE,RUPERT ST,d395cfd6-9bb5-5520-8160-e8cc51ad74ec,"E 24TH AVE & RUPERT ST, VANCOUVER",49.248768,-123.033816
VANCOUVER,E 24TH AVE,SKEENA ST,c418942d-c187-5f8b-a24b-62f83db4472c,"E 24TH AVE & SKEENA ST, VANCOUVER",49.248792,-123.02853
VANCOUVER,E 24TH AVE,SLOCAN ST,87cdc16c-ed78-59b0-810a-27e2ab6bdf95,"E 24TH AVE & SLOCAN ST, VANCOUVER",49.248802,-123.049639
VANCOUVER,E 24TH AVE,SOPHIA ST,fffb65c6-014c-5d5f-923a-e53d311d3607,"E 24TH AVE & SOPHIA ST, VANCOUVER",49.249328,-123.098694
VANCOUVER,E 24TH AVE,ST CATHERINES ST,7707a85a-5f8d-5e95-b54e-11d3fce7c3b2,"E 24TH AVE & ST CATHERINES ST, VANCOUVER",49.249134,-123.085831
VANCOUVER,E 24TH AVE,ST GEORGE ST,f12093c9-35c6-55a2-b84b-4a58bd9f9602,"E 24TH AVE & ST GEORGE ST, VANCOUVER",49.24927,-123.094044
VANCOUVER,E 24TH AVE,WINDERMERE ST,30958fde-7e12-5ac3-97eb-cd504912d7d1,"E 24TH AVE & WINDERMERE ST, VANCOUVER",49.248768,-123.036567
VANCOUVER,E 25TH AVE,FRASER ST,d0c29bc7-afc6-581e-b69c-af5495452b62,"E 25TH AVE & FRASER ST, VANCOUVER",49.248662,-123.090155
VANCOUVER,E 25TH AVE,GLADSTONE ST,ddb34ffc-a9cf-50da-92f7-95a81d249963,"E 25TH AVE & GLADSTONE ST, VANCOUVER",49.248123,-123.060508
VANCOUVER,E 25TH AVE,KASLO ST,635f9983-3b7e-5d57-bec9-f027ca637f15,"E 25TH AVE & KASLO ST, VANCOUVER",49.247915,-123.047096
VANCOUVER,E 25TH AVE,KINGSWAY,94ce2ddf-196f-57ec-b1e1-1b1dd7111b8a,"E 25TH AVE & KINGSWAY, VANCOUVER",49.248504,-123.072338
VANCOUVER,E 25TH AVE,KNIGHT ST,c5bbe1f7-e5e2-5618-a05f-f1363770c290,"E 25TH AVE & KNIGHT ST, VANCOUVER",49.248512,-123.076075
VANCOUVER,E 25TH AVE,LILLOOET ST,60cba128-681d-5f70-ba86-6fb6e102e08d,"E 25TH AVE & LILLOOET ST, VANCOUVER",49.247873,-123.039115
VANCOUVER,E 25TH AVE,MAIN ST,e61af1d5-c45b-57d5-8550-4bf94e954590,"E 25TH AVE & MAIN ST, VANCOUVER",49.248771,-123.10107
VANCOUVER,E 25TH AVE,NOOTKA ST,7b0800a8-7e6e-5a3b-b276-331243260f72,"E 25TH AVE & NOOTKA ST, VANCOUVER",49.24789,-123.041621
VANCOUVER,E 25TH AVE,RUPERT ST,0602a2a4-fa5b-5deb-ab32-175b3549debe,"E 25TH AVE & RUPERT ST, VANCOUVER",49.247871,-123.033763
VANCOUVER,E 25TH AVE,SKEENA ST,fb125b02-505e-5eb6-bc98-cbefbb8ed190,"E 25TH AVE & SKEENA ST, VANCOUVER",49.247891,-123.028534
VANCOUVER,E 25TH AVE,SLOCAN ST,733b996d-0f8e-5e9a-8e75-d36455b9178a,"E 25TH AVE & SLOCAN ST, VANCOUVER",49.247928,-123.049639
VANCOUVER,E 25TH AVE,ST GEORGE ST,394d619f-1817-56ce-ba2b-0aafd27f8516,"E 25TH AVE & ST GEORGE ST, VANCOUVER",49.248686,-123.094061
VANCOUVER,E 25TH AVE,VICTORIA DR,fc193ea6-9ac7-51c8-895f-e23316357a36,"E 25TH AVE & VICTORIA DR, VANCOUVER",49.248503,-123.065075
VANCOUVER,E 26TH AVE,ELGIN ST,5411a345-68c6-5b30-9792-a28e1ce11f26,"E 26TH AVE & ELGIN ST, VANCOUVER",49.247717,-123.082681
VANCOUVER,E 26TH AVE,FLEMING ST,c31897a2-a622-51fd-a63b-cb1cb7d7bf77,"E 26TH AVE & FLEMING ST, VANCOUVER",49.247811,-123.072036
VANCOUVER,E 26TH AVE,FRASER ST,c5a2a4c2-dc25-5dbb-b916-5c5153acb77b,"E 26TH AVE & FRASER ST, VANCOUVER",49.247611,-123.090166
VANCOUVER,E 26TH AVE,GLEN DR,fcf675ab-6f4c-512e-bc90-b5b18e39ca33,"E 26TH AVE & GLEN DR, VANCOUVER",49.24771,-123.081921
VANCOUVER,E 26TH AVE,INVERNESS ST,9ec3dd3d-58bf-54d5-82f7-bd18751ea1d9,"E 26TH AVE & INVERNESS ST, VANCOUVER",49.247624,-123.080079
VANCOUVER,E 26TH AVE,KAMLOOPS ST,54641ff4-1057-5c5b-a560-0e575890b6d7,"E 26TH AVE & KAMLOOPS ST, VANCOUVER",49.247122,-123.054267
VANCOUVER,E 26TH AVE,KASLO ST,7d9b62e6-5796-55f8-bedd-d7e7a03142b8,"E 26TH AVE & KASLO ST, VANCOUVER",49.247103,-123.047102
VANCOUVER,E 26TH AVE,KNIGHT ST,393cf5c1-5b6f-5377-87f2-4832cdbc5866,"E 26TH AVE & KNIGHT ST, VANCOUVER",49.247501,-123.076121
VANCOUVER,E 26TH AVE,KOOTENAY ST,0833c7cb-1197-52e9-a6fd-f7601b56aef9,"E 26TH AVE & KOOTENAY ST, VANCOUVER",49.247034,-123.02627
VANCOUVER,E 26TH AVE,MAIN ST,6931702c-f5b1-590f-876a-aaafa97a0e88,"E 26TH AVE & MAIN ST, VANCOUVER",49.247981,-123.101117
VANCOUVER,E 26TH AVE,NANAIMO ST,d677920f-fa7e-5fff-a30d-db67c1f5a483,"E 26TH AVE & NANAIMO ST, VANCOUVER",49.247107,-123.056654
VANCOUVER,E 26TH AVE,NOOTKA ST,92b82fea-4335-59ae-9cee-d7899bf3e0a2,"E 26TH AVE & NOOTKA ST, VANCOUVER",49.247066,-123.041622
VANCOUVER,E 26TH AVE,ONTARIO ST,3f1187e6-d454-5d25-a02b-7440866ebc40,"E 26TH AVE & ONTARIO ST, VANCOUVER",49.248078,-123.105034
VANCOUVER,E 26TH AVE,PENTICTON ST,de28ad74-941f-576f-aa6d-06d9e0365dab,"E 26TH AVE & PENTICTON ST, VANCOUVER",49.247516,-123.051894
VANCOUVER,E 26TH AVE,PERRY ST,9dda869d-ec37-5698-ae5c-b82e89ebb192,"E 26TH AVE & PERRY ST, VANCOUVER",49.247497,-123.07131
VANCOUVER,E 26TH AVE,PRINCE ALBERT ST,206c536c-2ee3-529d-b0ac-f9cb78ceadf6,"E 26TH AVE & PRINCE ALBERT ST, VANCOUVER",49.247552,-123.087759
VANCOUVER,E 26TH AVE,PRINCE EDWARD ST,aeab20b0-bd62-5518-8633-d41e943a605c,"E 26TH AVE & PRINCE EDWARD ST, VANCOUVER",49.247386,-123.096803
VANCOUVER,E 26TH AVE,QUEBEC ST,7efdc811-4a97-5f85-a98c-b0c981d16107,"E 26TH AVE & QUEBEC ST, VANCOUVER",49.248033,-123.103224
VANCOUVER,E 26TH AVE,RUPERT ST,d96a50cc-0fa1-56b4-afeb-697b233ad27d,"E 26TH AVE & RUPERT ST, VANCOUVER",49.247097,-123.033832
VANCOUVER,E 26TH AVE,SIDNEY ST,55d17e2b-4f73-562d-92d3-284b728b7764,"E 26TH AVE & SIDNEY ST, VANCOUVER",49.247618,-123.062723
VANCOUVER,E 26TH AVE,SKEENA ST,d68bdf5f-3b7f-55e8-a666-d2e6f14b4d5c,"E 26TH AVE & SKEENA ST, VANCOUVER",49.247052,-123.028538
VANCOUVER,E 26TH AVE,SLOCAN ST,6c4cec2a-ea15-5f16-91f1-7af1c23332ae,"E 26TH AVE & SLOCAN ST, VANCOUVER",49.247528,-123.049641
VANCOUVER,E 26TH AVE,SOPHIA ST,5729496c-3523-5a7f-b227-4ad328cfd3cd,"E 26TH AVE & SOPHIA ST, VANCOUVER",49.247552,-123.099124
VANCOUVER,E 26TH AVE,ST GEORGE ST,c42213dc-ca46-5132-a7ab-44bc5a49713f,"E 26TH AVE & ST GEORGE ST, VANCOUVER",49.247682,-123.094077
VANCOUVER,E 26TH AVE,VICTORIA DR,86f97ae9-48bb-50b5-a87a-d4ac520bb454,"E 26TH AVE & VICTORIA DR, VANCOUVER",49.247627,-123.065099
VANCOUVER,E 26TH AVE,WATSON ST,58745c35-1f53-569b-b53b-8d62fa57521b,"E 26TH AVE & WATSON ST, VANCOUVER",49.247571,-123.100489
VANCOUVER,E 26TH AVE,WINDERMERE ST,723370d9-7e38-5e3b-adfa-b8841581bea8,"E 26TH AVE & WINDERMERE ST, VANCOUVER",49.247108,-123.036634
VANCOUVER,E 26TH AVE,WINDSOR ST,91c71af8-74df-5ac9-b8f5-546e469621ce,"E 26TH AVE & WINDSOR ST, VANCOUVER",49.247616,-123.083918
VANCOUVER,E 27TH AVE,FRASER ST,c26ff134-a2ad-5669-a27a-71f7bb5588e1,"E 27TH AVE & FRASER ST, VANCOUVER",49.246618,-123.090194
VANCOUVER,E 27TH AVE,GLADSTONE ST,80350a83-02eb-5612-89d8-10f0193bd93c,"E 27TH AVE & GLADSTONE ST, VANCOUVER",49.246724,-123.060408
VANCOUVER,E 27TH AVE,GLEN DR,3be1e426-1bb8-5790-962b-ceb7b61e896e,"E 27TH AVE & GLEN DR, VANCOUVER",49.246522,-123.081967
VANCOUVER,E 27TH AVE,KAMLOOPS ST,30f3a6fe-1e68-5769-b677-5d72f0d3d5f5,"E 27TH AVE & KAMLOOPS ST, VANCOUVER",49.246263,-123.054253
VANCOUVER,E 27TH AVE,KASLO ST,44635643-769b-56da-8527-fe11bdd3b4aa,"E 27TH AVE & KASLO ST, VANCOUVER",49.246261,-123.047108
VANCOUVER,E 27TH AVE,KNIGHT ST,6ff17476-9cb1-555a-8ccc-a128d1dec09a,"E 27TH AVE & KNIGHT ST, VANCOUVER",49.246437,-123.076236
VANCOUVER,E 27TH AVE,LILLOOET ST,07704f41-d88e-5fc6-b59c-d9c6bd823fce,"E 27TH AVE & LILLOOET ST, VANCOUVER",49.246223,-123.039122
VANCOUVER,E 27TH AVE,MAIN ST,29443a4a-83d2-5d26-b00b-b62e48dac2bd,"E 27TH AVE & MAIN ST, VANCOUVER",49.247228,-123.10115
VANCOUVER,E 27TH AVE,NANAIMO ST,823a28f7-e947-54ab-815b-74290586d2b2,"E 27TH AVE & NANAIMO ST, VANCOUVER",49.246699,-123.056652
VANCOUVER,E 27TH AVE,NOOTKA ST,78920c96-3d16-519d-b93b-e6325b0fc33e,"E 27TH AVE & NOOTKA ST, VANCOUVER",49.246232,-123.041623
VANCOUVER,E 27TH AVE,ONTARIO ST,e78c1d1e-9f4a-55af-9052-de21eb4ef5de,"E 27TH AVE & ONTARIO ST, VANCOUVER",49.247311,-123.105075
VANCOUVER,E 27TH AVE,PRINCE ALBERT ST,9c2a1c3f-f4b8-5880-853c-f46d7841a17f,"E 27TH AVE & PRINCE ALBERT ST, VANCOUVER",49.246589,-123.08778
VANCOUVER,E 27TH AVE,QUEBEC ST,b9ed0146-dbaf-54a3-85d8-886af1b151e0,"E 27TH AVE & QUEBEC ST, VANCOUVER",49.247273,-123.103261
VANCOUVER,E 27TH AVE,ROSS ST,87c1c4da-01a5-570b-8d1d-cc6cad6eb49b,"E 27TH AVE & ROSS ST, VANCOUVER",49.246511,-123.081349
VANCOUVER,E 27TH AVE,RUPERT ST,5c7feec5-26b8-5da7-b88f-2be40b5c4b89,"E 27TH AVE & RUPERT ST, VANCOUVER",49.246234,-123.033843
VANCOUVER,E 27TH AVE,SIDNEY ST,208e7cdb-8be7-5cf5-992d-113336e2059d,"E 27TH AVE & SIDNEY ST, VANCOUVER",49.246741,-123.062727
VANCOUVER,E 27TH AVE,SKEENA ST,40a340bc-4965-56ef-9098-212f11d59b1f,"E 27TH AVE & SKEENA ST, VANCOUVER",49.246195,-123.028542
VANCOUVER,E 27TH AVE,SLOCAN ST,9a786e08-af93-5ecf-83dd-c34d7650e964,"E 27TH AVE & SLOCAN ST, VANCOUVER",49.246275,-123.049652
VANCOUVER,E 27TH AVE,ST CATHERINES ST,cdfdd281-c4a1-5df0-acb9-1b88aaafe3a5,"E 27TH AVE & ST CATHERINES ST, VANCOUVER",49.246565,-123.085841
VANCOUVER,E 27TH AVE,ST GEORGE ST,bf27b1b4-9edf-5363-98ac-57e11c178adb,"E 27TH AVE & ST GEORGE ST, VANCOUVER",49.246644,-123.094113
VANCOUVER,E 27TH AVE,VICTORIA DR,b8995744-a768-5b14-8d94-d33b12bd3071,"E 27TH AVE & VICTORIA DR, VANCOUVER",49.246758,-123.065122
VANCOUVER,E 27TH AVE,WINDERMERE ST,81c30f6e-93b0-5117-85da-c1cca9df374e,"E 27TH AVE & WINDERMERE ST, VANCOUVER",49.246256,-123.036643
VANCOUVER,E 27TH AVE,WINDSOR ST,71ff4aae-6400-5254-8729-96819780e00b,"E 27TH AVE & WINDSOR ST, VANCOUVER",49.246539,-123.083947
VANCOUVER,E 28TH AVE,ELGIN ST,fff2111f-78d2-54a1-9e63-244e561007b5,"E 28TH AVE & ELGIN ST, VANCOUVER",49.245452,-123.082734
VANCOUVER,E 28TH AVE,FRASER ST,32248f5b-2509-5d2b-af45-5c5c89b377ac,"E 28TH AVE & FRASER ST, VANCOUVER",49.245542,-123.09021
VANCOUVER,E 28TH AVE,GLADSTONE ST,e2b9819b-6888-5635-9ee0-89d92400bc26,"E 28TH AVE & GLADSTONE ST, VANCOUVER",49.245798,-123.060445
VANCOUVER,E 28TH AVE,HARRIET ST,a8cb0db6-baa4-5783-8ca9-da40e52ca4ad,"E 28TH AVE & HARRIET ST, VANCOUVER",49.245481,-123.086605
VANCOUVER,E 28TH AVE,INVERNESS ST,d1ab4106-a35e-5d02-b34c-e226c9868935,"E 28TH AVE & INVERNESS ST, VANCOUVER",49.245436,-123.080137
VANCOUVER,E 28TH AVE,JAMES ST,60a43acb-15e3-5143-abbd-b51d1977eec8,"E 28TH AVE & JAMES ST, VANCOUVER",49.246028,-123.103913
VANCOUVER,E 28TH AVE,JOHN ST,5bbee516-628b-50c4-a00c-fa56b87420e7,"E 28TH AVE & JOHN ST, VANCOUVER",49.245646,-123.097368
VANCOUVER,E 28TH AVE,KAMLOOPS ST,3ee5af9f-7116-5d82-b0db-d5f040f30fed,"E 28TH AVE & KAMLOOPS ST, VANCOUVER",49.245433,-123.054248
VANCOUVER,E 28TH AVE,KASLO ST,d3cdb9aa-97a8-5b91-ad5f-918988d83702,"E 28TH AVE & KASLO ST, VANCOUVER",49.245418,-123.047115
VANCOUVER,E 28TH AVE,KNIGHT ST,a792c942-1fb6-5385-af7f-349a188094d7,"E 28TH AVE & KNIGHT ST, VANCOUVER",49.245411,-123.07627
VANCOUVER,E 28TH AVE,LILLOOET ST,35a172c1-3ee4-5ac6-b829-412a19dfcd35,"E 28TH AVE & LILLOOET ST, VANCOUVER",49.245395,-123.039127
VANCOUVER,E 28TH AVE,MAIN ST,a3f09e75-19a0-53eb-abc2-590ff7136025,"E 28TH AVE & MAIN ST, VANCOUVER",49.245848,-123.101254
VANCOUVER,E 28TH AVE,NANAIMO ST,a87ffa69-e5fc-50fb-be23-4aa059d876b4,"E 28TH AVE & NANAIMO ST, VANCOUVER",49.245792,-123.056656
VANCOUVER,E 28TH AVE,NOOTKA ST,936de68a-7538-52f4-bf08-53a623f257f3,"E 28TH AVE & NOOTKA ST, VANCOUVER",49.245405,-123.041625
VANCOUVER,E 28TH AVE,ONTARIO ST,c9e12e3b-0c28-50dc-beec-a16cb0822ef3,"E 28TH AVE & ONTARIO ST, VANCOUVER",49.246059,-123.105144
VANCOUVER,E 28TH AVE,PENTICTON ST,bdc1b1a0-7eea-5b75-bb23-c8412178b447,"E 28TH AVE & PENTICTON ST, VANCOUVER",49.245454,-123.052059
VANCOUVER,E 28TH AVE,PRINCE ALBERT ST,bf426127-b123-5cf5-a7d3-5debc7ef3227,"E 28TH AVE & PRINCE ALBERT ST, VANCOUVER",49.245486,-123.087806
VANCOUVER,E 28TH AVE,PRINCE EDWARD ST,4dc47233-b56f-5ee6-827e-970c98d0d2f4,"E 28TH AVE & PRINCE EDWARD ST, VANCOUVER",49.24564,-123.096871
VANCOUVER,E 28TH AVE,QUEBEC ST,7aab0890-1738-5d5c-a5ca-d5573a9ecbb6,"E 28TH AVE & QUEBEC ST, VANCOUVER",49.245992,-123.102535
VANCOUVER,E 28TH AVE,ROSS ST,bb11d750-4ddf-5854-b728-bb72313aa9e4,"E 28TH AVE & ROSS ST, VANCOUVER",49.245445,-123.081359
VANCOUVER,E 28TH AVE,RUPERT ST,2a842efd-104a-5fcb-aac6-edd6e4efd323,"E 28TH AVE & RUPERT ST, VANCOUVER",49.245358,-123.033903
VANCOUVER,E 28TH AVE,SIDNEY ST,ee4f0c73-9bb4-56a5-9cdb-2d59d220c9d3,"E 28TH AVE & SIDNEY ST, VANCOUVER",49.245802,-123.062769
VANCOUVER,E 28TH AVE,SKEENA ST,bb089fbf-2781-5cf1-ad79-24783c097934,"E 28TH AVE & SKEENA ST, VANCOUVER",49.24535,-123.028544
VANCOUVER,E 28TH AVE,SLOCAN ST,677a1b71-d45d-5d47-bf41-eb9df543d135,"E 28TH AVE & SLOCAN ST, VANCOUVER",49.245456,-123.049659
VANCOUVER,E 28TH AVE,SOPHIA ST,415c1db5-ee0a-5736-bc74-9e22dcc5e955,"E 28TH AVE & SOPHIA ST, VANCOUVER",49.245689,-123.0992
VANCOUVER,E 28TH AVE,ST CATHERINES ST,5ca7c18c-b74a-5911-a8fa-daaa8905c7b1,"E 28TH AVE & ST CATHERINES ST, VANCOUVER",49.245475,-123.085893
VANCOUVER,E 28TH AVE,ST GEORGE ST,d3eef0ca-29a9-53f0-9816-65fa29538b21,"E 28TH AVE & ST GEORGE ST, VANCOUVER",49.245619,-123.094144
VANCOUVER,E 28TH AVE,VICTORIA DR,1ef20e56-65ff-5999-81b8-80e55d1f6cc1,"E 28TH AVE & VICTORIA DR, VANCOUVER",49.245807,-123.065148
VANCOUVER,E 28TH AVE,WALDEN ST,be00df09-ea22-521f-a019-496d3b8aa978,"E 28TH AVE & WALDEN ST, VANCOUVER",49.245699,-123.099885
VANCOUVER,E 28TH AVE,WATSON ST,97db1148-0f5f-5cbb-b6bf-7d7cbe1be04f,"E 28TH AVE & WATSON ST, VANCOUVER",49.245709,-123.100582
VANCOUVER,E 28TH AVE,WELWYN ST,49807c77-7d2a-596a-be40-e8ff84841b18,"E 28TH AVE & WELWYN ST, VANCOUVER",49.245087,-123.069997
VANCOUVER,E 28TH AVE,WINDERMERE ST,03465440-4eb6-5c38-90cc-d31bf7118da4,"E 28TH AVE & WINDERMERE ST, VANCOUVER",49.24538,-123.036651
VANCOUVER,E 28TH AVE,WINDSOR ST,cc329479-b424-5e12-8fa1-3652e0cd069e,"E 28TH AVE & WINDSOR ST, VANCOUVER",49.245463,-123.083976
VANCOUVER,E 29TH AVE,EARLES ST,2cc6941c-b489-5ae8-990a-caa027852b53,"E 29TH AVE & EARLES ST, VANCOUVER",49.244548,-123.042163
VANCOUVER,E 29TH AVE,ELGIN ST,6393a213-499b-5fd5-8487-f164683f2d78,"E 29TH AVE & ELGIN ST, VANCOUVER",49.244615,-123.082746
VANCOUVER,E 29TH AVE,FLEMING ST,fe294657-6b83-5073-8098-dc9a3d4a8d4e,"E 29TH AVE & FLEMING ST, VANCOUVER",49.244008,-123.072132
VANCOUVER,E 29TH AVE,FRASER ST,61998be7-4733-574c-b389-4e23753fc3c5,"E 29TH AVE & FRASER ST, VANCOUVER",49.244654,-123.090273
VANCOUVER,E 29TH AVE,GLADSTONE ST,c520751a-0c51-53fc-b7b8-fe1b91184036,"E 29TH AVE & GLADSTONE ST, VANCOUVER",49.244857,-123.060451
VANCOUVER,E 29TH AVE,GOTHARD ST,659dcbbb-9113-53a8-8c6a-7cd3c5663cd7,"E 29TH AVE & GOTHARD ST, VANCOUVER",49.244613,-123.05109
VANCOUVER,E 29TH AVE,HOY ST,aebafc4c-05ea-5503-8833-cdf64b5da9e5,"E 29TH AVE & HOY ST, VANCOUVER",49.244464,-123.024968
VANCOUVER,E 29TH AVE,JAMES ST,4fbf8ac4-a1c7-5a17-9150-5e7f1d0c6d54,"E 29TH AVE & JAMES ST, VANCOUVER",49.244509,-123.103909
VANCOUVER,E 29TH AVE,JOHN ST,c22682f4-ae5a-52c6-acef-73a9ccf2b0f7,"E 29TH AVE & JOHN ST, VANCOUVER",49.244398,-123.09743
VANCOUVER,E 29TH AVE,JOYCE ST,84f54035-95dc-5fa9-96df-dd7d5f68331a,"E 29TH AVE & JOYCE ST, VANCOUVER",49.244355,-123.025893
VANCOUVER,E 29TH AVE,KAMLOOPS ST,f791d22e-a36b-52ab-b947-f4d1aa55bd67,"E 29TH AVE & KAMLOOPS ST, VANCOUVER",49.244622,-123.054243
VANCOUVER,E 29TH AVE,KNIGHT ST,ddb06182-71a9-55c1-a952-666a3e1a9459,"E 29TH AVE & KNIGHT ST, VANCOUVER",49.244547,-123.076309
VANCOUVER,E 29TH AVE,LILLOOET ST,9d755296-af1a-5a8f-b50e-04cd9cb22a0c,"E 29TH AVE & LILLOOET ST, VANCOUVER",49.24453,-123.03913
VANCOUVER,E 29TH AVE,MAIN ST,edcda2f1-960b-5895-941b-48a67ace0879,"E 29TH AVE & MAIN ST, VANCOUVER",49.244458,-123.101309
VANCOUVER,E 29TH AVE,MANOR ST,2e7bdd33-6675-57e7-a194-948f5ab120b1,"E 29TH AVE & MANOR ST, VANCOUVER",49.24452,-123.036981
VANCOUVER,E 29TH AVE,MCHARDY ST,cf547785-0cec-5b43-afbd-4b1649265356,"E 29TH AVE & MCHARDY ST, VANCOUVER",49.244494,-123.029942
VANCOUVER,E 29TH AVE,NANAIMO ST,9c6acadb-35ca-5076-9ef1-6b8b56bb9d6a,"E 29TH AVE & NANAIMO ST, VANCOUVER",49.244612,-123.056658
VANCOUVER,E 29TH AVE,NOOTKA ST,6db76c92-1af5-5147-aea5-0e18b479430e,"E 29TH AVE & NOOTKA ST, VANCOUVER",49.244548,-123.042163
VANCOUVER,E 29TH AVE,ONTARIO ST,01671964-eb20-58b7-a80b-ca7bf21ff714,"E 29TH AVE & ONTARIO ST, VANCOUVER",49.244527,-123.105208
VANCOUVER,E 29TH AVE,PRINCE ALBERT ST,c3d9c440-0514-5375-9ac7-3a4a4c615900,"E 29TH AVE & PRINCE ALBERT ST, VANCOUVER",49.244693,-123.087826
VANCOUVER,E 29TH AVE,PRINCE EDWARD ST,61714618-bbcc-5452-ba6f-947b7cef332b,"E 29TH AVE & PRINCE EDWARD ST, VANCOUVER",49.244776,-123.09688
VANCOUVER,E 29TH AVE,QUEBEC ST,69fbe426-8018-5381-92d1-9be27b86eb66,"E 29TH AVE & QUEBEC ST, VANCOUVER",49.2445,-123.102552
VANCOUVER,E 29TH AVE,REID ST,ab0a188b-bba1-5543-ad1b-16987c2848ae,"E 29TH AVE & REID ST, VANCOUVER",49.244512,-123.035527
VANCOUVER,E 29TH AVE,ROSS ST,92f06662-e236-5a01-b7ef-b855c4e67e28,"E 29TH AVE & ROSS ST, VANCOUVER",49.244605,-123.081357
VANCOUVER,E 29TH AVE,RUPERT ST,27b7f651-2d1a-524f-8666-29a0a6fdd218,"E 29TH AVE & RUPERT ST, VANCOUVER",49.244512,-123.034091
VANCOUVER,E 29TH AVE,SIDNEY ST,8e57d890-d7a0-51e3-9d9f-612cc6eb2830,"E 29TH AVE & SIDNEY ST, VANCOUVER",49.244924,-123.062811
VANCOUVER,E 29TH AVE,SKEENA ST,ecc8436f-cb64-566b-8ccc-4f8ba1dd37fc,"E 29TH AVE & SKEENA ST, VANCOUVER",49.244478,-123.028549
VANCOUVER,E 29TH AVE,SLOCAN ST,3667e67a-25d0-52e5-93c9-5df50ae2efef,"E 29TH AVE & SLOCAN ST, VANCOUVER",49.24462,-123.049647
VANCOUVER,E 29TH AVE,SOPHIA ST,b95d6b58-8a0a-5280-9860-bce5cb55fb9f,"E 29TH AVE & SOPHIA ST, VANCOUVER",49.244423,-123.098664
VANCOUVER,E 29TH AVE,ST GEORGE ST,6cdc902e-7f32-530b-b76e-0ade4fd67bce,"E 29TH AVE & ST GEORGE ST, VANCOUVER",49.244664,-123.094171
VANCOUVER,E 29TH AVE,WALDEN ST,83b3af69-8408-5051-a2b3-1e8f8a193d57,"E 29TH AVE & WALDEN ST, VANCOUVER",49.244447,-123.09994
VANCOUVER,E 29TH AVE,WELLINGTON AVE,3d7e06c5-fb42-52cc-947d-c04730bae472,"E 29TH AVE & WELLINGTON AVE, VANCOUVER",49.244541,-123.040589
VANCOUVER,E 29TH AVE,WELWYN ST,15d03359-751e-504c-874f-23b9fa1c2df5,"E 29TH AVE & WELWYN ST, VANCOUVER",49.243991,-123.070025
VANCOUVER,E 29TH AVE,WINDERMERE ST,bbf0acbc-573c-5e64-9996-3db8fe387e97,"E 29TH AVE & WINDERMERE ST, VANCOUVER",49.244518,-123.036658
VANCOUVER,E 29TH AVE,WINDSOR ST,2a27fcd4-9d9a-5b99-bcc6-3b43db609ff7,"E 29TH AVE & WINDSOR ST, VANCOUVER",49.244617,-123.083979
VANCOUVER,E 2ND AVE,E 5TH AVE,3026d1e0-b3cd-5676-8665-cc57adac83bb,"E 2ND AVE & E 5TH AVE, VANCOUVER",49.266221,-123.095652
VANCOUVER,E 2ND AVE,GARDEN DR,dc585cfa-90fe-57cf-a02b-5136c320795c,"E 2ND AVE & GARDEN DR, VANCOUVER",49.268604,-123.058028
VANCOUVER,E 2ND AVE,GREAT NORTHERN WAY,f881d45c-dd3d-53d9-8115-8de176f7c8b6,"E 2ND AVE & GREAT NORTHERN WAY, VANCOUVER",49.266741,-123.096256
VANCOUVER,E 2ND AVE,HWY 99A,1b06ffdd-bbf1-59f4-89b6-ea68934fdcd1,"E 2ND AVE & HWY 99A, VANCOUVER",49.269078,-123.100707
VANCOUVER,E 2ND AVE,KAMLOOPS ST,2a310823-b364-55e9-9fc3-bcd7cab0bd50,"E 2ND AVE & KAMLOOPS ST, VANCOUVER",49.268484,-123.054704
VANCOUVER,E 2ND AVE,KASLO ST,dcf47d06-ba16-5f1a-9ff8-f4afc16261a3,"E 2ND AVE & KASLO ST, VANCOUVER",49.268479,-123.046959
VANCOUVER,E 2ND AVE,LAKEWOOD DR,7a3366a7-36bb-5719-906f-e19313a74096,"E 2ND AVE & LAKEWOOD DR, VANCOUVER",49.268636,-123.061894
VANCOUVER,E 2ND AVE,LILLOOET ST,2789df3d-0485-5089-9325-0ce3020d64cd,"E 2ND AVE & LILLOOET ST, VANCOUVER",49.268471,-123.03897
VANCOUVER,E 2ND AVE,LORNE ST,bc10ef3c-f5bb-509a-8e6a-5395506a6c69,"E 2ND AVE & LORNE ST, VANCOUVER",49.268626,-123.099629
VANCOUVER,E 2ND AVE,MAIN ST,7bb13b9c-20a8-577e-b0c7-ccdee7a4584b,"E 2ND AVE & MAIN ST, VANCOUVER",49.269078,-123.100707
VANCOUVER,E 2ND AVE,MCLEAN DR,f2793a77-97cb-5501-8433-31b8c64cd0d8,"E 2ND AVE & MCLEAN DR, VANCOUVER",49.268736,-123.075442
VANCOUVER,E 2ND AVE,NANAIMO ST,9c00a542-70dc-546d-8552-b15c6fb9e1e8,"E 2ND AVE & NANAIMO ST, VANCOUVER",49.268573,-123.056624
VANCOUVER,E 2ND AVE,NOOTKA ST,0c87a89c-afe1-5f9a-b989-57d745134f67,"E 2ND AVE & NOOTKA ST, VANCOUVER",49.268473,-123.04149
VANCOUVER,E 2ND AVE,ONTARIO ST,3f1c6dc3-7ed8-5757-88ad-07b2d13f6be7,"E 2ND AVE & ONTARIO ST, VANCOUVER",49.269246,-123.104652
VANCOUVER,E 2ND AVE,PENTICTON ST,3e9c6f6a-c5fc-5faa-8f36-ca5ce636d753,"E 2ND AVE & PENTICTON ST, VANCOUVER",49.268482,-123.052107
VANCOUVER,E 2ND AVE,QUEBEC ST,6c6c4445-50f1-5227-aaf4-a789b3520260,"E 2ND AVE & QUEBEC ST, VANCOUVER",49.269212,-123.102714
VANCOUVER,E 2ND AVE,RENFREW ST,0a816a81-223c-5923-902c-62181202b5c4,"E 2ND AVE & RENFREW ST, VANCOUVER",49.268482,-123.044234
VANCOUVER,E 2ND AVE,RUPERT ST,25f2431c-c390-5c9e-9808-e6e72654777d,"E 2ND AVE & RUPERT ST, VANCOUVER",49.268466,-123.033697
VANCOUVER,E 2ND AVE,SCOTIA ST,2cbef5ee-bd99-5bf1-a458-803390a58451,"E 2ND AVE & SCOTIA ST, VANCOUVER",49.267737,-123.098202
VANCOUVER,E 2ND AVE,SEMLIN DR,8153146a-77cd-5d04-b2f9-0953a9f29fc5,"E 2ND AVE & SEMLIN DR, VANCOUVER",49.268653,-123.063837
VANCOUVER,E 2ND AVE,SLOCAN ST,b618fbf5-db0b-516c-9a17-5dcadea02f26,"E 2ND AVE & SLOCAN ST, VANCOUVER",49.26848,-123.049466
VANCOUVER,E 2ND AVE,TEMPLETON DR,82836f96-7b40-5e36-8ed9-6e55679cd4a8,"E 2ND AVE & TEMPLETON DR, VANCOUVER",49.268619,-123.059971
VANCOUVER,E 2ND AVE,VERNON DR,912ef11c-7aa2-53e7-ae1b-e5b21d15a0e0,"E 2ND AVE & VERNON DR, VANCOUVER",49.268771,-123.07887
VANCOUVER,E 2ND AVE,VICTORIA DR,c2386b30-08eb-5e78-b5b7-39d2fcd7180a,"E 2ND AVE & VICTORIA DR, VANCOUVER",49.268669,-123.065784
VANCOUVER,E 2ND AVE,WINDERMERE ST,f266c962-4a27-5b41-91f8-046ee8e072e7,"E 2ND AVE & WINDERMERE ST, VANCOUVER",49.26847,-123.036447
VANCOUVER,E 2ND AVE,WOODLAND DR,ca588ea9-f88b-5932-8406-94c83c18e7f6,"E 2ND AVE & WOODLAND DR, VANCOUVER",49.268731,-123.073522
VANCOUVER,E 30TH AVE,E 32ND AVE,a8e8eb72-3e4b-5180-8d3d-8b610892b870,"E 30TH AVE & E 32ND AVE, VANCOUVER",49.241518,-123.06014
VANCOUVER,E 30TH AVE,E 33RD AVE,f15cb9ac-0b9c-5ce7-8795-61515cc7849f,"E 30TH AVE & E 33RD AVE, VANCOUVER",49.239779,-123.056768
VANCOUVER,E 30TH AVE,ELDORADO MEWS,06b31583-e296-504e-b040-496835b9fc8d,"E 30TH AVE & ELDORADO MEWS, VANCOUVER",49.240646,-123.058255
VANCOUVER,E 30TH AVE,FRASER ST,fcb1b911-e309-58b1-8d51-c3479b103efb,"E 30TH AVE & FRASER ST, VANCOUVER",49.243531,-123.090305
VANCOUVER,E 30TH AVE,GLADSTONE ST,ff6ba83f-a69e-5305-b0ce-419a740483e6,"E 30TH AVE & GLADSTONE ST, VANCOUVER",49.242793,-123.062644
VANCOUVER,E 30TH AVE,JAMES ST,96e35cba-c749-57f9-b4c1-9b89f22415a1,"E 30TH AVE & JAMES ST, VANCOUVER",49.24334,-123.103975
VANCOUVER,E 30TH AVE,KNIGHT ST,14eaddf7-d67d-5169-8dba-8267dc594bf5,"E 30TH AVE & KNIGHT ST, VANCOUVER",49.243683,-123.076338
VANCOUVER,E 30TH AVE,MAIN ST,a649dffa-4e73-58f5-b2ba-76d5b014f962,"E 30TH AVE & MAIN ST, VANCOUVER",49.243283,-123.101365
VANCOUVER,E 30TH AVE,NANAIMO ST,894a8676-564b-592b-ac2b-96135b9afcdb,"E 30TH AVE & NANAIMO ST, VANCOUVER",49.240878,-123.058716
VANCOUVER,E 30TH AVE,ONTARIO ST,bb175471-53fb-508b-abd1-57d3e9bb0916,"E 30TH AVE & ONTARIO ST, VANCOUVER",49.24337,-123.105255
VANCOUVER,E 30TH AVE,PRINCE ALBERT ST,80f4a2f2-bf18-5b9d-8810-9d89e7c8ebb6,"E 30TH AVE & PRINCE ALBERT ST, VANCOUVER",49.243391,-123.087878
VANCOUVER,E 30TH AVE,PRINCE EDWARD ST,75277aa2-5217-57bf-b8ac-1a0737db38b3,"E 30TH AVE & PRINCE EDWARD ST, VANCOUVER",49.24352,-123.096918
VANCOUVER,E 30TH AVE,QUEBEC ST,56a0cf4b-8df0-54f6-b1e9-b6b1558f785d,"E 30TH AVE & QUEBEC ST, VANCOUVER",49.243317,-123.102606
VANCOUVER,E 30TH AVE,SIDNEY ST,2af425ab-6a75-5473-8074-11817e82c7ba,"E 30TH AVE & SIDNEY ST, VANCOUVER",49.24375,-123.064524
VANCOUVER,E 30TH AVE,SOPHIA ST,a2409227-c401-5486-870c-426471f624d3,"E 30TH AVE & SOPHIA ST, VANCOUVER",49.243242,-123.098717
VANCOUVER,E 30TH AVE,ST CATHERINES ST,5da92d05-96a6-587e-a0d9-200f8b283dee,"E 30TH AVE & ST CATHERINES ST, VANCOUVER",49.243256,-123.085953
VANCOUVER,E 30TH AVE,ST GEORGE ST,ed87aefe-ae6f-56d0-b194-5178bf3d38ee,"E 30TH AVE & ST GEORGE ST, VANCOUVER",49.243529,-123.094184
VANCOUVER,E 30TH AVE,VICTORIA DR,41e702f1-37ba-5452-ad63-7728007c384c,"E 30TH AVE & VICTORIA DR, VANCOUVER",49.244062,-123.065231
VANCOUVER,E 30TH AVE,WELWYN ST,1f0bc1fd-e2b8-5b13-b589-91a25f31f5ae,"E 30TH AVE & WELWYN ST, VANCOUVER",49.243426,-123.070037
VANCOUVER,E 30TH AVE,WINDSOR ST,4eac3d15-fe96-568f-be86-dc59114f08d4,"E 30TH AVE & WINDSOR ST, VANCOUVER",49.243236,-123.084034
VANCOUVER,E 31ST AVE,ELGIN ST,f37dda18-116a-5b49-8855-2809d10e4866,"E 31ST AVE & ELGIN ST, VANCOUVER",49.242519,-123.082761
VANCOUVER,E 31ST AVE,FRASER ST,6db3ae26-55de-5ed6-ac85-4dd1662fa2f9,"E 31ST AVE & FRASER ST, VANCOUVER",49.242595,-123.09032
VANCOUVER,E 31ST AVE,GLADSTONE ST,72c5d223-936d-576e-8021-6ba4376f13bc,"E 31ST AVE & GLADSTONE ST, VANCOUVER",49.242793,-123.062644
VANCOUVER,E 31ST AVE,HENRY ST,a279e1b3-7678-54e6-bf3e-5d4d949cf9a7,"E 31ST AVE & HENRY ST, VANCOUVER",49.242509,-123.07766
VANCOUVER,E 31ST AVE,INVERNESS ST,e87235d3-cbae-539e-8f7e-3350e516985e,"E 31ST AVE & INVERNESS ST, VANCOUVER",49.242497,-123.080209
VANCOUVER,E 31ST AVE,JOHN ST,7cca8cec-bd8a-59f5-8514-ce715e2278b2,"E 31ST AVE & JOHN ST, VANCOUVER",49.24273,-123.097513
VANCOUVER,E 31ST AVE,KNIGHT ST,76379a04-1066-5fce-806b-78e09d06a525,"E 31ST AVE & KNIGHT ST, VANCOUVER",49.243057,-123.07636
VANCOUVER,E 31ST AVE,LANARK ST,79b0c6f7-72a5-54ff-b273-67c35dbd3339,"E 31ST AVE & LANARK ST, VANCOUVER",49.243038,-123.074836
VANCOUVER,E 31ST AVE,LITTLE ST,18d69018-a29b-500c-b11e-021b3b75dd34,"E 31ST AVE & LITTLE ST, VANCOUVER",49.242793,-123.063983
VANCOUVER,E 31ST AVE,PRINCE ALBERT ST,2d72663c-248e-573e-bf41-e22c18d0440a,"E 31ST AVE & PRINCE ALBERT ST, VANCOUVER",49.242561,-123.087882
VANCOUVER,E 31ST AVE,PRINCE EDWARD ST,ccf94310-84c1-58fe-9186-e8cf9684ebbe,"E 31ST AVE & PRINCE EDWARD ST, VANCOUVER",49.242717,-123.09691
VANCOUVER,E 31ST AVE,ST CATHERINES ST,d007d602-f74a-5e96-8961-edce007254b4,"E 31ST AVE & ST CATHERINES ST, VANCOUVER",49.242539,-123.085981
VANCOUVER,E 31ST AVE,ST GEORGE ST,e3e8b4bf-8a2e-5932-8d8b-f6f414d45410,"E 31ST AVE & ST GEORGE ST, VANCOUVER",49.242654,-123.094243
VANCOUVER,E 31ST AVE,VICTORIA DR,c7dc2153-d11d-57d6-86b1-580aa2b522dc,"E 31ST AVE & VICTORIA DR, VANCOUVER",49.242826,-123.065268
VANCOUVER,E 32ND AVE,FLEMING ST,31cab2ce-4655-5023-b4cc-4da09cadd7fd,"E 32ND AVE & FLEMING ST, VANCOUVER",49.241609,-123.07219
VANCOUVER,E 32ND AVE,FRASER ST,d5e72c20-b778-54fd-a629-a53a5ebb8297,"E 32ND AVE & FRASER ST, VANCOUVER",49.24172,-123.090333
VANCOUVER,E 32ND AVE,GLADSTONE ST,8ad76a3f-1715-5a28-b24c-a899a51fe8df,"E 32ND AVE & GLADSTONE ST, VANCOUVER",49.2415,-123.062829
VANCOUVER,E 32ND AVE,KNIGHT ST,8d5b1302-8483-5b10-964b-dbbae27cce76,"E 32ND AVE & KNIGHT ST, VANCOUVER",49.241679,-123.07633
VANCOUVER,E 32ND AVE,LITTLE ST,1f71bf7b-6896-534c-8e94-2bf90036815d,"E 32ND AVE & LITTLE ST, VANCOUVER",49.241503,-123.064074
VANCOUVER,E 32ND AVE,MAIN ST,00010b7b-81ac-58c1-8a1e-a985d3b50523,"E 32ND AVE & MAIN ST, VANCOUVER",49.241993,-123.101422
VANCOUVER,E 32ND AVE,PRINCE ALBERT ST,1c02904b-7f38-5f65-b211-7ed8c8ab511e,"E 32ND AVE & PRINCE ALBERT ST, VANCOUVER",49.241695,-123.087907
VANCOUVER,E 32ND AVE,PRINCE EDWARD ST,8de374c4-69c1-566f-8aea-b973b31e283b,"E 32ND AVE & PRINCE EDWARD ST, VANCOUVER",49.242198,-123.096849
VANCOUVER,E 32ND AVE,QUEBEC ST,8a357ba6-4ddb-5831-b756-3b41e35352e7,"E 32ND AVE & QUEBEC ST, VANCOUVER",49.242022,-123.102663
VANCOUVER,E 32ND AVE,SOPHIA ST,fa69b56f-f4e0-5b0e-8d16-167d64e298e8,"E 32ND AVE & SOPHIA ST, VANCOUVER",49.242235,-123.098749
VANCOUVER,E 32ND AVE,VICTORIA DR,34746bf4-13ef-5540-a2c9-911455bcf35c,"E 32ND AVE & VICTORIA DR, VANCOUVER",49.241522,-123.065303
VANCOUVER,E 33RD AVE,ELGIN ST,c5b8ca27-58c0-54e7-b012-6cc8899a79cc,"E 33RD AVE & ELGIN ST, VANCOUVER",49.240256,-123.083474
VANCOUVER,E 33RD AVE,FLEMING ST,6630c2da-9a42-59cd-9941-1fb690e058f6,"E 33RD AVE & FLEMING ST, VANCOUVER",49.240174,-123.072216
VANCOUVER,E 33RD AVE,FRASER ST,39ae3741-0864-510f-9692-76aebc628998,"E 33RD AVE & FRASER ST, VANCOUVER",49.240302,-123.090377
VANCOUVER,E 33RD AVE,GLADSTONE ST,d7494746-47d9-5676-9226-5e8d02daa772,"E 33RD AVE & GLADSTONE ST, VANCOUVER",49.239786,-123.062889
VANCOUVER,E 33RD AVE,HENRY ST,83fdd434-a37b-5427-9cb9-2643e649ed66,"E 33RD AVE & HENRY ST, VANCOUVER",49.240218,-123.077692
VANCOUVER,E 33RD AVE,INVERNESS ST,2db4ee90-ec44-5fd8-bed2-84688902973e,"E 33RD AVE & INVERNESS ST, VANCOUVER",49.240239,-123.080155
VANCOUVER,E 33RD AVE,JAMES ST,a5937395-2d49-5e18-8585-ce213f3dda8b,"E 33RD AVE & JAMES ST, VANCOUVER",49.240546,-123.10409
VANCOUVER,E 33RD AVE,KNIGHT ST,35da13ee-0c00-5295-8b23-a31397ee7ff2,"E 33RD AVE & KNIGHT ST, VANCOUVER",49.240211,-123.076367
VANCOUVER,E 33RD AVE,LANARK ST,cf193b01-1234-50b0-a78d-e50fc6e8e63d,"E 33RD AVE & LANARK ST, VANCOUVER",49.240194,-123.074917
VANCOUVER,E 33RD AVE,MAIN ST,5534d7b0-c356-5cc8-9e23-2bb444543d80,"E 33RD AVE & MAIN ST, VANCOUVER",49.240503,-123.101467
VANCOUVER,E 33RD AVE,NANAIMO ST,c8b4ef30-92d2-58ac-8594-4a8ae45c99fd,"E 33RD AVE & NANAIMO ST, VANCOUVER",49.239791,-123.058711
VANCOUVER,E 33RD AVE,ONTARIO ST,ad770004-93cb-5a28-9de0-c05a871334ce,"E 33RD AVE & ONTARIO ST, VANCOUVER",49.240576,-123.105362
VANCOUVER,E 33RD AVE,PRINCE ALBERT ST,5dd3303b-40c7-574d-b20f-01961f782ed6,"E 33RD AVE & PRINCE ALBERT ST, VANCOUVER",49.240287,-123.087931
VANCOUVER,E 33RD AVE,PRINCE EDWARD ST,b01b84fe-db3f-549a-b2e6-dd7cac427a3a,"E 33RD AVE & PRINCE EDWARD ST, VANCOUVER",49.240424,-123.096896
VANCOUVER,E 33RD AVE,QUEBEC ST,fe3c1810-1460-5317-8e00-0ae5a321b6eb,"E 33RD AVE & QUEBEC ST, VANCOUVER",49.240528,-123.102739
VANCOUVER,E 33RD AVE,ROSS ST,a4dacdf3-3059-5902-82cf-dd1911f904fb,"E 33RD AVE & ROSS ST, VANCOUVER",49.240248,-123.082372
VANCOUVER,E 33RD AVE,SHERBROOKE ST,0191bc0a-b184-5b33-8ff2-268148d48d53,"E 33RD AVE & SHERBROOKE ST, VANCOUVER",49.240242,-123.081244
VANCOUVER,E 33RD AVE,SLOCAN ST,2c6f6090-7454-59c1-b115-9622815a14f5,"E 33RD AVE & SLOCAN ST, VANCOUVER",49.239791,-123.054406
VANCOUVER,E 33RD AVE,SOMERVILLE ST,b0cbee55-dbc4-559f-8e1a-636413fc0698,"E 33RD AVE & SOMERVILLE ST, VANCOUVER",49.240272,-123.085728
VANCOUVER,E 33RD AVE,SOPHIA ST,22554a61-3765-5f52-bb13-37602615da2d,"E 33RD AVE & SOPHIA ST, VANCOUVER",49.240459,-123.098823
VANCOUVER,E 33RD AVE,ST CATHERINES ST,9e9da546-c781-55ba-a9b7-51f19700babd,"E 33RD AVE & ST CATHERINES ST, VANCOUVER",49.24028,-123.08684
VANCOUVER,E 33RD AVE,VICTORIA DR,0790bc1b-2595-5b1a-a310-d4d604cdab24,"E 33RD AVE & VICTORIA DR, VANCOUVER",49.240059,-123.065367
VANCOUVER,E 33RD AVE,WALDEN ST,727f24d8-bbed-5a13-a015-e7d175c5bed2,"E 33RD AVE & WALDEN ST, VANCOUVER",49.240484,-123.100112
VANCOUVER,E 33RD AVE,WINDSOR ST,4a78e902-c355-5401-b6da-79280e56c654,"E 33RD AVE & WINDSOR ST, VANCOUVER",49.240264,-123.084582
VANCOUVER,E 34TH AVE,GLADSTONE ST,283af47b-1bb9-5037-87e5-ff6cad5e56f6,"E 34TH AVE & GLADSTONE ST, VANCOUVER",49.238937,-123.062891
VANCOUVER,E 34TH AVE,HIGHGATE ST,f5447d7f-3827-545c-8e2a-e6181483dcc2,"E 34TH AVE & HIGHGATE ST, VANCOUVER",49.238901,-123.057673
VANCOUVER,E 34TH AVE,KINGSWAY,28e04a12-fd1f-5cad-a9ec-856a6afdc720,"E 34TH AVE & KINGSWAY, VANCOUVER",49.238939,-123.051926
VANCOUVER,E 34TH AVE,KNIGHT ST,5d8f223a-ed1c-5b10-9e1b-a6ce46fe28b4,"E 34TH AVE & KNIGHT ST, VANCOUVER",49.239359,-123.076513
VANCOUVER,E 34TH AVE,NANAIMO ST,503576d3-0ba6-515a-8670-e29a23fa0a94,"E 34TH AVE & NANAIMO ST, VANCOUVER",49.238909,-123.058732
VANCOUVER,E 34TH AVE,PRINCE EDWARD ST,80ab347b-a3bf-51cb-9a74-3738fa6a8ad1,"E 34TH AVE & PRINCE EDWARD ST, VANCOUVER",49.239609,-123.09693
VANCOUVER,E 34TH AVE,SLOCAN ST,61366664-e7a3-5560-95d6-f326aec079f0,"E 34TH AVE & SLOCAN ST, VANCOUVER",49.238879,-123.054376
VANCOUVER,E 34TH AVE,VICTORIA DR,3a1a3816-4ca9-5463-8f90-d8d15876eb9c,"E 34TH AVE & VICTORIA DR, VANCOUVER",49.239223,-123.06539
VANCOUVER,E 35TH AVE,ELGIN ST,03673f86-3e04-5ef1-b3dd-6a1d24e0fbd6,"E 35TH AVE & ELGIN ST, VANCOUVER",49.238235,-123.083545
VANCOUVER,E 35TH AVE,FRASER ST,144f6b7f-5e97-5a5e-9b6c-ac59d096ee2c,"E 35TH AVE & FRASER ST, VANCOUVER",49.238318,-123.090395
VANCOUVER,E 35TH AVE,GLADSTONE ST,3ba25e19-3039-5fea-b993-2e25b303042e,"E 35TH AVE & GLADSTONE ST, VANCOUVER",49.238069,-123.062099
VANCOUVER,E 35TH AVE,INVERNESS ST,b5902669-b0ce-552f-9476-41b70af34608,"E 35TH AVE & INVERNESS ST, VANCOUVER",49.238189,-123.080222
VANCOUVER,E 35TH AVE,KNIGHT ST,eed90726-0051-5b8a-8f21-8fd2b468d4af,"E 35TH AVE & KNIGHT ST, VANCOUVER",49.238535,-123.076713
VANCOUVER,E 35TH AVE,MAIN ST,616b2641-d7d2-563d-825e-1101a3a5f012,"E 35TH AVE & MAIN ST, VANCOUVER",49.239058,-123.101563
VANCOUVER,E 35TH AVE,NANAIMO ST,319e5d4f-995f-5bb0-b6c7-993d63bfdb30,"E 35TH AVE & NANAIMO ST, VANCOUVER",49.238008,-123.058756
VANCOUVER,E 35TH AVE,PRINCE ALBERT ST,bb198ab6-21dc-50fc-835a-c19561884a62,"E 35TH AVE & PRINCE ALBERT ST, VANCOUVER",49.238294,-123.087998
VANCOUVER,E 35TH AVE,PRINCE EDWARD ST,6264ef01-2856-5912-a381-d67a9fd67917,"E 35TH AVE & PRINCE EDWARD ST, VANCOUVER",49.238849,-123.096963
VANCOUVER,E 35TH AVE,QUEBEC ST,436fbd6a-a210-54f1-b6e1-f1431c35d28f,"E 35TH AVE & QUEBEC ST, VANCOUVER",49.239097,-123.103469
VANCOUVER,E 35TH AVE,ROSS ST,9fe624fe-f5ae-5cc4-a8d8-a56148c62811,"E 35TH AVE & ROSS ST, VANCOUVER",49.238219,-123.082427
VANCOUVER,E 35TH AVE,SHERBROOKE ST,9fcc2af5-f207-54d5-aef8-e1ae469309c3,"E 35TH AVE & SHERBROOKE ST, VANCOUVER",49.238205,-123.081316
VANCOUVER,E 35TH AVE,SOMERVILLE ST,55e3bda0-e6bb-58d2-a168-3e74c52caf04,"E 35TH AVE & SOMERVILLE ST, VANCOUVER",49.238264,-123.085772
VANCOUVER,E 35TH AVE,SOPHIA ST,a9f08026-e75c-5552-aab4-5e2bde9ca07f,"E 35TH AVE & SOPHIA ST, VANCOUVER",49.238916,-123.099269
VANCOUVER,E 35TH AVE,ST CATHERINES ST,09c833d1-4ed9-5de3-922a-7ab4523cd69f,"E 35TH AVE & ST CATHERINES ST, VANCOUVER",49.238279,-123.086865
VANCOUVER,E 35TH AVE,ST GEORGE ST,2d49f276-47da-5200-9606-6e1a3ed6f19b,"E 35TH AVE & ST GEORGE ST, VANCOUVER",49.23879,-123.094959
VANCOUVER,E 35TH AVE,VICTORIA DR,0892d9bf-2261-5845-8077-ccddcf06cfbe,"E 35TH AVE & VICTORIA DR, VANCOUVER",49.238236,-123.065418
VANCOUVER,E 35TH AVE,WINDSOR ST,b8d9a700-34be-5de0-8625-2f8c9641bfc6,"E 35TH AVE & WINDSOR ST, VANCOUVER",49.238248,-123.08464
VANCOUVER,E 36TH AVE,GLADSTONE ST,3394741b-2fc9-50f4-a755-92cdccbc5271,"E 36TH AVE & GLADSTONE ST, VANCOUVER",49.237467,-123.0621
VANCOUVER,E 36TH AVE,KNIGHT ST,7b6942d0-3d92-5227-8839-3f5790353554,"E 36TH AVE & KNIGHT ST, VANCOUVER",49.237682,-123.076879
VANCOUVER,E 36TH AVE,MAIN ST,4ecd35f1-9268-5703-90cf-61857778bfc8,"E 36TH AVE & MAIN ST, VANCOUVER",49.238154,-123.101592
VANCOUVER,E 36TH AVE,PRINCE EDWARD ST,762644ba-350e-5b84-930e-04ff6d0627dd,"E 36TH AVE & PRINCE EDWARD ST, VANCOUVER",49.23805,-123.096999
VANCOUVER,E 36TH AVE,ST GEORGE ST,31aa96dd-7bd8-5066-a47d-cf509424a8f4,"E 36TH AVE & ST GEORGE ST, VANCOUVER",49.238008,-123.094997
VANCOUVER,E 36TH AVE,VICTORIA DR,93ca3e66-68a7-5c69-b406-c5c7a111bef5,"E 36TH AVE & VICTORIA DR, VANCOUVER",49.237486,-123.065434
VANCOUVER,E 36TH AVE,WALDEN ST,863570b4-3d8d-5730-935e-9d4fd31a0530,"E 36TH AVE & WALDEN ST, VANCOUVER",49.238121,-123.100218
VANCOUVER,E 37TH AVE,ELGIN ST,4e8983e4-de16-5c7e-9186-76abe6117a2a,"E 37TH AVE & ELGIN ST, VANCOUVER",49.236481,-123.083607
VANCOUVER,E 37TH AVE,FLEMING ST,b9a316d8-4c84-5cde-a917-555df8cbd881,"E 37TH AVE & FLEMING ST, VANCOUVER",49.236781,-123.072773
VANCOUVER,E 37TH AVE,FRASER ST,38fd5cd5-0037-52fc-81e4-729b27f2b1bd,"E 37TH AVE & FRASER ST, VANCOUVER",49.237035,-123.090444
VANCOUVER,E 37TH AVE,GLADSTONE ST,61ba8045-4258-5bbb-af9a-af969da37c97,"E 37TH AVE & GLADSTONE ST, VANCOUVER",49.236917,-123.062103
VANCOUVER,E 37TH AVE,INVERNESS ST,7780f060-ba45-51a2-b3da-56a94c3aff44,"E 37TH AVE & INVERNESS ST, VANCOUVER",49.236438,-123.08026
VANCOUVER,E 37TH AVE,KNIGHT ST,6a5891a9-f061-54a1-85e6-7508f641e763,"E 37TH AVE & KNIGHT ST, VANCOUVER",49.236835,-123.076912
VANCOUVER,E 37TH AVE,MAIN ST,72f67080-2857-57ee-ac84-d6bdb7787b5d,"E 37TH AVE & MAIN ST, VANCOUVER",49.23726,-123.101631
VANCOUVER,E 37TH AVE,NANAIMO ST,e6d57396-4a71-55eb-a0af-bac1e6bbc64d,"E 37TH AVE & NANAIMO ST, VANCOUVER",49.23689,-123.058747
VANCOUVER,E 37TH AVE,ONTARIO ST,d723d85b-32b8-5e3f-ab3a-56107c6e8862,"E 37TH AVE & ONTARIO ST, VANCOUVER",49.237333,-123.105495
VANCOUVER,E 37TH AVE,PRINCE ALBERT ST,60018897-a7a8-5c83-9019-6d5c0d8764d3,"E 37TH AVE & PRINCE ALBERT ST, VANCOUVER",49.23652,-123.08806
VANCOUVER,E 37TH AVE,PRINCE EDWARD ST,0e41b77e-4c3c-50da-82db-00772477680c,"E 37TH AVE & PRINCE EDWARD ST, VANCOUVER",49.237175,-123.097037
VANCOUVER,E 37TH AVE,QUEBEC ST,1494e8d7-e5d4-5d01-be42-6e9a0cf92e5e,"E 37TH AVE & QUEBEC ST, VANCOUVER",49.237296,-123.103544
VANCOUVER,E 37TH AVE,ROSS ST,6cb0c42c-dc0d-5d33-aee4-6f153dae1eb6,"E 37TH AVE & ROSS ST, VANCOUVER",49.236446,-123.082478
VANCOUVER,E 37TH AVE,SLOCAN ST,f6ee05f0-9223-5219-b8ba-8bbc8cf848cd,"E 37TH AVE & SLOCAN ST, VANCOUVER",49.23739,-123.054229
VANCOUVER,E 37TH AVE,SOPHIA ST,82365aa3-d249-55f8-b6c6-a29265ece7d2,"E 37TH AVE & SOPHIA ST, VANCOUVER",49.237232,-123.099336
VANCOUVER,E 37TH AVE,VICTORIA DR,0b53936d-8db3-5b0b-b487-231623ba1460,"E 37TH AVE & VICTORIA DR, VANCOUVER",49.2368,-123.065448
VANCOUVER,E 37TH AVE,WALES ST,72d20eb4-3b4b-5197-b6a9-dfe7d82d67ac,"E 37TH AVE & WALES ST, VANCOUVER",49.237383,-123.051737
VANCOUVER,E 37TH AVE,WINDSOR ST,c645bb48-9086-515e-b3a3-0b7c9ede3945,"E 37TH AVE & WINDSOR ST, VANCOUVER",49.236489,-123.084726
VANCOUVER,E 38TH AVE,EARLES ST,2fd467b3-e59b-5b14-888c-ffa9a9380064,"E 38TH AVE & EARLES ST, VANCOUVER",49.235829,-123.048849
VANCOUVER,E 38TH AVE,FRASER ST,0081d309-c6f7-5e69-b223-043a5e19e028,"E 38TH AVE & FRASER ST, VANCOUVER",49.23569,-123.090494
VANCOUVER,E 38TH AVE,GLADSTONE ST,fa44385f-9c12-5061-8c4e-f179767fff6a,"E 38TH AVE & GLADSTONE ST, VANCOUVER",49.235928,-123.062124
VANCOUVER,E 38TH AVE,MAIN ST,764718f9-7123-580e-92ef-fcb5434539b4,"E 38TH AVE & MAIN ST, VANCOUVER",49.23634,-123.101665
VANCOUVER,E 38TH AVE,NANAIMO ST,83c6c14f-aa70-5e0e-8247-82b76c92bec5,"E 38TH AVE & NANAIMO ST, VANCOUVER",49.235884,-123.058781
VANCOUVER,E 38TH AVE,ONTARIO ST,6514cf38-dc06-5e6a-9eb0-7f26729c5b1b,"E 38TH AVE & ONTARIO ST, VANCOUVER",49.236415,-123.105528
VANCOUVER,E 38TH AVE,PRINCE ALBERT ST,f5ad964e-56c4-5a2c-a873-92d70d343589,"E 38TH AVE & PRINCE ALBERT ST, VANCOUVER",49.23567,-123.088087
VANCOUVER,E 38TH AVE,PRINCE EDWARD ST,26a6ffc6-562f-5a08-99c1-9fb7baee296b,"E 38TH AVE & PRINCE EDWARD ST, VANCOUVER",49.236246,-123.097077
VANCOUVER,E 38TH AVE,QUEBEC ST,327db20d-b67b-5bb1-a8d3-0e74b5275ac0,"E 38TH AVE & QUEBEC ST, VANCOUVER",49.23638,-123.103581
VANCOUVER,E 38TH AVE,RHODES ST,3207d1fd-a475-5a7f-b12c-4cb7949f9941,"E 38TH AVE & RHODES ST, VANCOUVER",49.235836,-123.050274
VANCOUVER,E 38TH AVE,SLOCAN ST,2b982bea-b74d-5fe5-90d4-c59dcae422f7,"E 38TH AVE & SLOCAN ST, VANCOUVER",49.23589,-123.05425
VANCOUVER,E 38TH AVE,VICTORIA DR,ea4186ef-6728-5e74-8d23-01176dca5f78,"E 38TH AVE & VICTORIA DR, VANCOUVER",49.235922,-123.065471
VANCOUVER,E 38TH AVE,WALES ST,5a71c4fb-b05e-59f5-8e02-40f255ba7f74,"E 38TH AVE & WALES ST, VANCOUVER",49.235864,-123.051709
VANCOUVER,E 38TH AVE,WINDSOR ST,f09961a2-6986-581d-961a-edc39a9f3c27,"E 38TH AVE & WINDSOR ST, VANCOUVER",49.235614,-123.084767
VANCOUVER,E 39TH AVE,FLEMING ST,4da540d8-de28-5fe8-b7af-fea49229509c,"E 39TH AVE & FLEMING ST, VANCOUVER",49.234746,-123.07284
VANCOUVER,E 39TH AVE,FRASER ST,99d27d80-8704-5f5e-a19c-53497d0dc010,"E 39TH AVE & FRASER ST, VANCOUVER",49.234768,-123.090529
VANCOUVER,E 39TH AVE,GLADSTONE ST,9e7a9f2b-ea6a-5b06-b057-c5a8bdbc1adc,"E 39TH AVE & GLADSTONE ST, VANCOUVER",49.234902,-123.062114
VANCOUVER,E 39TH AVE,INVERNESS ST,42eedbd8-9630-5144-852e-2c37f26fc1ce,"E 39TH AVE & INVERNESS ST, VANCOUVER",49.234823,-123.079738
VANCOUVER,E 39TH AVE,KNIGHT ST,2e5b4628-b5cf-52b2-8925-71b70a5d12bf,"E 39TH AVE & KNIGHT ST, VANCOUVER",49.234792,-123.076994
VANCOUVER,E 39TH AVE,LANARK ST,5a8ecdc6-0058-59d6-9f8c-8c7eb75a3812,"E 39TH AVE & LANARK ST, VANCOUVER",49.234777,-123.075586
VANCOUVER,E 39TH AVE,MAIN ST,629d17b0-cc11-591e-9a7b-49750b7cf876,"E 39TH AVE & MAIN ST, VANCOUVER",49.235421,-123.101623
VANCOUVER,E 39TH AVE,NANAIMO ST,bd6d369c-8804-5d91-996d-8c28e0661861,"E 39TH AVE & NANAIMO ST, VANCOUVER",49.234876,-123.0588
VANCOUVER,E 39TH AVE,ONTARIO ST,bbe3bee9-5d0f-5027-a9dc-c8bade03b980,"E 39TH AVE & ONTARIO ST, VANCOUVER",49.235492,-123.105545
VANCOUVER,E 39TH AVE,PRINCE EDWARD ST,c221418d-8b4b-5412-b037-52e3f35d7262,"E 39TH AVE & PRINCE EDWARD ST, VANCOUVER",49.235342,-123.097117
VANCOUVER,E 39TH AVE,QUEBEC ST,435804ab-bcef-5268-a5ce-4b8535df923d,"E 39TH AVE & QUEBEC ST, VANCOUVER",49.235458,-123.103625
VANCOUVER,E 39TH AVE,ROSS ST,8f5ba700-8c81-54f0-b06c-83ea5680e5c2,"E 39TH AVE & ROSS ST, VANCOUVER",49.234666,-123.082527
VANCOUVER,E 39TH AVE,SHERBROOKE ST,432e5e62-bfb1-51c0-9de7-fdd7e0433580,"E 39TH AVE & SHERBROOKE ST, VANCOUVER",49.23484,-123.081106
VANCOUVER,E 39TH AVE,VICTORIA DR,d0795dd8-3fea-5602-a420-6f7dbb03e450,"E 39TH AVE & VICTORIA DR, VANCOUVER",49.234917,-123.0655
VANCOUVER,E 39TH AVE,WINDSOR ST,0d04dcd7-0daa-5319-b329-3a0db0539fe0,"E 39TH AVE & WINDSOR ST, VANCOUVER",49.234703,-123.084776
VANCOUVER,E 3RD AVE,GARDEN DR,0ba4db95-f4b3-53d6-b913-0c2b099ce751,"E 3RD AVE & GARDEN DR, VANCOUVER",49.267698,-123.058047
VANCOUVER,E 3RD AVE,KAMLOOPS ST,697cb898-9936-5774-ad04-058de4cfb0ee,"E 3RD AVE & KAMLOOPS ST, VANCOUVER",49.267569,-123.054703
VANCOUVER,E 3RD AVE,KASLO ST,23ce5125-944c-5d43-931f-52b0a9af5e45,"E 3RD AVE & KASLO ST, VANCOUVER",49.267597,-123.046967
VANCOUVER,E 3RD AVE,LAKEWOOD DR,15e8604c-2629-538c-a82b-58ba97d01850,"E 3RD AVE & LAKEWOOD DR, VANCOUVER",49.267727,-123.061933
VANCOUVER,E 3RD AVE,LILLOOET ST,d6d2de8b-51dd-5baa-90da-47f370293f28,"E 3RD AVE & LILLOOET ST, VANCOUVER",49.267573,-123.038986
VANCOUVER,E 3RD AVE,LORNE ST,91cc3999-ce91-5193-afcb-07fd8086529b,"E 3RD AVE & LORNE ST, VANCOUVER",49.268214,-123.100178
VANCOUVER,E 3RD AVE,MAIN ST,cef01b74-4e97-50c2-b6d3-c15b6c15361c,"E 3RD AVE & MAIN ST, VANCOUVER",49.268228,-123.100739
VANCOUVER,E 3RD AVE,MCLEAN DR,5c47df8d-a65f-592d-afcd-04acd4ebbde7,"E 3RD AVE & MCLEAN DR, VANCOUVER",49.267841,-123.07546
VANCOUVER,E 3RD AVE,NANAIMO ST,9f232f37-6aa1-5f48-a4c4-43045e8d38eb,"E 3RD AVE & NANAIMO ST, VANCOUVER",49.26764,-123.056663
VANCOUVER,E 3RD AVE,NOOTKA ST,4aa37d97-2e43-51a6-ba69-c1d7e5f48066,"E 3RD AVE & NOOTKA ST, VANCOUVER",49.267581,-123.0415
VANCOUVER,E 3RD AVE,ONTARIO ST,3517e391-e54a-5aca-a70b-1caa561d30f3,"E 3RD AVE & ONTARIO ST, VANCOUVER",49.268301,-123.104686
VANCOUVER,E 3RD AVE,QUEBEC ST,2eef0ca9-ee6a-5c48-8501-ef60e3ba840a,"E 3RD AVE & QUEBEC ST, VANCOUVER",49.268241,-123.102752
VANCOUVER,E 3RD AVE,RENFREW ST,702ee2c4-f645-5a70-90db-63ae34497c9d,"E 3RD AVE & RENFREW ST, VANCOUVER",49.267595,-123.044263
VANCOUVER,E 3RD AVE,RUPERT ST,da66338d-cd08-55cd-946c-d2d7b861b67d,"E 3RD AVE & RUPERT ST, VANCOUVER",49.267558,-123.033705
VANCOUVER,E 3RD AVE,SEMLIN DR,836c56bd-71f4-5b8e-990c-dc295fcf08fe,"E 3RD AVE & SEMLIN DR, VANCOUVER",49.267743,-123.063857
VANCOUVER,E 3RD AVE,SLOCAN ST,845546f3-5a71-533a-bbc7-8776ef2b1102,"E 3RD AVE & SLOCAN ST, VANCOUVER",49.267589,-123.04948
VANCOUVER,E 3RD AVE,TEMPLETON DR,68c8700e-90c9-5e36-bf7c-e181d5ebe360,"E 3RD AVE & TEMPLETON DR, VANCOUVER",49.267714,-123.059994
VANCOUVER,E 3RD AVE,VICTORIA DR,7e60938c-fed2-55bb-8f67-91159cd5096e,"E 3RD AVE & VICTORIA DR, VANCOUVER",49.267759,-123.065803
VANCOUVER,E 3RD AVE,WINDERMERE ST,b308ba52-7ff1-5a5e-897b-408380e7d4c4,"E 3RD AVE & WINDERMERE ST, VANCOUVER",49.267567,-123.036461
VANCOUVER,E 3RD AVE,WOODLAND DR,c0767124-0a48-512d-a07a-188100123477,"E 3RD AVE & WOODLAND DR, VANCOUVER",49.267825,-123.073541
VANCOUVER,E 40TH AVE,EARLES ST,baab7ffd-754b-506e-933f-6a2b36689d8b,"E 40TH AVE & EARLES ST, VANCOUVER",49.234047,-123.048781
VANCOUVER,E 40TH AVE,GLADSTONE ST,2b0d4096-69f9-55fc-997b-3d599713c8d0,"E 40TH AVE & GLADSTONE ST, VANCOUVER",49.233909,-123.062117
VANCOUVER,E 40TH AVE,KILLARNEY ST,cb160423-5176-5f78-bfd9-f23d4c46b964,"E 40TH AVE & KILLARNEY ST, VANCOUVER",49.23405,-123.045905
VANCOUVER,E 40TH AVE,MAIN ST,3e868b32-7015-5b4a-a46e-0d5a6aaba19d,"E 40TH AVE & MAIN ST, VANCOUVER",49.234532,-123.101582
VANCOUVER,E 40TH AVE,NANAIMO ST,672934fd-8bf8-529b-9726-9a47959d0ae5,"E 40TH AVE & NANAIMO ST, VANCOUVER",49.233878,-123.058808
VANCOUVER,E 40TH AVE,PRINCE EDWARD ST,2f6fbc90-4109-5f3d-ad18-b7502ff6de9e,"E 40TH AVE & PRINCE EDWARD ST, VANCOUVER",49.234447,-123.097155
VANCOUVER,E 40TH AVE,QUEBEC ST,12373525-8544-505e-b4bb-a1047a024f58,"E 40TH AVE & QUEBEC ST, VANCOUVER",49.234558,-123.103667
VANCOUVER,E 40TH AVE,RHODES ST,02dbb8b3-0b6a-544c-93a1-eb832dce81ab,"E 40TH AVE & RHODES ST, VANCOUVER",49.233869,-123.050177
VANCOUVER,E 40TH AVE,SOPHIA ST,7686e227-0f79-55b3-868a-044261acf1cd,"E 40TH AVE & SOPHIA ST, VANCOUVER",49.234489,-123.099473
VANCOUVER,E 40TH AVE,VICTORIA DR,845a5be3-f080-50cc-8922-bad99648c286,"E 40TH AVE & VICTORIA DR, VANCOUVER",49.23392,-123.065468
VANCOUVER,E 40TH AVE,WALES ST,a761f2cc-016e-5f1c-887b-9ce886c1da5a,"E 40TH AVE & WALES ST, VANCOUVER",49.233848,-123.051673
VANCOUVER,E 40TH AVE,WINDSOR ST,6c1d0771-e74f-5774-a4d9-4f779eca9f23,"E 40TH AVE & WINDSOR ST, VANCOUVER",49.233766,-123.084768
VANCOUVER,E 41ST AVE,EARLES ST,12db04c7-6fad-56c2-ac84-c368b43d6236,"E 41ST AVE & EARLES ST, VANCOUVER",49.232759,-123.048784
VANCOUVER,E 41ST AVE,FLEMING ST,f1f560a1-5e74-52a6-ae13-2ae3b8acd2f3,"E 41ST AVE & FLEMING ST, VANCOUVER",49.232658,-123.072905
VANCOUVER,E 41ST AVE,FRASER ST,88ee2895-9735-5dd8-a12c-69db92c93668,"E 41ST AVE & FRASER ST, VANCOUVER",49.232869,-123.09055
VANCOUVER,E 41ST AVE,GLADSTONE ST,06b857cb-4077-5556-913e-c281b79c7c43,"E 41ST AVE & GLADSTONE ST, VANCOUVER",49.232868,-123.062109
VANCOUVER,E 41ST AVE,INVERNESS ST,34307d3d-7a77-5a13-9490-7831bc962571,"E 41ST AVE & INVERNESS ST, VANCOUVER",49.232729,-123.079807
VANCOUVER,E 41ST AVE,JOYCE ST,9219d744-bf62-56d3-be42-64f599960b39,"E 41ST AVE & JOYCE ST, VANCOUVER",49.233572,-123.036477
VANCOUVER,E 41ST AVE,KERR ST,9aa8b0ed-b666-58f3-bd0a-54a7440af3c0,"E 41ST AVE & KERR ST, VANCOUVER",49.232932,-123.040245
VANCOUVER,E 41ST AVE,KILLARNEY ST,efaf32bf-3e6c-506d-a79e-7fa6138a7e45,"E 41ST AVE & KILLARNEY ST, VANCOUVER",49.232959,-123.045933
VANCOUVER,E 41ST AVE,KNIGHT ST,fa21f506-0c7b-53c2-b008-0cab73c1bf5c,"E 41ST AVE & KNIGHT ST, VANCOUVER",49.232692,-123.077064
VANCOUVER,E 41ST AVE,LANARK ST,d57def6f-c6f4-5a09-b26f-39cbeb285bf8,"E 41ST AVE & LANARK ST, VANCOUVER",49.232731,-123.075681
VANCOUVER,E 41ST AVE,LANCASTER ST,4b6cb6ae-f91d-518f-a1e1-3a744d12c69e,"E 41ST AVE & LANCASTER ST, VANCOUVER",49.232937,-123.041711
VANCOUVER,E 41ST AVE,MAIN ST,87d8ed38-f79c-53a7-8ecb-f7d7b86ffd0c,"E 41ST AVE & MAIN ST, VANCOUVER",49.23306,-123.101517
VANCOUVER,E 41ST AVE,MCKINNON ST,b6c3956d-60ce-5a7c-bbbe-76e67ee55305,"E 41ST AVE & MCKINNON ST, VANCOUVER",49.232933,-123.038779
VANCOUVER,E 41ST AVE,NANAIMO ST,be0ddce6-63d2-5df0-8a48-6fe9cb5e5bc4,"E 41ST AVE & NANAIMO ST, VANCOUVER",49.232833,-123.058867
VANCOUVER,E 41ST AVE,ONTARIO ST,d9a536d5-699d-5d8d-9ad1-5d5757b6c0ff,"E 41ST AVE & ONTARIO ST, VANCOUVER",49.233154,-123.105611
VANCOUVER,E 41ST AVE,PRINCE ALBERT ST,50a6c91b-feeb-5a79-8eea-b844706bc259,"E 41ST AVE & PRINCE ALBERT ST, VANCOUVER",49.232797,-123.087797
VANCOUVER,E 41ST AVE,PRINCE EDWARD ST,adc84772-78f1-5219-bac6-b1575da77e8f,"E 41ST AVE & PRINCE EDWARD ST, VANCOUVER",49.232989,-123.097205
VANCOUVER,E 41ST AVE,QUEBEC ST,9817997e-4ba6-570f-86a5-f079829b2d6c,"E 41ST AVE & QUEBEC ST, VANCOUVER",49.233115,-123.103713
VANCOUVER,E 41ST AVE,RHODES ST,fa9f6900-c677-5e81-bd29-c7f6b91266ec,"E 41ST AVE & RHODES ST, VANCOUVER",49.23276,-123.050174
VANCOUVER,E 41ST AVE,ROSS ST,8130dfe3-7e82-5091-8563-56c7aa1c24b4,"E 41ST AVE & ROSS ST, VANCOUVER",49.232763,-123.082575
VANCOUVER,E 41ST AVE,RUPERT ST,70c40712-e595-5fde-9a5d-42ce4eaf61d5,"E 41ST AVE & RUPERT ST, VANCOUVER",49.232945,-123.043089
VANCOUVER,E 41ST AVE,SCHOOL AVE,d7ca0682-27b7-5948-9dc2-1daab5a54945,"E 41ST AVE & SCHOOL AVE, VANCOUVER",49.233113,-123.037409
VANCOUVER,E 41ST AVE,SHERBROOKE ST,4cb95855-f934-5946-b9ee-ceba3e76abda,"E 41ST AVE & SHERBROOKE ST, VANCOUVER",49.232743,-123.081203
VANCOUVER,E 41ST AVE,SOPHIA ST,06ab36d1-ee49-5b02-926d-c04ec2f2b308,"E 41ST AVE & SOPHIA ST, VANCOUVER",49.233007,-123.098603
VANCOUVER,E 41ST AVE,ST CATHERINES ST,7dd2a426-30b8-548a-a4d0-b0b0bc2d871a,"E 41ST AVE & ST CATHERINES ST, VANCOUVER",49.232864,-123.086917
VANCOUVER,E 41ST AVE,ST GEORGE ST,abf970f5-7b85-50d9-93a1-137f7d25d9fa,"E 41ST AVE & ST GEORGE ST, VANCOUVER",49.23296,-123.094557
VANCOUVER,E 41ST AVE,ST MARGARETS ST,b6737581-839c-543d-a8a3-4b05b62588ab,"E 41ST AVE & ST MARGARETS ST, VANCOUVER",49.23282,-123.056593
VANCOUVER,E 41ST AVE,STIRLING ST,c869d4b7-9f0c-525b-9ce0-5e5c49f2460d,"E 41ST AVE & STIRLING ST, VANCOUVER",49.232855,-123.060452
VANCOUVER,E 41ST AVE,VICTORIA DR,314d5917-98b5-5caf-a5ff-d5bd3d05ddef,"E 41ST AVE & VICTORIA DR, VANCOUVER",49.232747,-123.065518
VANCOUVER,E 41ST AVE,WALES ST,2b3a2178-a376-5454-a875-b4cb141b6bed,"E 41ST AVE & WALES ST, VANCOUVER",49.232773,-123.051656
VANCOUVER,E 41ST AVE,WINDSOR ST,b2202dad-09ef-5f08-bbd4-fddf8a089e53,"E 41ST AVE & WINDSOR ST, VANCOUVER",49.232805,-123.08484
VANCOUVER,E 42ND AVE,EARLES ST,5e59288b-445e-5f22-a9f6-e3628151df90,"E 42ND AVE & EARLES ST, VANCOUVER",49.232028,-123.048797
VANCOUVER,E 42ND AVE,GLADSTONE ST,7709098e-bb53-5e88-8775-05e912d62c0a,"E 42ND AVE & GLADSTONE ST, VANCOUVER",49.232051,-123.062081
VANCOUVER,E 42ND AVE,KILLARNEY ST,0d5fe6cc-a8be-5b71-b173-9a5afafa3697,"E 42ND AVE & KILLARNEY ST, VANCOUVER",49.231996,-123.04594
VANCOUVER,E 42ND AVE,MAIN ST,8bfc4c28-5192-517a-8054-544bdfd5ef2d,"E 42ND AVE & MAIN ST, VANCOUVER",49.231708,-123.101446
VANCOUVER,E 42ND AVE,ONTARIO ST,647f03e5-9296-5b27-aa2b-4e8c6c1a4878,"E 42ND AVE & ONTARIO ST, VANCOUVER",49.231706,-123.105653
VANCOUVER,E 42ND AVE,QUEBEC ST,2d32bf32-775e-5893-8afc-b22b94c9c929,"E 42ND AVE & QUEBEC ST, VANCOUVER",49.231707,-123.10366
VANCOUVER,E 42ND AVE,RUPERT ST,00dc800b-e2f2-5ee9-b04a-94db502e0ecf,"E 42ND AVE & RUPERT ST, VANCOUVER",49.231965,-123.043102
VANCOUVER,E 42ND AVE,STIRLING ST,37d0fcd2-9421-5141-bfce-f93d18851ae2,"E 42ND AVE & STIRLING ST, VANCOUVER",49.232037,-123.060465
VANCOUVER,E 42ND AVE,VICTORIA DR,a2bd59a7-eff5-5c95-b36a-61f181d9435e,"E 42ND AVE & VICTORIA DR, VANCOUVER",49.232071,-123.065516
VANCOUVER,E 43RD AVE,EARLES ST,a758034b-1bee-5b08-a25a-256642067a41,"E 43RD AVE & EARLES ST, VANCOUVER",49.231163,-123.048807
VANCOUVER,E 43RD AVE,FLEMING ST,db1912be-ed17-5cd5-9358-79a346ac68d4,"E 43RD AVE & FLEMING ST, VANCOUVER",49.230585,-123.072965
VANCOUVER,E 43RD AVE,FRASER ST,61f175d3-2639-5e28-87ea-79a9e0852f67,"E 43RD AVE & FRASER ST, VANCOUVER",49.230994,-123.090601
VANCOUVER,E 43RD AVE,GLADSTONE ST,f9d26f04-ee7e-5ca3-8385-8c9d254e3582,"E 43RD AVE & GLADSTONE ST, VANCOUVER",49.231197,-123.062032
VANCOUVER,E 43RD AVE,INVERNESS ST,736cfdb0-383f-53b5-b27d-77f73ea141ec,"E 43RD AVE & INVERNESS ST, VANCOUVER",49.230836,-123.079875
VANCOUVER,E 43RD AVE,JOYCE ST,d862b427-b827-597f-975e-5c4f491687f3,"E 43RD AVE & JOYCE ST, VANCOUVER",49.231141,-123.037434
VANCOUVER,E 43RD AVE,KERR ST,067a0bc2-d50b-57ab-9321-c4c47de974cd,"E 43RD AVE & KERR ST, VANCOUVER",49.231119,-123.040232
VANCOUVER,E 43RD AVE,KILLARNEY ST,a53fde11-039b-52dd-aae1-da0d2ccb9ddc,"E 43RD AVE & KILLARNEY ST, VANCOUVER",49.23111,-123.045948
VANCOUVER,E 43RD AVE,KNIGHT ST,e84eb4ea-90dc-59fc-ad1b-1bd6d6771d03,"E 43RD AVE & KNIGHT ST, VANCOUVER",49.230654,-123.077136
VANCOUVER,E 43RD AVE,LANARK ST,fb2bb2d2-0a7d-52a4-a6c5-15d5e80ee2dc,"E 43RD AVE & LANARK ST, VANCOUVER",49.230621,-123.075742
VANCOUVER,E 43RD AVE,LANCASTER ST,7fdb348e-0ebd-5d3c-bff6-241e411730f2,"E 43RD AVE & LANCASTER ST, VANCOUVER",49.231085,-123.041737
VANCOUVER,E 43RD AVE,LATTA ST,9d6207e8-2fdd-5903-a620-732152fc39c3,"E 43RD AVE & LATTA ST, VANCOUVER",49.230973,-123.034555
VANCOUVER,E 43RD AVE,MAIN ST,537e7d6d-d219-546b-9a02-c01fb20983ca,"E 43RD AVE & MAIN ST, VANCOUVER",49.231175,-123.101435
VANCOUVER,E 43RD AVE,MCKINNON ST,98a8ffc4-be6f-548e-b036-8567e387099b,"E 43RD AVE & MCKINNON ST, VANCOUVER",49.231148,-123.038783
VANCOUVER,E 43RD AVE,ONTARIO ST,4b48de36-e477-51f4-b583-310d6b48d22e,"E 43RD AVE & ONTARIO ST, VANCOUVER",49.23098,-123.105675
VANCOUVER,E 43RD AVE,PRINCE ALBERT ST,4f776b87-47bd-5e6b-a271-3a5fddb30829,"E 43RD AVE & PRINCE ALBERT ST, VANCOUVER",49.230962,-123.087853
VANCOUVER,E 43RD AVE,PRINCE EDWARD ST,3bac42f2-70e1-50b4-8a5e-c40270eb1b30,"E 43RD AVE & PRINCE EDWARD ST, VANCOUVER",49.231098,-123.097314
VANCOUVER,E 43RD AVE,QUEBEC ST,a81ff983-903b-5c6c-a482-8b08dbdcf987,"E 43RD AVE & QUEBEC ST, VANCOUVER",49.230943,-123.103621
VANCOUVER,E 43RD AVE,ROSS ST,26b8c9ff-8b37-51ef-bed7-00a8b6ab4459,"E 43RD AVE & ROSS ST, VANCOUVER",49.230892,-123.082638
VANCOUVER,E 43RD AVE,RUPERT ST,168c8b7b-6649-5386-b91e-d96077bf8387,"E 43RD AVE & RUPERT ST, VANCOUVER",49.2311,-123.043145
VANCOUVER,E 43RD AVE,SHERBROOKE ST,9d04ff9a-9923-5f85-bac0-33673b921552,"E 43RD AVE & SHERBROOKE ST, VANCOUVER",49.230864,-123.081246
VANCOUVER,E 43RD AVE,SOPHIA ST,3491d117-4105-53ba-871a-f3c086670753,"E 43RD AVE & SOPHIA ST, VANCOUVER",49.231137,-123.09946
VANCOUVER,E 43RD AVE,ST GEORGE ST,573bf1ce-cc37-58de-bc2f-59cdc154bcd0,"E 43RD AVE & ST GEORGE ST, VANCOUVER",49.231054,-123.094626
VANCOUVER,E 43RD AVE,STIRLING ST,83ee9aa2-9ac6-5390-bd04-1fdf37f29b36,"E 43RD AVE & STIRLING ST, VANCOUVER",49.231169,-123.059847
VANCOUVER,E 43RD AVE,VICTORIA DR,08af8089-7fc1-53ff-805a-3a4549adefec,"E 43RD AVE & VICTORIA DR, VANCOUVER",49.231247,-123.06554
VANCOUVER,E 43RD AVE,WALES ST,768bafc3-f0fd-5167-9a7f-138c9f366067,"E 43RD AVE & WALES ST, VANCOUVER",49.23114,-123.051626
VANCOUVER,E 44TH AVE,EARLES ST,f90790e2-4d7a-5dde-ad56-5f974c576b7a,"E 44TH AVE & EARLES ST, VANCOUVER",49.2303,-123.048821
VANCOUVER,E 44TH AVE,FRASER ST,a68d9d86-5379-5ee8-9b64-451af1fbf24d,"E 44TH AVE & FRASER ST, VANCOUVER",49.230094,-123.090586
VANCOUVER,E 44TH AVE,GLADSTONE ST,d9c22d9a-d142-52c6-909d-171f16b26bdb,"E 44TH AVE & GLADSTONE ST, VANCOUVER",49.23032,-123.062049
VANCOUVER,E 44TH AVE,JOYCE ST,0e8cc7e4-f509-5709-8091-b2924753e6a4,"E 44TH AVE & JOYCE ST, VANCOUVER",49.230256,-123.037411
VANCOUVER,E 44TH AVE,KILLARNEY ST,9763564e-d418-551f-aeb6-b757f78b5fd2,"E 44TH AVE & KILLARNEY ST, VANCOUVER",49.230214,-123.045953
VANCOUVER,E 44TH AVE,LATTA ST,adeabb17-9be3-5f6f-a829-98a0e362189c,"E 44TH AVE & LATTA ST, VANCOUVER",49.230161,-123.034556
VANCOUVER,E 44TH AVE,MAIN ST,1345588b-185a-5591-b2d4-542c5cf314ef,"E 44TH AVE & MAIN ST, VANCOUVER",49.230296,-123.101476
VANCOUVER,E 44TH AVE,PRINCE EDWARD ST,6acabb96-c39e-5ec0-a9e4-6a8adbb3b00d,"E 44TH AVE & PRINCE EDWARD ST, VANCOUVER",49.230197,-123.097339
VANCOUVER,E 44TH AVE,RUPERT ST,263963d6-6df7-5703-9f05-abbe9b4df00f,"E 44TH AVE & RUPERT ST, VANCOUVER",49.230182,-123.043151
VANCOUVER,E 44TH AVE,SOPHIA ST,b740cf9f-d921-5ffe-afc8-93258b267e16,"E 44TH AVE & SOPHIA ST, VANCOUVER",49.230234,-123.099471
VANCOUVER,E 44TH AVE,ST GEORGE ST,c9789ec7-e64c-553c-b0df-e9f1a102beb3,"E 44TH AVE & ST GEORGE ST, VANCOUVER",49.230141,-123.093972
VANCOUVER,E 44TH AVE,STIRLING ST,59e7ff73-a762-5c7f-ac9e-8b8c630a45fc,"E 44TH AVE & STIRLING ST, VANCOUVER",49.230288,-123.05988
VANCOUVER,E 44TH AVE,TYNE ST,6d1c7659-d16e-5798-ad45-20205f760f6d,"E 44TH AVE & TYNE ST, VANCOUVER",49.230036,-123.032237
VANCOUVER,E 44TH AVE,VICTORIA DR,842eabe3-4c0e-52da-a50e-d027ceeef999,"E 44TH AVE & VICTORIA DR, VANCOUVER",49.23044,-123.065567
VANCOUVER,E 44TH AVE,WALES ST,04f9e593-8091-554f-9ede-5d3ae429680a,"E 44TH AVE & WALES ST, VANCOUVER",49.230292,-123.051611
VANCOUVER,E 45TH AVE,EARLES ST,f845e544-594a-5372-9684-d2b15d9e9063,"E 45TH AVE & EARLES ST, VANCOUVER",49.229315,-123.048832
VANCOUVER,E 45TH AVE,ELGIN ST,970d031f-16a2-50eb-b6b6-182e5fa9a4d3,"E 45TH AVE & ELGIN ST, VANCOUVER",49.229081,-123.083804
VANCOUVER,E 45TH AVE,ELLIOTT ST,87ecd221-b6a3-525c-9d10-f0ec2aa2d98a,"E 45TH AVE & ELLIOTT ST, VANCOUVER",49.229376,-123.05492
VANCOUVER,E 45TH AVE,FLEMING ST,d00e0bf1-bdbf-546a-add9-406ca3ab2ea4,"E 45TH AVE & FLEMING ST, VANCOUVER",49.228962,-123.073023
VANCOUVER,E 45TH AVE,FRASER ST,dc8a1348-f435-50f6-8ff6-ea8a1c0716a3,"E 45TH AVE & FRASER ST, VANCOUVER",49.229163,-123.090633
VANCOUVER,E 45TH AVE,GLADSTONE ST,20505b13-f69d-573e-b3c0-e1eb817f9294,"E 45TH AVE & GLADSTONE ST, VANCOUVER",49.229433,-123.062064
VANCOUVER,E 45TH AVE,INVERNESS ST,79a76545-daba-56b3-b43d-699005ff3685,"E 45TH AVE & INVERNESS ST, VANCOUVER",49.229038,-123.07994
VANCOUVER,E 45TH AVE,JOYCE ST,8f226f39-d1be-5bc1-8f3a-facc86864c48,"E 45TH AVE & JOYCE ST, VANCOUVER",49.229265,-123.037396
VANCOUVER,E 45TH AVE,KERR ST,c63e55f2-b6bc-59d0-ac16-773ac9d5bce3,"E 45TH AVE & KERR ST, VANCOUVER",49.229283,-123.040287
VANCOUVER,E 45TH AVE,KILLARNEY ST,2cf0abf4-a618-544d-8671-008cb5ee2684,"E 45TH AVE & KILLARNEY ST, VANCOUVER",49.229289,-123.045961
VANCOUVER,E 45TH AVE,KNIGHT ST,8e9f61ff-83cb-5b5e-a8f0-ac4858340b82,"E 45TH AVE & KNIGHT ST, VANCOUVER",49.229006,-123.077137
VANCOUVER,E 45TH AVE,LANARK ST,facded71-cc1d-544f-aada-2a461b2d4e86,"E 45TH AVE & LANARK ST, VANCOUVER",49.229001,-123.075796
VANCOUVER,E 45TH AVE,LANCASTER ST,91bff56e-7489-5ba0-bc6d-4d530f4b7951,"E 45TH AVE & LANCASTER ST, VANCOUVER",49.229279,-123.041736
VANCOUVER,E 45TH AVE,LATTA ST,c838fc17-319c-5e7e-83fa-1d8c277d30a1,"E 45TH AVE & LATTA ST, VANCOUVER",49.229259,-123.034398
VANCOUVER,E 45TH AVE,LINCOLN ST,e9777751-9714-53b9-868a-3f9629a33cc7,"E 45TH AVE & LINCOLN ST, VANCOUVER",49.229225,-123.026427
VANCOUVER,E 45TH AVE,MAIN ST,2c59cbd1-5c34-5a01-8dc1-b52fa159300b,"E 45TH AVE & MAIN ST, VANCOUVER",49.22938,-123.101512
VANCOUVER,E 45TH AVE,MCKINNON ST,bc0cc681-354c-5151-944c-5e322210588f,"E 45TH AVE & MCKINNON ST, VANCOUVER",49.229271,-123.038715
VANCOUVER,E 45TH AVE,NANAIMO ST,526d4b30-9fc1-54de-8a18-0237e8acc47f,"E 45TH AVE & NANAIMO ST, VANCOUVER",49.229406,-123.059077
VANCOUVER,E 45TH AVE,ONTARIO ST,ebef7080-c190-5290-be87-fb7624b456ab,"E 45TH AVE & ONTARIO ST, VANCOUVER",49.229444,-123.105741
VANCOUVER,E 45TH AVE,ORMIDALE ST,c91fcf6c-7a70-5098-b151-52e19a52ebd3,"E 45TH AVE & ORMIDALE ST, VANCOUVER",49.229235,-123.025035
VANCOUVER,E 45TH AVE,PRINCE ALBERT ST,f9710588-a50f-5c59-b39c-1ed1967af499,"E 45TH AVE & PRINCE ALBERT ST, VANCOUVER",49.229126,-123.087907
VANCOUVER,E 45TH AVE,PRINCE EDWARD ST,b4a4eaec-af28-555b-882e-468afc1ed9f5,"E 45TH AVE & PRINCE EDWARD ST, VANCOUVER",49.229305,-123.097375
VANCOUVER,E 45TH AVE,QUEBEC ST,ee9cdad5-25c9-5c36-8575-9c4ddf1f79d5,"E 45TH AVE & QUEBEC ST, VANCOUVER",49.229417,-123.103675
VANCOUVER,E 45TH AVE,ROSS ST,d4198517-7d77-593d-b04f-bdff6ce9c61d,"E 45TH AVE & ROSS ST, VANCOUVER",49.229065,-123.082659
VANCOUVER,E 45TH AVE,RUPERT ST,0775df92-7199-56ff-906f-d85bd10de68b,"E 45TH AVE & RUPERT ST, VANCOUVER",49.229303,-123.043104
VANCOUVER,E 45TH AVE,SOPHIA ST,25cc9e27-053b-51bb-b34b-a9dacb2b37fe,"E 45TH AVE & SOPHIA ST, VANCOUVER",49.229336,-123.099486
VANCOUVER,E 45TH AVE,ST CATHERINES ST,85a57036-0848-5d89-ab53-43ae0b3d79f2,"E 45TH AVE & ST CATHERINES ST, VANCOUVER",49.229111,-123.086536
VANCOUVER,E 45TH AVE,ST GEORGE ST,47e70951-e217-54e9-96b5-083e90ade4c1,"E 45TH AVE & ST GEORGE ST, VANCOUVER",49.22923,-123.093988
VANCOUVER,E 45TH AVE,ST MARGARETS ST,bba88a9f-ee0e-54a6-b2aa-b0d5d32bae10,"E 45TH AVE & ST MARGARETS ST, VANCOUVER",49.229384,-123.056528
VANCOUVER,E 45TH AVE,STIRLING ST,3418f798-b28a-54e7-bbd5-f8a3cc26bce6,"E 45TH AVE & STIRLING ST, VANCOUVER",49.229414,-123.059917
VANCOUVER,E 45TH AVE,TODERICK ST,3c2b0a6b-1c7e-543e-9291-bfa2bd9484d9,"E 45TH AVE & TODERICK ST, VANCOUVER",49.229244,-123.02915
VANCOUVER,E 45TH AVE,TYNE ST,d6eb5f45-7a4a-53fc-ae0c-a2f39f99c8cb,"E 45TH AVE & TYNE ST, VANCOUVER",49.229235,-123.032147
VANCOUVER,E 45TH AVE,VICTORIA DR,497414c6-d7e3-5f43-bcea-b397473efd31,"E 45TH AVE & VICTORIA DR, VANCOUVER",49.229464,-123.065585
VANCOUVER,E 45TH AVE,VIVIAN ST,565fc16b-d679-5f66-8006-6c06efae65bd,"E 45TH AVE & VIVIAN ST, VANCOUVER",49.229327,-123.050091
VANCOUVER,E 45TH AVE,WALES ST,39cbbc2c-43ae-5354-a79e-88a337f9b26b,"E 45TH AVE & WALES ST, VANCOUVER",49.22934,-123.051593
VANCOUVER,E 45TH AVE,WINDSOR ST,f8f04501-cc26-5d17-86ee-a61be2682b2b,"E 45TH AVE & WINDSOR ST, VANCOUVER",49.229096,-123.085146
VANCOUVER,E 46TH AVE,ELLIOTT ST,000513ff-093c-5275-a693-6a720c98cb35,"E 46TH AVE & ELLIOTT ST, VANCOUVER",49.228457,-123.054655
VANCOUVER,E 46TH AVE,FRASER ST,63e83206-fb76-59e9-bbe4-021833c4fbea,"E 46TH AVE & FRASER ST, VANCOUVER",49.228273,-123.090675
VANCOUVER,E 46TH AVE,KERR ST,70090a95-09c1-5905-9e30-d07cf4db41ac,"E 46TH AVE & KERR ST, VANCOUVER",49.228448,-123.040862
VANCOUVER,E 46TH AVE,KILLARNEY ST,c25cb233-a512-57b6-a419-bb61c23185f8,"E 46TH AVE & KILLARNEY ST, VANCOUVER",49.228415,-123.045491
VANCOUVER,E 46TH AVE,KINGS LYNN ST,571ca866-3e5a-5cc1-a267-7a97e0613336,"E 46TH AVE & KINGS LYNN ST, VANCOUVER",49.2281,-123.02598
VANCOUVER,E 46TH AVE,KIRKLAND ST,f2e363a7-c44a-52d1-8687-bb053f38a4aa,"E 46TH AVE & KIRKLAND ST, VANCOUVER",49.22809,-123.024734
VANCOUVER,E 46TH AVE,MAIN ST,7ea65bb3-3d0b-5d31-ae9b-5e083ec3214d,"E 46TH AVE & MAIN ST, VANCOUVER",49.228481,-123.101523
VANCOUVER,E 46TH AVE,NANAIMO ST,d37074c4-692f-526e-b214-d4f900188702,"E 46TH AVE & NANAIMO ST, VANCOUVER",49.22849,-123.059063
VANCOUVER,E 46TH AVE,ONTARIO ST,c8f61404-0a55-51fe-adb8-7545c8ef7230,"E 46TH AVE & ONTARIO ST, VANCOUVER",49.228558,-123.105849
VANCOUVER,E 46TH AVE,PRINCE EDWARD ST,59c24aca-ca53-5891-b1c1-ddd2eab9752e,"E 46TH AVE & PRINCE EDWARD ST, VANCOUVER",49.228405,-123.09741
VANCOUVER,E 46TH AVE,QUEBEC ST,5c181a11-a075-5904-9b7f-f988b7016fc8,"E 46TH AVE & QUEBEC ST, VANCOUVER",49.228541,-123.103706
VANCOUVER,E 46TH AVE,RALEIGH ST,95d20227-5807-5b0a-91b7-3abbd00d3683,"E 46TH AVE & RALEIGH ST, VANCOUVER",49.228428,-123.047594
VANCOUVER,E 46TH AVE,SOPHIA ST,c6243ba9-9780-5cff-9151-29e04070a966,"E 46TH AVE & SOPHIA ST, VANCOUVER",49.22843,-123.099469
VANCOUVER,E 46TH AVE,TYNE ST,f1c7a435-47d0-55ac-90aa-ef678b06792e,"E 46TH AVE & TYNE ST, VANCOUVER",49.228412,-123.032099
VANCOUVER,E 46TH AVE,VICTORIA DR,6bde3744-b3f6-55e0-b9af-5790ce76131e,"E 46TH AVE & VICTORIA DR, VANCOUVER",49.228564,-123.065613
VANCOUVER,E 46TH AVE,VIVIAN ST,72724e5a-e21f-59ac-aa06-8177b1050b1b,"E 46TH AVE & VIVIAN ST, VANCOUVER",49.228443,-123.050137
VANCOUVER,E 46TH AVE,WALES ST,2a68c7d8-e74c-5dcc-9330-7b3a5fa73fae,"E 46TH AVE & WALES ST, VANCOUVER",49.228452,-123.05168
VANCOUVER,E 47TH AVE,ELGIN ST,625d02c8-ef2d-5121-945e-f424dbd244d9,"E 47TH AVE & ELGIN ST, VANCOUVER",49.227853,-123.083826
VANCOUVER,E 47TH AVE,ELLIOTT ST,6e2f809e-c8f0-5e7c-b79f-81eb328eb03d,"E 47TH AVE & ELLIOTT ST, VANCOUVER",49.227565,-123.054643
VANCOUVER,E 47TH AVE,FLEMING ST,2a0707fe-85b8-58da-a085-a7577e08c0bb,"E 47TH AVE & FLEMING ST, VANCOUVER",49.227142,-123.07309
VANCOUVER,E 47TH AVE,FRASER ST,909afcdf-6d95-5f16-9564-5c69c5911efc,"E 47TH AVE & FRASER ST, VANCOUVER",49.227363,-123.0907
VANCOUVER,E 47TH AVE,INVERNESS ST,f745d87c-483b-5127-b60c-498f1de4948e,"E 47TH AVE & INVERNESS ST, VANCOUVER",49.227759,-123.079989
VANCOUVER,E 47TH AVE,KERR ST,444b3f53-d7ed-5a36-b88c-6759159c1714,"E 47TH AVE & KERR ST, VANCOUVER",49.227716,-123.040916
VANCOUVER,E 47TH AVE,KNIGHT ST,204bad1e-a5c8-53f8-8b9a-fb2ebf8dedf1,"E 47TH AVE & KNIGHT ST, VANCOUVER",49.227653,-123.077238
VANCOUVER,E 47TH AVE,LANARK ST,9a0474f5-6cee-5347-a1e0-09ef41be6209,"E 47TH AVE & LANARK ST, VANCOUVER",49.227172,-123.075859
VANCOUVER,E 47TH AVE,MAIN ST,1ce234cf-a194-56bb-83ba-c5f277a9df00,"E 47TH AVE & MAIN ST, VANCOUVER",49.227577,-123.101519
VANCOUVER,E 47TH AVE,NANAIMO ST,69212f02-8869-534e-9fd7-4d91e75d3c43,"E 47TH AVE & NANAIMO ST, VANCOUVER",49.227571,-123.05908
VANCOUVER,E 47TH AVE,PRINCE ALBERT ST,8b34b8c7-4b61-5d6e-b0ea-20f8a704ca1c,"E 47TH AVE & PRINCE ALBERT ST, VANCOUVER",49.227341,-123.08796
VANCOUVER,E 47TH AVE,PRINCE EDWARD ST,efe12d83-eaff-5694-89fa-e1e9eaa327f9,"E 47TH AVE & PRINCE EDWARD ST, VANCOUVER",49.227491,-123.097434
VANCOUVER,E 47TH AVE,QUEBEC ST,9239c4c6-2adb-5836-a7bc-91d7a48f5924,"E 47TH AVE & QUEBEC ST, VANCOUVER",49.227616,-123.103739
VANCOUVER,E 47TH AVE,SOPHIA ST,4ed25539-7913-5b91-964f-5d7d1f441126,"E 47TH AVE & SOPHIA ST, VANCOUVER",49.227514,-123.099474
VANCOUVER,E 47TH AVE,ST CATHERINES ST,6262853e-c481-55a1-9af6-7bebdc4126a9,"E 47TH AVE & ST CATHERINES ST, VANCOUVER",49.227323,-123.086579
VANCOUVER,E 47TH AVE,ST GEORGE ST,4cd24fc4-8708-5bc3-af15-b75f2711aaa9,"E 47TH AVE & ST GEORGE ST, VANCOUVER",49.227424,-123.09402
VANCOUVER,E 47TH AVE,TYNE ST,abddf965-a096-503a-ae50-9d045e9e9e04,"E 47TH AVE & TYNE ST, VANCOUVER",49.226404,-123.032195
VANCOUVER,E 47TH AVE,VICTORIA DR,8e663f5c-fac4-571e-92e5-23902f19fab1,"E 47TH AVE & VICTORIA DR, VANCOUVER",49.227639,-123.065659
VANCOUVER,E 47TH AVE,VIVIAN ST,cad67ff0-debe-5d84-95dc-46e53e370bfd,"E 47TH AVE & VIVIAN ST, VANCOUVER",49.227533,-123.050187
VANCOUVER,E 47TH AVE,WINDSOR ST,da94314b-66bb-565c-b7b0-95e233fc1628,"E 47TH AVE & WINDSOR ST, VANCOUVER",49.227305,-123.085197
VANCOUVER,E 48TH AVE,ELLIOTT ST,5831117c-73cf-52e4-ad47-3110215fcc6e,"E 48TH AVE & ELLIOTT ST, VANCOUVER",49.225933,-123.054685
VANCOUVER,E 48TH AVE,FRASER ST,f7fd5c30-67f8-5dd4-a1b4-3ea3e646e42b,"E 48TH AVE & FRASER ST, VANCOUVER",49.226525,-123.090723
VANCOUVER,E 48TH AVE,FRONTENAC ST,9ee45bb6-ad09-585a-b3f5-2e98ddf83136,"E 48TH AVE & FRONTENAC ST, VANCOUVER",49.22522,-123.026013
VANCOUVER,E 48TH AVE,GLADSTONE ST,17c541f2-1e2e-5327-97e8-cfbae3261f88,"E 48TH AVE & GLADSTONE ST, VANCOUVER",49.226257,-123.062297
VANCOUVER,E 48TH AVE,INVERNESS ST,6e95c4d2-bd8e-5cae-80bb-0820296e761f,"E 48TH AVE & INVERNESS ST, VANCOUVER",49.226163,-123.080045
VANCOUVER,E 48TH AVE,KERR ST,1ae333e4-524b-5ee6-9e40-4e4d621a6228,"E 48TH AVE & KERR ST, VANCOUVER",49.225475,-123.04101
VANCOUVER,E 48TH AVE,KILLARNEY ST,929962a5-1ba5-5e12-87ee-d99fc7e74aa5,"E 48TH AVE & KILLARNEY ST, VANCOUVER",49.225886,-123.045635
VANCOUVER,E 48TH AVE,MAIN ST,1663f5a6-c1a6-56ec-b393-71a379f79d09,"E 48TH AVE & MAIN ST, VANCOUVER",49.226658,-123.101565
VANCOUVER,E 48TH AVE,MCKINNON ST,cf0aaf74-e587-51f7-a22f-2a621c537f8e,"E 48TH AVE & MCKINNON ST, VANCOUVER",49.225459,-123.038805
VANCOUVER,E 48TH AVE,NANAIMO ST,39064fdc-4e66-5e96-88c6-fb07538e5efb,"E 48TH AVE & NANAIMO ST, VANCOUVER",49.226239,-123.059134
VANCOUVER,E 48TH AVE,ONTARIO ST,c370a56d-0f6f-5c37-8ac0-e7a38a3eb2e4,"E 48TH AVE & ONTARIO ST, VANCOUVER",49.226745,-123.105866
VANCOUVER,E 48TH AVE,PRINCE EDWARD ST,57008a03-5680-52a5-8fa0-7d8cfd4f6e2c,"E 48TH AVE & PRINCE EDWARD ST, VANCOUVER",49.226629,-123.097481
VANCOUVER,E 48TH AVE,RALEIGH ST,7b1fd0aa-2480-5b52-976c-bd4cb9196bb5,"E 48TH AVE & RALEIGH ST, VANCOUVER",49.225898,-123.047724
VANCOUVER,E 48TH AVE,SOPHIA ST,dd052772-b583-520a-a396-f6ed95e59145,"E 48TH AVE & SOPHIA ST, VANCOUVER",49.226646,-123.099531
VANCOUVER,E 48TH AVE,ST GEORGE ST,56e2346a-6638-5ced-b4c2-f47d2c4a2bbd,"E 48TH AVE & ST GEORGE ST, VANCOUVER",49.226574,-123.094035
VANCOUVER,E 48TH AVE,TYNE ST,266edc57-1d56-5fcd-9427-7afa42b77c62,"E 48TH AVE & TYNE ST, VANCOUVER",49.225247,-123.032244
VANCOUVER,E 48TH AVE,VICTORIA DR,13bf4f7f-747a-5482-81da-de24905f8a09,"E 48TH AVE & VICTORIA DR, VANCOUVER",49.226292,-123.065706
VANCOUVER,E 48TH AVE,VIVIAN ST,07ad65ee-d49b-5918-a751-872bc5328316,"E 48TH AVE & VIVIAN ST, VANCOUVER",49.225914,-123.050276
VANCOUVER,E 48TH AVE,WALES ST,8f98ba85-743a-537c-820e-73e606ab4c35,"E 48TH AVE & WALES ST, VANCOUVER",49.225924,-123.051799
VANCOUVER,E 49TH AVE,ELGIN ST,d4b9c525-90a7-582b-8858-c583bbf9efca,"E 49TH AVE & ELGIN ST, VANCOUVER",49.225386,-123.083865
VANCOUVER,E 49TH AVE,ELLIOTT ST,af5dd694-57ca-5b34-93d8-9af2328440ee,"E 49TH AVE & ELLIOTT ST, VANCOUVER",49.224804,-123.054726
VANCOUVER,E 49TH AVE,FLEMING ST,0da8e8c2-a3f0-5610-af0a-3b02c5c13a74,"E 49TH AVE & FLEMING ST, VANCOUVER",49.225257,-123.073161
VANCOUVER,E 49TH AVE,FRASER ST,d1e4da6c-dc78-50a4-b06a-b2e092b5d881,"E 49TH AVE & FRASER ST, VANCOUVER",49.225442,-123.090711
VANCOUVER,E 49TH AVE,FREDERICK ST,197e3402-4456-517b-9913-a3ea3592fdf1,"E 49TH AVE & FREDERICK ST, VANCOUVER",49.225479,-123.091985
VANCOUVER,E 49TH AVE,FRONTENAC ST,87995785-8d8c-5295-ae1e-919ff5de5863,"E 49TH AVE & FRONTENAC ST, VANCOUVER",49.222245,-123.026152
VANCOUVER,E 49TH AVE,GLADSTONE ST,bb204c02-257b-599a-9fdd-bbe9994adcca,"E 49TH AVE & GLADSTONE ST, VANCOUVER",49.225113,-123.062365
VANCOUVER,E 49TH AVE,INVERNESS ST,d3c4403b-0603-5137-8ca3-f0aa7f13b797,"E 49TH AVE & INVERNESS ST, VANCOUVER",49.225331,-123.080049
VANCOUVER,E 49TH AVE,KERR ST,c42c782b-ce31-5206-a62f-5933d86777f4,"E 49TH AVE & KERR ST, VANCOUVER",49.224712,-123.041049
VANCOUVER,E 49TH AVE,KILLARNEY ST,063fb75b-078a-5d4f-8786-3c27f5035536,"E 49TH AVE & KILLARNEY ST, VANCOUVER",49.224744,-123.045697
VANCOUVER,E 49TH AVE,KNIGHT ST,f72ec18d-a20c-5979-be69-d790425f1205,"E 49TH AVE & KNIGHT ST, VANCOUVER",49.225279,-123.077324
VANCOUVER,E 49TH AVE,LANARK ST,3fe64006-bd80-5712-8a50-67939213020e,"E 49TH AVE & LANARK ST, VANCOUVER",49.225273,-123.075924
VANCOUVER,E 49TH AVE,LANCASTER ST,469a2b24-a18c-541c-9a21-69ded006a28c,"E 49TH AVE & LANCASTER ST, VANCOUVER",49.224724,-123.042607
VANCOUVER,E 49TH AVE,MAIN ST,e6eb3d47-1629-55de-9f57-777a0e530bee,"E 49TH AVE & MAIN ST, VANCOUVER",49.225649,-123.10164
VANCOUVER,E 49TH AVE,MCKINNON ST,1244322a-b188-53f2-a406-1c98e714925e,"E 49TH AVE & MCKINNON ST, VANCOUVER",49.224698,-123.038827
VANCOUVER,E 49TH AVE,NANAIMO ST,6a82e2ff-fa5a-54ed-aea9-5309cb0d1668,"E 49TH AVE & NANAIMO ST, VANCOUVER",49.22504,-123.059158
VANCOUVER,E 49TH AVE,ONTARIO ST,a2c29f48-1b09-5027-bcba-c74d04abcfc9,"E 49TH AVE & ONTARIO ST, VANCOUVER",49.225745,-123.105898
VANCOUVER,E 49TH AVE,PRINCE ALBERT ST,f0f60875-c2aa-519d-b99a-e8dfb2611761,"E 49TH AVE & PRINCE ALBERT ST, VANCOUVER",49.225419,-123.088019
VANCOUVER,E 49TH AVE,PRINCE EDWARD ST,d57b78f3-6fa3-5947-ba73-69c6c1579f70,"E 49TH AVE & PRINCE EDWARD ST, VANCOUVER",49.225587,-123.097514
VANCOUVER,E 49TH AVE,QUEBEC ST,d3d29f41-6dda-5d63-9a72-1d8e6ba8de52,"E 49TH AVE & QUEBEC ST, VANCOUVER",49.225689,-123.103805
VANCOUVER,E 49TH AVE,RALEIGH ST,5a664b22-6e88-595c-bb1b-1c69178c547b,"E 49TH AVE & RALEIGH ST, VANCOUVER",49.224754,-123.047213
VANCOUVER,E 49TH AVE,ROSS ST,fb3a81a4-9658-594c-ac3e-c20970b39801,"E 49TH AVE & ROSS ST, VANCOUVER",49.225375,-123.082822
VANCOUVER,E 49TH AVE,RUPERT ST,062588e8-d04b-5348-80c5-90d5f11321ba,"E 49TH AVE & RUPERT ST, VANCOUVER",49.224733,-123.044154
VANCOUVER,E 49TH AVE,SHERBROOKE ST,48d7f84f-76b7-5285-b796-9dddbf24d156,"E 49TH AVE & SHERBROOKE ST, VANCOUVER",49.225352,-123.081439
VANCOUVER,E 49TH AVE,SOPHIA ST,4834f250-afb2-532f-8c34-6f09c875ae06,"E 49TH AVE & SOPHIA ST, VANCOUVER",49.225624,-123.099546
VANCOUVER,E 49TH AVE,ST CATHERINES ST,cd3f1d20-8094-53e4-813c-dec48d716381,"E 49TH AVE & ST CATHERINES ST, VANCOUVER",49.225407,-123.086624
VANCOUVER,E 49TH AVE,ST GEORGE ST,0d9b3693-0756-5cad-ad04-80e8ffcfa63e,"E 49TH AVE & ST GEORGE ST, VANCOUVER",49.225524,-123.09408
VANCOUVER,E 49TH AVE,TYNE ST,58deef7f-ce36-5e86-bbb1-fcbf36ab4bbf,"E 49TH AVE & TYNE ST, VANCOUVER",49.22464,-123.032269
VANCOUVER,E 49TH AVE,VICTORIA DR,012b2106-9968-5c25-a29a-115664f62cbc,"E 49TH AVE & VICTORIA DR, VANCOUVER",49.225169,-123.065763
VANCOUVER,E 49TH AVE,VIVIAN ST,2faec899-81d7-54e7-b892-fd9563349d60,"E 49TH AVE & VIVIAN ST, VANCOUVER",49.224775,-123.050339
VANCOUVER,E 49TH AVE,WALES ST,dfae6d62-62c0-5c5e-88b0-c9e5626451cc,"E 49TH AVE & WALES ST, VANCOUVER",49.224789,-123.052386
VANCOUVER,E 49TH AVE,WINDSOR ST,74b731b1-50d9-5bcb-8833-c27c4e28b7b6,"E 49TH AVE & WINDSOR ST, VANCOUVER",49.225396,-123.085248
VANCOUVER,E 4TH AVE,GARDEN DR,cd92f494-0725-5c51-b6d1-7d655955a34f,"E 4TH AVE & GARDEN DR, VANCOUVER",49.266766,-123.058069
VANCOUVER,E 4TH AVE,KASLO ST,af0b2f79-9733-549b-82c0-23fbcbe269ea,"E 4TH AVE & KASLO ST, VANCOUVER",49.266665,-123.046977
VANCOUVER,E 4TH AVE,KOOTENAY ST,816bf789-78b0-5971-b945-4cb16b172b34,"E 4TH AVE & KOOTENAY ST, VANCOUVER",49.266645,-123.025703
VANCOUVER,E 4TH AVE,MAIN ST,69c45cb4-65b9-5a4d-8e58-cee48579a8a7,"E 4TH AVE & MAIN ST, VANCOUVER",49.267312,-123.100756
VANCOUVER,E 4TH AVE,MCLEAN DR,ea8e3ba1-bc5a-563f-823a-4440a36d6f34,"E 4TH AVE & MCLEAN DR, VANCOUVER",49.266902,-123.075482
VANCOUVER,E 4TH AVE,NANAIMO ST,267d2b46-03ba-547f-8579-b9972a34cff7,"E 4TH AVE & NANAIMO ST, VANCOUVER",49.266728,-123.056588
VANCOUVER,E 4TH AVE,ONTARIO ST,d4f617fc-78c6-5d00-aa53-a532d6dec648,"E 4TH AVE & ONTARIO ST, VANCOUVER",49.267375,-123.104719
VANCOUVER,E 4TH AVE,PENTICTON ST,c09762aa-604c-5204-93f5-779a34eabeda,"E 4TH AVE & PENTICTON ST, VANCOUVER",49.266674,-123.05214
VANCOUVER,E 4TH AVE,QUEBEC ST,231267e2-16d0-5fca-8f87-c7201151da56,"E 4TH AVE & QUEBEC ST, VANCOUVER",49.267344,-123.102788
VANCOUVER,E 4TH AVE,RENFREW ST,a05a1b74-8b91-5769-92b8-1020387db766,"E 4TH AVE & RENFREW ST, VANCOUVER",49.266666,-123.04427
VANCOUVER,E 4TH AVE,RUPERT ST,89f5f026-c1fa-5a7d-8d0e-ba100b556b07,"E 4TH AVE & RUPERT ST, VANCOUVER",49.266635,-123.033726
VANCOUVER,E 4TH AVE,SCOTIA ST,f3130bb1-cc05-54f5-a5b2-c14b35395f3c,"E 4TH AVE & SCOTIA ST, VANCOUVER",49.267287,-123.09878
VANCOUVER,E 4TH AVE,SEMLIN DR,fefdb49f-8fe7-5d92-826c-1f781c95888b,"E 4TH AVE & SEMLIN DR, VANCOUVER",49.266838,-123.06388
VANCOUVER,E 4TH AVE,SKEENA ST,a9816fae-df5a-55f5-845f-079f041fb6af,"E 4TH AVE & SKEENA ST, VANCOUVER",49.266626,-123.028467
VANCOUVER,E 4TH AVE,SLOCAN ST,8a875627-03ff-5558-b97e-b93569b1e565,"E 4TH AVE & SLOCAN ST, VANCOUVER",49.26667,-123.049488
VANCOUVER,E 4TH AVE,TEMPLETON DR,f3361a4f-5365-57b9-99a5-5306044b01e7,"E 4TH AVE & TEMPLETON DR, VANCOUVER",49.26675,-123.06
VANCOUVER,E 4TH AVE,VERNON DR,63c782f7-79db-5020-bec7-862a7bbb0f6a,"E 4TH AVE & VERNON DR, VANCOUVER",49.266954,-123.07857
VANCOUVER,E 4TH AVE,VICTORIA DR,fe39e060-3eca-5499-9ab4-71b778ec2e04,"E 4TH AVE & VICTORIA DR, VANCOUVER",49.26685,-123.06582
VANCOUVER,E 4TH AVE,WINDERMERE ST,05d2ea17-0fae-5af0-86e1-6b69e8a430d1,"E 4TH AVE & WINDERMERE ST, VANCOUVER",49.266647,-123.036472
VANCOUVER,E 4TH AVE,WOODLAND DR,cb70db7c-769c-523f-946d-ba7d85eefce4,"E 4TH AVE & WOODLAND DR, VANCOUVER",49.266892,-123.073559
VANCOUVER,E 50TH AVE,FRASER ST,c0c57966-75da-5c6a-ad64-4c1659808031,"E 50TH AVE & FRASER ST, VANCOUVER",49.224517,-123.090805
VANCOUVER,E 50TH AVE,FREDERICK ST,86b1844c-0132-5282-85ac-e4fb948f93e9,"E 50TH AVE & FREDERICK ST, VANCOUVER",49.224533,-123.09199
VANCOUVER,E 50TH AVE,GLADSTONE ST,0b6713dd-43fc-5525-a805-c81f697d293a,"E 50TH AVE & GLADSTONE ST, VANCOUVER",49.224001,-123.062378
VANCOUVER,E 50TH AVE,KERR ST,2bf352fb-1aec-537a-bd32-5dd4e328aa9a,"E 50TH AVE & KERR ST, VANCOUVER",49.22387,-123.041092
VANCOUVER,E 50TH AVE,MAIN ST,f7f274d2-fb27-50be-8f7f-6645a12ef3fd,"E 50TH AVE & MAIN ST, VANCOUVER",49.224713,-123.101642
VANCOUVER,E 50TH AVE,MCKINNON ST,2a70349d-73b0-5727-94f4-d7dbaabf5bd3,"E 50TH AVE & MCKINNON ST, VANCOUVER",49.223759,-123.038858
VANCOUVER,E 50TH AVE,ONTARIO ST,1a39b4e9-61ec-58bc-8412-9fd909341f11,"E 50TH AVE & ONTARIO ST, VANCOUVER",49.224773,-123.105915
VANCOUVER,E 50TH AVE,PRINCE ALBERT ST,5333ca3a-57e0-5a69-8514-527db75415e5,"E 50TH AVE & PRINCE ALBERT ST, VANCOUVER",49.224499,-123.088045
VANCOUVER,E 50TH AVE,PRINCE EDWARD ST,a46630c9-3e59-57a9-8713-6c539d1dbac7,"E 50TH AVE & PRINCE EDWARD ST, VANCOUVER",49.224638,-123.097542
VANCOUVER,E 50TH AVE,QUEBEC ST,d8f20736-0062-5033-aaa9-326809e6eb33,"E 50TH AVE & QUEBEC ST, VANCOUVER",49.224752,-123.103836
VANCOUVER,E 50TH AVE,ROSS ST,ae8528e7-ecce-5ac7-9d15-f310d176f96a,"E 50TH AVE & ROSS ST, VANCOUVER",49.224421,-123.082852
VANCOUVER,E 50TH AVE,SOPHIA ST,0c883602-791d-57c2-9e7c-1f3e0ed95c07,"E 50TH AVE & SOPHIA ST, VANCOUVER",49.224676,-123.099603
VANCOUVER,E 50TH AVE,ST GEORGE ST,7acd728a-b538-59a3-ac52-1954e947b836,"E 50TH AVE & ST GEORGE ST, VANCOUVER",49.224578,-123.094142
VANCOUVER,E 50TH AVE,TODERICK ST,c97f7c72-357c-568e-9555-30ecc54fcb8a,"E 50TH AVE & TODERICK ST, VANCOUVER",49.223098,-123.030016
VANCOUVER,E 50TH AVE,TYNE ST,3aab157b-e034-5667-8e72-124ceeb57caf,"E 50TH AVE & TYNE ST, VANCOUVER",49.223694,-123.032295
VANCOUVER,E 50TH AVE,VICTORIA DR,1441b9bd-067c-5076-b9c1-83727e074fea,"E 50TH AVE & VICTORIA DR, VANCOUVER",49.224161,-123.065806
VANCOUVER,E 50TH AVE,VIVIAN ST,af2f2306-7d47-51f2-9497-23c40faa9ba3,"E 50TH AVE & VIVIAN ST, VANCOUVER",49.223805,-123.050391
VANCOUVER,E 50TH AVE,WALES ST,3d07c2cf-7c84-5f5d-aa1a-9bbff502836d,"E 50TH AVE & WALES ST, VANCOUVER",49.223827,-123.052437
VANCOUVER,E 50TH AVE,WINDSOR ST,a09eef5f-0483-5adf-bf90-82f34e3a588a,"E 50TH AVE & WINDSOR ST, VANCOUVER",49.224458,-123.085289
VANCOUVER,E 51ST AVE,ELLIOTT ST,db9757dc-75dc-5dcd-bcbf-4a81a03a7c8a,"E 51ST AVE & ELLIOTT ST, VANCOUVER",49.223211,-123.054786
VANCOUVER,E 51ST AVE,FRASER ST,5b0c0121-3616-58d7-8551-b5b769179b46,"E 51ST AVE & FRASER ST, VANCOUVER",49.223571,-123.090842
VANCOUVER,E 51ST AVE,GLADSTONE ST,deb67fd1-74a5-5c68-a0f3-c9c721db02e6,"E 51ST AVE & GLADSTONE ST, VANCOUVER",49.223098,-123.062494
VANCOUVER,E 51ST AVE,INVERNESS ST,d4a9ce72-813f-5a3b-ba93-ac1f874165df,"E 51ST AVE & INVERNESS ST, VANCOUVER",49.223427,-123.080118
VANCOUVER,E 51ST AVE,KERR ST,da5fdf5e-be59-5b86-8bd9-f527194ae307,"E 51ST AVE & KERR ST, VANCOUVER",49.223056,-123.041167
VANCOUVER,E 51ST AVE,KNIGHT ST,62c3ff6d-7486-5a8f-82f5-6020bd8394d1,"E 51ST AVE & KNIGHT ST, VANCOUVER",49.223369,-123.077403
VANCOUVER,E 51ST AVE,LANCASTER ST,14a77b49-4fb1-5b9c-8d4d-327337061bf5,"E 51ST AVE & LANCASTER ST, VANCOUVER",49.223174,-123.042688
VANCOUVER,E 51ST AVE,MAIN ST,74b06ac2-ca8a-51c3-bd58-505beec82cb6,"E 51ST AVE & MAIN ST, VANCOUVER",49.223744,-123.101679
VANCOUVER,E 51ST AVE,NANAIMO ST,3e526200-6fc2-55fa-9c32-42be09e270c8,"E 51ST AVE & NANAIMO ST, VANCOUVER",49.223054,-123.059194
VANCOUVER,E 51ST AVE,ONTARIO ST,5f096c22-d631-50b8-b64d-85e0e2091baf,"E 51ST AVE & ONTARIO ST, VANCOUVER",49.223809,-123.105957
VANCOUVER,E 51ST AVE,PRINCE ALBERT ST,a244ffae-5f15-5f30-8fe5-97ac90a0abea,"E 51ST AVE & PRINCE ALBERT ST, VANCOUVER",49.223532,-123.088069
VANCOUVER,E 51ST AVE,PRINCE EDWARD ST,b2367b7b-65db-5c31-bb52-1328ca6bb068,"E 51ST AVE & PRINCE EDWARD ST, VANCOUVER",49.223669,-123.097573
VANCOUVER,E 51ST AVE,QUEBEC ST,baf0124e-dbd3-572f-82b8-c0e0928ca906,"E 51ST AVE & QUEBEC ST, VANCOUVER",49.223785,-123.103862
VANCOUVER,E 51ST AVE,RALEIGH ST,6d136689-bbf5-58e0-a3fa-b43565caf208,"E 51ST AVE & RALEIGH ST, VANCOUVER",49.223121,-123.0473
VANCOUVER,E 51ST AVE,RUPERT ST,45a9fd2f-be20-5c3e-9fd7-3bee1f30a7f8,"E 51ST AVE & RUPERT ST, VANCOUVER",49.223175,-123.044243
VANCOUVER,E 51ST AVE,SHERBROOKE ST,237d8c5a-98e8-507e-b725-e470ec760cfc,"E 51ST AVE & SHERBROOKE ST, VANCOUVER",49.223445,-123.081534
VANCOUVER,E 51ST AVE,SOPHIA ST,80a1f52d-bc5e-59c6-8468-61494018324d,"E 51ST AVE & SOPHIA ST, VANCOUVER",49.223708,-123.099659
VANCOUVER,E 51ST AVE,ST GEORGE ST,dd5d4664-dca2-5e96-abd1-07e29c7b55f4,"E 51ST AVE & ST GEORGE ST, VANCOUVER",49.223615,-123.094158
VANCOUVER,E 51ST AVE,VICTORIA DR,f87e8872-e0b4-5954-a366-dab2ee92fd75,"E 51ST AVE & VICTORIA DR, VANCOUVER",49.223428,-123.065811
VANCOUVER,E 51ST AVE,VIVIAN ST,58afe6ba-3c94-51fc-bd94-9b85cf2132c6,"E 51ST AVE & VIVIAN ST, VANCOUVER",49.222709,-123.050449
VANCOUVER,E 51ST AVE,WALES ST,557daf30-76f5-594d-a669-314b20960b85,"E 51ST AVE & WALES ST, VANCOUVER",49.223181,-123.052471
VANCOUVER,E 51ST AVE,WINDSOR ST,174a80e8-cae5-59b2-920a-0e41bac1557d,"E 51ST AVE & WINDSOR ST, VANCOUVER",49.223496,-123.085315
VANCOUVER,E 52ND AVE,ELLIOTT ST,a88e43cd-85b8-56bd-b57a-94382e86f514,"E 52ND AVE & ELLIOTT ST, VANCOUVER",49.221968,-123.05482
VANCOUVER,E 52ND AVE,FRASER ST,bffbd6bb-b19d-51e7-9d52-37a854720b3e,"E 52ND AVE & FRASER ST, VANCOUVER",49.222717,-123.090841
VANCOUVER,E 52ND AVE,GLADSTONE ST,b594c0c4-a621-563a-9ccf-062c3529f568,"E 52ND AVE & GLADSTONE ST, VANCOUVER",49.222195,-123.062536
VANCOUVER,E 52ND AVE,KERR ST,c14727ef-faef-5c7a-8973-edc56a33e634,"E 52ND AVE & KERR ST, VANCOUVER",49.22206,-123.041181
VANCOUVER,E 52ND AVE,KILLARNEY ST,ffd99aa3-61eb-59c0-84f1-80980d65fabe,"E 52ND AVE & KILLARNEY ST, VANCOUVER",49.221734,-123.045858
VANCOUVER,E 52ND AVE,MAIN ST,4f1949f7-77b8-57a7-8a5a-b88b237386da,"E 52ND AVE & MAIN ST, VANCOUVER",49.222843,-123.101717
VANCOUVER,E 52ND AVE,MCKINNON ST,837bc0b1-dab4-547e-9582-07bc4e5c7a58,"E 52ND AVE & MCKINNON ST, VANCOUVER",49.222047,-123.038948
VANCOUVER,E 52ND AVE,NANAIMO ST,f7f9f279-4db7-5d3e-8988-349a2ae70f6c,"E 52ND AVE & NANAIMO ST, VANCOUVER",49.222157,-123.059335
VANCOUVER,E 52ND AVE,ONTARIO ST,f17562fb-3d3e-5fb8-b29e-7a37da972c4d,"E 52ND AVE & ONTARIO ST, VANCOUVER",49.222917,-123.105996
VANCOUVER,E 52ND AVE,PRINCE ALBERT ST,16168652-20d8-5c28-b247-8e8a170e9289,"E 52ND AVE & PRINCE ALBERT ST, VANCOUVER",49.222683,-123.088088
VANCOUVER,E 52ND AVE,QUEBEC ST,64db5300-b708-5902-95b9-3dbcf82b190d,"E 52ND AVE & QUEBEC ST, VANCOUVER",49.22291,-123.103889
VANCOUVER,E 52ND AVE,ROSS ST,7c3e720c-ae43-583c-a1ce-781f865ae78e,"E 52ND AVE & ROSS ST, VANCOUVER",49.222613,-123.082908
VANCOUVER,E 52ND AVE,RUPERT ST,7ed8b517-21cf-5a59-9116-025333438564,"E 52ND AVE & RUPERT ST, VANCOUVER",49.221729,-123.044324
VANCOUVER,E 52ND AVE,ST GEORGE ST,812e6221-a43f-580c-865e-257c5672dd67,"E 52ND AVE & ST GEORGE ST, VANCOUVER",49.222707,-123.094174
VANCOUVER,E 52ND AVE,TYNE ST,46cc6902-5e79-59e2-b81b-db553aceb60a,"E 52ND AVE & TYNE ST, VANCOUVER",49.222342,-123.032336
VANCOUVER,E 52ND AVE,VICTORIA DR,5d948c82-50fb-5b0b-9199-d6f6a3d3a668,"E 52ND AVE & VICTORIA DR, VANCOUVER",49.22262,-123.065831
VANCOUVER,E 52ND AVE,VIVIAN ST,0b1cc194-8fd3-5109-90dd-e7dea80e311d,"E 52ND AVE & VIVIAN ST, VANCOUVER",49.221873,-123.050498
VANCOUVER,E 52ND AVE,WALES ST,ceca93ce-2585-5dd6-ae36-42d2e2914a8d,"E 52ND AVE & WALES ST, VANCOUVER",49.221918,-123.052538
VANCOUVER,E 52ND AVE,WINDSOR ST,bc980cf0-7bec-5927-867d-501b69900aa1,"E 52ND AVE & WINDSOR ST, VANCOUVER",49.222644,-123.085233
VANCOUVER,E 53RD AVE,ELLIOTT ST,bd5c0343-f3df-5e69-bdb4-f98933d663a2,"E 53RD AVE & ELLIOTT ST, VANCOUVER",49.221159,-123.05484
VANCOUVER,E 53RD AVE,FLEMING ST,bf8694d4-e071-5158-ade8-28a43a828c0a,"E 53RD AVE & FLEMING ST, VANCOUVER",49.221757,-123.073295
VANCOUVER,E 53RD AVE,FRASER ST,9d6c7746-ab72-5646-b940-0b0ea274d8e2,"E 53RD AVE & FRASER ST, VANCOUVER",49.221868,-123.09087
VANCOUVER,E 53RD AVE,GLADSTONE ST,c72c5c9a-88a1-5992-9ce6-ec05f27f8c46,"E 53RD AVE & GLADSTONE ST, VANCOUVER",49.221237,-123.062583
VANCOUVER,E 53RD AVE,INVERNESS ST,a11b8478-c3a5-5ffe-8d45-4bf71470bba2,"E 53RD AVE & INVERNESS ST, VANCOUVER",49.221835,-123.080177
VANCOUVER,E 53RD AVE,KERR ST,c3644437-5e06-53b0-b121-77cfee3764e0,"E 53RD AVE & KERR ST, VANCOUVER",49.221169,-123.041227
VANCOUVER,E 53RD AVE,KNIGHT ST,e3674cd0-5d65-56de-a1c9-34bf125297a5,"E 53RD AVE & KNIGHT ST, VANCOUVER",49.221799,-123.077478
VANCOUVER,E 53RD AVE,LANARK ST,ad8c7811-91fd-55e8-8643-247eec944004,"E 53RD AVE & LANARK ST, VANCOUVER",49.221783,-123.076055
VANCOUVER,E 53RD AVE,MAIN ST,5c47a01f-53e1-5da5-98b7-a529c5a53432,"E 53RD AVE & MAIN ST, VANCOUVER",49.221946,-123.10175
VANCOUVER,E 53RD AVE,NANAIMO ST,c51650c9-bc36-5143-b608-a0927da1fa13,"E 53RD AVE & NANAIMO ST, VANCOUVER",49.221305,-123.059371
VANCOUVER,E 53RD AVE,PRINCE EDWARD ST,3bb9f442-a56f-5b9c-9ba4-b9d6962b8d46,"E 53RD AVE & PRINCE EDWARD ST, VANCOUVER",49.221866,-123.097626
VANCOUVER,E 53RD AVE,QUEBEC ST,45482a7b-7b74-5ced-a3ac-fe75b9ceaba0,"E 53RD AVE & QUEBEC ST, VANCOUVER",49.221988,-123.103916
VANCOUVER,E 53RD AVE,ROSS ST,17a5a149-adea-5eaa-b739-953ae6633343,"E 53RD AVE & ROSS ST, VANCOUVER",49.221876,-123.082961
VANCOUVER,E 53RD AVE,SHERBROOKE ST,3ff32cb2-74e3-554e-a23a-e848cfac330d,"E 53RD AVE & SHERBROOKE ST, VANCOUVER",49.221856,-123.081613
VANCOUVER,E 53RD AVE,SOPHIA ST,7fd0412e-f8cb-5023-9994-eb01bd8b3f53,"E 53RD AVE & SOPHIA ST, VANCOUVER",49.221906,-123.099669
VANCOUVER,E 53RD AVE,ST GEORGE ST,ed28e5b3-4d4c-561e-9bfd-07c963b60cbc,"E 53RD AVE & ST GEORGE ST, VANCOUVER",49.221801,-123.094189
VANCOUVER,E 53RD AVE,VICTORIA DR,186db404-dab1-56b9-9bc4-2a895e29e53e,"E 53RD AVE & VICTORIA DR, VANCOUVER",49.221778,-123.065854
VANCOUVER,E 53RD AVE,VIVIAN ST,ea0b0454-0cd6-5718-9674-f36bba41546f,"E 53RD AVE & VIVIAN ST, VANCOUVER",49.221075,-123.050539
VANCOUVER,E 53RD AVE,WALES ST,ef43599e-10f2-573c-b4be-a3cf6f333d3b,"E 53RD AVE & WALES ST, VANCOUVER",49.221115,-123.052579
VANCOUVER,E 54TH AVE,ELLIOTT ST,54fe000f-a22f-53f2-b122-78a8f37856d4,"E 54TH AVE & ELLIOTT ST, VANCOUVER",49.220181,-123.054871
VANCOUVER,E 54TH AVE,ELMHURST DR,55ab3224-dd59-557f-bdb1-f1c348ace0f1,"E 54TH AVE & ELMHURST DR, VANCOUVER",49.220208,-123.048024
VANCOUVER,E 54TH AVE,FLEMING ST,e2e6de12-d557-57bb-a6f1-0a50f8df42e5,"E 54TH AVE & FLEMING ST, VANCOUVER",49.220388,-123.073343
VANCOUVER,E 54TH AVE,FRASER ST,cfa25922-e13c-52b5-92f1-adfec5633051,"E 54TH AVE & FRASER ST, VANCOUVER",49.22075,-123.090891
VANCOUVER,E 54TH AVE,GLADSTONE ST,8b397a2c-548a-553d-98f9-9de91030accc,"E 54TH AVE & GLADSTONE ST, VANCOUVER",49.22022,-123.062633
VANCOUVER,E 54TH AVE,INVERNESS ST,7afd3f8a-8428-553e-b766-ab92ec0d149f,"E 54TH AVE & INVERNESS ST, VANCOUVER",49.220484,-123.080228
VANCOUVER,E 54TH AVE,KERR ST,4a434755-7060-579d-b65a-ca85bc981b5b,"E 54TH AVE & KERR ST, VANCOUVER",49.220159,-123.041281
VANCOUVER,E 54TH AVE,KILLARNEY ST,df70e088-660e-53e0-b9fa-ae0e1234bbf0,"E 54TH AVE & KILLARNEY ST, VANCOUVER",49.220197,-123.045942
VANCOUVER,E 54TH AVE,KNIGHT ST,88e9f4c0-6f01-592f-9aa1-5d9920439fe0,"E 54TH AVE & KNIGHT ST, VANCOUVER",49.220425,-123.077517
VANCOUVER,E 54TH AVE,LANARK ST,51007f04-b346-52c3-b0e9-9b46b3402961,"E 54TH AVE & LANARK ST, VANCOUVER",49.22041,-123.076111
VANCOUVER,E 54TH AVE,LANCASTER ST,9b2185a2-78a3-524d-a6e5-1f1cc0dfff38,"E 54TH AVE & LANCASTER ST, VANCOUVER",49.220181,-123.042845
VANCOUVER,E 54TH AVE,MAIN ST,9d31bc30-1b13-5bd9-a704-6f8c64925e46,"E 54TH AVE & MAIN ST, VANCOUVER",49.221053,-123.101785
VANCOUVER,E 54TH AVE,MCKINNON ST,26093521-2863-5a61-bffa-4ee1465cfd14,"E 54TH AVE & MCKINNON ST, VANCOUVER",49.220161,-123.03905
VANCOUVER,E 54TH AVE,MONT ROYAL SQ,c5fa49de-a664-5fa1-8971-1d4c3f2530ec,"E 54TH AVE & MONT ROYAL SQ, VANCOUVER",49.220148,-123.038024
VANCOUVER,E 54TH AVE,NANAIMO ST,1c4c982f-a6d9-5619-812d-dd530dd117b9,"E 54TH AVE & NANAIMO ST, VANCOUVER",49.220203,-123.059361
VANCOUVER,E 54TH AVE,ONTARIO ST,14b3ad29-9cb9-5f41-bc88-19edc12f0fe0,"E 54TH AVE & ONTARIO ST, VANCOUVER",49.221156,-123.106139
VANCOUVER,E 54TH AVE,PRINCE EDWARD ST,e61856e9-9574-50eb-ac08-f2efc608c7c5,"E 54TH AVE & PRINCE EDWARD ST, VANCOUVER",49.220975,-123.097654
VANCOUVER,E 54TH AVE,QUEBEC ST,3bcfef88-fa91-5f00-aa95-a3a2aee1c7f2,"E 54TH AVE & QUEBEC ST, VANCOUVER",49.22111,-123.103941
VANCOUVER,E 54TH AVE,RALEIGH ST,17bc42ea-1318-5f91-9a00-99256201e4d7,"E 54TH AVE & RALEIGH ST, VANCOUVER",49.220206,-123.047516
VANCOUVER,E 54TH AVE,ROSS ST,f5a0440b-d158-5c7c-8878-e23649dd67ae,"E 54TH AVE & ROSS ST, VANCOUVER",49.220526,-123.083007
VANCOUVER,E 54TH AVE,RUPERT ST,0cd03c4a-96ed-589d-bc58-39c3d653f5cb,"E 54TH AVE & RUPERT ST, VANCOUVER",49.220188,-123.044412
VANCOUVER,E 54TH AVE,SAINT JULIEN MEWS,b26c9c54-63a3-5b88-8737-69fd019faf43,"E 54TH AVE & SAINT JULIEN MEWS, VANCOUVER",49.22016,-123.039345
VANCOUVER,E 54TH AVE,ST GEORGE ST,bc7a4cde-6569-5ac3-b75c-e21f8cf6e87e,"E 54TH AVE & ST GEORGE ST, VANCOUVER",49.220912,-123.094206
VANCOUVER,E 54TH AVE,STIRLING ST,f7a998b1-5ffb-5477-9858-b80a4f902491,"E 54TH AVE & STIRLING ST, VANCOUVER",49.220211,-123.060678
VANCOUVER,E 54TH AVE,TYNE ST,f5925272-d60a-531f-93bc-3b981b188897,"E 54TH AVE & TYNE ST, VANCOUVER",49.220122,-123.03239
VANCOUVER,E 54TH AVE,VICTORIA DR,a2415d8e-e18b-5926-acac-92625b08ce79,"E 54TH AVE & VICTORIA DR, VANCOUVER",49.220267,-123.06587
VANCOUVER,E 54TH AVE,VIVIAN DR,bcf933f1-87d9-54de-99b9-d691672f329c,"E 54TH AVE & VIVIAN DR, VANCOUVER",49.220183,-123.050586
VANCOUVER,E 54TH AVE,VIVIAN ST,48be04ad-0c72-5d54-a713-79b091469c2c,"E 54TH AVE & VIVIAN ST, VANCOUVER",49.220183,-123.050586
VANCOUVER,E 54TH AVE,WALES ST,eee6ceb2-3890-597f-a353-bc8cfcb5dd78,"E 54TH AVE & WALES ST, VANCOUVER",49.220194,-123.05276
VANCOUVER,E 55TH AVE,FLEMING ST,8b8f74fe-6a65-5d8f-b8ff-3082fd229d7d,"E 55TH AVE & FLEMING ST, VANCOUVER",49.219949,-123.073343
VANCOUVER,E 55TH AVE,FRASER ST,a5d5d065-a7c7-587f-a169-ccadbeb84b2b,"E 55TH AVE & FRASER ST, VANCOUVER",49.219962,-123.090903
VANCOUVER,E 55TH AVE,INVERNESS ST,c3e764d8-3f7d-544e-9970-b3e2da0c92b8,"E 55TH AVE & INVERNESS ST, VANCOUVER",49.219607,-123.080165
VANCOUVER,E 55TH AVE,KERR ST,7e244541-5ea3-5674-95d7-3ef3404554b9,"E 55TH AVE & KERR ST, VANCOUVER",49.219197,-123.041356
VANCOUVER,E 55TH AVE,KNIGHT ST,ebeaee7f-e4a7-5a79-8f5f-cae92a8ddc5f,"E 55TH AVE & KNIGHT ST, VANCOUVER",49.219585,-123.077272
VANCOUVER,E 55TH AVE,LANARK ST,8308b370-0e90-59e7-aada-8e11c98b7bb5,"E 55TH AVE & LANARK ST, VANCOUVER",49.219564,-123.076144
VANCOUVER,E 55TH AVE,MAIN ST,ae60a4ba-a25d-5847-b22e-b21264f86670,"E 55TH AVE & MAIN ST, VANCOUVER",49.220148,-123.101824
VANCOUVER,E 55TH AVE,ONTARIO ST,42b0ac2c-bd7d-58b9-ad1d-971d2e4c9afc,"E 55TH AVE & ONTARIO ST, VANCOUVER",49.220237,-123.10615
VANCOUVER,E 55TH AVE,PRINCE ALBERT ST,cf890d83-b777-5ccc-ad69-1cc83e86e5f7,"E 55TH AVE & PRINCE ALBERT ST, VANCOUVER",49.219913,-123.087751
VANCOUVER,E 55TH AVE,PRINCE EDWARD ST,a9bc4c80-1ec0-55e4-8b72-3b3dd5244ad5,"E 55TH AVE & PRINCE EDWARD ST, VANCOUVER",49.220071,-123.097681
VANCOUVER,E 55TH AVE,ROSEMONT DR,b2e40548-886d-56bd-9bcc-c73974036753,"E 55TH AVE & ROSEMONT DR, VANCOUVER",49.219322,-123.04922
VANCOUVER,E 55TH AVE,ROSS ST,86cfaeea-6c8b-5779-85bb-d174492d49e3,"E 55TH AVE & ROSS ST, VANCOUVER",49.21973,-123.083033
VANCOUVER,E 55TH AVE,SHERBROOKE ST,c049b8bf-c669-56a8-9446-033679a64041,"E 55TH AVE & SHERBROOKE ST, VANCOUVER",49.219615,-123.081585
VANCOUVER,E 55TH AVE,ST GEORGE ST,4f80a765-b9fe-5b5f-8ff7-43ad54768239,"E 55TH AVE & ST GEORGE ST, VANCOUVER",49.220024,-123.094832
VANCOUVER,E 55TH AVE,STIRLING ST,e8170ed7-e4c8-55ca-94bd-4938d8b0acbe,"E 55TH AVE & STIRLING ST, VANCOUVER",49.21937,-123.060697
VANCOUVER,E 56TH AVE,ELLIOTT ST,669596d7-52ea-52e7-a445-16af0ad2c716,"E 56TH AVE & ELLIOTT ST, VANCOUVER",49.218961,-123.054887
VANCOUVER,E 56TH AVE,FLEMING ST,69b8af3a-d3e7-59c4-9b2a-b4e95707a6bf,"E 56TH AVE & FLEMING ST, VANCOUVER",49.219014,-123.073975
VANCOUVER,E 56TH AVE,FRASER ST,49b615b3-55db-5cd6-acd9-543cecf5f506,"E 56TH AVE & FRASER ST, VANCOUVER",49.219116,-123.090919
VANCOUVER,E 56TH AVE,KERR ST,4724017e-9428-59a2-a4e8-75ddf1fc6aaf,"E 56TH AVE & KERR ST, VANCOUVER",49.218171,-123.041377
VANCOUVER,E 56TH AVE,MAIN ST,9943891a-6e5d-5935-aa04-445e1f8bcbe9,"E 56TH AVE & MAIN ST, VANCOUVER",49.219308,-123.101856
VANCOUVER,E 56TH AVE,ONTARIO ST,febcc2df-8cb1-58be-9e47-fb9a392a553e,"E 56TH AVE & ONTARIO ST, VANCOUVER",49.219392,-123.10618
VANCOUVER,E 56TH AVE,PRINCE EDWARD ST,91d69c35-e1f3-5888-a511-35c8574ba3e8,"E 56TH AVE & PRINCE EDWARD ST, VANCOUVER",49.219215,-123.097707
VANCOUVER,E 56TH AVE,QUEBEC ST,8dbc6188-4057-5611-900d-f087916f4b6f,"E 56TH AVE & QUEBEC ST, VANCOUVER",49.219339,-123.103992
VANCOUVER,E 56TH AVE,ROSS ST,36fdf9e0-c3ec-5a80-b805-38c81a44c740,"E 56TH AVE & ROSS ST, VANCOUVER",49.219013,-123.083057
VANCOUVER,E 56TH AVE,RUPERT ST,f324f1f3-12c9-5f9e-a264-21f0076d59ee,"E 56TH AVE & RUPERT ST, VANCOUVER",49.218226,-123.043805
VANCOUVER,E 56TH AVE,ST GEORGE ST,50939ff5-f4a7-5697-8483-b696ff3876d5,"E 56TH AVE & ST GEORGE ST, VANCOUVER",49.219195,-123.094851
VANCOUVER,E 56TH AVE,WALES ST,30683334-d75d-571a-8dd2-2d78c9bd7358,"E 56TH AVE & WALES ST, VANCOUVER",49.218956,-123.052771
VANCOUVER,E 57TH AVE,ELLIOTT ST,c871cb4b-249d-5ef9-aaab-0b10d33f9816,"E 57TH AVE & ELLIOTT ST, VANCOUVER",49.217975,-123.054195
VANCOUVER,E 57TH AVE,FLEMING ST,df278104-3d6e-5469-bfe4-c66264fa00a5,"E 57TH AVE & FLEMING ST, VANCOUVER",49.218119,-123.074
VANCOUVER,E 57TH AVE,FRASER ST,7ad55085-45fb-5e6b-b5a3-0c9143f1b83a,"E 57TH AVE & FRASER ST, VANCOUVER",49.218274,-123.090942
VANCOUVER,E 57TH AVE,INVERNESS ST,2cee6c11-e352-51a6-ab66-6b934e4c4076,"E 57TH AVE & INVERNESS ST, VANCOUVER",49.218152,-123.080058
VANCOUVER,E 57TH AVE,KNIGHT ST,1d93ef13-425f-539b-9a35-cb995354c900,"E 57TH AVE & KNIGHT ST, VANCOUVER",49.218132,-123.077053
VANCOUVER,E 57TH AVE,MAIN ST,527a413a-e38a-5210-a692-86581b6a3a40,"E 57TH AVE & MAIN ST, VANCOUVER",49.218467,-123.101887
VANCOUVER,E 57TH AVE,ONTARIO ST,2f297f7b-7008-5c23-884b-685db2f3e9b2,"E 57TH AVE & ONTARIO ST, VANCOUVER",49.218581,-123.10619
VANCOUVER,E 57TH AVE,PRINCE ALBERT ST,14828d3e-e334-544e-9e3e-6c96fdcecd05,"E 57TH AVE & PRINCE ALBERT ST, VANCOUVER",49.218235,-123.087804
VANCOUVER,E 57TH AVE,PRINCE EDWARD ST,3117cb32-ea77-56c8-82a1-2b2e8c47e823,"E 57TH AVE & PRINCE EDWARD ST, VANCOUVER",49.218392,-123.097731
VANCOUVER,E 57TH AVE,QUEBEC ST,a98764f4-b40a-50b4-b753-84729359826d,"E 57TH AVE & QUEBEC ST, VANCOUVER",49.218525,-123.104049
VANCOUVER,E 57TH AVE,ROSEMONT DR,41462f5b-cdb9-5932-9e92-e21a6b866bfd,"E 57TH AVE & ROSEMONT DR, VANCOUVER",49.218232,-123.048874
VANCOUVER,E 57TH AVE,ROSS ST,803d681d-9697-5682-b44c-0b9baaf9f713,"E 57TH AVE & ROSS ST, VANCOUVER",49.218198,-123.08306
VANCOUVER,E 57TH AVE,SHERBROOKE ST,381e040e-cce3-58fe-9f49-31d401892bd7,"E 57TH AVE & SHERBROOKE ST, VANCOUVER",49.218165,-123.081595
VANCOUVER,E 57TH AVE,ST GEORGE ST,17809c3b-fff1-56e5-9c86-c049c0492431,"E 57TH AVE & ST GEORGE ST, VANCOUVER",49.21834,-123.09487
VANCOUVER,E 57TH AVE,VIVIAN DR,1743063a-9df7-586b-9410-2ed567fa8112,"E 57TH AVE & VIVIAN DR, VANCOUVER",49.218064,-123.050566
VANCOUVER,E 57TH AVE,WINDSOR ST,11bd7ec6-b604-5d02-a7d8-96c9ed9565f3,"E 57TH AVE & WINDSOR ST, VANCOUVER",49.218204,-123.085438
VANCOUVER,E 58TH AVE,FRASER ST,646557bd-612b-582e-a473-6e433a516476,"E 58TH AVE & FRASER ST, VANCOUVER",49.217401,-123.090969
VANCOUVER,E 58TH AVE,KERR ST,8fe2b246-89b7-5f45-9d45-3ea8ec63492d,"E 58TH AVE & KERR ST, VANCOUVER",49.217209,-123.041449
VANCOUVER,E 58TH AVE,KNIGHT ST,99f71554-2b29-5a1e-988d-59e77414db15,"E 58TH AVE & KNIGHT ST, VANCOUVER",49.217259,-123.077044
VANCOUVER,E 58TH AVE,MAIN ST,3952b884-2a2d-5e86-a04e-e54be97010a1,"E 58TH AVE & MAIN ST, VANCOUVER",49.217607,-123.10192
VANCOUVER,E 58TH AVE,ONTARIO ST,3bdffe37-79d7-5ea2-a6ac-70957fbed6d8,"E 58TH AVE & ONTARIO ST, VANCOUVER",49.217718,-123.106216
VANCOUVER,E 58TH AVE,PRINCE ALBERT ST,f4db4cdb-df8a-50a8-bf28-fad0ad0d7aea,"E 58TH AVE & PRINCE ALBERT ST, VANCOUVER",49.217366,-123.087838
VANCOUVER,E 58TH AVE,PRINCE EDWARD ST,9a8aa902-7979-5b97-8f42-65df0b49b57e,"E 58TH AVE & PRINCE EDWARD ST, VANCOUVER",49.217519,-123.097758
VANCOUVER,E 58TH AVE,ROSEMONT DR,da9cff63-8c3c-57bd-b6c8-091076508c46,"E 58TH AVE & ROSEMONT DR, VANCOUVER",49.21643,-123.034811
VANCOUVER,E 58TH AVE,ROSS ST,272c921c-b301-5554-9bf0-e7f700bf6795,"E 58TH AVE & ROSS ST, VANCOUVER",49.217316,-123.083095
VANCOUVER,E 58TH AVE,WINDSOR ST,83defac2-cb6d-565d-ba2c-8c9b8d97f7fb,"E 58TH AVE & WINDSOR ST, VANCOUVER",49.217313,-123.085464
VANCOUVER,E 59TH AVE,FRASER ST,30977bde-c70e-51b5-8f7c-7991598d69df,"E 59TH AVE & FRASER ST, VANCOUVER",49.21653,-123.090995
VANCOUVER,E 59TH AVE,INVERNESS ST,bc34272f-9044-57bc-aa70-3e8014003850,"E 59TH AVE & INVERNESS ST, VANCOUVER",49.216421,-123.080118
VANCOUVER,E 59TH AVE,JASPER CRES,94d0f81c-7cc0-56cd-b26b-c06c136d89a3,"E 59TH AVE & JASPER CRES, VANCOUVER",49.216092,-123.069873
VANCOUVER,E 59TH AVE,KERR ST,472215c2-a7a5-53b6-80bd-5edc4924623f,"E 59TH AVE & KERR ST, VANCOUVER",49.216505,-123.041476
VANCOUVER,E 59TH AVE,KNIGHT ST,f6c4e53d-675c-581a-80e5-e17c56ef1b65,"E 59TH AVE & KNIGHT ST, VANCOUVER",49.216388,-123.077057
VANCOUVER,E 59TH AVE,MAIN ST,f924baa8-71b7-5ca1-8b77-e4340d299891,"E 59TH AVE & MAIN ST, VANCOUVER",49.216737,-123.101954
VANCOUVER,E 59TH AVE,ONTARIO ST,56921df2-fc78-5fb6-b4eb-d8afb60b0c72,"E 59TH AVE & ONTARIO ST, VANCOUVER",49.216818,-123.106223
VANCOUVER,E 59TH AVE,PRINCE ALBERT ST,821ec291-43d1-51d3-b31d-09a234cff4c5,"E 59TH AVE & PRINCE ALBERT ST, VANCOUVER",49.2165,-123.087872
VANCOUVER,E 59TH AVE,PRINCE EDWARD ST,f5d37b49-524d-5051-b866-64989db0bd17,"E 59TH AVE & PRINCE EDWARD ST, VANCOUVER",49.216657,-123.097784
VANCOUVER,E 59TH AVE,ROSS ST,93b19a76-3e0d-5967-8712-f55b4c0f8048,"E 59TH AVE & ROSS ST, VANCOUVER",49.216451,-123.083106
VANCOUVER,E 59TH AVE,SHERBROOKE ST,de28edd8-ad1d-54fb-bf0c-f849025d34c1,"E 59TH AVE & SHERBROOKE ST, VANCOUVER",49.216435,-123.081645
VANCOUVER,E 59TH AVE,ST GEORGE ST,932af362-ca18-56f2-8b3a-4d80421f5203,"E 59TH AVE & ST GEORGE ST, VANCOUVER",49.216581,-123.094193
VANCOUVER,E 59TH AVE,WINDSOR ST,65c77bf5-834a-52f1-a28a-f38543c50cd1,"E 59TH AVE & WINDSOR ST, VANCOUVER",49.216475,-123.085492
VANCOUVER,E 5TH AVE,FRASER ST,dd6ad245-ac65-5807-a1b0-3c6c6ad8c8e9,"E 5TH AVE & FRASER ST, VANCOUVER",49.266139,-123.08908
VANCOUVER,E 5TH AVE,GARDEN DR,8d046d8f-50fa-5bd0-84aa-03f074ce3e00,"E 5TH AVE & GARDEN DR, VANCOUVER",49.265897,-123.058086
VANCOUVER,E 5TH AVE,GUELPH ST,a34217c0-e858-5430-82c3-71d5510400b9,"E 5TH AVE & GUELPH ST, VANCOUVER",49.26618,-123.094865
VANCOUVER,E 5TH AVE,KAMLOOPS ST,29fdce85-1611-5899-ae09-20732ea76252,"E 5TH AVE & KAMLOOPS ST, VANCOUVER",49.26572,-123.054708
VANCOUVER,E 5TH AVE,LILLOOET ST,066f1d67-8e4b-51a6-bfc0-b8672d16105c,"E 5TH AVE & LILLOOET ST, VANCOUVER",49.265678,-123.039018
VANCOUVER,E 5TH AVE,MAIN ST,ff2c6370-7035-55b1-9862-e347ddd3aedd,"E 5TH AVE & MAIN ST, VANCOUVER",49.266429,-123.100864
VANCOUVER,E 5TH AVE,NANAIMO ST,b8924aef-28d2-5cbe-bdeb-41485caccdfb,"E 5TH AVE & NANAIMO ST, VANCOUVER",49.265818,-123.056585
VANCOUVER,E 5TH AVE,NOOTKA ST,9f37d517-050b-594a-8827-37fe4aff8f24,"E 5TH AVE & NOOTKA ST, VANCOUVER",49.265685,-123.041523
VANCOUVER,E 5TH AVE,ONTARIO ST,6a21306e-084f-541b-b3d0-d5516a76c64c,"E 5TH AVE & ONTARIO ST, VANCOUVER",49.266496,-123.104753
VANCOUVER,E 5TH AVE,QUEBEC ST,b5f2f83f-70f4-5a60-9eb4-867e775c821a,"E 5TH AVE & QUEBEC ST, VANCOUVER",49.266463,-123.102822
VANCOUVER,E 5TH AVE,RENFREW ST,b2e7d477-6764-52f8-a7c0-d7f513e0d228,"E 5TH AVE & RENFREW ST, VANCOUVER",49.265698,-123.044308
VANCOUVER,E 5TH AVE,RUPERT ST,7f0f4b4d-8250-579a-a995-af66cbe1acb9,"E 5TH AVE & RUPERT ST, VANCOUVER",49.265659,-123.033739
VANCOUVER,E 5TH AVE,SCOTIA ST,d5c607ab-9e3e-5b9b-87bc-cb42b1b7611c,"E 5TH AVE & SCOTIA ST, VANCOUVER",49.266364,-123.098817
VANCOUVER,E 5TH AVE,SEMLIN DR,9e51f795-43c9-5304-b8c3-fc1d0983e437,"E 5TH AVE & SEMLIN DR, VANCOUVER",49.265937,-123.063902
VANCOUVER,E 5TH AVE,SKEENA ST,70bdc504-bbba-52ba-9936-702d1c4490ad,"E 5TH AVE & SKEENA ST, VANCOUVER",49.265701,-123.028471
VANCOUVER,E 5TH AVE,SLOCAN ST,a9f1d505-3b07-5966-be7a-9faecaf2449d,"E 5TH AVE & SLOCAN ST, VANCOUVER",49.265707,-123.049494
VANCOUVER,E 5TH AVE,ST GEORGE ST,3293d055-e3e3-5dfa-93b1-ccdbaa0a21bd,"E 5TH AVE & ST GEORGE ST, VANCOUVER",49.266158,-123.092952
VANCOUVER,E 5TH AVE,VICTORIA DR,c96e31de-287a-5fba-82a6-561e4d371999,"E 5TH AVE & VICTORIA DR, VANCOUVER",49.265951,-123.065835
VANCOUVER,E 5TH AVE,WINDERMERE ST,ac09d0f1-c1c1-5706-8fe4-11c2b4a16a31,"E 5TH AVE & WINDERMERE ST, VANCOUVER",49.26567,-123.036486
VANCOUVER,E 5TH AVE,WOODLAND DR,661fd741-978c-5239-9637-241a885aeef5,"E 5TH AVE & WOODLAND DR, VANCOUVER",49.266019,-123.073576
VANCOUVER,E 5TH ST,MAIN ST,d704566a-32ed-5690-a2c2-4ddb7886a458,"E 5TH ST & MAIN ST, VANCOUVER",49.266413,-123.100788
VANCOUVER,E 60TH AVE,FRASER ST,90ae8e4b-13df-55de-9382-d45f241436f4,"E 60TH AVE & FRASER ST, VANCOUVER",49.215642,-123.091023
VANCOUVER,E 60TH AVE,INVERNESS ST,873d35a4-3ae3-52ea-aac3-d5d5eff8a518,"E 60TH AVE & INVERNESS ST, VANCOUVER",49.215516,-123.080141
VANCOUVER,E 60TH AVE,KNIGHT ST,6ad1f19a-ed3c-506b-86ef-289057d08b07,"E 60TH AVE & KNIGHT ST, VANCOUVER",49.215478,-123.077071
VANCOUVER,E 60TH AVE,MAIN ST,bca659db-4c0d-5315-8941-b35caad1dfce,"E 60TH AVE & MAIN ST, VANCOUVER",49.215818,-123.101991
VANCOUVER,E 60TH AVE,ONTARIO ST,a0ac3548-54c1-54ee-876d-2ed048610a3b,"E 60TH AVE & ONTARIO ST, VANCOUVER",49.215934,-123.106233
VANCOUVER,E 60TH AVE,PRINCE ALBERT ST,babc79f2-00ad-5f6c-9d9e-3842d35d688b,"E 60TH AVE & PRINCE ALBERT ST, VANCOUVER",49.215578,-123.087916
VANCOUVER,E 60TH AVE,PRINCE EDWARD ST,8652e8fd-5bfb-54e1-9159-bb8352592282,"E 60TH AVE & PRINCE EDWARD ST, VANCOUVER",49.215767,-123.097813
VANCOUVER,E 60TH AVE,ROSS ST,4a24d008-01cc-5fdb-998e-66eb5cbac5f8,"E 60TH AVE & ROSS ST, VANCOUVER",49.215552,-123.083121
VANCOUVER,E 60TH AVE,ST GEORGE ST,c6b067f2-df79-5089-b2a3-58aa5d8a8b0e,"E 60TH AVE & ST GEORGE ST, VANCOUVER",49.215706,-123.094214
VANCOUVER,E 61ST AVE,FRASER ST,638f9310-d45c-5ff5-9687-5793c4466bb6,"E 61ST AVE & FRASER ST, VANCOUVER",49.214816,-123.091047
VANCOUVER,E 61ST AVE,GLADSTONE ST,e53fae68-56b4-57ad-a3d2-1ff82cd020f9,"E 61ST AVE & GLADSTONE ST, VANCOUVER",49.214477,-123.062153
VANCOUVER,E 61ST AVE,INVERNESS ST,1b0877bf-2ccb-55d2-812b-c049fb2e81c6,"E 61ST AVE & INVERNESS ST, VANCOUVER",49.214663,-123.080164
VANCOUVER,E 61ST AVE,JASPER CRES,7b6dd6a9-0f73-5e28-b495-782f0030c168,"E 61ST AVE & JASPER CRES, VANCOUVER",49.214558,-123.070043
VANCOUVER,E 61ST AVE,KNIGHT ST,fad2e852-114b-5d8e-8c21-a767cfbd52c6,"E 61ST AVE & KNIGHT ST, VANCOUVER",49.214627,-123.077086
VANCOUVER,E 61ST AVE,MAIN ST,e8d081f4-479f-5d53-b49a-73dde8c6028d,"E 61ST AVE & MAIN ST, VANCOUVER",49.215001,-123.102023
VANCOUVER,E 61ST AVE,NANAIMO ST,7decf6a5-1e87-57ae-b734-a8d1ed63c949,"E 61ST AVE & NANAIMO ST, VANCOUVER",49.214456,-123.059376
VANCOUVER,E 61ST AVE,ONTARIO ST,b3e1aa43-844b-5e2c-a57e-d9f2e66b5d73,"E 61ST AVE & ONTARIO ST, VANCOUVER",49.215075,-123.106378
VANCOUVER,E 61ST AVE,PRINCE ALBERT ST,c0c6e02f-06a6-574a-8ca8-f2444c35d022,"E 61ST AVE & PRINCE ALBERT ST, VANCOUVER",49.214765,-123.087923
VANCOUVER,E 61ST AVE,PRINCE EDWARD ST,c31ff1fc-6f91-5a47-bee5-69809ef542c6,"E 61ST AVE & PRINCE EDWARD ST, VANCOUVER",49.214931,-123.097837
VANCOUVER,E 61ST AVE,ROSS ST,69675688-1e00-50f3-b236-bc62ccd44b19,"E 61ST AVE & ROSS ST, VANCOUVER",49.21467,-123.083156
VANCOUVER,E 61ST AVE,VICTORIA DR,5160243b-9861-5742-bda8-33629428d4f8,"E 61ST AVE & VICTORIA DR, VANCOUVER",49.214502,-123.066021
VANCOUVER,E 61ST AVE,WINDSOR ST,4e80478c-3a24-5e51-aadc-11c603b6f6b3,"E 61ST AVE & WINDSOR ST, VANCOUVER",49.214727,-123.085698
VANCOUVER,E 62ND AVE,FRASER ST,c3dacdd8-6413-561a-982f-176c4ff137ff,"E 62ND AVE & FRASER ST, VANCOUVER",49.214064,-123.091071
VANCOUVER,E 62ND AVE,INVERNESS ST,d0495160-96bb-5e25-8044-c09ec954c024,"E 62ND AVE & INVERNESS ST, VANCOUVER",49.213787,-123.080165
VANCOUVER,E 62ND AVE,JASPER CRES,471aef1a-238b-5feb-a5a7-57647aea7d8e,"E 62ND AVE & JASPER CRES, VANCOUVER",49.213835,-123.069556
VANCOUVER,E 62ND AVE,KERR ST,369a95ce-5853-5e9d-8c16-3bc30962efdd,"E 62ND AVE & KERR ST, VANCOUVER",49.213821,-123.041599
VANCOUVER,E 62ND AVE,KNIGHT ST,687ba6ff-e04d-567e-a554-65db73892cee,"E 62ND AVE & KNIGHT ST, VANCOUVER",49.213763,-123.077102
VANCOUVER,E 62ND AVE,MAIN ST,56498994-174d-5d55-b37a-b45f6e91f78c,"E 62ND AVE & MAIN ST, VANCOUVER",49.214247,-123.102053
VANCOUVER,E 62ND AVE,MUNROE CRES,9077d14a-16b4-533c-8a4b-424dc1d31d93,"E 62ND AVE & MUNROE CRES, VANCOUVER",49.213783,-123.040225
VANCOUVER,E 62ND AVE,ONTARIO ST,276ba802-3865-5adc-9ff3-03c6bc795fbb,"E 62ND AVE & ONTARIO ST, VANCOUVER",49.214212,-123.106432
VANCOUVER,E 62ND AVE,PRINCE ALBERT ST,d72b3f02-574f-5b60-829f-887853e14520,"E 62ND AVE & PRINCE ALBERT ST, VANCOUVER",49.213886,-123.088029
VANCOUVER,E 62ND AVE,ROSS ST,4540bf99-369e-523b-9245-e5b5ced2950d,"E 62ND AVE & ROSS ST, VANCOUVER",49.213825,-123.083147
VANCOUVER,E 62ND AVE,SPARBROOK CRES,5281a67b-2cc1-5488-9a38-a4565bd78419,"E 62ND AVE & SPARBROOK CRES, VANCOUVER",49.21356,-123.034441
VANCOUVER,E 62ND AVE,ST GEORGE ST,cee4a98a-0bf2-5b77-9df9-abda62ba12ad,"E 62ND AVE & ST GEORGE ST, VANCOUVER",49.214219,-123.094249
VANCOUVER,E 62ND AVE,WINDSOR ST,7ef71e23-a07d-5153-9f3d-0f570a761d74,"E 62ND AVE & WINDSOR ST, VANCOUVER",49.213824,-123.085695
VANCOUVER,E 63RD AVE,FRASER ST,8caf0905-a6da-5ad5-9c94-164a98c6e64a,"E 63RD AVE & FRASER ST, VANCOUVER",49.213023,-123.091102
VANCOUVER,E 63RD AVE,INVERNESS ST,68723a16-ad87-5588-97d2-5711e43cac91,"E 63RD AVE & INVERNESS ST, VANCOUVER",49.212875,-123.079893
VANCOUVER,E 63RD AVE,JASPER CRES,b3617615-ce87-5604-99cd-515a3e90ec9f,"E 63RD AVE & JASPER CRES, VANCOUVER",49.212843,-123.067862
VANCOUVER,E 63RD AVE,KERR ST,bf828e45-3656-5ebc-ba68-b26f760e8a45,"E 63RD AVE & KERR ST, VANCOUVER",49.21304,-123.041638
VANCOUVER,E 63RD AVE,KNIGHT ST,e1ff8287-aacd-5c6c-bb3c-f7667d277fe8,"E 63RD AVE & KNIGHT ST, VANCOUVER",49.21288,-123.077113
VANCOUVER,E 63RD AVE,LEASIDE ST,8648e3fb-6657-5c38-a66f-cbb841211d75,"E 63RD AVE & LEASIDE ST, VANCOUVER",49.212843,-123.069126
VANCOUVER,E 63RD AVE,MAIN ST,ae091003-2c33-52a2-b99b-391bdb1cc223,"E 63RD AVE & MAIN ST, VANCOUVER",49.213255,-123.102093
VANCOUVER,E 63RD AVE,ONTARIO ST,ef1397fa-1470-56f7-917e-6f9f4a7469fc,"E 63RD AVE & ONTARIO ST, VANCOUVER",49.213322,-123.106504
VANCOUVER,E 63RD AVE,PRINCE ALBERT ST,30959a9b-d01e-5a32-a449-86f0b5e5a6ed,"E 63RD AVE & PRINCE ALBERT ST, VANCOUVER",49.212958,-123.088153
VANCOUVER,E 63RD AVE,PRINCE EDWARD ST,c320689e-edd6-53da-9238-41e517af67e4,"E 63RD AVE & PRINCE EDWARD ST, VANCOUVER",49.213432,-123.097883
VANCOUVER,E 63RD AVE,ROSS ST,c6ee5696-0517-5ac4-a519-de751a0b4830,"E 63RD AVE & ROSS ST, VANCOUVER",49.212868,-123.083159
VANCOUVER,E 63RD AVE,SOPHIA ST,4ce270f8-28cb-5b11-a04d-76c1e2dc28ea,"E 63RD AVE & SOPHIA ST, VANCOUVER",49.21359,-123.10022
VANCOUVER,E 63RD AVE,ST GEORGE ST,dbe26bc7-498a-5854-84a4-9407ad0f12d6,"E 63RD AVE & ST GEORGE ST, VANCOUVER",49.213209,-123.094284
VANCOUVER,E 63RD AVE,WINDSOR ST,b28842b0-5228-550a-be1f-64e6f1acfba6,"E 63RD AVE & WINDSOR ST, VANCOUVER",49.212914,-123.085702
VANCOUVER,E 64TH AVE,FRASER ST,6be1719a-147c-5ee3-840b-b1057ac30970,"E 64TH AVE & FRASER ST, VANCOUVER",49.212631,-123.09111
VANCOUVER,E 64TH AVE,HARRISON DR,e20e8610-d567-5523-9d58-6465fff89ed9,"E 64TH AVE & HARRISON DR, VANCOUVER",49.211915,-123.069173
VANCOUVER,E 64TH AVE,INVERNESS ST,7eeea819-b0fc-5ed3-8f76-fa392f512115,"E 64TH AVE & INVERNESS ST, VANCOUVER",49.211966,-123.079892
VANCOUVER,E 64TH AVE,LEASIDE ST,ae1eba89-0850-513b-8d88-5b4dc4b8c28d,"E 64TH AVE & LEASIDE ST, VANCOUVER",49.211915,-123.069173
VANCOUVER,E 64TH AVE,MAIN ST,7f769dcd-f6a1-5f7a-ad38-a49c2d22b73c,"E 64TH AVE & MAIN ST, VANCOUVER",49.21255,-123.102136
VANCOUVER,E 64TH AVE,POPLAR ST,123552c6-5d14-54bf-a5c9-97d155803af5,"E 64TH AVE & POPLAR ST, VANCOUVER",49.212601,-123.093287
VANCOUVER,E 64TH AVE,PRINCE ALBERT ST,e066d726-0e5d-583b-9298-4d8dc6a191b8,"E 64TH AVE & PRINCE ALBERT ST, VANCOUVER",49.211991,-123.088186
VANCOUVER,E 64TH AVE,SE MARINE DR,962dbfab-0d67-5940-8910-e13f896ab572,"E 64TH AVE & SE MARINE DR, VANCOUVER",49.212187,-123.105536
VANCOUVER,E 64TH AVE,SOPHIA ST,fc445eba-6a62-50ed-8d91-57819199efe0,"E 64TH AVE & SOPHIA ST, VANCOUVER",49.212627,-123.100255
VANCOUVER,E 64TH AVE,ST GEORGE ST,7e95f8ec-f500-5591-88b1-6189599323a9,"E 64TH AVE & ST GEORGE ST, VANCOUVER",49.212087,-123.0943
VANCOUVER,E 64TH AVE,VICTORIA DR,b52dee6e-5403-57c9-8d15-650aa9db3610,"E 64TH AVE & VICTORIA DR, VANCOUVER",49.211423,-123.066072
VANCOUVER,E 64TH AVE,WINDSOR ST,1f523da8-c70c-5696-b392-16846ac74edd,"E 64TH AVE & WINDSOR ST, VANCOUVER",49.211991,-123.085732
VANCOUVER,E 65TH AVE,FRASER ST,78adee05-535f-595e-bae2-503ff94302ca,"E 65TH AVE & FRASER ST, VANCOUVER",49.211818,-123.091122
VANCOUVER,E 65TH AVE,MAIN ST,8d73bb0b-4412-5c4c-b514-a5d4ba363a6c,"E 65TH AVE & MAIN ST, VANCOUVER",49.211787,-123.102182
VANCOUVER,E 65TH AVE,PRINCE EDWARD ST,ce3317f6-b653-58a0-9dc7-a18ea165f084,"E 65TH AVE & PRINCE EDWARD ST, VANCOUVER",49.211669,-123.097952
VANCOUVER,E 65TH AVE,SOPHIA ST,1dcb6c70-4eff-53cf-9003-c14ae51badfe,"E 65TH AVE & SOPHIA ST, VANCOUVER",49.211733,-123.100288
VANCOUVER,E 67TH AVE,SHERBROOKE ST,b7b559ae-b5e5-55aa-9b5a-860a969371c9,"E 67TH AVE & SHERBROOKE ST, VANCOUVER",49.209533,-123.08211
VANCOUVER,E 69TH AVE,MAIN ST,de8bd5c8-44e8-5a7c-a168-bf3ac267e354,"E 69TH AVE & MAIN ST, VANCOUVER",49.209332,-123.102331
VANCOUVER,E 69TH AVE,ONTARIO ST,9e11835e-0c8b-538d-8c09-a411e9aa7147,"E 69TH AVE & ONTARIO ST, VANCOUVER",49.209441,-123.106722
VANCOUVER,E 6TH AVE,FRASER ST,78665309-9cda-58c6-ae7e-db06aaad07d0,"E 6TH AVE & FRASER ST, VANCOUVER",49.265222,-123.089089
VANCOUVER,E 6TH AVE,GLEN DR,1097de15-c9a2-59fb-a5e9-f432912b4079,"E 6TH AVE & GLEN DR, VANCOUVER",49.26524,-123.081306
VANCOUVER,E 6TH AVE,GRANDVIEW HWY N,302ef76b-183f-5352-9d2a-22fadf38d5d9,"E 6TH AVE & GRANDVIEW HWY N, VANCOUVER",49.26497,-123.073522
VANCOUVER,E 6TH AVE,GREAT NORTHERN WAY,e859a804-574a-5e4c-b5eb-5ea3611e4632,"E 6TH AVE & GREAT NORTHERN WAY, VANCOUVER",49.26524,-123.081306
VANCOUVER,E 6TH AVE,GUELPH ST,9e02ff57-61bb-52dd-b87c-ec443621c68a,"E 6TH AVE & GUELPH ST, VANCOUVER",49.265267,-123.094878
VANCOUVER,E 6TH AVE,KASLO ST,ab5ea19c-7b6d-594e-a168-4e3f2e8e3f3a,"E 6TH AVE & KASLO ST, VANCOUVER",49.264768,-123.046995
VANCOUVER,E 6TH AVE,KEITH DR,cb110570-4e8d-5f28-a6fd-a6aeaa66ec20,"E 6TH AVE & KEITH DR, VANCOUVER",49.265199,-123.079402
VANCOUVER,E 6TH AVE,LAKEWOOD DR,af62ebe0-8f65-5fc8-aafe-d6bfc3da5a82,"E 6TH AVE & LAKEWOOD DR, VANCOUVER",49.265008,-123.061976
VANCOUVER,E 6TH AVE,LILLOOET ST,0d961f2a-cea7-583e-9dca-7762e5628bc8,"E 6TH AVE & LILLOOET ST, VANCOUVER",49.264726,-123.039033
VANCOUVER,E 6TH AVE,MAIN ST,82e01744-0534-51c4-9da1-6c88f1ba8e7b,"E 6TH AVE & MAIN ST, VANCOUVER",49.265503,-123.100769
VANCOUVER,E 6TH AVE,NANAIMO ST,2ab34cdf-068f-5c46-8107-ac1856c8170b,"E 6TH AVE & NANAIMO ST, VANCOUVER",49.264887,-123.056586
VANCOUVER,E 6TH AVE,NOOTKA ST,b276f66d-25b8-5216-91a4-de7020c60dfd,"E 6TH AVE & NOOTKA ST, VANCOUVER",49.264733,-123.041533
VANCOUVER,E 6TH AVE,ONTARIO ST,fbbdc615-041b-5550-80f2-8018d7cb268f,"E 6TH AVE & ONTARIO ST, VANCOUVER",49.265564,-123.104788
VANCOUVER,E 6TH AVE,PENTICTON ST,21ccbe17-6579-58d2-9cb8-c52b23ca41b1,"E 6TH AVE & PENTICTON ST, VANCOUVER",49.264768,-123.052174
VANCOUVER,E 6TH AVE,PRINCE ALBERT ST,2436124b-a404-591b-a58f-d1a48664d7ba,"E 6TH AVE & PRINCE ALBERT ST, VANCOUVER",49.265204,-123.087132
VANCOUVER,E 6TH AVE,PRINCE EDWARD ST,c2d5b897-1f0c-50af-b442-51868fc5e555,"E 6TH AVE & PRINCE EDWARD ST, VANCOUVER",49.265341,-123.095761
VANCOUVER,E 6TH AVE,QUEBEC ST,3d1223ec-61c1-5f18-b6e8-e0143b017038,"E 6TH AVE & QUEBEC ST, VANCOUVER",49.265531,-123.10286
VANCOUVER,E 6TH AVE,RENFREW ST,2d28866e-855d-5c45-aa24-3a4a41fb4705,"E 6TH AVE & RENFREW ST, VANCOUVER",49.264763,-123.044314
VANCOUVER,E 6TH AVE,RUPERT ST,08912c71-7026-596a-a895-f91142a70fcb,"E 6TH AVE & RUPERT ST, VANCOUVER",49.264705,-123.033749
VANCOUVER,E 6TH AVE,SCOTIA ST,92d64f2d-6339-53cd-8581-e61a6367d7ae,"E 6TH AVE & SCOTIA ST, VANCOUVER",49.265464,-123.098855
VANCOUVER,E 6TH AVE,SEMLIN DR,1d4a04d8-c04c-50ed-8551-1cda6eb4d787,"E 6TH AVE & SEMLIN DR, VANCOUVER",49.265025,-123.063925
VANCOUVER,E 6TH AVE,SLOCAN ST,fe3c5b34-3a82-503c-880f-d4d1eb30b6c6,"E 6TH AVE & SLOCAN ST, VANCOUVER",49.26476,-123.049502
VANCOUVER,E 6TH AVE,ST CATHERINES ST,65973859-87e1-542b-a50a-48e83aaaed44,"E 6TH AVE & ST CATHERINES ST, VANCOUVER",49.2652,-123.085183
VANCOUVER,E 6TH AVE,ST GEORGE ST,aec66b5d-62b8-5ace-ab70-76e28383bf86,"E 6TH AVE & ST GEORGE ST, VANCOUVER",49.265257,-123.092981
VANCOUVER,E 6TH AVE,TEMPLETON DR,578a2c28-247b-5028-b5f5-907ba2e859b3,"E 6TH AVE & TEMPLETON DR, VANCOUVER",49.265001,-123.060059
VANCOUVER,E 6TH AVE,VICTORIA DR,34fb8c3d-eebd-518e-991e-8490ff67897e,"E 6TH AVE & VICTORIA DR, VANCOUVER",49.265048,-123.065851
VANCOUVER,E 6TH AVE,WINDERMERE ST,79668ffe-5d15-5008-8e4c-8df8b9959680,"E 6TH AVE & WINDERMERE ST, VANCOUVER",49.264717,-123.036496
VANCOUVER,E 7TH AVE,FRASER ST,fc7ab4f5-842f-5348-9fa1-12ae3aedc43e,"E 7TH AVE & FRASER ST, VANCOUVER",49.264332,-123.08908
VANCOUVER,E 7TH AVE,GLEN DR,e32f7f10-ec8b-5e1b-b5c9-25d85c60a2eb,"E 7TH AVE & GLEN DR, VANCOUVER",49.264269,-123.081324
VANCOUVER,E 7TH AVE,GUELPH ST,09f59378-61ec-5e1d-a36a-1fa2552f49c4,"E 7TH AVE & GUELPH ST, VANCOUVER",49.264373,-123.094902
VANCOUVER,E 7TH AVE,HWY 1A,6eb9e9f6-7e06-5d96-a7ab-21abf03767dc,"E 7TH AVE & HWY 1A, VANCOUVER",49.264471,-123.100924
VANCOUVER,E 7TH AVE,KAMLOOPS ST,d45b561a-ea7f-5210-bb4a-3c8fd1beb7bc,"E 7TH AVE & KAMLOOPS ST, VANCOUVER",49.26387,-123.054712
VANCOUVER,E 7TH AVE,KASLO ST,01b7442a-277c-5164-9078-daee0241ead2,"E 7TH AVE & KASLO ST, VANCOUVER",49.263862,-123.047022
VANCOUVER,E 7TH AVE,KEITH DR,d16605b0-dec5-5ed4-b451-ae89f373b5db,"E 7TH AVE & KEITH DR, VANCOUVER",49.264251,-123.07941
VANCOUVER,E 7TH AVE,KINGSWAY,7ac30776-dafd-5b25-92de-f5fb6a961276,"E 7TH AVE & KINGSWAY, VANCOUVER",49.264471,-123.100924
VANCOUVER,E 7TH AVE,LAKEWOOD DR,fee87d58-5559-59e8-9bca-6b6ff9b4d0c5,"E 7TH AVE & LAKEWOOD DR, VANCOUVER",49.264135,-123.062
VANCOUVER,E 7TH AVE,LILLOOET ST,fd46f6c9-01b1-5b1b-a2a6-4efd6ecf68d3,"E 7TH AVE & LILLOOET ST, VANCOUVER",49.263841,-123.039048
VANCOUVER,E 7TH AVE,MAIN ST,fda46218-ffc2-5016-ad03-cc72a8cd5636,"E 7TH AVE & MAIN ST, VANCOUVER",49.264471,-123.100924
VANCOUVER,E 7TH AVE,MCLEAN DR,a15d1cbe-87fd-5aa1-918e-a85669e68bd8,"E 7TH AVE & MCLEAN DR, VANCOUVER",49.26421,-123.075559
VANCOUVER,E 7TH AVE,NANAIMO ST,db17b1c3-c785-56c6-a6f3-2bfd203211a5,"E 7TH AVE & NANAIMO ST, VANCOUVER",49.26401,-123.056599
VANCOUVER,E 7TH AVE,NOOTKA ST,9fd6ac5e-fb07-5581-b3e2-72b75dbdf41a,"E 7TH AVE & NOOTKA ST, VANCOUVER",49.263851,-123.041544
VANCOUVER,E 7TH AVE,ONTARIO ST,a10f905d-9ff5-589e-ae36-58646b06ef76,"E 7TH AVE & ONTARIO ST, VANCOUVER",49.264674,-123.10482
VANCOUVER,E 7TH AVE,PRINCE ALBERT ST,8bee61bb-af39-5d75-83db-6b5223921fda,"E 7TH AVE & PRINCE ALBERT ST, VANCOUVER",49.264316,-123.087144
VANCOUVER,E 7TH AVE,PRINCE EDWARD ST,a19d25f0-8117-5b07-9eb5-9e669eb48dc9,"E 7TH AVE & PRINCE EDWARD ST, VANCOUVER",49.2645,-123.095794
VANCOUVER,E 7TH AVE,QUEBEC ST,26652a39-fadc-59fd-b6dd-6b51cddd0a28,"E 7TH AVE & QUEBEC ST, VANCOUVER",49.264635,-123.102895
VANCOUVER,E 7TH AVE,RENFREW ST,e4dc62ba-5ffd-5338-b881-2c114204c408,"E 7TH AVE & RENFREW ST, VANCOUVER",49.263866,-123.044319
VANCOUVER,E 7TH AVE,RUPERT ST,14cbee71-28cb-52dc-958b-835abf763d70,"E 7TH AVE & RUPERT ST, VANCOUVER",49.263816,-123.033756
VANCOUVER,E 7TH AVE,SCOTIA ST,ed87b523-f3f8-5c72-95ed-39637c2f56b3,"E 7TH AVE & SCOTIA ST, VANCOUVER",49.264561,-123.098898
VANCOUVER,E 7TH AVE,SEMLIN DR,296af784-3484-5481-87b6-67308b8dace7,"E 7TH AVE & SEMLIN DR, VANCOUVER",49.264142,-123.063919
VANCOUVER,E 7TH AVE,SLOCAN ST,beb2f555-fa2e-5bff-a169-e777c6ac7689,"E 7TH AVE & SLOCAN ST, VANCOUVER",49.263865,-123.049509
VANCOUVER,E 7TH AVE,ST CATHERINES ST,15f87aee-792b-54bf-983c-9a8f22a189e2,"E 7TH AVE & ST CATHERINES ST, VANCOUVER",49.264299,-123.085205
VANCOUVER,E 7TH AVE,ST GEORGE ST,168d6dd3-6e24-51ab-b9aa-c0c76d29f5aa,"E 7TH AVE & ST GEORGE ST, VANCOUVER",49.264366,-123.092963
VANCOUVER,E 7TH AVE,VICTORIA DR,444986e0-c100-5e70-a080-364dc9d35cc6,"E 7TH AVE & VICTORIA DR, VANCOUVER",49.26415,-123.065867
VANCOUVER,E 7TH AVE,WINDERMERE ST,0c415670-242c-5211-8c6c-2ec45a543a8b,"E 7TH AVE & WINDERMERE ST, VANCOUVER",49.26383,-123.036507
VANCOUVER,E 7TH AVE,WINDSOR ST,592b2b68-5aa1-5234-b549-e5cb9eae0a86,"E 7TH AVE & WINDSOR ST, VANCOUVER",49.264283,-123.083269
VANCOUVER,E 7TH AVE,WOODLAND DR,bc795734-0654-5842-a089-72669480511b,"E 7TH AVE & WOODLAND DR, VANCOUVER",49.264185,-123.073613
VANCOUVER,E 8TH AVE,FRASER ST,be41b596-370b-5474-8705-086bdf6dadc4,"E 8TH AVE & FRASER ST, VANCOUVER",49.263417,-123.0891
VANCOUVER,E 8TH AVE,GARDEN DR,0e7a2b9f-cd0d-5cd8-837d-abb54a8af580,"E 8TH AVE & GARDEN DR, VANCOUVER",49.263172,-123.058146
VANCOUVER,E 8TH AVE,GLEN DR,69ac1a7b-7ceb-5c73-a23a-57c885c5b81e,"E 8TH AVE & GLEN DR, VANCOUVER",49.263361,-123.081331
VANCOUVER,E 8TH AVE,GUELPH ST,6089577b-2018-5078-b893-cad26e4f67e2,"E 8TH AVE & GUELPH ST, VANCOUVER",49.26347,-123.094904
VANCOUVER,E 8TH AVE,KAMLOOPS ST,5b22b3f9-ee58-5dd4-a30e-9bf7072195cc,"E 8TH AVE & KAMLOOPS ST, VANCOUVER",49.262963,-123.054714
VANCOUVER,E 8TH AVE,KASLO ST,3c895ee7-2e43-5f62-b097-8c795f058906,"E 8TH AVE & KASLO ST, VANCOUVER",49.262942,-123.047012
VANCOUVER,E 8TH AVE,KEITH DR,6548ef42-a86c-55ae-ae96-1ee71ee289f1,"E 8TH AVE & KEITH DR, VANCOUVER",49.263342,-123.07942
VANCOUVER,E 8TH AVE,KINGSWAY,79123d4e-504c-5a0e-98b1-df093098ec7a,"E 8TH AVE & KINGSWAY, VANCOUVER",49.263683,-123.100121
VANCOUVER,E 8TH AVE,LAKEWOOD DR,6a519d45-c97a-5c0b-9594-57391471880f,"E 8TH AVE & LAKEWOOD DR, VANCOUVER",49.263211,-123.062027
VANCOUVER,E 8TH AVE,LILLOOET ST,3760b3de-6fef-5178-b55d-172064c731d7,"E 8TH AVE & LILLOOET ST, VANCOUVER",49.26292,-123.039063
VANCOUVER,E 8TH AVE,MAIN ST,9248826f-0e5a-55e0-bc2b-c138c3c6197f,"E 8TH AVE & MAIN ST, VANCOUVER",49.263698,-123.101026
VANCOUVER,E 8TH AVE,MCLEAN DR,b5a97163-bec2-561b-944b-6d7a05bcd272,"E 8TH AVE & MCLEAN DR, VANCOUVER",49.263312,-123.075573
VANCOUVER,E 8TH AVE,NANAIMO ST,21ad8953-58d2-53fd-8631-b9f90af2de06,"E 8TH AVE & NANAIMO ST, VANCOUVER",49.263065,-123.056571
VANCOUVER,E 8TH AVE,NOOTKA ST,b8b3645c-0599-5800-8340-1edc0a5fa9c8,"E 8TH AVE & NOOTKA ST, VANCOUVER",49.262927,-123.041552
VANCOUVER,E 8TH AVE,ONTARIO ST,f7678b59-5cd9-57e3-aec6-58fa35b6d516,"E 8TH AVE & ONTARIO ST, VANCOUVER",49.263766,-123.104855
VANCOUVER,E 8TH AVE,PENTICTON ST,4af31ff3-3e47-59e8-9eaf-cfe3a387ee9e,"E 8TH AVE & PENTICTON ST, VANCOUVER",49.262956,-123.052207
VANCOUVER,E 8TH AVE,PRINCE ALBERT ST,149f37c8-1361-5458-8dac-106f58ffe739,"E 8TH AVE & PRINCE ALBERT ST, VANCOUVER",49.263407,-123.087157
VANCOUVER,E 8TH AVE,PRINCE EDWARD ST,48718594-3732-5633-aab4-404d79ceb91d,"E 8TH AVE & PRINCE EDWARD ST, VANCOUVER",49.263477,-123.095931
VANCOUVER,E 8TH AVE,QUEBEC ST,61be0cc3-459e-51d2-82eb-8f8cfd51847b,"E 8TH AVE & QUEBEC ST, VANCOUVER",49.263732,-123.102931
VANCOUVER,E 8TH AVE,RENFREW ST,3e624a49-40e3-5e49-8845-5eb65061082b,"E 8TH AVE & RENFREW ST, VANCOUVER",49.262933,-123.044329
VANCOUVER,E 8TH AVE,RUPERT ST,b809c407-c414-5b89-a9eb-e8fac2bf842f,"E 8TH AVE & RUPERT ST, VANCOUVER",49.262904,-123.03375
VANCOUVER,E 8TH AVE,SCOTIA ST,e7a35c89-7334-5664-ac86-50f8ac25f714,"E 8TH AVE & SCOTIA ST, VANCOUVER",49.263661,-123.09894
VANCOUVER,E 8TH AVE,SLOCAN ST,137d9d50-792e-51ab-b458-90d55f96e503,"E 8TH AVE & SLOCAN ST, VANCOUVER",49.262954,-123.049573
VANCOUVER,E 8TH AVE,ST CATHERINES ST,8fc0813f-dd35-5bd4-ac4d-3e423f8e25b2,"E 8TH AVE & ST CATHERINES ST, VANCOUVER",49.263391,-123.085224
VANCOUVER,E 8TH AVE,ST GEORGE ST,8625b9d1-808f-5ddb-b88b-67233a099b93,"E 8TH AVE & ST GEORGE ST, VANCOUVER",49.263455,-123.09299
VANCOUVER,E 8TH AVE,VICTORIA DR,a550b42a-a18a-5e25-90b9-8db6c33212af,"E 8TH AVE & VICTORIA DR, VANCOUVER",49.263241,-123.065886
VANCOUVER,E 8TH AVE,WINDERMERE ST,b16d9728-6a12-5dbc-94c1-11f30be05882,"E 8TH AVE & WINDERMERE ST, VANCOUVER",49.262911,-123.036521
VANCOUVER,E 8TH AVE,WINDSOR ST,94a3ba03-3284-5f04-981f-8e37dd4f27a9,"E 8TH AVE & WINDSOR ST, VANCOUVER",49.263375,-123.083294
VANCOUVER,E 8TH AVE,WOODLAND DR,a1578794-b8ab-55f1-aad6-4c859bfdce6e,"E 8TH AVE & WOODLAND DR, VANCOUVER",49.263289,-123.073631
VANCOUVER,E 9TH AVE,GARDEN DR,b8a6ed8f-398b-5003-acda-8530b116068a,"E 9TH AVE & GARDEN DR, VANCOUVER",49.262242,-123.058157
VANCOUVER,E 9TH AVE,KINGSWAY,bcc913b8-db80-58a0-bc31-938020715d5f,"E 9TH AVE & KINGSWAY, VANCOUVER",49.26287,-123.099528
VANCOUVER,E 9TH AVE,MAIN ST,ca734c0e-cb09-5711-b315-ef425c9f3582,"E 9TH AVE & MAIN ST, VANCOUVER",49.262912,-123.100967
VANCOUVER,E 9TH AVE,NANAIMO ST,2ae19a68-ec88-57a0-bd34-55d2ae8f4cb4,"E 9TH AVE & NANAIMO ST, VANCOUVER",49.262131,-123.056591
VANCOUVER,E 9TH AVE,VICTORIA DR,7aa831f7-156e-52f7-b7a8-0ef382f56047,"E 9TH AVE & VICTORIA DR, VANCOUVER",49.262294,-123.065915
VANCOUVER,E BROADWAY,FRASER ST,005831bc-f9ac-59af-87ad-d9f371d509fe,"E BROADWAY & FRASER ST, VANCOUVER",49.262481,-123.089134
VANCOUVER,E BROADWAY,GARDEN DR,f742490a-d1e5-5731-a2b1-b82633db74f9,"E BROADWAY & GARDEN DR, VANCOUVER",49.262242,-123.058157
VANCOUVER,E BROADWAY,GLEN DR,7d5c8426-4501-5105-8d44-b3b82aeaad56,"E BROADWAY & GLEN DR, VANCOUVER",49.262424,-123.08139
VANCOUVER,E BROADWAY,GRANDVIEW HWY N,f7be43b8-0808-50b1-aa2d-f8a9bfcd19ed,"E BROADWAY & GRANDVIEW HWY N, VANCOUVER",49.2623,-123.067164
VANCOUVER,E BROADWAY,GUELPH ST,b99e9295-caf3-5878-9e6b-8c64e6e1e812,"E BROADWAY & GUELPH ST, VANCOUVER",49.262518,-123.094952
VANCOUVER,E BROADWAY,KAMLOOPS ST,6cb44f77-ed9e-5d8c-af0b-d87e63330166,"E BROADWAY & KAMLOOPS ST, VANCOUVER",49.262017,-123.054705
VANCOUVER,E BROADWAY,KASLO ST,1ab58cf0-06bf-5aa7-a9db-fc6c6e083438,"E BROADWAY & KASLO ST, VANCOUVER",49.262002,-123.04704
VANCOUVER,E BROADWAY,KINGSWAY,cbca88e4-c3d8-5974-92ec-dc432652d7b5,"E BROADWAY & KINGSWAY, VANCOUVER",49.26287,-123.099528
VANCOUVER,E BROADWAY,LAKEWOOD DR,b8f2f4ae-7deb-506a-bdc1-ae5d18696bd2,"E BROADWAY & LAKEWOOD DR, VANCOUVER",49.26226,-123.06203
VANCOUVER,E BROADWAY,LILLOOET ST,41ab57cf-bce7-502c-b7f6-0e3d9eaebb1d,"E BROADWAY & LILLOOET ST, VANCOUVER",49.261899,-123.039083
VANCOUVER,E BROADWAY,LOUGHEED HWY,718107fd-c206-58a4-a8b6-9514a6159744,"E BROADWAY & LOUGHEED HWY, VANCOUVER",49.262113,-123.031026
VANCOUVER,E BROADWAY,MAIN ST,9c9ca446-de45-5788-b828-d92d098def57,"E BROADWAY & MAIN ST, VANCOUVER",49.262912,-123.100967
VANCOUVER,E BROADWAY,MCLEAN DR,2eb233c4-fd1c-5de5-96d2-163ad8e9d4ff,"E BROADWAY & MCLEAN DR, VANCOUVER",49.262376,-123.075584
VANCOUVER,E BROADWAY,NANAIMO ST,38ef0382-3377-575f-af67-83801795a5ca,"E BROADWAY & NANAIMO ST, VANCOUVER",49.262131,-123.056591
VANCOUVER,E BROADWAY,NOOTKA ST,b22aa21f-8d3c-50bc-bfc8-641ae1957e11,"E BROADWAY & NOOTKA ST, VANCOUVER",49.261924,-123.041577
VANCOUVER,E BROADWAY,ONTARIO ST,01456726-1094-5782-80c1-95405bd31b2e,"E BROADWAY & ONTARIO ST, VANCOUVER",49.263014,-123.104885
VANCOUVER,E BROADWAY,PENTICTON ST,e9995301-c5ba-5e37-beee-841770b51a18,"E BROADWAY & PENTICTON ST, VANCOUVER",49.262006,-123.05221
VANCOUVER,E BROADWAY,PRINCE ALBERT ST,a461e555-9fbd-56e9-adb0-ff671f213926,"E BROADWAY & PRINCE ALBERT ST, VANCOUVER",49.262469,-123.087187
VANCOUVER,E BROADWAY,PRINCE EDWARD ST,469e59bd-8a4f-5905-8fbe-a249d6101d82,"E BROADWAY & PRINCE EDWARD ST, VANCOUVER",49.262638,-123.096
VANCOUVER,E BROADWAY,QUEBEC ST,f67d9d7d-2ccc-56f3-ae84-13f3b18cd9e5,"E BROADWAY & QUEBEC ST, VANCOUVER",49.262966,-123.102961
VANCOUVER,E BROADWAY,RENFREW ST,1e7f18ef-3312-5daf-96e5-0b267e1ddc42,"E BROADWAY & RENFREW ST, VANCOUVER",49.261948,-123.044314
VANCOUVER,E BROADWAY,RUPERT ST,bcd2f516-b505-5e39-b89a-09c4f59c2a13,"E BROADWAY & RUPERT ST, VANCOUVER",49.261898,-123.033733
VANCOUVER,E BROADWAY,SCOTIA ST,8532b238-41eb-51dc-b4c9-7b7cf49ec901,"E BROADWAY & SCOTIA ST, VANCOUVER",49.262852,-123.098984
VANCOUVER,E BROADWAY,SEMLIN DR,ab906767-df32-542b-96a1-5429cab196e3,"E BROADWAY & SEMLIN DR, VANCOUVER",49.26231,-123.063969
VANCOUVER,E BROADWAY,SLOCAN ST,1081895e-9802-51ed-bec6-09ed79e9892f,"E BROADWAY & SLOCAN ST, VANCOUVER",49.262006,-123.049586
VANCOUVER,E BROADWAY,ST CATHERINES ST,bb4a24b7-23f9-5a15-a601-5ee6b5822b3e,"E BROADWAY & ST CATHERINES ST, VANCOUVER",49.262455,-123.085264
VANCOUVER,E BROADWAY,ST GEORGE ST,ba39eae2-6fd8-5734-9e08-3fb20f186aca,"E BROADWAY & ST GEORGE ST, VANCOUVER",49.262505,-123.093
VANCOUVER,E BROADWAY,VICTORIA DR,28592a74-b917-5635-bf01-fe3f8672a542,"E BROADWAY & VICTORIA DR, VANCOUVER",49.262294,-123.065915
VANCOUVER,E BROADWAY,W BROADWAY,8359e600-99fd-5cfe-90a4-70215c48438a,"E BROADWAY & W BROADWAY, VANCOUVER",49.263014,-123.104885
VANCOUVER,E BROADWAY,WATSON ST,636d376c-0be6-5a7a-9acd-00d003404275,"E BROADWAY & WATSON ST, VANCOUVER",49.262891,-123.100284
VANCOUVER,E BROADWAY,WINDERMERE ST,0d5c5bd4-5627-50c3-a88a-8b6f0ac8fe50,"E BROADWAY & WINDERMERE ST, VANCOUVER",49.261897,-123.036518
VANCOUVER,E BROADWAY,WINDSOR ST,6590c561-b290-5f16-a780-5050476dc0de,"E BROADWAY & WINDSOR ST, VANCOUVER",49.262441,-123.083321
VANCOUVER,E BROADWAY,WOODLAND DR,39b6c029-5873-5edf-8d4c-0748c1c5916c,"E BROADWAY & WOODLAND DR, VANCOUVER",49.262359,-123.073646
VANCOUVER,E CORDOVA ST,GLEN DR,9d495b28-189b-5be9-87d2-cfd38958e775,"E CORDOVA ST & GLEN DR, VANCOUVER",49.281914,-123.081283
VANCOUVER,E CORDOVA ST,GORE AVE,7d537d62-ef48-5e9c-a4f3-447869146d78,"E CORDOVA ST & GORE AVE, VANCOUVER",49.282252,-123.097592
VANCOUVER,E CORDOVA ST,HAWKS AVE,3ecc458f-8072-5747-8af4-aef0cac2bcaa,"E CORDOVA ST & HAWKS AVE, VANCOUVER",49.282047,-123.087109
VANCOUVER,E CORDOVA ST,HEATLEY AVE,f657f9e8-f552-58da-8f5d-c51f608f52a5,"E CORDOVA ST & HEATLEY AVE, VANCOUVER",49.282097,-123.089494
VANCOUVER,E CORDOVA ST,JACKSON AVE,da317d5f-f3ae-5cc8-ab58-2af032b1edb7,"E CORDOVA ST & JACKSON AVE, VANCOUVER",49.282177,-123.093384
VANCOUVER,E CORDOVA ST,MAIN ST,a053245d-3e24-55dd-b963-8b0e9261a029,"E CORDOVA ST & MAIN ST, VANCOUVER",49.282288,-123.09963
VANCOUVER,E CORDOVA ST,PRINCESS AVE,056369e2-c88b-598f-acfa-fcb22ada97e5,"E CORDOVA ST & PRINCESS AVE, VANCOUVER",49.282134,-123.091419
VANCOUVER,E CORDOVA ST,RAYMUR AVE,df11a36a-4e56-5fbd-9db9-c529116f2c82,"E CORDOVA ST & RAYMUR AVE, VANCOUVER",49.281932,-123.082406
VANCOUVER,E GEORGIA ST,GARDEN DR,fb5a4fc1-9697-54dd-b11a-1c77681a1e77,"E GEORGIA ST & GARDEN DR, VANCOUVER",49.278292,-123.057867
VANCOUVER,E GEORGIA ST,GLEN DR,3a02b5a1-b54a-51d2-914d-68df2f4bff17,"E GEORGIA ST & GLEN DR, VANCOUVER",49.278241,-123.081352
VANCOUVER,E GEORGIA ST,GORE AVE,44c2ce88-7af8-5f91-8844-3f6f96a43003,"E GEORGIA ST & GORE AVE, VANCOUVER",49.278531,-123.097066
VANCOUVER,E GEORGIA ST,HAWKS AVE,67c6e86a-8686-5c62-a609-4d526771164e,"E GEORGIA ST & HAWKS AVE, VANCOUVER",49.278347,-123.087282
VANCOUVER,E GEORGIA ST,HEATLEY AVE,b11f8ec3-f8b6-55b6-a0e0-57a05aafd1ac,"E GEORGIA ST & HEATLEY AVE, VANCOUVER",49.278391,-123.089661
VANCOUVER,E GEORGIA ST,JACKSON AVE,eb9300e0-be0f-5f4d-bdb1-bd0ae5a0fe4b,"E GEORGIA ST & JACKSON AVE, VANCOUVER",49.278464,-123.093548
VANCOUVER,E GEORGIA ST,KAMLOOPS ST,8c114506-d281-5fe9-96e5-9576ff034827,"E GEORGIA ST & KAMLOOPS ST, VANCOUVER",49.278289,-123.054603
VANCOUVER,E GEORGIA ST,KASLO ST,cffb244e-ba57-58c5-9204-140a12f02a26,"E GEORGIA ST & KASLO ST, VANCOUVER",49.278278,-123.046709
VANCOUVER,E GEORGIA ST,KOOTENAY ST,678d6e19-f6d2-5d4d-a276-3f2d556d1370,"E GEORGIA ST & KOOTENAY ST, VANCOUVER",49.278264,-123.025722
VANCOUVER,E GEORGIA ST,LAKEWOOD DR,c3327e46-9bc1-5226-9c67-df1935146708,"E GEORGIA ST & LAKEWOOD DR, VANCOUVER",49.278308,-123.061741
VANCOUVER,E GEORGIA ST,LILLOOET ST,5ad81cbd-be2a-545a-a9e3-94c9b1134f1e,"E GEORGIA ST & LILLOOET ST, VANCOUVER",49.278265,-123.038849
VANCOUVER,E GEORGIA ST,MAIN ST,bae1bc83-e077-5b3a-a471-959aab429bd1,"E GEORGIA ST & MAIN ST, VANCOUVER",49.278609,-123.099769
VANCOUVER,E GEORGIA ST,MCLEAN DR,af9d7a1f-d4db-5a5e-bc22-a15a5525b997,"E GEORGIA ST & MCLEAN DR, VANCOUVER",49.278534,-123.07412
VANCOUVER,E GEORGIA ST,NANAIMO ST,93621d3b-e7a8-5a7e-a62a-7be82e0ff572,"E GEORGIA ST & NANAIMO ST, VANCOUVER",49.278291,-123.056557
VANCOUVER,E GEORGIA ST,NOOTKA ST,a92b00c7-66da-5aa2-ac20-ea665e2fa2b5,"E GEORGIA ST & NOOTKA ST, VANCOUVER",49.278265,-123.04146
VANCOUVER,E GEORGIA ST,PENTICTON ST,5c4920a8-d19f-5200-90bf-9b751c065349,"E GEORGIA ST & PENTICTON ST, VANCOUVER",49.278286,-123.051999
VANCOUVER,E GEORGIA ST,PRINCESS AVE,0a8f61f2-de30-5dc4-aa78-ba34645a8ad0,"E GEORGIA ST & PRINCESS AVE, VANCOUVER",49.278427,-123.091603
VANCOUVER,E GEORGIA ST,RENFREW ST,d7109c60-26dd-57c1-a435-9c844d5160b7,"E GEORGIA ST & RENFREW ST, VANCOUVER",49.278277,-123.044098
VANCOUVER,E GEORGIA ST,SALSBURY DR,51d865f9-3854-5db2-a9f4-d0f9fa769b33,"E GEORGIA ST & SALSBURY DR, VANCOUVER",49.27846,-123.068349
VANCOUVER,E GEORGIA ST,SKEENA ST,99c8080a-1136-58a7-a83e-7a84543123a8,"E GEORGIA ST & SKEENA ST, VANCOUVER",49.278254,-123.028343
VANCOUVER,E GEORGIA ST,SLOCAN ST,110c9a61-04f3-52a8-9081-deeeb7c49764,"E GEORGIA ST & SLOCAN ST, VANCOUVER",49.278278,-123.04934
VANCOUVER,E GEORGIA ST,VICTORIA DR,b17d256d-cb8d-5e35-80b6-9c51b629b1bb,"E GEORGIA ST & VICTORIA DR, VANCOUVER",49.27838,-123.065612
VANCOUVER,E GEORGIA ST,WINDERMERE ST,8b146e7d-1b27-58b8-bfe4-1e729a114e69,"E GEORGIA ST & WINDERMERE ST, VANCOUVER",49.278269,-123.036222
VANCOUVER,E HASTINGS ST,E HASTINGS ST OFFRAMP,b5621196-2d24-551f-985a-3e2575481921,"E HASTINGS ST & E HASTINGS ST OFFRAMP, VANCOUVER",49.28117,-123.031463
VANCOUVER,E HASTINGS ST,E HASTINGS ST ONRAMP,418a0d3e-6aa6-5835-adbd-fb436f24e26d,"E HASTINGS ST & E HASTINGS ST ONRAMP, VANCOUVER",49.28117,-123.031463
VANCOUVER,E HASTINGS ST,GARDEN DR,f7684c0f-5b45-5970-a170-8904277c49ba,"E HASTINGS ST & GARDEN DR, VANCOUVER",49.28117,-123.057838
VANCOUVER,E HASTINGS ST,GLEN DR,551c9973-a2ee-5a3e-9c94-6dcf273c7fad,"E HASTINGS ST & GLEN DR, VANCOUVER",49.280967,-123.081304
VANCOUVER,E HASTINGS ST,GORE AVE,af53a62f-1572-5c51-8584-e413247af402,"E HASTINGS ST & GORE AVE, VANCOUVER",49.281312,-123.097465
VANCOUVER,E HASTINGS ST,HAWKS AVE,d5c7dbc3-b717-5bc0-b692-238f432f4004,"E HASTINGS ST & HAWKS AVE, VANCOUVER",49.281092,-123.087162
VANCOUVER,E HASTINGS ST,HEATLEY AVE,b290411a-4a2e-5bc3-96ca-e681ff2071dc,"E HASTINGS ST & HEATLEY AVE, VANCOUVER",49.281164,-123.089531
VANCOUVER,E HASTINGS ST,HWY 1,745ad80e-5139-52eb-83b5-fc77334a3cc6,"E HASTINGS ST & HWY 1, VANCOUVER",49.281193,-123.031483
VANCOUVER,E HASTINGS ST,JACKSON AVE,ab67bfd2-c3c1-51d9-a4c1-93d0da58b003,"E HASTINGS ST & JACKSON AVE, VANCOUVER",49.281237,-123.093427
VANCOUVER,E HASTINGS ST,KAMLOOPS ST,1acf7dea-d986-54d3-9bd8-4650d8c2191e,"E HASTINGS ST & KAMLOOPS ST, VANCOUVER",49.281166,-123.054581
VANCOUVER,E HASTINGS ST,KASLO ST,c2a9e57f-71f4-5f5b-9f4d-6901d93b9e6b,"E HASTINGS ST & KASLO ST, VANCOUVER",49.281154,-123.046659
VANCOUVER,E HASTINGS ST,KOOTENAY AND HASTINGS LOOP,e3260a73-c456-51ba-bb41-94b4ae205ca4,"E HASTINGS ST & KOOTENAY AND HASTINGS LOOP, VANCOUVER",49.281133,-123.026001
VANCOUVER,E HASTINGS ST,KOOTENAY ST,4a9047b6-927b-5742-821c-09bb62c52b52,"E HASTINGS ST & KOOTENAY ST, VANCOUVER",49.281134,-123.025715
VANCOUVER,E HASTINGS ST,LAKEWOOD DR,3ca85247-ca19-592c-b9db-a2bb6f92e2d3,"E HASTINGS ST & LAKEWOOD DR, VANCOUVER",49.281175,-123.061688
VANCOUVER,E HASTINGS ST,LILLOOET ST,64df0b04-d992-5284-82f9-ace798c9f8b2,"E HASTINGS ST & LILLOOET ST, VANCOUVER",49.281161,-123.038842
VANCOUVER,E HASTINGS ST,MAIN ST,7b870f92-686d-5582-b38d-35326f64202a,"E HASTINGS ST & MAIN ST, VANCOUVER",49.281347,-123.099687
VANCOUVER,E HASTINGS ST,MCLEAN DR,f842451c-b7fd-52d9-bf00-72ebcd74b3af,"E HASTINGS ST & MCLEAN DR, VANCOUVER",49.28131,-123.074117
VANCOUVER,E HASTINGS ST,NANAIMO ST,40dd20c5-f511-5e5e-b6bb-bd3ba3fccad2,"E HASTINGS ST & NANAIMO ST, VANCOUVER",49.281168,-123.056544
VANCOUVER,E HASTINGS ST,PENTICTON ST,8bc5eb9a-8d12-5426-b4f0-f684d2812fc8,"E HASTINGS ST & PENTICTON ST, VANCOUVER",49.281162,-123.051974
VANCOUVER,E HASTINGS ST,PRINCESS AVE,73e7d9ac-ac16-5814-8670-61528ce933eb,"E HASTINGS ST & PRINCESS AVE, VANCOUVER",49.281196,-123.091467
VANCOUVER,E HASTINGS ST,RAYMUR AVE,b00214bf-02b7-5cfc-900b-4ce13f6920e5,"E HASTINGS ST & RAYMUR AVE, VANCOUVER",49.280989,-123.082454
VANCOUVER,E HASTINGS ST,RENFREW ST,b59b94e4-16ee-5865-b233-e45446a6d77a,"E HASTINGS ST & RENFREW ST, VANCOUVER",49.281155,-123.044034
VANCOUVER,E HASTINGS ST,SALSBURY DR,d28e7d4f-9904-527c-9917-48fd21f1a288,"E HASTINGS ST & SALSBURY DR, VANCOUVER",49.28124,-123.06829
VANCOUVER,E HASTINGS ST,SEMLIN DR,d9ac5ac6-ff30-56bc-9482-d39b101033e9,"E HASTINGS ST & SEMLIN DR, VANCOUVER",49.28119,-123.063634
VANCOUVER,E HASTINGS ST,SKEENA ST,edfa40bd-d9ac-5e28-8f99-d23e7226d574,"E HASTINGS ST & SKEENA ST, VANCOUVER",49.281132,-123.02833
VANCOUVER,E HASTINGS ST,SLOCAN ST,917a86e2-487d-5dff-85a2-9ac3ff72af88,"E HASTINGS ST & SLOCAN ST, VANCOUVER",49.281159,-123.049336
VANCOUVER,E HASTINGS ST,TEMPLETON DR,508e4d57-9e62-5f63-91a7-7601d66d7dec,"E HASTINGS ST & TEMPLETON DR, VANCOUVER",49.281173,-123.059764
VANCOUVER,E HASTINGS ST,TRANS-CANADA HWY,a2e48044-7b0b-530c-93b7-145f305eabc1,"E HASTINGS ST & TRANS-CANADA HWY, VANCOUVER",49.281193,-123.031483
VANCOUVER,E HASTINGS ST,VERNON DR,7a4855c4-216b-5cfe-8439-374de5758d36,"E HASTINGS ST & VERNON DR, VANCOUVER",49.281115,-123.079159
VANCOUVER,E HASTINGS ST,VICTORIA DR,9afc50fd-e46a-5e17-8dd4-f8583872b498,"E HASTINGS ST & VICTORIA DR, VANCOUVER",49.281211,-123.065573
VANCOUVER,E HASTINGS ST,WINDERMERE ST,e9c6fd3c-a6e5-5705-a95e-63d6d1fa31c2,"E HASTINGS ST & WINDERMERE ST, VANCOUVER",49.281163,-123.036186
VANCOUVER,E HASTINGS ST,WOODLAND DR,4d6c6dab-0b20-5e8f-91d2-7f519d5c42d3,"E HASTINGS ST & WOODLAND DR, VANCOUVER",49.281292,-123.072629
VANCOUVER,E HASTINGS ST OFFRAMP,HWY 1,fede5dec-aab9-56c2-97ed-3c37235dc90d,"E HASTINGS ST OFFRAMP & HWY 1, VANCOUVER",49.281228,-123.031485
VANCOUVER,E HASTINGS ST OFFRAMP,TRANS-CANADA HWY,af15c516-1d0a-5ce7-b447-b5cb97e078cb,"E HASTINGS ST OFFRAMP & TRANS-CANADA HWY, VANCOUVER",49.281228,-123.031485
VANCOUVER,E HASTINGS ST OFFRAMP,TRANS-CANADA HWY OFFRAMP,9f8905a4-c500-57e6-ace0-9e3a23f43b05,"E HASTINGS ST OFFRAMP & TRANS-CANADA HWY OFFRAMP, VANCOUVER",49.287523,-123.030828
VANCOUVER,E HASTINGS ST ONRAMP,HWY 1,b57ecd45-24ff-5a88-8383-8e36ffa9cc94,"E HASTINGS ST ONRAMP & HWY 1, VANCOUVER",49.281088,-123.031476
VANCOUVER,E KENT AVE N,ELLIOTT ST,11bc6b8e-49a7-54d7-8918-c8cbb9b4be8c,"E KENT AVE N & ELLIOTT ST, VANCOUVER",49.20581,-123.056791
VANCOUVER,E KENT AVE N,FRASER ST,7b8ed24a-bfed-506f-ab9e-04ce9978b4dd,"E KENT AVE N & FRASER ST, VANCOUVER",49.208185,-123.091176
VANCOUVER,E KENT AVE N,JELLICOE ST,84b012b7-c2a9-5294-a90b-8cd162f5d535,"E KENT AVE N & JELLICOE ST, VANCOUVER",49.206475,-123.047696
VANCOUVER,E KENT AVE N,KERR ST,ccd24ca8-25a3-5c1b-8449-8c79b26c53f2,"E KENT AVE N & KERR ST, VANCOUVER",49.206787,-123.042257
VANCOUVER,E KENT AVE N,KINROSS ST,58a0bbbe-e578-50eb-a98f-05d9e961e0fa,"E KENT AVE N & KINROSS ST, VANCOUVER",49.206128,-123.036704
VANCOUVER,E KENT AVE N,KNIGHT ST,715286f9-cee4-513a-b92e-07793157268e,"E KENT AVE N & KNIGHT ST, VANCOUVER",49.209377,-123.077138
VANCOUVER,E KENT AVE N,KNIGHT ST BRIDGE,a2daf4db-49c6-505d-a598-d39460e198d7,"E KENT AVE N & KNIGHT ST BRIDGE, VANCOUVER",49.209377,-123.077138
VANCOUVER,E KENT AVE N,MAIN ST,1e27b7fc-ef69-5497-9d7e-e352f0f429d1,"E KENT AVE N & MAIN ST, VANCOUVER",49.207235,-123.102418
VANCOUVER,E KENT AVE N,MORNINGSTAR CRES,fe496175-726a-53a5-88d6-d351d6c7caad,"E KENT AVE N & MORNINGSTAR CRES, VANCOUVER",49.205997,-123.053496
VANCOUVER,E KENT AVE N,NANAIMO ST,3bd68ea1-076d-5513-b164-6a41cd3eab39,"E KENT AVE N & NANAIMO ST, VANCOUVER",49.205962,-123.059577
VANCOUVER,E KENT AVE N,ONTARIO ST,ef4c1922-a97f-5239-8b3d-41684ae2beef,"E KENT AVE N & ONTARIO ST, VANCOUVER",49.206861,-123.106851
VANCOUVER,E KENT AVE N,PRINCE EDWARD ST,314871b4-c4e4-5eb6-8507-435ccc142891,"E KENT AVE N & PRINCE EDWARD ST, VANCOUVER",49.207563,-123.098531
VANCOUVER,E KENT AVE N,ROSS ST,0c78bec2-f875-5a66-81db-75093c471f45,"E KENT AVE N & ROSS ST, VANCOUVER",49.208775,-123.084185
VANCOUVER,E KENT AVE N,ST GEORGE ST,8bcdf77b-0e17-53af-ba75-be2d73059a9c,"E KENT AVE N & ST GEORGE ST, VANCOUVER",49.207942,-123.094045
VANCOUVER,E KENT AVE N,VICTORIA DR,6e1a42fd-1f72-58cf-aa70-5dcd3d0589cb,"E KENT AVE N & VICTORIA DR, VANCOUVER",49.207477,-123.066156
VANCOUVER,E KENT AVE S,FRASER ST,f132717f-56e2-5406-ae6e-0a195e76858f,"E KENT AVE S & FRASER ST, VANCOUVER",49.207903,-123.091185
VANCOUVER,E KENT AVE S,JACK UPPAL ST,28bf1f2e-878f-5bc3-963f-e0b8340ac818,"E KENT AVE S & JACK UPPAL ST, VANCOUVER",49.205402,-123.033673
VANCOUVER,E KENT AVE S,JELLICOE ST,3edcd0c7-8c92-5f82-9b29-81c479a32f53,"E KENT AVE S & JELLICOE ST, VANCOUVER",49.206218,-123.047696
VANCOUVER,E KENT AVE S,KERR ST,f6726e28-917d-53a9-9b80-2e3efe4f99b2,"E KENT AVE S & KERR ST, VANCOUVER",49.206541,-123.042271
VANCOUVER,E KENT AVE S,KINROSS ST,41d2b81c-34f9-5243-bb3a-e6d5037ad3a1,"E KENT AVE S & KINROSS ST, VANCOUVER",49.205827,-123.036736
VANCOUVER,E KENT AVE S,MAIN ST,3a672f46-0634-5e4d-ad6e-467e12d8339b,"E KENT AVE S & MAIN ST, VANCOUVER",49.206969,-123.102426
VANCOUVER,E KENT AVE S,PRINCE EDWARD ST,f119b53c-d80d-50b8-8523-58d2c4e1f072,"E KENT AVE S & PRINCE EDWARD ST, VANCOUVER",49.207302,-123.098547
VANCOUVER,E KENT AVE S,RIVER DISTRICT CROSSING,66b6f683-34c4-5a34-9431-6274c66b43ac,"E KENT AVE S & RIVER DISTRICT CROSSING, VANCOUVER",49.205059,-123.031201
VANCOUVER,E KENT AVE S,ST GEORGE ST,b7538578-b4d3-5df3-95b2-16f6b2d880e0,"E KENT AVE S & ST GEORGE ST, VANCOUVER",49.207693,-123.094046
VANCOUVER,E KENT AVE S,VICTORIA DR,2118ace5-27d2-564a-b548-ad3297411dac,"E KENT AVE S & VICTORIA DR, VANCOUVER",49.207223,-123.066163
VANCOUVER,E KING EDWARD AVE,ELGIN ST,a1ff4d26-79b0-5686-a2ac-30eb72dfcc4e,"E KING EDWARD AVE & ELGIN ST, VANCOUVER",49.248569,-123.082663
VANCOUVER,E KING EDWARD AVE,FRASER ST,069d081d-cff0-5cf3-81a7-3f47872412d8,"E KING EDWARD AVE & FRASER ST, VANCOUVER",49.248662,-123.090155
VANCOUVER,E KING EDWARD AVE,GLEN DR,82e64b91-8331-5133-980e-fb89997a9368,"E KING EDWARD AVE & GLEN DR, VANCOUVER",49.248563,-123.081908
VANCOUVER,E KING EDWARD AVE,INVERNESS ST,6a404edd-5491-5a21-857b-5dfbefc12aba,"E KING EDWARD AVE & INVERNESS ST, VANCOUVER",49.248549,-123.080035
VANCOUVER,E KING EDWARD AVE,JOHN ST,db514b0d-befd-5df0-89f5-40ff29ae5610,"E KING EDWARD AVE & JOHN ST, VANCOUVER",49.24872,-123.097177
VANCOUVER,E KING EDWARD AVE,KINGSWAY,b1a4010e-1145-5301-a744-554ea8c454fd,"E KING EDWARD AVE & KINGSWAY, VANCOUVER",49.248491,-123.072309
VANCOUVER,E KING EDWARD AVE,KNIGHT ST,05287be8-904b-56b0-a50d-50f182b4e654,"E KING EDWARD AVE & KNIGHT ST, VANCOUVER",49.248512,-123.076075
VANCOUVER,E KING EDWARD AVE,MAIN ST,6a53da5c-4a46-5298-b790-a1ec83d6467a,"E KING EDWARD AVE & MAIN ST, VANCOUVER",49.248771,-123.10107
VANCOUVER,E KING EDWARD AVE,ONTARIO ST,c0435313-338b-592c-82d1-98ab8a47aa84,"E KING EDWARD AVE & ONTARIO ST, VANCOUVER",49.248844,-123.104993
VANCOUVER,E KING EDWARD AVE,PRINCE ALBERT ST,7d0a301a-da34-5663-a1c9-6b16d2a9053b,"E KING EDWARD AVE & PRINCE ALBERT ST, VANCOUVER",49.248613,-123.087735
VANCOUVER,E KING EDWARD AVE,PRINCE EDWARD ST,16815dde-ae9f-5439-9e9e-2e3178ff8556,"E KING EDWARD AVE & PRINCE EDWARD ST, VANCOUVER",49.248717,-123.096771
VANCOUVER,E KING EDWARD AVE,QUEBEC ST,8dd4ee68-d7be-55cf-9fce-855a61297f1c,"E KING EDWARD AVE & QUEBEC ST, VANCOUVER",49.248805,-123.103194
VANCOUVER,E KING EDWARD AVE,SOPHIA ST,52621402-8b54-5570-a0ba-0890fd972fd1,"E KING EDWARD AVE & SOPHIA ST, VANCOUVER",49.248741,-123.098894
VANCOUVER,E KING EDWARD AVE,ST CATHERINES ST,87570578-c3af-55cf-ad90-62a6481f49aa,"E KING EDWARD AVE & ST CATHERINES ST, VANCOUVER",49.248592,-123.085847
VANCOUVER,E KING EDWARD AVE,ST GEORGE ST,9e083951-6264-5fa1-9e87-a67967b66082,"E KING EDWARD AVE & ST GEORGE ST, VANCOUVER",49.248686,-123.094061
VANCOUVER,E KING EDWARD AVE,W 25TH AVE,6f418f12-924e-5dd5-9656-4ae7fe880222,"E KING EDWARD AVE & W 25TH AVE, VANCOUVER",49.248844,-123.104993
VANCOUVER,E KING EDWARD AVE,WINDSOR ST,24720557-c8b2-555e-be2c-9bcad959ce84,"E KING EDWARD AVE & WINDSOR ST, VANCOUVER",49.248578,-123.083892
VANCOUVER,E PENDER ST,GARDEN DR,9c801bd1-3e21-5263-8c49-8c3a34eaef56,"E PENDER ST & GARDEN DR, VANCOUVER",49.280233,-123.057847
VANCOUVER,E PENDER ST,GORE AVE,8434cc61-60d5-5476-baf1-d9ef9e37d5cf,"E PENDER ST & GORE AVE, VANCOUVER",49.280335,-123.097304
VANCOUVER,E PENDER ST,HAWKS AVE,6b50db0c-e39e-5a01-b277-3f5cfa578a1f,"E PENDER ST & HAWKS AVE, VANCOUVER",49.280157,-123.087211
VANCOUVER,E PENDER ST,HEATLEY AVE,e6e8fe41-cbed-5cb1-92dd-15dbf1d0ed56,"E PENDER ST & HEATLEY AVE, VANCOUVER",49.280208,-123.08957
VANCOUVER,E PENDER ST,JACKSON AVE,4615c9c4-7b1c-52e8-98f7-f13cac950386,"E PENDER ST & JACKSON AVE, VANCOUVER",49.280271,-123.093473
VANCOUVER,E PENDER ST,KAMLOOPS ST,32a548dc-0cae-531f-90d9-8214ae559820,"E PENDER ST & KAMLOOPS ST, VANCOUVER",49.280231,-123.05459
VANCOUVER,E PENDER ST,KASLO ST,e9e4d802-8b96-5d25-8218-dac091d6452d,"E PENDER ST & KASLO ST, VANCOUVER",49.280214,-123.046675
VANCOUVER,E PENDER ST,KOOTENAY ST,9cb38e64-ef1e-5188-bbd6-fc8578d5669f,"E PENDER ST & KOOTENAY ST, VANCOUVER",49.280207,-123.025733
VANCOUVER,E PENDER ST,LAKEWOOD DR,f40fee88-f231-57d1-9cb8-6e7cd7f97401,"E PENDER ST & LAKEWOOD DR, VANCOUVER",49.280237,-123.061715
VANCOUVER,E PENDER ST,LILLOOET ST,e2d14cb1-c736-517e-a191-1390855aa9ac,"E PENDER ST & LILLOOET ST, VANCOUVER",49.280198,-123.038845
VANCOUVER,E PENDER ST,MAIN ST,be7790fb-7ad8-56eb-84a0-849122224c5b,"E PENDER ST & MAIN ST, VANCOUVER",49.280381,-123.099699
VANCOUVER,E PENDER ST,MCLEAN DR,ac0b8b74-b9b3-5cc3-aa93-9f6097507bdf,"E PENDER ST & MCLEAN DR, VANCOUVER",49.280325,-123.07412
VANCOUVER,E PENDER ST,NANAIMO ST,db3baf5f-e69a-5923-a2b6-d1c68d75fdd9,"E PENDER ST & NANAIMO ST, VANCOUVER",49.280234,-123.056548
VANCOUVER,E PENDER ST,NOOTKA ST,e84ed939-125c-56a3-a034-28c50f7692d5,"E PENDER ST & NOOTKA ST, VANCOUVER",49.280203,-123.041449
VANCOUVER,E PENDER ST,PENTICTON ST,d795e84e-91a6-5937-a6cf-a4805cd0f461,"E PENDER ST & PENTICTON ST, VANCOUVER",49.280229,-123.051983
VANCOUVER,E PENDER ST,PRINCESS AVE,05ebbeee-9fe0-5757-a9e9-83a7451d568d,"E PENDER ST & PRINCESS AVE, VANCOUVER",49.280232,-123.091524
VANCOUVER,E PENDER ST,RAYMUR AVE,d0ec1e87-495e-5708-992f-861240415b40,"E PENDER ST & RAYMUR AVE, VANCOUVER",49.280079,-123.082645
VANCOUVER,E PENDER ST,RENFREW ST,c84f54f7-a391-5171-bc50-2ad3efa60c63,"E PENDER ST & RENFREW ST, VANCOUVER",49.280206,-123.044078
VANCOUVER,E PENDER ST,RUPERT ST,e1359f23-8489-5732-ad20-b5f45695642e,"E PENDER ST & RUPERT ST, VANCOUVER",49.280198,-123.033603
VANCOUVER,E PENDER ST,SALSBURY DR,3a06ff5e-0552-5060-b4c2-db6dd3d3c81d,"E PENDER ST & SALSBURY DR, VANCOUVER",49.280262,-123.06831
VANCOUVER,E PENDER ST,SEMLIN DR,70a01c7a-593f-5b12-93af-db5e91b61e80,"E PENDER ST & SEMLIN DR, VANCOUVER",49.280239,-123.063656
VANCOUVER,E PENDER ST,SKEENA ST,c24c1b9b-8a3f-594c-a793-d18a01b216a7,"E PENDER ST & SKEENA ST, VANCOUVER",49.280211,-123.02833
VANCOUVER,E PENDER ST,SLOCAN ST,f1abe5a6-7222-5bff-a0ff-db953408275f,"E PENDER ST & SLOCAN ST, VANCOUVER",49.280222,-123.049336
VANCOUVER,E PENDER ST,TEMPLETON DR,d5f2acc8-3af0-567b-9011-f8273394d70e,"E PENDER ST & TEMPLETON DR, VANCOUVER",49.280234,-123.059778
VANCOUVER,E PENDER ST,VERNON DR,f73a5dfd-9911-5681-8796-14b3356adc6f,"E PENDER ST & VERNON DR, VANCOUVER",49.280017,-123.079197
VANCOUVER,E PENDER ST,VICTORIA DR,a25f6318-241e-5657-b2bb-43f8fc620f4e,"E PENDER ST & VICTORIA DR, VANCOUVER",49.280242,-123.065586
VANCOUVER,E PENDER ST,WINDERMERE ST,f8681eda-898b-5b17-bf80-49f2885e2a3c,"E PENDER ST & WINDERMERE ST, VANCOUVER",49.280197,-123.036197
VANCOUVER,E PENDER ST,WOODLAND DR,33afdbe4-d263-563b-92be-7213a7f8bab5,"E PENDER ST & WOODLAND DR, VANCOUVER",49.280308,-123.07266
VANCOUVER,E WATERFRONT RD,MAIN ST,ae0b4980-553e-55b3-8494-c69ec8e7fe8d,"E WATERFRONT RD & MAIN ST, VANCOUVER",49.284855,-123.099176
VANCOUVER,E WOODSTOCK AVE,MAIN ST,5d95f92c-eee7-5a4d-97cf-8e0eed0639f0,"E WOODSTOCK AVE & MAIN ST, VANCOUVER",49.233587,-123.101542
VANCOUVER,E WOODSTOCK AVE,QUEBEC ST,ed2004f4-e3c2-57f9-aefe-86f93796d453,"E WOODSTOCK AVE & QUEBEC ST, VANCOUVER",49.233649,-123.103706
VANCOUVER,E WOODSTOCK AVE,SOPHIA ST,a0008143-3a87-55a9-9a71-d22cb1e30d3d,"E WOODSTOCK AVE & SOPHIA ST, VANCOUVER",49.233554,-123.099522
VANCOUVER,EARL FINNING WAY,FOLEY ST,39c9406c-8ca8-5d06-b9f2-31932d5b5b26,"EARL FINNING WAY & FOLEY ST, VANCOUVER",49.267207,-123.086491
VANCOUVER,EARLES ST,EUCLID AVE,d6d475ba-3189-50fc-bcf8-a904f2073b4f,"EARLES ST & EUCLID AVE, VANCOUVER",49.241182,-123.045389
VANCOUVER,EARLES ST,HORLEY ST,500e020a-2f22-5fc0-ab7b-07891cda42ab,"EARLES ST & HORLEY ST, VANCOUVER",49.239725,-123.04678
VANCOUVER,EARLES ST,KINGS AVE,e13bc7d1-7584-5259-bca4-4fb6a0bbe0fb,"EARLES ST & KINGS AVE, VANCOUVER",49.243641,-123.043029
VANCOUVER,EARLES ST,KINGSWAY,bbe0deba-c377-5b16-ba72-f3a0b2fa3919,"EARLES ST & KINGSWAY, VANCOUVER",49.237566,-123.048809
VANCOUVER,EARLES ST,VANNESS AVE,120cd708-5e94-5311-b34a-85db89205915,"EARLES ST & VANNESS AVE, VANCOUVER",49.243075,-123.043582
VANCOUVER,EARLES ST,WARD ST,e1a87816-92a0-5e72-b46f-960dcf135851,"EARLES ST & WARD ST, VANCOUVER",49.239038,-123.047431
VANCOUVER,EAST BLVD,W 41ST AVE,ee954d3d-4e86-5827-8bcd-75eb137f3648,"EAST BLVD & W 41ST AVE, VANCOUVER",49.234578,-123.154989
VANCOUVER,EAST BOULEVARD,LABURNUM ST,785f5aa2-f462-56e6-9db6-f0cbb5df345b,"EAST BOULEVARD & LABURNUM ST, VANCOUVER",49.221398,-123.151099
VANCOUVER,EAST BOULEVARD,MAPLE ST,3307058c-b74d-523c-b84b-609d5f62bc63,"EAST BOULEVARD & MAPLE ST, VANCOUVER",49.224552,-123.152971
VANCOUVER,EAST BOULEVARD,SW MARINE DR,a2a118bb-8874-5ba6-9f3d-168b7e593e40,"EAST BOULEVARD & SW MARINE DR, VANCOUVER",49.208577,-123.144232
VANCOUVER,EAST BOULEVARD,W 16TH AVE,fa3a18b4-5999-57a2-a323-2779a23c7e27,"EAST BOULEVARD & W 16TH AVE, VANCOUVER",49.257278,-123.152464
VANCOUVER,EAST BOULEVARD,W 17TH AVE,91418323-87f3-5b2a-b5d3-c10613f52833,"EAST BOULEVARD & W 17TH AVE, VANCOUVER",49.256326,-123.152498
VANCOUVER,EAST BOULEVARD,W 35TH AVE,dc9da156-ed4b-5feb-b977-d7e83ac5b20c,"EAST BOULEVARD & W 35TH AVE, VANCOUVER",49.240023,-123.154507
VANCOUVER,EAST BOULEVARD,W 37TH AVE,a4d5dd8e-cede-5e67-bb0b-39dbd37d122f,"EAST BOULEVARD & W 37TH AVE, VANCOUVER",49.238282,-123.154893
VANCOUVER,EAST BOULEVARD,W 41ST AVE,77e8d4c1-6aa7-54c7-965c-c4384e6e2186,"EAST BOULEVARD & W 41ST AVE, VANCOUVER",49.234578,-123.154989
VANCOUVER,EAST BOULEVARD,W 42ND AVE,806b62ac-0ed8-5edc-b26c-bf07817bcedf,"EAST BOULEVARD & W 42ND AVE, VANCOUVER",49.233602,-123.155027
VANCOUVER,EAST BOULEVARD,W 43RD AVE,56f59c73-0ed7-5112-8660-b0c67c94b60e,"EAST BOULEVARD & W 43RD AVE, VANCOUVER",49.232705,-123.155062
VANCOUVER,EAST BOULEVARD,W 44TH AVE,d6adbcca-6047-53e7-889a-91d88be9b82d,"EAST BOULEVARD & W 44TH AVE, VANCOUVER",49.231849,-123.155098
VANCOUVER,EAST BOULEVARD,W 45TH AVE,48d24156-087a-599b-95f5-d840445948bc,"EAST BOULEVARD & W 45TH AVE, VANCOUVER",49.23086,-123.155411
VANCOUVER,EAST BOULEVARD,W 46TH AVE,9a2e7dff-d17e-52b1-83bb-f357c4af00cb,"EAST BOULEVARD & W 46TH AVE, VANCOUVER",49.229877,-123.155175
VANCOUVER,EAST BOULEVARD,W 47TH AVE,6273627b-45a0-584f-9ad3-89dd8333fa58,"EAST BOULEVARD & W 47TH AVE, VANCOUVER",49.228977,-123.155208
VANCOUVER,EAST BOULEVARD,W 48TH AVE,47a85de9-e249-52fe-b0a1-e09d402aedb6,"EAST BOULEVARD & W 48TH AVE, VANCOUVER",49.228142,-123.155053
VANCOUVER,EAST BOULEVARD,W 49TH AVE,83c470b2-bb51-5f57-beff-d1cc95feee4d,"EAST BOULEVARD & W 49TH AVE, VANCOUVER",49.227151,-123.154514
VANCOUVER,EAST BOULEVARD,W 50TH AVE,830eea41-d47e-56fa-b0c0-0d8d4d070007,"EAST BOULEVARD & W 50TH AVE, VANCOUVER",49.22583,-123.153733
VANCOUVER,EAST BOULEVARD,W 54TH AVE,234836b1-57b7-55db-b52d-dd19446aa676,"EAST BOULEVARD & W 54TH AVE, VANCOUVER",49.221836,-123.15136
VANCOUVER,EAST BOULEVARD,W 57TH AVE,e2e525eb-664d-52fb-b6be-35f175882b63,"EAST BOULEVARD & W 57TH AVE, VANCOUVER",49.219479,-123.150094
VANCOUVER,EAST BOULEVARD,W 61ST AVE,8cdbe483-33b3-547d-a6e0-53f876e14d1f,"EAST BOULEVARD & W 61ST AVE, VANCOUVER",49.216045,-123.148007
VANCOUVER,EAST BOULEVARD,W 63RD AVE,27fa0604-8202-54fa-b604-16e845e946c0,"EAST BOULEVARD & W 63RD AVE, VANCOUVER",49.21411,-123.147052
VANCOUVER,EAST BOULEVARD,W 64TH AVE,0be7867b-a55d-57bf-83c5-c54f9f457668,"EAST BOULEVARD & W 64TH AVE, VANCOUVER",49.213255,-123.146638
VANCOUVER,EAST BOULEVARD,W 65TH AVE,b272c33d-9947-566e-a7ad-529ca861fc22,"EAST BOULEVARD & W 65TH AVE, VANCOUVER",49.21235,-123.146072
VANCOUVER,EAST BOULEVARD,W 66TH AVE,6ef4bca7-c7cf-5683-abb7-01f09ab73a36,"EAST BOULEVARD & W 66TH AVE, VANCOUVER",49.211455,-123.145623
VANCOUVER,EAST BOULEVARD,W KING EDWARD AVE,eaa08b40-acf5-5022-a662-b2c08abbaf3d,"EAST BOULEVARD & W KING EDWARD AVE, VANCOUVER",49.251522,-123.152535
VANCOUVER,EDDINGTON DR,PUGET DR,c2971fea-a8ae-5408-9fcc-b352cd09ea2d,"EDDINGTON DR & PUGET DR, VANCOUVER",49.245017,-123.163377
VANCOUVER,EDDINGTON DR,TOWNLEY ST,70afef87-f71a-5721-b074-e7c04e160241,"EDDINGTON DR & TOWNLEY ST, VANCOUVER",49.246179,-123.158218
VANCOUVER,EDDINGTON DR,VALLEY DR,49502b9f-1772-5abd-96a8-93f10eb5a566,"EDDINGTON DR & VALLEY DR, VANCOUVER",49.246772,-123.157138
VANCOUVER,EDDINGTON DR,YEW ST,f38bbfd8-cecd-5f6a-b047-b6a21c2027b0,"EDDINGTON DR & YEW ST, VANCOUVER",49.246946,-123.154756
VANCOUVER,EIHU LANE,JERVIS ST,b3524453-351c-5bd4-847a-a54b1c02c912,"EIHU LANE & JERVIS ST, VANCOUVER",49.28736,-123.128009
VANCOUVER,EIHU LANE,NICOLA ST,0f972fc2-7367-54d7-8acf-51a478269a38,"EIHU LANE & NICOLA ST, VANCOUVER",49.288995,-123.1306
VANCOUVER,EIHU LANE,ROBSON ST,4c83bf38-d996-594d-a90a-45fb7960d9e1,"EIHU LANE & ROBSON ST, VANCOUVER",49.286603,-123.127926
VANCOUVER,EIHU LANE,THURLOW ST,002f30da-cb0a-56c2-a911-2755e240e8c2,"EIHU LANE & THURLOW ST, VANCOUVER",49.284968,-123.124286
VANCOUVER,ELDORADO MEWS,KINGSWAY,c931cc84-59a7-58c7-adf7-8370d7f0d88f,"ELDORADO MEWS & KINGSWAY, VANCOUVER",49.241568,-123.057462
VANCOUVER,ELIZABETH ST,W 37TH AVE,fb0b3bc4-1a1f-5efe-9861-69539777df28,"ELIZABETH ST & W 37TH AVE, VANCOUVER",49.237063,-123.111918
VANCOUVER,ELIZABETH ST,W 39TH AVE,4087f9e7-9050-5d65-8051-84a8d49ca311,"ELIZABETH ST & W 39TH AVE, VANCOUVER",49.235648,-123.111963
VANCOUVER,ELIZABETH ST,W 41ST AVE,aacecf86-1213-5cc6-b679-6d9fbc99b2b7,"ELIZABETH ST & W 41ST AVE, VANCOUVER",49.233382,-123.112074
VANCOUVER,ELLIOTT ST,LYNBROOK DR,f0461a93-a546-5271-b709-50d84fa2eb76,"ELLIOTT ST & LYNBROOK DR, VANCOUVER",49.217149,-123.053664
VANCOUVER,ELLIOTT ST,QUAYSIDE CRT,67764554-3c59-524d-b61e-7faab6317d0e,"ELLIOTT ST & QUAYSIDE CRT, VANCOUVER",49.206162,-123.05682
VANCOUVER,ELLIOTT ST,ROSEDALE DR,e6969841-67c3-5b47-824b-5c17aecd651a,"ELLIOTT ST & ROSEDALE DR, VANCOUVER",49.207973,-123.056688
VANCOUVER,ELLIOTT ST,SE MARINE DR,3f4a0edc-b6e1-588f-9d98-300e0c58032d,"ELLIOTT ST & SE MARINE DR, VANCOUVER",49.207107,-123.056819
VANCOUVER,ELLIOTT ST,VIVIAN DR,a9cd0248-4560-5379-b0ea-2f978f3cdeff,"ELLIOTT ST & VIVIAN DR, VANCOUVER",49.2127,-123.055117
VANCOUVER,ELLIOTT ST,WAVERLEY AVE,d3324442-2f16-5798-95c2-0ad08d825442,"ELLIOTT ST & WAVERLEY AVE, VANCOUVER",49.226764,-123.054664
VANCOUVER,ELM ST,W 31ST AVE,940756c9-edb6-500d-97d9-ee7bce22b9d9,"ELM ST & W 31ST AVE, VANCOUVER",49.244183,-123.164245
VANCOUVER,ELM ST,W 37TH AVE,4c380477-9dbe-59e7-a335-a8163c21fe32,"ELM ST & W 37TH AVE, VANCOUVER",49.238447,-123.164053
VANCOUVER,ELM ST,W 39TH AVE,a677e8f8-07bf-5d32-a443-162ebe81fe1f,"ELM ST & W 39TH AVE, VANCOUVER",49.23656,-123.16412
VANCOUVER,ELM ST,W 41ST AVE,67d06200-6995-51f1-9635-3018cdccfeaa,"ELM ST & W 41ST AVE, VANCOUVER",49.234702,-123.164156
VANCOUVER,ELM ST,W 43RD AVE,8615de85-f822-5241-adf7-2b9c3a5cf535,"ELM ST & W 43RD AVE, VANCOUVER",49.232856,-123.16425
VANCOUVER,ELM ST,W 45TH AVE,0db3cf4f-d43d-5087-b36d-35507b361eba,"ELM ST & W 45TH AVE, VANCOUVER",49.230995,-123.164344
VANCOUVER,ELM ST,W 47TH AVE,45a926ef-7324-584c-8ece-b3d35eb4c204,"ELM ST & W 47TH AVE, VANCOUVER",49.229149,-123.164381
VANCOUVER,ELM ST,W 49TH AVE,50038186-b818-5878-af55-62d0dfc74ee0,"ELM ST & W 49TH AVE, VANCOUVER",49.227283,-123.164447
VANCOUVER,ELMHURST DR,KILLARNEY ST,e61a9744-2d11-50c7-9f79-965b0f1cec9e,"ELMHURST DR & KILLARNEY ST, VANCOUVER",49.218055,-123.046529
VANCOUVER,ETON ST,N GARDEN DR,5a00676e-60a8-5594-992d-799538c402d9,"ETON ST & N GARDEN DR, VANCOUVER",49.287513,-123.057704
VANCOUVER,ETON ST,N KAMLOOPS ST,542bc1a6-1432-5c88-966f-4ae8a980ab1c,"ETON ST & N KAMLOOPS ST, VANCOUVER",49.287726,-123.054574
VANCOUVER,ETON ST,N KASLO ST,b27c9ce8-9b22-55fc-a0de-77079df4abd1,"ETON ST & N KASLO ST, VANCOUVER",49.287709,-123.046695
VANCOUVER,ETON ST,N NANAIMO ST,3ee24630-ba6b-5a62-8aa5-b2ac9fc557f1,"ETON ST & N NANAIMO ST, VANCOUVER",49.287632,-123.056498
VANCOUVER,ETON ST,N PENTICTON ST,b5e524a5-971e-5520-95e2-acccf00bd655,"ETON ST & N PENTICTON ST, VANCOUVER",49.287735,-123.051948
VANCOUVER,ETON ST,N RENFREW ST,5089f845-3b8e-5ffa-ba82-7ae235426d58,"ETON ST & N RENFREW ST, VANCOUVER",49.287699,-123.044033
VANCOUVER,ETON ST,N SLOCAN ST,71d1769e-373f-50a9-8a94-4914cd09bd59,"ETON ST & N SLOCAN ST, VANCOUVER",49.28772,-123.049306
VANCOUVER,ETON ST,N TEMPLETON DR,ead5b941-0183-58cd-9537-7fc89ac66221,"ETON ST & N TEMPLETON DR, VANCOUVER",49.287522,-123.059655
VANCOUVER,ETON ST,WALL ST,515251a7-2bcc-5ccc-bd43-8245c9892121,"ETON ST & WALL ST, VANCOUVER",49.287541,-123.060753
VANCOUVER,EUCLID AVE,JOYCE ST,f2859035-cd46-5581-a13a-390f6c494f90,"EUCLID AVE & JOYCE ST, VANCOUVER",49.236424,-123.033627
VANCOUVER,EUCLID AVE,KILLARNEY ST,04f771fa-17b5-5f2f-93ef-f9cce287f2a0,"EUCLID AVE & KILLARNEY ST, VANCOUVER",49.240005,-123.042475
VANCOUVER,EUCLID AVE,MANOR ST,7a4244be-dedc-595f-ba1b-c0231a3a3db9,"EUCLID AVE & MANOR ST, VANCOUVER",49.239623,-123.041527
VANCOUVER,EUCLID AVE,MCHARDY ST,f6e9f9ff-ef88-5d05-a06b-f79acdc1e682,"EUCLID AVE & MCHARDY ST, VANCOUVER",49.237582,-123.03647
VANCOUVER,EUCLID AVE,MCKINNON ST,c5bb5f86-18ce-5dea-adc3-696b513e5b69,"EUCLID AVE & MCKINNON ST, VANCOUVER",49.23725,-123.035639
VANCOUVER,EUCLID AVE,MOSS ST,661ed3e6-61fd-5116-8f34-f53b26bca93b,"EUCLID AVE & MOSS ST, VANCOUVER",49.240764,-123.044352
VANCOUVER,EUCLID AVE,RUPERT ST,b50bfa97-8dbc-5b3f-af1b-9b60248df869,"EUCLID AVE & RUPERT ST, VANCOUVER",49.238824,-123.039553
VANCOUVER,EUCLID AVE,SLOCAN ST,ad85ab15-cd53-541c-873e-0559f641bec1,"EUCLID AVE & SLOCAN ST, VANCOUVER",49.243273,-123.050859
VANCOUVER,EUCLID AVE,SPENCER ST,3e55df71-ba4b-593d-802f-6f3f0af533f1,"EUCLID AVE & SPENCER ST, VANCOUVER",49.238363,-123.038419
VANCOUVER,EUCLID AVE,TAUNTON ST,981c11e2-4e87-5696-99d4-dc621ab392c5,"EUCLID AVE & TAUNTON ST, VANCOUVER",49.237867,-123.03718
VANCOUVER,EUCLID AVE,TYNE ST,a8935202-91c6-5a9a-a46f-b0f6a25a34e0,"EUCLID AVE & TYNE ST, VANCOUVER",49.235177,-123.030455
VANCOUVER,EVANS AVE,GLEN DR,3303382e-c41f-55eb-a8a9-5a1782492d17,"EVANS AVE & GLEN DR, VANCOUVER",49.270789,-123.081484
VANCOUVER,EVANS AVE,THORNTON ST,9b93f67f-df5d-5692-8a90-5c1c0e68f6a8,"EVANS AVE & THORNTON ST, VANCOUVER",49.272753,-123.092921
VANCOUVER,EVELEIGH ST,THURLOW ST,1dc54c0b-0a4a-5849-8f97-bce629b43415,"EVELEIGH ST & THURLOW ST, VANCOUVER",49.287208,-123.120861
VANCOUVER,EXIT 25,HWY 1,98f76c59-2ec7-501b-9b95-fef415aad4c3,"EXIT 25 & HWY 1, VANCOUVER",49.287308,-123.030603
VANCOUVER,EXIT 27,HWY 1,b3fc3f17-cd38-56fa-80b4-95deaeb848fe,"EXIT 27 & HWY 1, VANCOUVER",49.269452,-123.027611
VANCOUVER,EXPO BLVD,GEORGIA VIADUCT,ae5a96f4-f615-57e2-be60-5a7031d02c59,"EXPO BLVD & GEORGIA VIADUCT, VANCOUVER",49.277816,-123.110796
VANCOUVER,EXPO BLVD,GRIFFITHS WAY,e1c4ab36-8f5f-5dfc-b082-bbff6e1ce999,"EXPO BLVD & GRIFFITHS WAY, VANCOUVER",49.277891,-123.110374
VANCOUVER,EXPO BLVD,NELSON ST,e64ec321-3781-5af6-9f87-d5fd1e44632e,"EXPO BLVD & NELSON ST, VANCOUVER",49.274885,-123.11598
VANCOUVER,EXPO BLVD,PACIFIC BLVD,c11013ec-4eb6-5263-9d08-c7d228fb7b48,"EXPO BLVD & PACIFIC BLVD, VANCOUVER",49.274554,-123.119271
VANCOUVER,EXPO BLVD,PAT QUINN WAY,74eb31f5-29f9-5e19-8cfe-f05374f31681,"EXPO BLVD & PAT QUINN WAY, VANCOUVER",49.278645,-123.107641
VANCOUVER,EXPO BLVD,QUEBEC ST,c544b966-811a-5f6f-9d13-aa24d0b94a97,"EXPO BLVD & QUEBEC ST, VANCOUVER",49.276605,-123.102299
VANCOUVER,EXPO BLVD,SMITHE ST,82c57050-46cc-535f-b7bb-1f3db9ddea45,"EXPO BLVD & SMITHE ST, VANCOUVER",49.275209,-123.114561
VANCOUVER,FAIRMONT ST,HORLEY ST,4bdbe966-6038-52bc-bfb1-45d4a1b2f1e4,"FAIRMONT ST & HORLEY ST, VANCOUVER",49.238832,-123.044553
VANCOUVER,FAIRMONT ST,KINGSWAY,831bb65f-4e3b-5197-8d94-09699d17c60c,"FAIRMONT ST & KINGSWAY, VANCOUVER",49.236702,-123.046693
VANCOUVER,FAIRMONT ST,VANNESS AVE,687eb89d-8cf6-553a-8f08-8dc12b45180e,"FAIRMONT ST & VANNESS AVE, VANCOUVER",49.242265,-123.041599
VANCOUVER,FALAISE AVE,FALAISE PL,5a975f18-3d9d-5300-9cfc-6c751bc226fa,"FALAISE AVE & FALAISE PL, VANCOUVER",49.256189,-123.028434
VANCOUVER,FALAISE AVE,MATAPAN CRES,1d3e99a0-e917-5c1f-b2ec-8c305f6c2f9a,"FALAISE AVE & MATAPAN CRES, VANCOUVER",49.25558,-123.029372
VANCOUVER,FALAISE AVE,WORTHINGTON DR,d6bf0c0b-55ce-5029-8312-1612eead5add,"FALAISE AVE & WORTHINGTON DR, VANCOUVER",49.254765,-123.03053
VANCOUVER,FELLOWES ST,MCGILL ST,f03e07ed-f9d5-5ed5-b72d-cd1f111b9275,"FELLOWES ST & MCGILL ST, VANCOUVER",49.288698,-123.027319
VANCOUVER,FELLOWES ST,N BOUNDARY RD,76fea187-53e7-5400-8c32-2c1a2061ee1d,"FELLOWES ST & N BOUNDARY RD, VANCOUVER",49.291966,-123.023341
VANCOUVER,FELLOWS ST,MCGILL ST,b483cc39-2104-55b7-b24a-62a73c7993c8,"FELLOWS ST & MCGILL ST, VANCOUVER",49.288698,-123.027319
VANCOUVER,FERNDALE ST,GARDEN DR,926f49de-29a0-5c45-8edb-f419272e2b8d,"FERNDALE ST & GARDEN DR, VANCOUVER",49.279641,-123.057853
VANCOUVER,FERNDALE ST,LAKEWOOD DR,7cb4b2b4-9dbe-562a-b60b-e52a0050a0f2,"FERNDALE ST & LAKEWOOD DR, VANCOUVER",49.279663,-123.061738
VANCOUVER,FERNDALE ST,NANAIMO ST,43f8f933-186c-5850-b035-b2b4db035dd9,"FERNDALE ST & NANAIMO ST, VANCOUVER",49.279631,-123.056552
VANCOUVER,FERNDALE ST,TEMPLETON DR,a9266184-e918-5628-89a5-34e89b25f017,"FERNDALE ST & TEMPLETON DR, VANCOUVER",49.279655,-123.059787
VANCOUVER,FERNDALE ST,VICTORIA DR,16d70a54-b507-5efd-96bf-b06860bb93d6,"FERNDALE ST & VICTORIA DR, VANCOUVER",49.279672,-123.065595
VANCOUVER,FIELDSTONE AVE,SE MARINE DR,5b537de6-4405-5009-8ebb-3d14c54870cf,"FIELDSTONE AVE & SE MARINE DR, VANCOUVER",49.20841,-123.034655
VANCOUVER,FINDLAY ST,VICTORIA DIVERS,9c3e08bb-2cae-5749-9386-d671dafd2e2b,"FINDLAY ST & VICTORIA DIVERS, VANCOUVER",49.254248,-123.067997
VANCOUVER,FIR ST,MARPOLE AVE,97ddb9c1-7d94-58f3-bd60-f13ddd81920f,"FIR ST & MARPOLE AVE, VANCOUVER",49.255872,-123.140565
VANCOUVER,FIR ST,W 10TH AVE,044c6f48-59b2-5491-8fac-5153278db754,"FIR ST & W 10TH AVE, VANCOUVER",49.262677,-123.141066
VANCOUVER,FIR ST,W 11TH AVE,21b53fdf-5c38-5258-8fef-6c8d5d24637c,"FIR ST & W 11TH AVE, VANCOUVER",49.261738,-123.141104
VANCOUVER,FIR ST,W 12TH AVE,3cf90d9d-98d2-5342-8ded-08ec77f700a8,"FIR ST & W 12TH AVE, VANCOUVER",49.260842,-123.14114
VANCOUVER,FIR ST,W 13TH AVE,77353663-3261-59fe-ba8f-e895a89fefeb,"FIR ST & W 13TH AVE, VANCOUVER",49.259853,-123.141183
VANCOUVER,FIR ST,W 14TH AVE,6cb3eedd-384f-5bad-ad68-5e620b317968,"FIR ST & W 14TH AVE, VANCOUVER",49.258953,-123.141217
VANCOUVER,FIR ST,W 15TH AVE,9a513c6b-b1c4-5717-a372-3dba85bc16b3,"FIR ST & W 15TH AVE, VANCOUVER",49.258033,-123.141253
VANCOUVER,FIR ST,W 16TH AVE,9f06aec2-4e66-5a89-ae69-23072323f706,"FIR ST & W 16TH AVE, VANCOUVER",49.257099,-123.141293
VANCOUVER,FIR ST,W 1ST AVE,b6c6cedf-01e7-52b8-bc95-1ed1648bd6e9,"FIR ST & W 1ST AVE, VANCOUVER",49.270843,-123.141389
VANCOUVER,FIR ST,W 2ND AVE,f5757fcd-0b22-5a39-b879-d9968e669977,"FIR ST & W 2ND AVE, VANCOUVER",49.269712,-123.140791
VANCOUVER,FIR ST,W 3RD AVE,1614cb16-d796-5561-b59f-0d42e8c0597f,"FIR ST & W 3RD AVE, VANCOUVER",49.26882,-123.140806
VANCOUVER,FIR ST,W 4TH AVE,24c3d5f6-c09c-5b2e-bfb7-907a4bc93eed,"FIR ST & W 4TH AVE, VANCOUVER",49.267924,-123.140873
VANCOUVER,FIR ST,W 5TH AVE,a64f8a4d-1072-5e91-96db-e7eb186844a6,"FIR ST & W 5TH AVE, VANCOUVER",49.267107,-123.140907
VANCOUVER,FIR ST,W 6TH AVE,6bb4e388-e794-5142-883c-746fb379815f,"FIR ST & W 6TH AVE, VANCOUVER",49.266223,-123.140934
VANCOUVER,FIR ST,W 7TH AVE,70859f6f-4624-59e2-8261-384ab704635b,"FIR ST & W 7TH AVE, VANCOUVER",49.26538,-123.140927
VANCOUVER,FIR ST,W 8TH AVE,bd88a780-b45e-542f-9543-772fbe715fcc,"FIR ST & W 8TH AVE, VANCOUVER",49.264554,-123.141085
VANCOUVER,FIR ST,W BROADWAY,5c73b232-9758-5326-9d74-25315edb9e0e,"FIR ST & W BROADWAY, VANCOUVER",49.263614,-123.141026
VANCOUVER,FIR ST OFFRAMP,GRANVILLE BRIDGE,335dd6b4-dad7-5731-aab8-26e920084b86,"FIR ST OFFRAMP & GRANVILLE BRIDGE, VANCOUVER",49.267898,-123.138396
VANCOUVER,FIR ST OFFRAMP,GRANVILLE ST,790d3d19-2c04-5c80-93b1-bdeeef7bc105,"FIR ST OFFRAMP & GRANVILLE ST, VANCOUVER",49.267898,-123.138396
VANCOUVER,FOLEY ST,GREAT NORTHERN WAY,9e204d25-c96d-5950-b731-a4fd8c8ba411,"FOLEY ST & GREAT NORTHERN WAY, VANCOUVER",49.266212,-123.086553
VANCOUVER,FORGE WALK,SITKA SQ,86e58477-8c9b-54bc-95ea-fa2b20c2a704,"FORGE WALK & SITKA SQ, VANCOUVER",49.26702,-123.128912
VANCOUVER,FOSTER AVE,LINCOLN ST,27faf792-c564-50cd-b29c-eff877f89184,"FOSTER AVE & LINCOLN ST, VANCOUVER",49.234129,-123.02592
VANCOUVER,FOSTER AVE,MELBOURNE ST,1a349eaa-dd89-5700-b388-85e9a25c4bbc,"FOSTER AVE & MELBOURNE ST, VANCOUVER",49.234023,-123.029255
VANCOUVER,FOSTER AVE,OBEN ST,3aac2efd-7dd2-518e-b570-7adf6f9128f6,"FOSTER AVE & OBEN ST, VANCOUVER",49.234129,-123.027008
VANCOUVER,FOSTER AVE,ORMIDALE ST,7fc052ca-8f46-54d1-84fa-2d3650799b55,"FOSTER AVE & ORMIDALE ST, VANCOUVER",49.234127,-123.024822
VANCOUVER,FOSTER AVE,TYNE ST,56483285-2227-5d95-ae6d-48e123217702,"FOSTER AVE & TYNE ST, VANCOUVER",49.234024,-123.030419
VANCOUVER,FOUNTAIN WAY CRT,LAMEYS MILL RD,80101ec4-8f5e-5828-a273-06efeef6f3f9,"FOUNTAIN WAY CRT & LAMEYS MILL RD, VANCOUVER",49.267563,-123.135462
VANCOUVER,FRANCES ST,MCLEAN DR,9a5c56f3-b4e8-56e2-8086-0324ee20a6f7,"FRANCES ST & MCLEAN DR, VANCOUVER",49.279428,-123.074119
VANCOUVER,FRANCES ST,SALSBURY DR,69a9fb14-8d4f-530e-b47d-d1deb32e4858,"FRANCES ST & SALSBURY DR, VANCOUVER",49.27935,-123.06833
VANCOUVER,FRANCES ST,VERNON DR,b2f7f743-8f54-5884-a897-85c186aa2f85,"FRANCES ST & VERNON DR, VANCOUVER",49.279492,-123.079213
VANCOUVER,FRANCES ST,VICTORIA DR,70c100e4-1867-589a-933d-0bb2804be5e5,"FRANCES ST & VICTORIA DR, VANCOUVER",49.279236,-123.065599
VANCOUVER,FRANCES ST,WOODLAND DR,f8c2fc1f-e91e-508b-994f-8e978e043340,"FRANCES ST & WOODLAND DR, VANCOUVER",49.279408,-123.072682
VANCOUVER,FRANKLIN ST,GARDEN DR,12a54aea-a5dd-5c8d-8d51-fd9ccc636744,"FRANKLIN ST & GARDEN DR, VANCOUVER",49.282061,-123.057817
VANCOUVER,FRANKLIN ST,GLEN DR,132189e5-a3ff-5c2c-9af9-1d7302384a91,"FRANKLIN ST & GLEN DR, VANCOUVER",49.282314,-123.081271
VANCOUVER,FRANKLIN ST,KAMLOOPS ST,c5fe206a-a965-54c5-8556-8994fe351f42,"FRANKLIN ST & KAMLOOPS ST, VANCOUVER",49.282068,-123.05458
VANCOUVER,FRANKLIN ST,KASLO ST,9c465937-b213-52c8-9bba-9219ac5eb9be,"FRANKLIN ST & KASLO ST, VANCOUVER",49.28206,-123.04666
VANCOUVER,FRANKLIN ST,KOOTENAY ST,d51a54ab-1e5a-5045-8b40-a04955c1a796,"FRANKLIN ST & KOOTENAY ST, VANCOUVER",49.282052,-123.025705
VANCOUVER,FRANKLIN ST,LAKEWOOD DR,314d662e-51c8-5da0-9060-65b8037741f4,"FRANKLIN ST & LAKEWOOD DR, VANCOUVER",49.282105,-123.061682
VANCOUVER,FRANKLIN ST,MCLEAN DR,644da1cb-c7f9-5e82-aaa7-20eb4f15301f,"FRANKLIN ST & MCLEAN DR, VANCOUVER",49.282228,-123.074092
VANCOUVER,FRANKLIN ST,NANAIMO ST,0a547239-7ae9-5cfd-935e-799ab2278a41,"FRANKLIN ST & NANAIMO ST, VANCOUVER",49.282071,-123.056539
VANCOUVER,FRANKLIN ST,PENTICTON ST,f4d76966-b90a-56c8-9eac-c6d976133958,"FRANKLIN ST & PENTICTON ST, VANCOUVER",49.282066,-123.051968
VANCOUVER,FRANKLIN ST,RENFREW ST,4a2a20e2-1841-59ed-8d68-c173dc4b665a,"FRANKLIN ST & RENFREW ST, VANCOUVER",49.282057,-123.043983
VANCOUVER,FRANKLIN ST,SALSBURY DR,99797374-6cf7-5f27-905f-4dee7c15d9be,"FRANKLIN ST & SALSBURY DR, VANCOUVER",49.282162,-123.068276
VANCOUVER,FRANKLIN ST,SEMLIN DR,271c8e5d-5036-5297-b543-e1694d3ff787,"FRANKLIN ST & SEMLIN DR, VANCOUVER",49.282122,-123.063637
VANCOUVER,FRANKLIN ST,SKEENA ST,1f92bd34-4ac6-51bb-893b-93b35e19b0c7,"FRANKLIN ST & SKEENA ST, VANCOUVER",49.282061,-123.028319
VANCOUVER,FRANKLIN ST,SLOCAN ST,7b7ab417-a4dd-550f-8572-fc8959b266eb,"FRANKLIN ST & SLOCAN ST, VANCOUVER",49.282066,-123.04933
VANCOUVER,FRANKLIN ST,TEMPLETON DR,b319d173-1fa1-58c9-a3c9-8111459cf631,"FRANKLIN ST & TEMPLETON DR, VANCOUVER",49.282084,-123.059759
VANCOUVER,FRANKLIN ST,VERNON DR,a4aa248f-e6b3-5c20-8a87-bcb1672b20eb,"FRANKLIN ST & VERNON DR, VANCOUVER",49.282291,-123.079161
VANCOUVER,FRANKLIN ST,VICTORIA DR,c463d687-12fd-5b0b-b08b-90d048c94f72,"FRANKLIN ST & VICTORIA DR, VANCOUVER",49.282132,-123.06556
VANCOUVER,FRANKLIN ST,WOODLAND DR,647fbfd5-ff9c-5ffd-a6bd-aab648e044cf,"FRANKLIN ST & WOODLAND DR, VANCOUVER",49.282209,-123.072638
VANCOUVER,FRASER ST,GREAT NORTHERN WAY,51f30bad-1258-5206-9eb8-e16bfdc62672,"FRASER ST & GREAT NORTHERN WAY, VANCOUVER",49.266691,-123.089053
VANCOUVER,FRASER ST,KINGSWAY,64b047d0-53a9-5a0b-89fa-ac995cb4b994,"FRASER ST & KINGSWAY, VANCOUVER",49.25669,-123.089786
VANCOUVER,FRASER ST,SE MARINE DR,a126041b-d421-50a8-9ecc-f1018da28d02,"FRASER ST & SE MARINE DR, VANCOUVER",49.211023,-123.091135
VANCOUVER,FRASERVIEW DR,NANAIMO ST,ca90e4c3-4cd9-5c12-bdc4-6adebfdf3723,"FRASERVIEW DR & NANAIMO ST, VANCOUVER",49.211627,-123.059133
VANCOUVER,FRASERVIEW DR,VICTORIA DR,c5bfb376-03a6-5c04-92ae-db0067834acb,"FRASERVIEW DR & VICTORIA DR, VANCOUVER",49.212224,-123.06605
VANCOUVER,FREMLIN ST,PARK DR,03a95284-9307-5a84-bc8a-b8cd5e555f57,"FREMLIN ST & PARK DR, VANCOUVER",49.213775,-123.127314
VANCOUVER,FREMLIN ST,SW MARINE DR,ca486af4-2a71-580c-8cbe-4e2aaef46813,"FREMLIN ST & SW MARINE DR, VANCOUVER",49.205766,-123.127605
VANCOUVER,FREMLIN ST,W 46TH AVE,dd716a50-b040-55e5-8d52-97b7d77f74a0,"FREMLIN ST & W 46TH AVE, VANCOUVER",49.229252,-123.126804
VANCOUVER,FREMLIN ST,W 49TH AVE,cd0c81bf-f1a4-57a6-a387-ceac465e33a6,"FREMLIN ST & W 49TH AVE, VANCOUVER",49.226485,-123.126648
VANCOUVER,FREMLIN ST,W 52ND AVE,67e283d2-1c18-5e68-8777-b646d30cd50d,"FREMLIN ST & W 52ND AVE, VANCOUVER",49.223892,-123.126832
VANCOUVER,FREMLIN ST,W 54TH AVE,c718c43d-e179-5142-85db-74df0ba900b5,"FREMLIN ST & W 54TH AVE, VANCOUVER",49.221505,-123.126906
VANCOUVER,FREMLIN ST,W 61ST AVE,6802918d-f769-51c6-a197-c958b2140d28,"FREMLIN ST & W 61ST AVE, VANCOUVER",49.215576,-123.127234
VANCOUVER,FREMLIN ST,W 63RD AVE,67aeab23-5239-54ec-a897-da5dc3b834f6,"FREMLIN ST & W 63RD AVE, VANCOUVER",49.213775,-123.127314
VANCOUVER,FREMLIN ST,W 64TH AVE,9af8acff-c1c1-5086-bb79-70653b1f36b1,"FREMLIN ST & W 64TH AVE, VANCOUVER",49.21294,-123.127349
VANCOUVER,FREMLIN ST,W 67TH AVE,63bf1f79-2af3-5b5a-9d22-898e3cb9190d,"FREMLIN ST & W 67TH AVE, VANCOUVER",49.210686,-123.127395
VANCOUVER,FREMLIN ST,W 70TH AVE,ac6bad7f-bf2b-5e3b-b78d-5744c9bf373c,"FREMLIN ST & W 70TH AVE, VANCOUVER",49.208432,-123.127511
VANCOUVER,FREMLIN ST,W 71ST AVE,779d6711-5a23-51f2-9dd4-1ee527545ebf,"FREMLIN ST & W 71ST AVE, VANCOUVER",49.206881,-123.127563
VANCOUVER,FRENCH ST,W 62ND AVE,e732697a-d958-520b-8c64-4063d546babf,"FRENCH ST & W 62ND AVE, VANCOUVER",49.215018,-123.138995
VANCOUVER,FRENCH ST,W 64TH AVE,694c46c1-bf94-5f3f-8e97-e645d62a57a9,"FRENCH ST & W 64TH AVE, VANCOUVER",49.213134,-123.139029
VANCOUVER,FRENCH ST,W 67TH AVE,a9b3e63c-ed6d-5ecc-85a9-8707867f4522,"FRENCH ST & W 67TH AVE, VANCOUVER",49.210865,-123.139135
VANCOUVER,FRENCH ST,W 70TH AVE,ef41ae16-4b44-5d01-81c5-d2323111e2bb,"FRENCH ST & W 70TH AVE, VANCOUVER",49.208596,-123.13921
VANCOUVER,FRENCH ST,W 71ST AVE,872f43e6-e6a4-5169-8d68-098906cc775c,"FRENCH ST & W 71ST AVE, VANCOUVER",49.207049,-123.139264
VANCOUVER,FRENCH ST,W 72ND AVE,59959220-bcf2-5977-9e25-e8dbb64e6507,"FRENCH ST & W 72ND AVE, VANCOUVER",49.205775,-123.139308
VANCOUVER,FRONTENAC ST,HENNEPIN AVE,0f1cadfe-79c8-57a8-8586-f287e5bfe869,"FRONTENAC ST & HENNEPIN AVE, VANCOUVER",49.221843,-123.026425
VANCOUVER,GALIANO RD,PUGET DR,4c401380-f6cd-5211-b058-5273b60eb85a,"GALIANO RD & PUGET DR, VANCOUVER",49.254224,-123.175076
VANCOUVER,GALIANO RD,QUESNEL DR,df294564-9018-5fd5-b3e3-cfc5958ca661,"GALIANO RD & QUESNEL DR, VANCOUVER",49.25465,-123.176751
VANCOUVER,GALT ST,GLADSTONE ST,26dc0e5d-1aa5-559b-81a7-55593c4143f2,"GALT ST & GLADSTONE ST, VANCOUVER",49.244312,-123.060976
VANCOUVER,GALT ST,NANAIMO ST,faf6c274-a5d8-5c04-b253-77be4fa9e3b2,"GALT ST & NANAIMO ST, VANCOUVER",49.242602,-123.057357
VANCOUVER,GARDEN DR,GRANDVIEW HWY N,571daebe-45cb-5aea-892b-be146535f9af,"GARDEN DR & GRANDVIEW HWY N, VANCOUVER",49.259105,-123.058221
VANCOUVER,GARDEN DR,GRANDVIEW HWY S,a1271bcc-b1dc-5476-8d43-58069a5af950,"GARDEN DR & GRANDVIEW HWY S, VANCOUVER",49.258268,-123.058251
VANCOUVER,GARDEN DR,GRANT ST,9016f205-a2c7-58b1-a53d-fdb525537be6,"GARDEN DR & GRANT ST, VANCOUVER",49.271197,-123.057971
VANCOUVER,GARDEN DR,GRAVELEY ST,4bec4a0c-09ee-55b5-b026-f90c2e5e428d,"GARDEN DR & GRAVELEY ST, VANCOUVER",49.270396,-123.057983
VANCOUVER,GARDEN DR,KITCHENER ST,8a4a8a56-b2b2-5f11-b131-d5f43582c52b,"GARDEN DR & KITCHENER ST, VANCOUVER",49.272037,-123.057957
VANCOUVER,GARDEN DR,NAPIER ST,bd74cd80-8353-54f7-8df6-c2780a223dc0,"GARDEN DR & NAPIER ST, VANCOUVER",49.274738,-123.057921
VANCOUVER,GARDEN DR,PANDORA ST,a56f0812-2a42-59ff-ac3e-9643a9ff2620,"GARDEN DR & PANDORA ST, VANCOUVER",49.282998,-123.057792
VANCOUVER,GARDEN DR,TRIUMPH ST,c8ba7f2a-74d6-561b-9c34-da3d6f611569,"GARDEN DR & TRIUMPH ST, VANCOUVER",49.283903,-123.057754
VANCOUVER,GARDEN DR,TURNER ST,ed0a50e5-ac3e-5ea8-b49c-8457c4dea279,"GARDEN DR & TURNER ST, VANCOUVER",49.27911,-123.057859
VANCOUVER,GARDEN DR,VENABLES ST,96122584-b509-5aeb-8600-f5c06a9c159d,"GARDEN DR & VENABLES ST, VANCOUVER",49.276574,-123.057891
VANCOUVER,GARDEN DR,WILLIAM ST,70018037-7578-5917-8cf7-7bc165e5b0d9,"GARDEN DR & WILLIAM ST, VANCOUVER",49.27385,-123.057931
VANCOUVER,GARIBALDI DR,MEADOWLAND PL,9989ef2b-53a9-592f-aa30-1bc397f05c96,"GARIBALDI DR & MEADOWLAND PL, VANCOUVER",49.216816,-123.029479
VANCOUVER,GASTON ST,VANNESS AVE,7ae81f13-e1da-50f0-8e01-945a2498b456,"GASTON ST & VANNESS AVE, VANCOUVER",49.237362,-123.029934
VANCOUVER,GEORGE ST,NAPIER ST,3b5b385c-a056-563d-9fea-29db15fec2de,"GEORGE ST & NAPIER ST, VANCOUVER",49.274974,-123.079469
VANCOUVER,GEORGE ST,PARKER ST,63af308d-4af5-581b-a9ab-7beda50cf67e,"GEORGE ST & PARKER ST, VANCOUVER",49.275887,-123.08
VANCOUVER,GEORGE ST,VENABLES ST,d362d974-bf9a-59d2-b299-56ed78d71b15,"GEORGE ST & VENABLES ST, VANCOUVER",49.2768,-123.079983
VANCOUVER,GEORGIA VIADUCT,GORE AVE,adb7ca33-3b5a-5f2f-a998-be288b49cd34,"GEORGIA VIADUCT & GORE AVE, VANCOUVER",49.276744,-123.096883
VANCOUVER,GEORGIA VIADUCT,HWY 1A,2c9678a6-82b6-580b-9199-a29aa38e576b,"GEORGIA VIADUCT & HWY 1A, VANCOUVER",49.277088,-123.099909
VANCOUVER,GEORGIA VIADUCT,MAIN ST,b324fe2c-d9c6-5397-8074-d50af83c271e,"GEORGIA VIADUCT & MAIN ST, VANCOUVER",49.277088,-123.099909
VANCOUVER,GEORGIA VIADUCT,MAIN ST OFFRAMP,57438871-5023-56d3-8cd8-00d3888ff97e,"GEORGIA VIADUCT & MAIN ST OFFRAMP, VANCOUVER",49.277157,-123.103752
VANCOUVER,GEORGIA VIADUCT,PRIOR ST,2eab48ad-22a1-5ac9-adb7-3bdd5654621c,"GEORGIA VIADUCT & PRIOR ST, VANCOUVER",49.276744,-123.096883
VANCOUVER,GEORGIA VIADUCT,W GEORGIA ST,f0ce6f8a-ef02-58f6-be6c-2906a898f6bd,"GEORGIA VIADUCT & W GEORGIA ST, VANCOUVER",49.278416,-123.111703
VANCOUVER,GILFORD ST,HENSHAW LANE,828e46d5-d98d-5803-a530-b762a09e2bd4,"GILFORD ST & HENSHAW LANE, VANCOUVER",49.290022,-123.140757
VANCOUVER,GILFORD ST,HWY 99,51f2e6da-ad87-5e6e-aa6b-14686cac540b,"GILFORD ST & HWY 99, VANCOUVER",49.293614,-123.135272
VANCOUVER,GILFORD ST,JEPSON-YOUNG LANE,8dc30796-6ecb-5a92-9631-e4b09aed69e9,"GILFORD ST & JEPSON-YOUNG LANE, VANCOUVER",49.289337,-123.141802
VANCOUVER,GILFORD ST,NELSON ST,8eec8a9a-9374-5191-a90f-797ebc1cd0c8,"GILFORD ST & NELSON ST, VANCOUVER",49.290383,-123.140196
VANCOUVER,GILFORD ST,PENDRELL ST,7a587781-92e6-50fe-9906-89392c38b933,"GILFORD ST & PENDRELL ST, VANCOUVER",49.289034,-123.142325
VANCOUVER,GILFORD ST,ROBSON ST,fa99f8f4-907b-5d46-b0ab-9f6180ac6da3,"GILFORD ST & ROBSON ST, VANCOUVER",49.292474,-123.137027
VANCOUVER,GILFORD ST,ROSEMARY BROWN LANE,bee4dccf-3dea-538d-8719-e13fa9ff0e39,"GILFORD ST & ROSEMARY BROWN LANE, VANCOUVER",49.29213,-123.13754
VANCOUVER,GILFORD ST,W GEORGIA ST,d07ee2dc-d0a8-5069-a3bb-962d6bcf144b,"GILFORD ST & W GEORGIA ST, VANCOUVER",49.293614,-123.135272
VANCOUVER,GLADSTONE ST,KINGSWAY,1545a364-e92b-5380-8898-cee184871459,"GLADSTONE ST & KINGSWAY, VANCOUVER",49.243562,-123.06181
VANCOUVER,GLADSTONE ST,MANNERING AVE,38ee4963-752c-58b6-bd95-5043c524885f,"GLADSTONE ST & MANNERING AVE, VANCOUVER",49.240672,-123.06284
VANCOUVER,GLADSTONE ST,NEWPORT AVE,26729ebc-e898-5f6e-a359-4b85feb9cddf,"GLADSTONE ST & NEWPORT AVE, VANCOUVER",49.21529,-123.062126
VANCOUVER,GLADSTONE ST,SE MARINE DR,81c5665d-cfdc-5570-b893-bf8748f8a996,"GLADSTONE ST & SE MARINE DR, VANCOUVER",49.208294,-123.061935
VANCOUVER,GLADSTONE ST,SOUTHSIDE DR,a3438a7f-7da3-5f36-b97f-391490e45754,"GLADSTONE ST & SOUTHSIDE DR, VANCOUVER",49.207838,-123.062305
VANCOUVER,GLADSTONE ST,UPLAND DR,2b10f059-636b-5ec1-bb81-cf9b996d5ec6,"GLADSTONE ST & UPLAND DR, VANCOUVER",49.21801,-123.062036
VANCOUVER,GLADSTONE ST,VANNESS AVE,f8289dca-780a-5731-8383-5937aa92b410,"GLADSTONE ST & VANNESS AVE, VANCOUVER",49.250004,-123.06043
VANCOUVER,GLADSTONE ST,WAVERLEY AVE,4390acaf-dc51-50f7-baea-6444a773f778,"GLADSTONE ST & WAVERLEY AVE, VANCOUVER",49.22715,-123.062309
VANCOUVER,GLADSTONE ST,WENONAH ST,d6b26efc-b8b1-52da-8d50-b1ba9b67de50,"GLADSTONE ST & WENONAH ST, VANCOUVER",49.244857,-123.060451
VANCOUVER,GLEN DR,GREAT NORTHERN WAY,258ef647-6820-534e-81dd-fc7edd645012,"GLEN DR & GREAT NORTHERN WAY, VANCOUVER",49.26524,-123.081306
VANCOUVER,GLEN DR,KEEFER ST,b7dba469-f89c-5e2f-bb84-409ae88ef212,"GLEN DR & KEEFER ST, VANCOUVER",49.279123,-123.081335
VANCOUVER,GLEN DR,KINGSWAY,09cb26cb-1f5d-5e20-b428-d8183d8d8ec3,"GLEN DR & KINGSWAY, VANCOUVER",49.252948,-123.081798
VANCOUVER,GLEN DR,MALKIN AVE,b549051b-9b08-59fd-a29e-b3d85b07a5a4,"GLEN DR & MALKIN AVE, VANCOUVER",49.273094,-123.081456
VANCOUVER,GLEN DR,PARKER ST,5a2216cf-ac56-52ce-b2c5-2fbabf23aa20,"GLEN DR & PARKER ST, VANCOUVER",49.275857,-123.081404
VANCOUVER,GLEN DR,POWELL ST,e5277746-b53a-5837-91d5-9175ee984c51,"GLEN DR & POWELL ST, VANCOUVER",49.282785,-123.081263
VANCOUVER,GLEN DR,TERMINAL AVE,76eb7b32-7b2f-5e9d-87a9-7b8f379d1f9a,"GLEN DR & TERMINAL AVE, VANCOUVER",49.269879,-123.081408
VANCOUVER,GLEN DR,UNION ST,51700121-4b80-580d-990c-588089ad3a2f,"GLEN DR & UNION ST, VANCOUVER",49.277339,-123.081372
VANCOUVER,GLEN DR,VENABLES ST,2d95d2b9-a247-5e90-837b-92c47eb98c24,"GLEN DR & VENABLES ST, VANCOUVER",49.276816,-123.08138
VANCOUVER,GLENDALOUGH PL,SW MARINE DR,8da828f4-9c6d-5945-bd51-cec6573b5e41,"GLENDALOUGH PL & SW MARINE DR, VANCOUVER",49.23015,-123.180333
VANCOUVER,GORE AVE,KEEFER ST,a2b767e8-d16e-5418-bcf5-1e849314635d,"GORE AVE & KEEFER ST, VANCOUVER",49.279435,-123.097188
VANCOUVER,GORE AVE,POWELL ST,f0de2b15-34c1-5069-bc41-fb9f9736d46e,"GORE AVE & POWELL ST, VANCOUVER",49.283157,-123.097714
VANCOUVER,GORE AVE,PRIOR ST,09c8f7fe-47df-5a26-a46a-7f84050d8aa8,"GORE AVE & PRIOR ST, VANCOUVER",49.276744,-123.096883
VANCOUVER,GORE AVE,RAILWAY ST,12f30884-ce78-5195-836b-75845c846af5,"GORE AVE & RAILWAY ST, VANCOUVER",49.284297,-123.097867
VANCOUVER,GORE AVE,UNION ST,3b911364-e51b-5ead-82f8-eb3e10bc0139,"GORE AVE & UNION ST, VANCOUVER",49.277617,-123.096963
VANCOUVER,GOTHARD ST,NORQUAY ST,f165038e-3825-5d92-842a-02135be78970,"GOTHARD ST & NORQUAY ST, VANCOUVER",49.242896,-123.052746
VANCOUVER,GRANDVIEW HWY,GRANDVIEW HWY S,7a2de316-e050-513d-9b22-6c74c8b5409b,"GRANDVIEW HWY & GRANDVIEW HWY S, VANCOUVER",49.259523,-123.06207
VANCOUVER,GRANDVIEW HWY,KASLO ST,9fa62458-c215-5255-aa16-1436b20001d0,"GRANDVIEW HWY & KASLO ST, VANCOUVER",49.25819,-123.046994
VANCOUVER,GRANDVIEW HWY,LAKEWOOD DR,552d15f4-98b9-5f39-8c63-861797b449ad,"GRANDVIEW HWY & LAKEWOOD DR, VANCOUVER",49.259523,-123.06207
VANCOUVER,GRANDVIEW HWY,LILLOOET ST,273ed9e7-fe00-5d30-bfc5-6f8733345ddf,"GRANDVIEW HWY & LILLOOET ST, VANCOUVER",49.258114,-123.039073
VANCOUVER,GRANDVIEW HWY,NATAL ST,b2161b66-93ea-5e14-b4d4-07b54e4f80ca,"GRANDVIEW HWY & NATAL ST, VANCOUVER",49.258135,-123.030321
VANCOUVER,GRANDVIEW HWY,NOOTKA ST,a40f0cb8-2df9-5fa9-a061-e99da4bd27e4,"GRANDVIEW HWY & NOOTKA ST, VANCOUVER",49.258149,-123.041596
VANCOUVER,GRANDVIEW HWY,RENFREW ST,b2281ce1-8213-5ec2-bd1b-8dc1fc05ac53,"GRANDVIEW HWY & RENFREW ST, VANCOUVER",49.258194,-123.044284
VANCOUVER,GRANDVIEW HWY,RUPERT ST,1850c10f-3401-5b4f-9288-9860359b5d38,"GRANDVIEW HWY & RUPERT ST, VANCOUVER",49.258127,-123.033793
VANCOUVER,GRANDVIEW HWY,SEMLIN DR,6ebe88f8-817a-53aa-b98d-2b4993ad63a4,"GRANDVIEW HWY & SEMLIN DR, VANCOUVER",49.259526,-123.064037
VANCOUVER,GRANDVIEW HWY,SKEENA ST,07ea2c79-1527-5181-bc8f-7b6f11ebcb66,"GRANDVIEW HWY & SKEENA ST, VANCOUVER",49.258138,-123.028533
VANCOUVER,GRANDVIEW HWY,SLOCAN ST,628e30e2-30c3-52a0-b99a-29ebc5ca4be7,"GRANDVIEW HWY & SLOCAN ST, VANCOUVER",49.257884,-123.049573
VANCOUVER,GRANDVIEW HWY,WINDERMERE ST,99174afb-ec86-5102-b886-ef2d2ce648cc,"GRANDVIEW HWY & WINDERMERE ST, VANCOUVER",49.258124,-123.036531
VANCOUVER,GRANDVIEW HWY N,HWY 7,a108d5cf-4465-59cf-bd51-32787d90aff6,"GRANDVIEW HWY N & HWY 7, VANCOUVER",49.2623,-123.067164
VANCOUVER,GRANDVIEW HWY N,KAMLOOPS ST,65848086-6968-5e06-94fc-111d77b8f25e,"GRANDVIEW HWY N & KAMLOOPS ST, VANCOUVER",49.258181,-123.054763
VANCOUVER,GRANDVIEW HWY N,LAKEWOOD DR,04143026-cab4-5a3d-8dc2-dbba7faf31b6,"GRANDVIEW HWY N & LAKEWOOD DR, VANCOUVER",49.260645,-123.062059
VANCOUVER,GRANDVIEW HWY N,MCLEAN DR,8c643591-2fe9-5e5a-acb9-088aafeb2c42,"GRANDVIEW HWY N & MCLEAN DR, VANCOUVER",49.265658,-123.075508
VANCOUVER,GRANDVIEW HWY N,NANAIMO ST,9566a740-0535-5b68-8537-bb5270de9903,"GRANDVIEW HWY N & NANAIMO ST, VANCOUVER",49.258468,-123.056617
VANCOUVER,GRANDVIEW HWY N,PENTICTON ST,5effef86-a53c-5f8d-a5f1-272147dbc85b,"GRANDVIEW HWY N & PENTICTON ST, VANCOUVER",49.258192,-123.053001
VANCOUVER,GRANDVIEW HWY N,SLOCAN ST,9cb32bc4-b753-51c6-aa9d-3e3c0d283b32,"GRANDVIEW HWY N & SLOCAN ST, VANCOUVER",49.258364,-123.04957
VANCOUVER,GRANDVIEW HWY N,TEMPLETON DR,df09465f-fb15-52e4-9416-a7534163966f,"GRANDVIEW HWY N & TEMPLETON DR, VANCOUVER",49.259872,-123.060151
VANCOUVER,GRANDVIEW HWY N,WOODLAND DR,65a5ab5c-ae35-5839-b304-a9af58080f0b,"GRANDVIEW HWY N & WOODLAND DR, VANCOUVER",49.26497,-123.073522
VANCOUVER,GRANDVIEW HWY S,LAKEWOOD DR,140ef680-04b1-5e1f-afef-fb2067d52004,"GRANDVIEW HWY S & LAKEWOOD DR, VANCOUVER",49.259523,-123.06207
VANCOUVER,GRANDVIEW HWY S,NANAIMO ST,b2dc4d08-71c5-5eec-8cd3-04703c6484a0,"GRANDVIEW HWY S & NANAIMO ST, VANCOUVER",49.257799,-123.056635
VANCOUVER,GRANDVIEW HWY S,PENTICTON ST,8277f948-29f2-5864-97ee-968962ee46f1,"GRANDVIEW HWY S & PENTICTON ST, VANCOUVER",49.257506,-123.052951
VANCOUVER,GRANDVIEW HWY S,SLOCAN ST,c44fd3cc-d9d0-57db-b20f-85644160f133,"GRANDVIEW HWY S & SLOCAN ST, VANCOUVER",49.257884,-123.049573
VANCOUVER,GRANDVIEW HWY S,TEMPLETON DR,4f8893c1-cdd6-545a-99ca-39164df7e1f1,"GRANDVIEW HWY S & TEMPLETON DR, VANCOUVER",49.25909,-123.060191
VANCOUVER,GRANDVIEW VIADUCT,TERMINAL AVE,58358ae9-d008-5a76-b7f1-221665433e0b,"GRANDVIEW VIADUCT & TERMINAL AVE, VANCOUVER",49.270232,-123.084871
VANCOUVER,GRANT MCCONACHIE WAY,GRANVILLE ST OFFRAMP,1c375370-fbe4-5ad7-8cfc-53c75ab98071,"GRANT MCCONACHIE WAY & GRANVILLE ST OFFRAMP, VANCOUVER",49.202322,-123.134613
VANCOUVER,GRANT MCCONACHIE WAY,SW MARINE DR OFFRAMP,81114af2-a9a7-5efe-803a-c37b82b4aa86,"GRANT MCCONACHIE WAY & SW MARINE DR OFFRAMP, VANCOUVER",49.202322,-123.134613
VANCOUVER,GRANT ST,KAMLOOPS ST,74090b71-ee31-581b-8eb3-1f5401c9f097,"GRANT ST & KAMLOOPS ST, VANCOUVER",49.271365,-123.054679
VANCOUVER,GRANT ST,KASLO ST,6879914f-252a-5324-a2b0-35f00f3c9b0c,"GRANT ST & KASLO ST, VANCOUVER",49.271357,-123.046905
VANCOUVER,GRANT ST,LAKEWOOD DR,030751e2-4af3-5ada-ae39-133a2fbfda47,"GRANT ST & LAKEWOOD DR, VANCOUVER",49.271245,-123.061859
VANCOUVER,GRANT ST,LILLOOET ST,48cff811-3518-5ff9-9fb6-bdf6ff2f0e66,"GRANT ST & LILLOOET ST, VANCOUVER",49.271347,-123.038929
VANCOUVER,GRANT ST,MCLEAN DR,a9ba4541-320a-5781-9dc8-49a9efb499a9,"GRANT ST & MCLEAN DR, VANCOUVER",49.271479,-123.075381
VANCOUVER,GRANT ST,NANAIMO ST,d45cb166-f6da-5969-bc21-41f5752e2ce8,"GRANT ST & NANAIMO ST, VANCOUVER",49.271282,-123.056593
VANCOUVER,GRANT ST,NOOTKA ST,e278efc2-0ebf-587b-81fe-38692195658e,"GRANT ST & NOOTKA ST, VANCOUVER",49.27135,-123.041409
VANCOUVER,GRANT ST,ODLUM DR,afb08596-344f-565b-beec-4e0e8e8e6976,"GRANT ST & ODLUM DR, VANCOUVER",49.271486,-123.075965
VANCOUVER,GRANT ST,PENTICTON ST,087db609-8341-5ea5-ae87-ed31e0c7f7be,"GRANT ST & PENTICTON ST, VANCOUVER",49.271362,-123.052082
VANCOUVER,GRANT ST,RENFREW ST,9dfad327-137d-5a9f-b6d8-eb60a90208c3,"GRANT ST & RENFREW ST, VANCOUVER",49.271359,-123.044216
VANCOUVER,GRANT ST,RUPERT ST,edc6c784-97ca-52c3-97fb-405e47518362,"GRANT ST & RUPERT ST, VANCOUVER",49.27134,-123.03366
VANCOUVER,GRANT ST,SALSBURY DR,07281ec6-5a75-514b-8c8a-a2ec2e4d1e5d,"GRANT ST & SALSBURY DR, VANCOUVER",49.271284,-123.067698
VANCOUVER,GRANT ST,SEMLIN DR,bcd38bd3-6f05-5c69-bea0-763f16a190d5,"GRANT ST & SEMLIN DR, VANCOUVER",49.271275,-123.063778
VANCOUVER,GRANT ST,SLOCAN ST,cceffe68-63a5-5a05-9227-686417f5ece8,"GRANT ST & SLOCAN ST, VANCOUVER",49.27136,-123.049412
VANCOUVER,GRANT ST,TEMPLETON DR,632b6d03-bedc-5ddc-8751-78e0153ffb05,"GRANT ST & TEMPLETON DR, VANCOUVER",49.271212,-123.059924
VANCOUVER,GRANT ST,VERNON DR,ff44371e-e129-5098-8a28-83f6d927ccd0,"GRANT ST & VERNON DR, VANCOUVER",49.271503,-123.078682
VANCOUVER,GRANT ST,VICTORIA DR,992eb71e-7709-5bcc-9cb2-37a4d9bb1630,"GRANT ST & VICTORIA DR, VANCOUVER",49.271281,-123.065738
VANCOUVER,GRANT ST,WINDERMERE ST,83235317-3da4-5e5b-8100-3d4061fb25e2,"GRANT ST & WINDERMERE ST, VANCOUVER",49.271344,-123.036423
VANCOUVER,GRANT ST,WOODLAND DR,f1cc7aea-fd42-595f-986d-09a1287fb969,"GRANT ST & WOODLAND DR, VANCOUVER",49.271445,-123.073437
VANCOUVER,GRANVILLE BRIDGE,HEMLOCK ST ONRAMP,ed49dd17-1a17-58bf-ba2f-2d875082d5f1,"GRANVILLE BRIDGE & HEMLOCK ST ONRAMP, VANCOUVER",49.267898,-123.138396
VANCOUVER,GRANVILLE BRIDGE,HOWE ST ONRAMP,8626d59a-e83c-5f03-adfb-8c150b16084b,"GRANVILLE BRIDGE & HOWE ST ONRAMP, VANCOUVER",49.275046,-123.129407
VANCOUVER,GRANVILLE BRIDGE,JOHNSTON ST,dda0f505-ab47-5a5b-8a5e-315c9f03ea2c,"GRANVILLE BRIDGE & JOHNSTON ST, VANCOUVER",49.27163,-123.134638
VANCOUVER,GRANVILLE BRIDGE,PACIFIC ST,6deb615d-d4e9-582d-91cf-f68b3990cde0,"GRANVILLE BRIDGE & PACIFIC ST, VANCOUVER",49.275127,-123.129409
VANCOUVER,GRANVILLE BRIDGE,PACIFIC ST OFFRAMP,9c259fd6-aa4e-5ad6-b838-569e45a2fc33,"GRANVILLE BRIDGE & PACIFIC ST OFFRAMP, VANCOUVER",49.275046,-123.129407
VANCOUVER,GRANVILLE BRIDGE,SEYMOUR ST OFFRAMP,76840eea-4d56-5ef9-b962-a7e906db9405,"GRANVILLE BRIDGE & SEYMOUR ST OFFRAMP, VANCOUVER",49.275046,-123.129407
VANCOUVER,GRANVILLE BRIDGE,W 3RD AVE,93d61897-4c0d-5e46-810a-3f6cc295aeaf,"GRANVILLE BRIDGE & W 3RD AVE, VANCOUVER",49.268778,-123.138265
VANCOUVER,GRANVILLE BRIDGE,W 4TH AVE,a3c3edc3-69f3-56d7-98bd-9fce079a38d2,"GRANVILLE BRIDGE & W 4TH AVE, VANCOUVER",49.267939,-123.138452
VANCOUVER,GRANVILLE BRIDGE,W 4TH AVE OFFRAMP,3df4c01f-fa8b-5cc2-b587-a1050d0870e9,"GRANVILLE BRIDGE & W 4TH AVE OFFRAMP, VANCOUVER",49.267898,-123.138396
VANCOUVER,GRANVILLE ST,GRANVILLE ST BRIDGE,246e89fa-97e3-57f1-9acb-286685090a6b,"GRANVILLE ST & GRANVILLE ST BRIDGE, VANCOUVER",49.275928,-123.128026
VANCOUVER,GRANVILLE ST,HELMCKEN ST,4c31be77-c0e8-5833-87a6-54058f37d7a6,"GRANVILLE ST & HELMCKEN ST, VANCOUVER",49.278201,-123.124606
VANCOUVER,GRANVILLE ST,HWY 1A,53cdc371-cd5c-5563-882a-f8fe4005f0d7,"GRANVILLE ST & HWY 1A, VANCOUVER",49.284652,-123.114846
VANCOUVER,GRANVILLE ST,HWY 99A,da71e35d-1aa0-5128-8307-68192ed459b6,"GRANVILLE ST & HWY 99A, VANCOUVER",49.284652,-123.114846
VANCOUVER,GRANVILLE ST,LAURIER AVE,e60697fd-6fcb-5259-ac54-e26470efc0cd,"GRANVILLE ST & LAURIER AVE, VANCOUVER",49.250841,-123.139056
VANCOUVER,GRANVILLE ST,MARPOLE AVE,007d1848-a4c3-58b4-bed5-71805606905b,"GRANVILLE ST & MARPOLE AVE, VANCOUVER",49.257053,-123.138793
VANCOUVER,GRANVILLE ST,MATTHEWS AVE,439b745d-4d6e-5f4a-98aa-07bd7c23deca,"GRANVILLE ST & MATTHEWS AVE, VANCOUVER",49.25315,-123.138938
VANCOUVER,GRANVILLE ST,MINTO CRES,d445c67d-2fad-54d8-a3ce-2f212400365f,"GRANVILLE ST & MINTO CRES, VANCOUVER",49.242821,-123.139234
VANCOUVER,GRANVILLE ST,NANTON AVE,dac8ebc9-4bf3-5e60-b2fb-7b55e3068c77,"GRANVILLE ST & NANTON AVE, VANCOUVER",49.247416,-123.139168
VANCOUVER,GRANVILLE ST,NELSON ST,b8c3d57c-074e-51c6-9fc9-bae9aa95000f,"GRANVILLE ST & NELSON ST, VANCOUVER",49.279252,-123.12304
VANCOUVER,GRANVILLE ST,PACIFIC ST,0d1d9e94-6bab-5dd9-bc89-d20d72035093,"GRANVILLE ST & PACIFIC ST, VANCOUVER",49.274993,-123.129483
VANCOUVER,GRANVILLE ST,PARK DR,7b389928-622a-5ab1-a7f5-f81175395845,"GRANVILLE ST & PARK DR, VANCOUVER",49.217369,-123.140216
VANCOUVER,GRANVILLE ST,ROBSON ST,1889744b-21a1-5453-99ba-af087785ff60,"GRANVILLE ST & ROBSON ST, VANCOUVER",49.281368,-123.119815
VANCOUVER,GRANVILLE ST,SMITHE ST,9f60180b-5fe9-56b3-b1de-234271aca048,"GRANVILLE ST & SMITHE ST, VANCOUVER",49.280325,-123.121393
VANCOUVER,GRANVILLE ST,SW MARINE DR,3170f773-dfca-588e-b9e1-d498fe7a6112,"GRANVILLE ST & SW MARINE DR, VANCOUVER",49.205303,-123.140462
VANCOUVER,GRANVILLE ST,TILNEY MEWS,6213f164-47f9-5d48-ab1c-7f9ec203d784,"GRANVILLE ST & TILNEY MEWS, VANCOUVER",49.224745,-123.139902
VANCOUVER,GRANVILLE ST,W 10TH AVE,f1a07978-37a0-5d66-9a18-a507ab3cb1c3,"GRANVILLE ST & W 10TH AVE, VANCOUVER",49.262638,-123.138541
VANCOUVER,GRANVILLE ST,W 11TH AVE,a088c993-b669-5f53-9bdb-049018e8562c,"GRANVILLE ST & W 11TH AVE, VANCOUVER",49.26171,-123.138572
VANCOUVER,GRANVILLE ST,W 12TH AVE,3ecff881-8815-536e-b0bc-e92e650972f3,"GRANVILLE ST & W 12TH AVE, VANCOUVER",49.2608,-123.138697
VANCOUVER,GRANVILLE ST,W 13TH AVE,4802759a-2db2-5feb-a7e9-babcc90a5116,"GRANVILLE ST & W 13TH AVE, VANCOUVER",49.259815,-123.138729
VANCOUVER,GRANVILLE ST,W 14TH AVE,3675cc22-6670-5d8c-a586-0cc9b3013bf7,"GRANVILLE ST & W 14TH AVE, VANCOUVER",49.258921,-123.138726
VANCOUVER,GRANVILLE ST,W 15TH AVE,d78b30f6-3dbf-5cd2-bfce-113072d2cf8a,"GRANVILLE ST & W 15TH AVE, VANCOUVER",49.258014,-123.138741
VANCOUVER,GRANVILLE ST,W 16TH AVE,bbe4f64f-0dd7-56e9-ae59-e2cf3dcb8a94,"GRANVILLE ST & W 16TH AVE, VANCOUVER",49.257053,-123.138793
VANCOUVER,GRANVILLE ST,W 25TH AVE,10f71fc6-37cc-5b28-93f6-4ac9eb5ab9eb,"GRANVILLE ST & W 25TH AVE, VANCOUVER",49.249411,-123.139097
VANCOUVER,GRANVILLE ST,W 26TH AVE,c2305fc5-46ac-5660-8ba8-06544399f634,"GRANVILLE ST & W 26TH AVE, VANCOUVER",49.248332,-123.139148
VANCOUVER,GRANVILLE ST,W 28TH AVE,596f467d-09cd-5ed8-a2cc-cb8e2a180095,"GRANVILLE ST & W 28TH AVE, VANCOUVER",49.246482,-123.139173
VANCOUVER,GRANVILLE ST,W 29TH AVE,4ecfb4f4-48e2-5bf1-88a4-18a04a795459,"GRANVILLE ST & W 29TH AVE, VANCOUVER",49.24536,-123.139167
VANCOUVER,GRANVILLE ST,W 32ND AVE,27ad3d8e-a1c6-5b4a-b1c0-9bda1bf941f9,"GRANVILLE ST & W 32ND AVE, VANCOUVER",49.24368,-123.139206
VANCOUVER,GRANVILLE ST,W 33RD AVE,76bef725-e2c7-5caf-b617-26cbfad54d9d,"GRANVILLE ST & W 33RD AVE, VANCOUVER",49.241887,-123.139312
VANCOUVER,GRANVILLE ST,W 34TH AVE,8f9449cc-3709-55b5-95af-55a40d8de58f,"GRANVILLE ST & W 34TH AVE, VANCOUVER",49.240891,-123.13933
VANCOUVER,GRANVILLE ST,W 35TH AVE,49411119-b798-510c-9065-8e244d4ad3a5,"GRANVILLE ST & W 35TH AVE, VANCOUVER",49.239965,-123.139362
VANCOUVER,GRANVILLE ST,W 36TH AVE,370a2d2d-f8f7-5c20-8791-19546a8e846d,"GRANVILLE ST & W 36TH AVE, VANCOUVER",49.238985,-123.139392
VANCOUVER,GRANVILLE ST,W 37TH AVE,40c7c8b8-2943-5615-8330-a81e0f419fc0,"GRANVILLE ST & W 37TH AVE, VANCOUVER",49.238013,-123.139448
VANCOUVER,GRANVILLE ST,W 38TH AVE,7311eee1-c067-5915-a17d-d6acf7ea68e2,"GRANVILLE ST & W 38TH AVE, VANCOUVER",49.237121,-123.13951
VANCOUVER,GRANVILLE ST,W 39TH AVE,30f5bf28-a75a-5e99-9b01-db57b45a4e03,"GRANVILLE ST & W 39TH AVE, VANCOUVER",49.236258,-123.139556
VANCOUVER,GRANVILLE ST,W 40TH AVE,f8a9384e-27a1-529a-b791-b743bf2d4e0a,"GRANVILLE ST & W 40TH AVE, VANCOUVER",49.235364,-123.139588
VANCOUVER,GRANVILLE ST,W 41ST AVE,5737f36c-7134-520c-bd96-4b4ae8c78371,"GRANVILLE ST & W 41ST AVE, VANCOUVER",49.234343,-123.139623
VANCOUVER,GRANVILLE ST,W 43RD AVE,2ad220bc-910b-5a89-9f6d-dcbeccdbdd18,"GRANVILLE ST & W 43RD AVE, VANCOUVER",49.232466,-123.139592
VANCOUVER,GRANVILLE ST,W 45TH AVE,234f656e-8fcf-5280-826a-e800c3e7c695,"GRANVILLE ST & W 45TH AVE, VANCOUVER",49.230631,-123.139663
VANCOUVER,GRANVILLE ST,W 46TH AVE,81ab9569-0fed-5105-bd88-d9a468bb3eef,"GRANVILLE ST & W 46TH AVE, VANCOUVER",49.229691,-123.139701
VANCOUVER,GRANVILLE ST,W 47TH AVE,f3dc925e-ba0d-5d36-8f19-78de0825cf24,"GRANVILLE ST & W 47TH AVE, VANCOUVER",49.228775,-123.139736
VANCOUVER,GRANVILLE ST,W 48TH AVE,96b68d12-ce66-5f48-ba28-e883fa809f13,"GRANVILLE ST & W 48TH AVE, VANCOUVER",49.227896,-123.139774
VANCOUVER,GRANVILLE ST,W 49TH AVE,abfd7f9a-6fb6-5371-89c1-948d99c61c2d,"GRANVILLE ST & W 49TH AVE, VANCOUVER",49.226966,-123.13981
VANCOUVER,GRANVILLE ST,W 4TH AVE,444d031f-6384-5c0d-b010-fa44eecc1bb2,"GRANVILLE ST & W 4TH AVE, VANCOUVER",49.267939,-123.138452
VANCOUVER,GRANVILLE ST,W 52ND AVE,56d1385f-865f-5f2b-a39e-c7143e992183,"GRANVILLE ST & W 52ND AVE, VANCOUVER",49.22408,-123.139929
VANCOUVER,GRANVILLE ST,W 53RD AVE,906667af-04f3-59bf-a934-9bf7c9c15dca,"GRANVILLE ST & W 53RD AVE, VANCOUVER",49.222613,-123.139989
VANCOUVER,GRANVILLE ST,W 54TH AVE,4e687e38-2711-5c50-9bb9-17c5450f0cbf,"GRANVILLE ST & W 54TH AVE, VANCOUVER",49.221704,-123.140015
VANCOUVER,GRANVILLE ST,W 55TH AVE,ef7ca118-8835-56e6-8b93-127a36883e35,"GRANVILLE ST & W 55TH AVE, VANCOUVER",49.220813,-123.140059
VANCOUVER,GRANVILLE ST,W 56TH AVE,ab3fa6be-b2de-52c9-990d-bce36c66e750,"GRANVILLE ST & W 56TH AVE, VANCOUVER",49.219897,-123.140104
VANCOUVER,GRANVILLE ST,W 57TH AVE,146a2e13-4083-5e33-9942-e31edacce10d,"GRANVILLE ST & W 57TH AVE, VANCOUVER",49.219331,-123.140129
VANCOUVER,GRANVILLE ST,W 58TH AVE,78c8d0b4-1160-5940-a3f9-302fb1396add,"GRANVILLE ST & W 58TH AVE, VANCOUVER",49.218444,-123.140181
VANCOUVER,GRANVILLE ST,W 59TH AVE,4bd6f3b5-1848-5026-8bb6-2c9100945965,"GRANVILLE ST & W 59TH AVE, VANCOUVER",49.217369,-123.140216
VANCOUVER,GRANVILLE ST,W 5TH AVE,2a23b20b-f0b5-5bf8-9cc7-e8fb647ba877,"GRANVILLE ST & W 5TH AVE, VANCOUVER",49.266772,-123.138455
VANCOUVER,GRANVILLE ST,W 60TH AVE,7375083f-8f1b-5bf3-acb5-6e690004da99,"GRANVILLE ST & W 60TH AVE, VANCOUVER",49.21681,-123.140244
VANCOUVER,GRANVILLE ST,W 61ST AVE,54c5df83-8219-5619-b5a7-2fb22852115d,"GRANVILLE ST & W 61ST AVE, VANCOUVER",49.215919,-123.140271
VANCOUVER,GRANVILLE ST,W 62ND AVE,e0f9cbbd-5360-5d54-bdca-dc4d99441e1e,"GRANVILLE ST & W 62ND AVE, VANCOUVER",49.21499,-123.140301
VANCOUVER,GRANVILLE ST,W 63RD AVE,a5aae542-fcbe-54e7-aab4-13a70e197b1f,"GRANVILLE ST & W 63RD AVE, VANCOUVER",49.213997,-123.140355
VANCOUVER,GRANVILLE ST,W 64TH AVE,47b19a4b-5c62-5b4a-a5d5-ab083b96d4f7,"GRANVILLE ST & W 64TH AVE, VANCOUVER",49.213145,-123.140369
VANCOUVER,GRANVILLE ST,W 65TH AVE,269f79a4-1499-5299-bb61-5cdf45275a59,"GRANVILLE ST & W 65TH AVE, VANCOUVER",49.212256,-123.140401
VANCOUVER,GRANVILLE ST,W 66TH AVE,b905c682-4ad1-5728-be7d-c9934e5bb8f0,"GRANVILLE ST & W 66TH AVE, VANCOUVER",49.211372,-123.140432
VANCOUVER,GRANVILLE ST,W 67TH AVE,f408a756-81f1-58f2-ab2d-056645ff5c0d,"GRANVILLE ST & W 67TH AVE, VANCOUVER",49.210886,-123.140448
VANCOUVER,GRANVILLE ST,W 68TH AVE,102b1777-7e85-5857-9d90-bc15f6c5daa3,"GRANVILLE ST & W 68TH AVE, VANCOUVER",49.210514,-123.140462
VANCOUVER,GRANVILLE ST,W 6TH AVE,1abce9d9-870d-5fba-8b81-7f09d8a468bf,"GRANVILLE ST & W 6TH AVE, VANCOUVER",49.266182,-123.138468
VANCOUVER,GRANVILLE ST,W 70TH AVE,9278a559-dc99-5149-960d-c4ab792612c9,"GRANVILLE ST & W 70TH AVE, VANCOUVER",49.208534,-123.140534
VANCOUVER,GRANVILLE ST,W 71ST AVE,1c207912-95f5-5508-9e3b-83def1bb20f4,"GRANVILLE ST & W 71ST AVE, VANCOUVER",49.207069,-123.140585
VANCOUVER,GRANVILLE ST,W 7TH AVE,b09c12e3-a551-5d72-bfbc-3513160f7802,"GRANVILLE ST & W 7TH AVE, VANCOUVER",49.265342,-123.138499
VANCOUVER,GRANVILLE ST,W 8TH AVE,4dea6c32-7485-5847-80e7-1338190c0a67,"GRANVILLE ST & W 8TH AVE, VANCOUVER",49.264503,-123.138529
VANCOUVER,GRANVILLE ST,W 9TH AVE,f1080374-4f74-51c1-9a74-bea0bb9c783f,"GRANVILLE ST & W 9TH AVE, VANCOUVER",49.263589,-123.138562
VANCOUVER,GRANVILLE ST,W BROADWAY,1afdc696-c910-57b2-8dbc-9e9a65d89f54,"GRANVILLE ST & W BROADWAY, VANCOUVER",49.263589,-123.138562
VANCOUVER,GRANVILLE ST,W CORDOVA ST,8ea6bd13-9fcf-5dae-8524-608e0e9b3b97,"GRANVILLE ST & W CORDOVA ST, VANCOUVER",49.285966,-123.112856
VANCOUVER,GRANVILLE ST,W GEORGIA ST,21662b9c-1522-5a29-8d7d-7fd421afdc20,"GRANVILLE ST & W GEORGIA ST, VANCOUVER",49.282477,-123.118135
VANCOUVER,GRANVILLE ST,W HASTINGS ST,087953a5-355b-5e32-8aac-d1848f125e33,"GRANVILLE ST & W HASTINGS ST, VANCOUVER",49.285312,-123.113845
VANCOUVER,GRANVILLE ST,W KING EDWARD AVE,5eacadab-da92-5bf1-809c-6164cbf6e627,"GRANVILLE ST & W KING EDWARD AVE, VANCOUVER",49.249411,-123.139097
VANCOUVER,GRANVILLE ST,W PENDER ST,a01ae125-4cb6-5e5b-85e6-cbafb847c619,"GRANVILLE ST & W PENDER ST, VANCOUVER",49.284652,-123.114846
VANCOUVER,GRANVILLE ST BRIDGE,HEMLOCK ST ONRAMP,6785ce1e-aacf-5471-bcfa-7667770d2b02,"GRANVILLE ST BRIDGE & HEMLOCK ST ONRAMP, VANCOUVER",49.267898,-123.138396
VANCOUVER,GRANVILLE ST BRIDGE,HOWE ST ONRAMP,ad093354-5ce0-5dd1-9876-aad993f8ef00,"GRANVILLE ST BRIDGE & HOWE ST ONRAMP, VANCOUVER",49.275046,-123.129407
VANCOUVER,GRANVILLE ST BRIDGE,PACIFIC ST,60254916-0a1d-5bb1-afa5-1261ec3935fe,"GRANVILLE ST BRIDGE & PACIFIC ST, VANCOUVER",49.275127,-123.129409
VANCOUVER,GRANVILLE ST BRIDGE,PACIFIC ST OFFRAMP,7c691ab1-53c3-52fe-961b-51ae0890bdd1,"GRANVILLE ST BRIDGE & PACIFIC ST OFFRAMP, VANCOUVER",49.275046,-123.129407
VANCOUVER,GRANVILLE ST BRIDGE,SEYMOUR ST OFFRAMP,523a4e4a-4014-53ee-9a76-1d09594057ac,"GRANVILLE ST BRIDGE & SEYMOUR ST OFFRAMP, VANCOUVER",49.275046,-123.129407
VANCOUVER,GRANVILLE ST BRIDGE,W 4TH AVE,11df4920-79ad-5d88-8604-c7e3df0b4b2e,"GRANVILLE ST BRIDGE & W 4TH AVE, VANCOUVER",49.267939,-123.138452
VANCOUVER,GRANVILLE ST ONRAMP,SW MARINE DR,ca8e5d5f-7f5e-5f24-a9c8-48667c35d211,"GRANVILLE ST ONRAMP & SW MARINE DR, VANCOUVER",49.204452,-123.138887
VANCOUVER,GRAVELEY ST,KASLO ST,2660ce1e-a3be-52c2-a7b4-ed626e245922,"GRAVELEY ST & KASLO ST, VANCOUVER",49.270422,-123.04692
VANCOUVER,GRAVELEY ST,KOOTENAY ST,9a819825-3aa8-559f-98d4-2f4a120f9587,"GRAVELEY ST & KOOTENAY ST, VANCOUVER",49.270328,-123.026886
VANCOUVER,GRAVELEY ST,LAKEWOOD DR,4a51c7b2-5fcc-532b-a737-45e283e98954,"GRAVELEY ST & LAKEWOOD DR, VANCOUVER",49.270433,-123.061883
VANCOUVER,GRAVELEY ST,MCLEAN DR,13dca419-8640-54d4-93db-b67c1aec034c,"GRAVELEY ST & MCLEAN DR, VANCOUVER",49.270547,-123.075403
VANCOUVER,GRAVELEY ST,NANAIMO ST,e38ff0a6-b787-5ba9-b7e3-a70bc65bada9,"GRAVELEY ST & NANAIMO ST, VANCOUVER",49.270405,-123.056597
VANCOUVER,GRAVELEY ST,NOOTKA ST,13877646-8774-5894-9638-8785756659f7,"GRAVELEY ST & NOOTKA ST, VANCOUVER",49.270405,-123.041439
VANCOUVER,GRAVELEY ST,RENFREW ST,ba2aa32c-bfd6-5787-8b47-42fd25c186c1,"GRAVELEY ST & RENFREW ST, VANCOUVER",49.270411,-123.044203
VANCOUVER,GRAVELEY ST,RUPERT ST,7cb5469b-3ebd-5761-87e1-0d6ee8d3fe1d,"GRAVELEY ST & RUPERT ST, VANCOUVER",49.270472,-123.033698
VANCOUVER,GRAVELEY ST,SALSBURY DR,dc7cc671-90d9-58de-b97a-f9f00ae46c37,"GRAVELEY ST & SALSBURY DR, VANCOUVER",49.270502,-123.067698
VANCOUVER,GRAVELEY ST,SEMLIN DR,94523706-d8d7-59d9-97e5-40ba18bcf17f,"GRAVELEY ST & SEMLIN DR, VANCOUVER",49.270451,-123.063792
VANCOUVER,GRAVELEY ST,TEMPLETON DR,d12c820e-b710-5c3f-b8f3-3260e6cf3555,"GRAVELEY ST & TEMPLETON DR, VANCOUVER",49.270414,-123.059944
VANCOUVER,GRAVELEY ST,VICTORIA DR,c6cb3c32-0a7a-501a-aaeb-ac8ec800d689,"GRAVELEY ST & VICTORIA DR, VANCOUVER",49.27047,-123.065753
VANCOUVER,GRAVELEY ST,WINDERMERE ST,51aec520-697d-5cff-ba65-ab43d7f17aac,"GRAVELEY ST & WINDERMERE ST, VANCOUVER",49.270384,-123.036428
VANCOUVER,GRAVELEY ST,WOODLAND DR,da58e5fb-c00e-569b-b6b0-1d0402c42751,"GRAVELEY ST & WOODLAND DR, VANCOUVER",49.270529,-123.073463
VANCOUVER,GREAT NORTHERN WAY,THORNTON ST,69511a6c-cd54-5040-a407-7526a19a7038,"GREAT NORTHERN WAY & THORNTON ST, VANCOUVER",49.26681,-123.09509
VANCOUVER,GRIFFITHS WAY,PACIFIC BLVD,68b29de6-97b0-5e96-a30d-81b0b8030403,"GRIFFITHS WAY & PACIFIC BLVD, VANCOUVER",49.276723,-123.109139
VANCOUVER,GRIFFITHS WAY,W GEORGIA ST,bd5c8fa0-3149-51f2-ac24-dfd889c8624e,"GRIFFITHS WAY & W GEORGIA ST, VANCOUVER",49.277034,-123.109177
VANCOUVER,GUELPH ST,HWY 7,783060e8-12e0-5047-ba13-72bf5bef1b60,"GUELPH ST & HWY 7, VANCOUVER",49.262518,-123.094952
VANCOUVER,GUELPH ST,KINGSWAY,417be915-880c-5040-800c-ebfcd4cf3d7e,"GUELPH ST & KINGSWAY, VANCOUVER",49.258908,-123.095033
VANCOUVER,HAGGART ST,W 32ND AVE,cfdb952c-b72a-5345-aa77-f8d451b113e8,"HAGGART ST & W 32ND AVE, VANCOUVER",49.243167,-123.15918
VANCOUVER,HAIDA DR,MALTA AVE,1deba862-a04c-56ec-97f0-eccf0bff56c0,"HAIDA DR & MALTA AVE, VANCOUVER",49.254547,-123.027584
VANCOUVER,HAIG ST,W 64TH AVE,7e0be686-88b7-5f1e-b3ac-542779f20e3b,"HAIG ST & W 64TH AVE, VANCOUVER",49.213102,-123.136908
VANCOUVER,HAMILTON ST,HELMCKEN ST,ed2d03a0-3de6-5355-9a6c-bb4d4fdd590a,"HAMILTON ST & HELMCKEN ST, VANCOUVER",49.275925,-123.121068
VANCOUVER,HAMILTON ST,HWY 7A,734fe70e-6da2-55be-987e-e25dae1a3e20,"HAMILTON ST & HWY 7A, VANCOUVER",49.282772,-123.10996
VANCOUVER,HAMILTON ST,MAINLAND ST,9abe44ae-bb3d-5b8a-9c68-bcca2d0e3662,"HAMILTON ST & MAINLAND ST, VANCOUVER",49.277772,-123.117489
VANCOUVER,HAMILTON ST,NELSON ST,4a718924-6396-5b1d-9e00-e01f0c570e83,"HAMILTON ST & NELSON ST, VANCOUVER",49.276965,-123.119511
VANCOUVER,HAMILTON ST,ROBSON ST,09c7a543-fb88-5b4c-8783-34962cbe2cc6,"HAMILTON ST & ROBSON ST, VANCOUVER",49.27884,-123.115952
VANCOUVER,HAMILTON ST,SMITHE ST,8b9e6eb3-5a19-54fd-b167-b5c5a312d4ac,"HAMILTON ST & SMITHE ST, VANCOUVER",49.277772,-123.117489
VANCOUVER,HAMILTON ST,W GEORGIA ST,6f8a52e4-a379-5aa2-8f7c-541f58ba0a6d,"HAMILTON ST & W GEORGIA ST, VANCOUVER",49.279937,-123.114255
VANCOUVER,HAMILTON ST,W HASTINGS ST,2b4604b6-94fe-5584-b9bd-99a4b60eda62,"HAMILTON ST & W HASTINGS ST, VANCOUVER",49.282772,-123.10996
VANCOUVER,HAMILTON ST,W PENDER ST,5f037ecd-83d5-5c53-8b04-3b57848e32ba,"HAMILTON ST & W PENDER ST, VANCOUVER",49.282119,-123.110956
VANCOUVER,HANDEL AVE,MATHESON CRES,37c6babd-52d4-5c48-a6aa-865442c5c3a3,"HANDEL AVE & MATHESON CRES, VANCOUVER",49.210395,-123.027367
VANCOUVER,HARO ST,JERVIS ST,e7bf8448-b700-5f42-8f52-765aa5a8f2b4,"HARO ST & JERVIS ST, VANCOUVER",49.286323,-123.12963
VANCOUVER,HARO ST,NICOLA ST,12aba727-9102-5242-bb28-caf19b9e1380,"HARO ST & NICOLA ST, VANCOUVER",49.287957,-123.13219
VANCOUVER,HARO ST,THURLOW ST,472a57de-2a94-5764-b83d-2c640aeaf84c,"HARO ST & THURLOW ST, VANCOUVER",49.283895,-123.125911
VANCOUVER,HAROLD ST,KINGSWAY,3aec12f7-1fee-5563-b37a-952c853527e7,"HAROLD ST & KINGSWAY, VANCOUVER",49.233626,-123.03491
VANCOUVER,HAROLD ST,MARMION AVE,219400dc-aedf-5330-9073-46cf6ba1f932,"HAROLD ST & MARMION AVE, VANCOUVER",49.231574,-123.035996
VANCOUVER,HAROLD ST,SCHOOL AVE,e23331f0-0cd8-5d5c-8855-dde8760f1fab,"HAROLD ST & SCHOOL AVE, VANCOUVER",49.232457,-123.035984
VANCOUVER,HARRISON DR,ROSEDALE DR,478ae476-b57d-5fdb-a301-c0ec29b85f59,"HARRISON DR & ROSEDALE DR, VANCOUVER",49.208447,-123.059846
VANCOUVER,HARRISON DR,VICTORIA DR,e08b8fcc-5160-5d94-92c4-5b5565031adb,"HARRISON DR & VICTORIA DR, VANCOUVER",49.210625,-123.066092
VANCOUVER,HARWOOD ST,JERVIS ST,1e6646b5-3c3c-55eb-8073-988d41c32a5b,"HARWOOD ST & JERVIS ST, VANCOUVER",49.281379,-123.137042
VANCOUVER,HARWOOD ST,NICOLA ST,62fd30e5-e7a2-54d8-8ca0-60dd6234cdaf,"HARWOOD ST & NICOLA ST, VANCOUVER",49.283049,-123.139629
VANCOUVER,HARWOOD ST,THURLOW ST,eda9940b-2bd7-5393-bc73-087084409b17,"HARWOOD ST & THURLOW ST, VANCOUVER",49.278981,-123.133325
VANCOUVER,HAWKS AVE,KEEFER ST,8ac40f54-9698-5a56-9292-bb6142348719,"HAWKS AVE & KEEFER ST, VANCOUVER",49.279251,-123.087239
VANCOUVER,HAWKS AVE,MALKIN AVE,f5e73c2c-d5fb-58a2-a610-1c9ea83ec095,"HAWKS AVE & MALKIN AVE, VANCOUVER",49.27464,-123.087432
VANCOUVER,HAWKS AVE,POWELL ST,e053e2e7-658e-5cf8-b216-6cdbe066b37c,"HAWKS AVE & POWELL ST, VANCOUVER",49.282954,-123.087072
VANCOUVER,HAWKS AVE,PRIOR ST,2ff4f169-6cbd-5cec-a718-e79f7f18b7fc,"HAWKS AVE & PRIOR ST, VANCOUVER",49.276543,-123.087354
VANCOUVER,HAWKS AVE,UNION ST,1afeea4d-c82c-5173-8df4-031a112f39ef,"HAWKS AVE & UNION ST, VANCOUVER",49.277436,-123.087298
VANCOUVER,HEATHER ST,SW MARINE DR,26261f94-f5e4-5da4-a526-c9b2430b10b6,"HEATHER ST & SW MARINE DR, VANCOUVER",49.207116,-123.124352
VANCOUVER,HEATHER ST,W 10TH AVE,753efd92-3001-5afa-aa94-4c31a3983fb9,"HEATHER ST & W 10TH AVE, VANCOUVER",49.262334,-123.119922
VANCOUVER,HEATHER ST,W 11TH AVE,c47f457e-93ae-54f0-b292-32418f1cd01d,"HEATHER ST & W 11TH AVE, VANCOUVER",49.261393,-123.11993
VANCOUVER,HEATHER ST,W 12TH AVE,5b40b59a-a10e-55da-83c3-41f22d6fadd7,"HEATHER ST & W 12TH AVE, VANCOUVER",49.260498,-123.119936
VANCOUVER,HEATHER ST,W 13TH AVE,2e8ab911-11e1-5438-b607-cb8bfa411106,"HEATHER ST & W 13TH AVE, VANCOUVER",49.259526,-123.119989
VANCOUVER,HEATHER ST,W 14TH AVE,5e0472b9-8389-55c7-b289-d2bfea9031b7,"HEATHER ST & W 14TH AVE, VANCOUVER",49.258724,-123.120056
VANCOUVER,HEATHER ST,W 15TH AVE,fbf73db5-1f8f-5a25-8df5-a814f54e9a3c,"HEATHER ST & W 15TH AVE, VANCOUVER",49.257711,-123.120102
VANCOUVER,HEATHER ST,W 16TH AVE,d033534e-0ea7-5b6d-a4dd-68749bc0d22a,"HEATHER ST & W 16TH AVE, VANCOUVER",49.256982,-123.120128
VANCOUVER,HEATHER ST,W 17TH AVE,0e9f10f5-431a-5337-9c94-62d99b8dc792,"HEATHER ST & W 17TH AVE, VANCOUVER",49.256105,-123.120144
VANCOUVER,HEATHER ST,W 18TH AVE,474c1496-08a4-59e3-9be9-36792bcb1451,"HEATHER ST & W 18TH AVE, VANCOUVER",49.255194,-123.120166
VANCOUVER,HEATHER ST,W 19TH AVE,16e5d54e-2815-568e-9344-b07c81024b34,"HEATHER ST & W 19TH AVE, VANCOUVER",49.25429,-123.120191
VANCOUVER,HEATHER ST,W 20TH AVE,d315ba25-52cc-57b3-9746-0a4ca9e04007,"HEATHER ST & W 20TH AVE, VANCOUVER",49.253399,-123.120213
VANCOUVER,HEATHER ST,W 22ND AVE,c5fba662-fc15-5bc9-8480-6fdd255735f7,"HEATHER ST & W 22ND AVE, VANCOUVER",49.251586,-123.120309
VANCOUVER,HEATHER ST,W 23RD AVE,b7af5f81-fdb9-59bd-85aa-027ea736b9fd,"HEATHER ST & W 23RD AVE, VANCOUVER",49.250682,-123.120323
VANCOUVER,HEATHER ST,W 24TH AVE,3a56c483-a8b0-5d11-8490-29e03b62fde1,"HEATHER ST & W 24TH AVE, VANCOUVER",49.250083,-123.120356
VANCOUVER,HEATHER ST,W 25TH AVE,8d314e40-1094-552a-90c8-3795520f285e,"HEATHER ST & W 25TH AVE, VANCOUVER",49.249143,-123.120381
VANCOUVER,HEATHER ST,W 26TH AVE,494ec7b5-56c9-52df-b908-9dc1183054ef,"HEATHER ST & W 26TH AVE, VANCOUVER",49.248032,-123.120414
VANCOUVER,HEATHER ST,W 27TH AVE,c6852212-3114-5f25-a3af-324f8ec9c92a,"HEATHER ST & W 27TH AVE, VANCOUVER",49.247113,-123.120447
VANCOUVER,HEATHER ST,W 28TH AVE,62808886-d463-54d0-b645-8e63ab90edbc,"HEATHER ST & W 28TH AVE, VANCOUVER",49.246199,-123.120436
VANCOUVER,HEATHER ST,W 29TH AVE,60801a5b-b901-5da4-9636-7a029b0243a0,"HEATHER ST & W 29TH AVE, VANCOUVER",49.245268,-123.120462
VANCOUVER,HEATHER ST,W 30TH AVE,84f4e6f5-be8b-5ef6-98f1-b7578178e3a6,"HEATHER ST & W 30TH AVE, VANCOUVER",49.244341,-123.120494
VANCOUVER,HEATHER ST,W 31ST AVE,5d182118-cc68-5116-b130-7f089371ed58,"HEATHER ST & W 31ST AVE, VANCOUVER",49.243278,-123.120544
VANCOUVER,HEATHER ST,W 32ND AVE,8ae15f7c-6d70-586a-82ac-8d4a34100897,"HEATHER ST & W 32ND AVE, VANCOUVER",49.24223,-123.120579
VANCOUVER,HEATHER ST,W 33RD AVE,75631aee-3b77-5a56-82e4-0850d4875e71,"HEATHER ST & W 33RD AVE, VANCOUVER",49.241168,-123.120634
VANCOUVER,HEATHER ST,W 37TH AVE,81b7cb6f-3574-530e-a948-c1f26cb43471,"HEATHER ST & W 37TH AVE, VANCOUVER",49.237401,-123.120758
VANCOUVER,HEATHER ST,W 39TH AVE,5c5f2be5-3f53-50b4-b28b-66f4486e1adb,"HEATHER ST & W 39TH AVE, VANCOUVER",49.235559,-123.12086
VANCOUVER,HEATHER ST,W 41ST AVE,e62c0f46-33eb-56ca-bf73-b53fd3954d55,"HEATHER ST & W 41ST AVE, VANCOUVER",49.233771,-123.12088
VANCOUVER,HEATHER ST,W 49TH AVE,ac1cb2d2-03aa-559e-9279-3ff7bd8d7715,"HEATHER ST & W 49TH AVE, VANCOUVER",49.22637,-123.123581
VANCOUVER,HEATHER ST,W 50TH AVE,48bdefdd-e5aa-5c1c-a9e6-41b5dbdd4578,"HEATHER ST & W 50TH AVE, VANCOUVER",49.225459,-123.123607
VANCOUVER,HEATHER ST,W 52ND AVE,83113eb9-2ec0-5038-98bc-b85dd6701190,"HEATHER ST & W 52ND AVE, VANCOUVER",49.223858,-123.123657
VANCOUVER,HEATHER ST,W 54TH AVE,95d42f73-9663-573a-a13a-edf4d7f2c610,"HEATHER ST & W 54TH AVE, VANCOUVER",49.221458,-123.123751
VANCOUVER,HEATHER ST,W 57TH AVE,947aff19-212b-5d74-8a96-fc00fc1cf10f,"HEATHER ST & W 57TH AVE, VANCOUVER",49.219142,-123.123868
VANCOUVER,HEATHER ST,W 59TH AVE,cf96607d-a11d-5c43-9179-a9f959923592,"HEATHER ST & W 59TH AVE, VANCOUVER",49.217026,-123.123885
VANCOUVER,HEATHER ST,W 60TH AVE,a6032b30-f066-5294-a585-7cc7a8e30ec5,"HEATHER ST & W 60TH AVE, VANCOUVER",49.216061,-123.123915
VANCOUVER,HEATHER ST,W 61ST AVE,40f6e5ac-245c-550f-8b6d-ef9cff22d25a,"HEATHER ST & W 61ST AVE, VANCOUVER",49.215521,-123.123937
VANCOUVER,HEATHER ST,W 63RD AVE,beaa19ef-2eb6-554f-8cad-0aa9e36e74e2,"HEATHER ST & W 63RD AVE, VANCOUVER",49.213723,-123.124017
VANCOUVER,HEATHER ST,W 64TH AVE,a6e1a4ff-752c-598e-8432-4e3d04a2c7c8,"HEATHER ST & W 64TH AVE, VANCOUVER",49.212899,-123.124042
VANCOUVER,HEATHER ST,W 66TH AVE,c1517faf-3fdc-5b75-9c8c-76cac4f219e4,"HEATHER ST & W 66TH AVE, VANCOUVER",49.211282,-123.124109
VANCOUVER,HEATHER ST,W 67TH AVE,21f7d585-c9cf-5942-b8b6-d254ce10e9d7,"HEATHER ST & W 67TH AVE, VANCOUVER",49.210645,-123.124132
VANCOUVER,HEATHER ST,W 68TH AVE,99d89c21-6a47-5aaf-8577-fe083b560e2e,"HEATHER ST & W 68TH AVE, VANCOUVER",49.210281,-123.124145
VANCOUVER,HEATHER ST,W 69TH AVE,5e6bd265-e7e3-5cef-9875-a58fffc1fbaa,"HEATHER ST & W 69TH AVE, VANCOUVER",49.209279,-123.124185
VANCOUVER,HEATHER ST,W 6TH AVE,68f28152-de0b-57e8-a26a-eb1755d9b873,"HEATHER ST & W 6TH AVE, VANCOUVER",49.265912,-123.119784
VANCOUVER,HEATHER ST,W 70TH AVE,76a87002-00cf-5cf2-8a28-625023948dcd,"HEATHER ST & W 70TH AVE, VANCOUVER",49.208373,-123.124218
VANCOUVER,HEATHER ST,W 7TH AVE,601a8fc1-6081-504e-971a-751e4595a9b7,"HEATHER ST & W 7TH AVE, VANCOUVER",49.265063,-123.119811
VANCOUVER,HEATHER ST,W 8TH AVE,141cb559-3ee8-5429-b1be-83f95c88a580,"HEATHER ST & W 8TH AVE, VANCOUVER",49.264216,-123.119826
VANCOUVER,HEATHER ST,W BROADWAY,a6d4ea6c-b91b-5371-974f-4e05aa6d637d,"HEATHER ST & W BROADWAY, VANCOUVER",49.263294,-123.119894
VANCOUVER,HEATHER ST,W KENT AVE N,27962bd0-9883-5852-8fcd-9ea43ef7aebf,"HEATHER ST & W KENT AVE N, VANCOUVER",49.205054,-123.122486
VANCOUVER,HEATHER ST,W KING EDWARD AVE,6a5383b3-9b0d-566d-aa12-5509f62d2ad5,"HEATHER ST & W KING EDWARD AVE, VANCOUVER",49.249143,-123.120381
VANCOUVER,HEATLEY AVE,KEEFER ST,06255ea5-ce0e-5767-b9cc-21f728d3724d,"HEATLEY AVE & KEEFER ST, VANCOUVER",49.279352,-123.089541
VANCOUVER,HEATLEY AVE,POWELL ST,572520aa-ab8e-5801-9b03-5cdb4187ddcb,"HEATLEY AVE & POWELL ST, VANCOUVER",49.282999,-123.089461
VANCOUVER,HEATLEY AVE,PRIOR ST,f25c14c8-6471-5094-b12f-8eefba2b5608,"HEATLEY AVE & PRIOR ST, VANCOUVER",49.276592,-123.089737
VANCOUVER,HEATLEY AVE,UNION ST,9b4705fa-7c4a-5911-adb5-dd52b473ffac,"HEATLEY AVE & UNION ST, VANCOUVER",49.277481,-123.089697
VANCOUVER,HEBB AVE,LILLOOET ST,3bd161dd-d97f-5a5a-8cda-18b580c94bb3,"HEBB AVE & LILLOOET ST, VANCOUVER",49.259957,-123.037922
VANCOUVER,HEBB AVE,NOOTKA ST,9812c992-104f-5ae7-bd25-e5bd46ebda68,"HEBB AVE & NOOTKA ST, VANCOUVER",49.259632,-123.040127
VANCOUVER,HEBB AVE,RENFREW ST,ad4dd7d5-4f34-5c73-91b4-606af2b32e2e,"HEBB AVE & RENFREW ST, VANCOUVER",49.259213,-123.044381
VANCOUVER,HELMCKEN ST,HOMER ST,da151bf6-377e-5f59-9d89-fa2989698e64,"HELMCKEN ST & HOMER ST, VANCOUVER",49.276291,-123.121673
VANCOUVER,HELMCKEN ST,HORNBY ST,aeb8a37c-09d5-5a1a-9e02-0e2c1932e2ab,"HELMCKEN ST & HORNBY ST, VANCOUVER",49.279457,-123.126589
VANCOUVER,HELMCKEN ST,HOWE ST,984e34a4-6d78-5dd1-81f7-59ff8b7f065a,"HELMCKEN ST & HOWE ST, VANCOUVER",49.278846,-123.125624
VANCOUVER,HELMCKEN ST,MAINLAND ST,5b491757-4afc-5d9e-b0ba-aa8ef0479578,"HELMCKEN ST & MAINLAND ST, VANCOUVER",49.275573,-123.120522
VANCOUVER,HELMCKEN ST,RICHARDS ST,120be93f-7617-536f-879f-6c46f4d9327a,"HELMCKEN ST & RICHARDS ST, VANCOUVER",49.276941,-123.122664
VANCOUVER,HELMCKEN ST,SEYMOUR ST,79fa3b2d-f1f7-5203-9d74-f6e6575a5c30,"HELMCKEN ST & SEYMOUR ST, VANCOUVER",49.277531,-123.123614
VANCOUVER,HEMLOCK CRT,LAMEYS MILL RD,03515114-56ce-52ff-9679-859c8d1b854f,"HEMLOCK CRT & LAMEYS MILL RD, VANCOUVER",49.268065,-123.136545
VANCOUVER,HEMLOCK ST,MARPOLE AVE,c4f07f3a-ba98-5c20-b31e-80dc54f64243,"HEMLOCK ST & MARPOLE AVE, VANCOUVER",49.257963,-123.136307
VANCOUVER,HEMLOCK ST,W 10TH AVE,3caec920-f12f-5cd7-9a5d-e380ae955fe3,"HEMLOCK ST & W 10TH AVE, VANCOUVER",49.262591,-123.136141
VANCOUVER,HEMLOCK ST,W 11TH AVE,d88aa3ea-387a-5cf5-9cd9-0a0b04abae01,"HEMLOCK ST & W 11TH AVE, VANCOUVER",49.261655,-123.136174
VANCOUVER,HEMLOCK ST,W 12TH AVE,26f2752b-a959-5538-bb3d-a81218b3c3a4,"HEMLOCK ST & W 12TH AVE, VANCOUVER",49.260754,-123.136209
VANCOUVER,HEMLOCK ST,W 13TH AVE,609ca667-ac6a-5a16-81f2-765f98a9c06a,"HEMLOCK ST & W 13TH AVE, VANCOUVER",49.259784,-123.136244
VANCOUVER,HEMLOCK ST,W 14TH AVE,f6534dbc-e7a2-5b76-899e-157f538c3fbd,"HEMLOCK ST & W 14TH AVE, VANCOUVER",49.258872,-123.136277
VANCOUVER,HEMLOCK ST,W 15TH AVE,c1fd57a9-ea5b-5aea-9fc3-571d7f45cf71,"HEMLOCK ST & W 15TH AVE, VANCOUVER",49.257963,-123.136307
VANCOUVER,HEMLOCK ST,W 4TH AVE,42b3b6a0-b146-53ce-bfb8-dca6da329722,"HEMLOCK ST & W 4TH AVE, VANCOUVER",49.267228,-123.136137
VANCOUVER,HEMLOCK ST,W 5TH AVE,644e72bd-09f0-59a5-864c-77399eec27d2,"HEMLOCK ST & W 5TH AVE, VANCOUVER",49.266733,-123.136054
VANCOUVER,HEMLOCK ST,W 6TH AVE,85bc9be0-2749-57e8-be74-7ad36d8a5fb2,"HEMLOCK ST & W 6TH AVE, VANCOUVER",49.266148,-123.136062
VANCOUVER,HEMLOCK ST,W 7TH AVE,e7c36eed-2ef5-5355-b728-38469e7e8123,"HEMLOCK ST & W 7TH AVE, VANCOUVER",49.265302,-123.136066
VANCOUVER,HEMLOCK ST,W 8TH AVE,db7c447d-0000-526f-9fc2-3e661aa42f01,"HEMLOCK ST & W 8TH AVE, VANCOUVER",49.264464,-123.136081
VANCOUVER,HEMLOCK ST,W BROADWAY,5c230b26-62fe-5b54-8fd6-95c3d450c159,"HEMLOCK ST & W BROADWAY, VANCOUVER",49.263559,-123.136088
VANCOUVER,HENNEPIN AVE,RADISSON ST,1160d976-d695-5489-bc1f-e70b5dcf8f16,"HENNEPIN AVE & RADISSON ST, VANCOUVER",49.221523,-123.024582
VANCOUVER,HENSHAW LANE,NICOLA ST,9d677c8b-fe1e-5918-af58-f54e4321bc9c,"HENSHAW LANE & NICOLA ST, VANCOUVER",49.286216,-123.134822
VANCOUVER,HENSHAW LANE,THURLOW ST,250ae649-9635-58cf-945d-c9ba29da0dd0,"HENSHAW LANE & THURLOW ST, VANCOUVER",49.282128,-123.128593
VANCOUVER,HERON PL,MATHESON CRES,5948b476-bf30-58e9-9dea-3643997c3b88,"HERON PL & MATHESON CRES, VANCOUVER",49.212265,-123.025176
VANCOUVER,HIGHBURY ST,POINT GREY RD,be60e0ef-639a-5628-99da-f5429a3a3288,"HIGHBURY ST & POINT GREY RD, VANCOUVER",49.272275,-123.187497
VANCOUVER,HIGHBURY ST,SW MARINE DR,8db9eb31-dcb3-595e-962e-31ece46970d8,"HIGHBURY ST & SW MARINE DR, VANCOUVER",49.231749,-123.188356
VANCOUVER,HIGHBURY ST,W 10TH AVE,557c7fb2-cd32-5829-b442-532bf9902f04,"HIGHBURY ST & W 10TH AVE, VANCOUVER",49.263533,-123.187814
VANCOUVER,HIGHBURY ST,W 11TH AVE,c258c428-18b0-5c5f-b364-3bfdb6cf01f9,"HIGHBURY ST & W 11TH AVE, VANCOUVER",49.262577,-123.187847
VANCOUVER,HIGHBURY ST,W 12TH AVE,f1245ff5-a5a0-5016-bb93-784abbad1861,"HIGHBURY ST & W 12TH AVE, VANCOUVER",49.261703,-123.187852
VANCOUVER,HIGHBURY ST,W 13TH AVE,bca0cee1-27e1-507a-b98e-0631b879d4e9,"HIGHBURY ST & W 13TH AVE, VANCOUVER",49.260782,-123.187908
VANCOUVER,HIGHBURY ST,W 16TH AVE,723286bc-d79e-5332-b647-8734c7f449e6,"HIGHBURY ST & W 16TH AVE, VANCOUVER",49.257956,-123.188007
VANCOUVER,HIGHBURY ST,W 17TH AVE,4095eac6-3a3b-5e7b-a1d3-3ceb792d3609,"HIGHBURY ST & W 17TH AVE, VANCOUVER",49.257398,-123.188005
VANCOUVER,HIGHBURY ST,W 18TH AVE,d5bdc9c8-f0bf-5fc1-851b-a629ca568664,"HIGHBURY ST & W 18TH AVE, VANCOUVER",49.256485,-123.188015
VANCOUVER,HIGHBURY ST,W 19TH AVE,f17f5064-6f7a-5f18-b9e4-36c2d3604b0a,"HIGHBURY ST & W 19TH AVE, VANCOUVER",49.255569,-123.188025
VANCOUVER,HIGHBURY ST,W 1ST AVE,783c4cdb-6fee-55a6-b829-43cd2dfd6baf,"HIGHBURY ST & W 1ST AVE, VANCOUVER",49.271351,-123.187519
VANCOUVER,HIGHBURY ST,W 20TH AVE,58995b66-8ca9-5d36-a72c-df0f99b3e7e3,"HIGHBURY ST & W 20TH AVE, VANCOUVER",49.254698,-123.188031
VANCOUVER,HIGHBURY ST,W 21ST AVE,1be6a8e2-c847-5343-89e3-f0e0901f5a66,"HIGHBURY ST & W 21ST AVE, VANCOUVER",49.253775,-123.188042
VANCOUVER,HIGHBURY ST,W 22ND AVE,0f6ca1bf-e4b5-5eff-86b7-0a94c7f962ad,"HIGHBURY ST & W 22ND AVE, VANCOUVER",49.252869,-123.188051
VANCOUVER,HIGHBURY ST,W 23RD AVE,f6e7d5a7-3812-57ec-9e1d-3bf53fd7691d,"HIGHBURY ST & W 23RD AVE, VANCOUVER",49.251955,-123.188058
VANCOUVER,HIGHBURY ST,W 25TH AVE,1d471cac-3467-50ed-85c2-70c114aab131,"HIGHBURY ST & W 25TH AVE, VANCOUVER",49.250062,-123.188077
VANCOUVER,HIGHBURY ST,W 26TH AVE,e2c35d57-8ac4-57dd-b6ef-c70ac456caf7,"HIGHBURY ST & W 26TH AVE, VANCOUVER",49.249028,-123.188089
VANCOUVER,HIGHBURY ST,W 27TH AVE,623d1a25-06d4-5025-82e4-5abda0318258,"HIGHBURY ST & W 27TH AVE, VANCOUVER",49.248087,-123.188107
VANCOUVER,HIGHBURY ST,W 29TH AVE,4746489c-f828-5d84-bf63-1a3bd8ad9659,"HIGHBURY ST & W 29TH AVE, VANCOUVER",49.246174,-123.18812
VANCOUVER,HIGHBURY ST,W 30TH AVE,d7562d1c-1596-51e1-bf1d-80d86a5b431c,"HIGHBURY ST & W 30TH AVE, VANCOUVER",49.245233,-123.188109
VANCOUVER,HIGHBURY ST,W 31ST AVE,bad95132-0427-5779-b100-f1e88e467be4,"HIGHBURY ST & W 31ST AVE, VANCOUVER",49.244275,-123.188139
VANCOUVER,HIGHBURY ST,W 33RD AVE,b7255d72-a1c9-5912-ad5f-6c9c68875976,"HIGHBURY ST & W 33RD AVE, VANCOUVER",49.242392,-123.18815
VANCOUVER,HIGHBURY ST,W 35TH AVE,b79778a9-bbe1-5289-b44f-20ccb772ba83,"HIGHBURY ST & W 35TH AVE, VANCOUVER",49.240482,-123.188177
VANCOUVER,HIGHBURY ST,W 39TH AVE,d7dc7aef-ffed-5413-9307-e7ef8ae6cade,"HIGHBURY ST & W 39TH AVE, VANCOUVER",49.236439,-123.188234
VANCOUVER,HIGHBURY ST,W 3RD AVE,b3768807-fed8-507b-ab88-279aed2b90d6,"HIGHBURY ST & W 3RD AVE, VANCOUVER",49.269557,-123.187586
VANCOUVER,HIGHBURY ST,W 41ST AVE,28089b4b-8f55-57f3-a0d8-c2d388920e5a,"HIGHBURY ST & W 41ST AVE, VANCOUVER",49.234777,-123.188332
VANCOUVER,HIGHBURY ST,W 4TH AVE,4b86092a-0b9e-5755-9260-c9817d9334d8,"HIGHBURY ST & W 4TH AVE, VANCOUVER",49.268633,-123.187629
VANCOUVER,HIGHBURY ST,W 5TH AVE,ad6bd562-4929-5fca-a8f0-67e454f24b7a,"HIGHBURY ST & W 5TH AVE, VANCOUVER",49.267766,-123.187637
VANCOUVER,HIGHBURY ST,W 6TH AVE,d5bb4ff8-6e54-578c-8cc2-d949c73f9509,"HIGHBURY ST & W 6TH AVE, VANCOUVER",49.266961,-123.187671
VANCOUVER,HIGHBURY ST,W 7TH AVE,58da4472-eef1-542f-8eeb-d513bed19be8,"HIGHBURY ST & W 7TH AVE, VANCOUVER",49.266077,-123.187701
VANCOUVER,HIGHBURY ST,W 8TH AVE,f70df7f2-9986-5f30-8df4-e8e8b74bce3c,"HIGHBURY ST & W 8TH AVE, VANCOUVER",49.265263,-123.187733
VANCOUVER,HIGHBURY ST,W BROADWAY,ca2703ff-6cff-5e80-8a7b-5e1c249c6791,"HIGHBURY ST & W BROADWAY, VANCOUVER",49.264373,-123.187784
VANCOUVER,HIGHBURY ST,W KING EDWARD AVE,34691f7c-c5ef-5840-82ee-97c5f5abe924,"HIGHBURY ST & W KING EDWARD AVE, VANCOUVER",49.250062,-123.188077
VANCOUVER,HOLLAND ST,SW MARINE DR,3b5265ae-d6df-5dc0-9608-3624e0b9bd9f,"HOLLAND ST & SW MARINE DR, VANCOUVER",49.233198,-123.192311
VANCOUVER,HOLLAND ST,W 39TH AVE,01c0b8cb-124f-599e-ad2e-36a757d4eaac,"HOLLAND ST & W 39TH AVE, VANCOUVER",49.236438,-123.192274
VANCOUVER,HOLLAND ST,W 41ST AVE,eb20cc2a-f191-5fd9-bed3-ad380cc57f1c,"HOLLAND ST & W 41ST AVE, VANCOUVER",49.234781,-123.192299
VANCOUVER,HOMER ST,HWY 1A,462eb5d5-cb0b-5f90-8f03-ef70977debd6,"HOMER ST & HWY 1A, VANCOUVER",49.282763,-123.111922
VANCOUVER,HOMER ST,HWY 99A,13f6f80c-34cc-560a-af87-b154fcc743f6,"HOMER ST & HWY 99A, VANCOUVER",49.282763,-123.111922
VANCOUVER,HOMER ST,NELSON ST,8ffd46e0-88de-5472-b634-2765a00cf471,"HOMER ST & NELSON ST, VANCOUVER",49.277347,-123.120093
VANCOUVER,HOMER ST,PACIFIC BLVD,14ab280f-fb06-5df7-afca-390f6fbe6d68,"HOMER ST & PACIFIC BLVD, VANCOUVER",49.273108,-123.125875
VANCOUVER,HOMER ST,PACIFIC ST,033ee0c6-4191-5afa-a7ce-34bbb980d545,"HOMER ST & PACIFIC ST, VANCOUVER",49.273108,-123.125875
VANCOUVER,HOMER ST,ROBSON ST,749d6035-ae2c-5a31-87a2-0912bc408193,"HOMER ST & ROBSON ST, VANCOUVER",49.279473,-123.116882
VANCOUVER,HOMER ST,SMITHE ST,79ed0e2a-4c4d-5b2c-91cc-3ea84a33ca39,"HOMER ST & SMITHE ST, VANCOUVER",49.278437,-123.118448
VANCOUVER,HOMER ST,W CORDOVA ST,1149623f-8bda-5e5d-a8b8-c9c03d8fe8ae,"HOMER ST & W CORDOVA ST, VANCOUVER",49.284066,-123.109951
VANCOUVER,HOMER ST,W GEORGIA ST,5f72d197-b302-5c31-b4b6-bfe2255a3491,"HOMER ST & W GEORGIA ST, VANCOUVER",49.280576,-123.115205
VANCOUVER,HOMER ST,W HASTINGS ST,ae5a6d5a-a8b1-5673-8d16-eafaec519a8d,"HOMER ST & W HASTINGS ST, VANCOUVER",49.283412,-123.110937
VANCOUVER,HOMER ST,W PENDER ST,7e91f842-f10c-5539-af05-02cac79c4530,"HOMER ST & W PENDER ST, VANCOUVER",49.282763,-123.111922
VANCOUVER,HORLEY ST,KILLARNEY ST,7f9c8fa1-2343-53dc-a743-9c41a4642f66,"HORLEY ST & KILLARNEY ST, VANCOUVER",49.238557,-123.043871
VANCOUVER,HORLEY ST,MOSS ST,b47b836c-d3ab-5254-8549-1c029b1db57d,"HORLEY ST & MOSS ST, VANCOUVER",49.239263,-123.045627
VANCOUVER,HORLEY ST,RUPERT ST,edc98ce4-f6b7-5107-8b6a-8833c0f38d36,"HORLEY ST & RUPERT ST, VANCOUVER",49.237355,-123.040967
VANCOUVER,HORNBY ST,NELSON ST,3610dd4f-56ab-5530-abbc-91b699ecce8a,"HORNBY ST & NELSON ST, VANCOUVER",49.280536,-123.124983
VANCOUVER,HORNBY ST,PACIFIC ST,30db92ab-d42f-5e50-ab23-72992a67181c,"HORNBY ST & PACIFIC ST, VANCOUVER",49.276281,-123.131378
VANCOUVER,HORNBY ST,ROBSON ST,c6abd564-0389-56d5-86c4-ad421b13d138,"HORNBY ST & ROBSON ST, VANCOUVER",49.282643,-123.12176
VANCOUVER,HORNBY ST,SEABREEZE WALK,9264dcb8-a48b-5dc7-ab15-d15001d16358,"HORNBY ST & SEABREEZE WALK, VANCOUVER",49.274758,-123.133671
VANCOUVER,HORNBY ST,SMITHE ST,5008b2b4-6aa3-5d75-ac77-0fce5084e023,"HORNBY ST & SMITHE ST, VANCOUVER",49.281573,-123.123373
VANCOUVER,HORNBY ST,W GEORGIA ST,1c0ab1c6-6b57-5c50-b762-1d71cbf9064d,"HORNBY ST & W GEORGIA ST, VANCOUVER",49.283756,-123.120092
VANCOUVER,HORNBY ST,W HASTINGS ST,e25c33f4-814f-5cbc-aab8-955a368cf501,"HORNBY ST & W HASTINGS ST, VANCOUVER",49.286605,-123.115827
VANCOUVER,HORNBY ST,W PENDER ST,5e10db8c-23da-569f-8237-4995b066862b,"HORNBY ST & W PENDER ST, VANCOUVER",49.285914,-123.116863
VANCOUVER,HOSMER AVE,MATTHEWS AVE,41d02cc0-0f2e-5469-87e5-ffafb8a6adc8,"HOSMER AVE & MATTHEWS AVE, VANCOUVER",49.251899,-123.150854
VANCOUVER,HOWE ST,HOWE ST ONRAMP,d7ec8e77-dab3-5526-a26c-e26f26928176,"HOWE ST & HOWE ST ONRAMP, VANCOUVER",49.275046,-123.129407
VANCOUVER,HOWE ST,NELSON ST,f3cb2e99-731c-5b3f-a80a-f2ae270458db,"HOWE ST & NELSON ST, VANCOUVER",49.279909,-123.124039
VANCOUVER,HOWE ST,PACIFIC ST,cd39f0d2-36b4-5ae7-963f-1cfb581bdcf4,"HOWE ST & PACIFIC ST, VANCOUVER",49.275682,-123.130429
VANCOUVER,HOWE ST,ROBSON ST,52ba57b8-6b33-59d2-8004-86930e7af386,"HOWE ST & ROBSON ST, VANCOUVER",49.282019,-123.120839
VANCOUVER,HOWE ST,SMITHE ST,74738161-781b-588a-be02-b74d98ecf0aa,"HOWE ST & SMITHE ST, VANCOUVER",49.280985,-123.122436
VANCOUVER,HOWE ST,W CORDOVA ST,be40d51c-da68-59c6-8031-3dd90e253f24,"HOWE ST & W CORDOVA ST, VANCOUVER",49.286609,-123.113865
VANCOUVER,HOWE ST,W GEORGIA ST,aebd9980-ebd0-5f67-b4dc-b325879a36de,"HOWE ST & W GEORGIA ST, VANCOUVER",49.283132,-123.119153
VANCOUVER,HOWE ST,W HASTINGS ST,0e6c5575-9ef0-57a1-9cda-bd9944fabcc6,"HOWE ST & W HASTINGS ST, VANCOUVER",49.285971,-123.114856
VANCOUVER,HOWE ST,W PENDER ST,bf050cfa-e627-5f12-96db-bdd87b895a7a,"HOWE ST & W PENDER ST, VANCOUVER",49.285277,-123.115844
VANCOUVER,HOWE ST ONRAMP,PACIFIC ST,0174250f-ea2d-5422-884a-4e6342fd5946,"HOWE ST ONRAMP & PACIFIC ST, VANCOUVER",49.275585,-123.130175
VANCOUVER,HOY ST,WELLINGTON AVE,91b75064-066b-5501-a94a-1ee741f263ec,"HOY ST & WELLINGTON AVE, VANCOUVER",49.238023,-123.025186
VANCOUVER,HOYLAKE AVE,MUIRFIELD DR,57392156-2bee-5367-a850-c7cb90256e90,"HOYLAKE AVE & MUIRFIELD DR, VANCOUVER",49.216231,-123.055108
VANCOUVER,HOYLAKE AVE,NANAIMO ST,3b2bbe3c-72a9-570c-adf8-2f19dfcfae24,"HOYLAKE AVE & NANAIMO ST, VANCOUVER",49.215837,-123.059344
VANCOUVER,HUDSON ST,HWY 99,c32a6a6b-3ee8-5716-b9c9-c7ef6026f510,"HUDSON ST & HWY 99, VANCOUVER",49.208533,-123.134489
VANCOUVER,HUDSON ST,LAURIER AVE,4159fa10-7427-51cb-ad74-5eb82914612b,"HUDSON ST & LAURIER AVE, VANCOUVER",49.250757,-123.134336
VANCOUVER,HUDSON ST,MARPOLE LOOP,b2794018-18ba-5f68-9abd-77365684c7c5,"HUDSON ST & MARPOLE LOOP, VANCOUVER",49.203121,-123.134514
VANCOUVER,HUDSON ST,MATTHEWS AVE,a9daa177-b5d1-5969-b759-1ef8aa1b839b,"HUDSON ST & MATTHEWS AVE, VANCOUVER",49.253467,-123.134956
VANCOUVER,HUDSON ST,MINTO CRES,17f79e71-3a90-5958-839f-dc0d008e600f,"HUDSON ST & MINTO CRES, VANCOUVER",49.242853,-123.134897
VANCOUVER,HUDSON ST,NANTON AVE,c8da9f54-00ac-5d33-8023-498ace018408,"HUDSON ST & NANTON AVE, VANCOUVER",49.246614,-123.134486
VANCOUVER,HUDSON ST,PARK DR,e74234ff-d249-5d64-a809-d6389eb56b32,"HUDSON ST & PARK DR, VANCOUVER",49.215609,-123.134149
VANCOUVER,HUDSON ST,SW MARINE DR,1446e9e7-8286-5650-9f37-6d4ba49f2b8d,"HUDSON ST & SW MARINE DR, VANCOUVER",49.203121,-123.134514
VANCOUVER,HUDSON ST,THE CRESCENT,5ec3e05d-4ad4-56ec-842d-a18424da15de,"HUDSON ST & THE CRESCENT, VANCOUVER",49.255082,-123.135179
VANCOUVER,HUDSON ST,W 32ND AVE,35866716-ea8a-54ad-b557-5b625b1fec06,"HUDSON ST & W 32ND AVE, VANCOUVER",49.243877,-123.135688
VANCOUVER,HUDSON ST,W 33RD AVE,7b5d471a-13f2-50ee-b0f4-6afc3f3128d1,"HUDSON ST & W 33RD AVE, VANCOUVER",49.241697,-123.134598
VANCOUVER,HUDSON ST,W 37TH AVE,31f52b09-892c-5b49-b82d-d3e26450d59a,"HUDSON ST & W 37TH AVE, VANCOUVER",49.237869,-123.134693
VANCOUVER,HUDSON ST,W 38TH AVE,18e5b554-9e7b-5be9-920d-2fb20e935777,"HUDSON ST & W 38TH AVE, VANCOUVER",49.236956,-123.134728
VANCOUVER,HUDSON ST,W 39TH AVE,1d7839d5-1c2f-5aea-9ad1-8057b3d0655f,"HUDSON ST & W 39TH AVE, VANCOUVER",49.236027,-123.134762
VANCOUVER,HUDSON ST,W 40TH AVE,373df2f7-bfcc-575e-a6c5-240231af7905,"HUDSON ST & W 40TH AVE, VANCOUVER",49.235115,-123.134791
VANCOUVER,HUDSON ST,W 41ST AVE,d07db16e-60e3-5df0-94a9-60ef6a49b813,"HUDSON ST & W 41ST AVE, VANCOUVER",49.234174,-123.134825
VANCOUVER,HUDSON ST,W 45TH AVE,3afa940f-060f-5da7-9ee9-d83ddc46da13,"HUDSON ST & W 45TH AVE, VANCOUVER",49.230454,-123.134965
VANCOUVER,HUDSON ST,W 46TH AVE,a2bfa8d4-4401-5aff-a6c1-d130dd91fb36,"HUDSON ST & W 46TH AVE, VANCOUVER",49.229518,-123.134999
VANCOUVER,HUDSON ST,W 47TH AVE,e12af9b5-87bc-529c-8f39-35a873a9855d,"HUDSON ST & W 47TH AVE, VANCOUVER",49.228626,-123.135031
VANCOUVER,HUDSON ST,W 49TH AVE,beb73c56-0832-5ccb-8a98-cffb6408b370,"HUDSON ST & W 49TH AVE, VANCOUVER",49.226795,-123.135096
VANCOUVER,HUDSON ST,W 50TH AVE,62f1e910-dbdb-55fa-aaf3-5dff0773bfa8,"HUDSON ST & W 50TH AVE, VANCOUVER",49.225779,-123.13513
VANCOUVER,HUDSON ST,W 51ST AVE,9c8cc34b-8fad-5a23-85fe-3f9470702d11,"HUDSON ST & W 51ST AVE, VANCOUVER",49.224897,-123.135158
VANCOUVER,HUDSON ST,W 52ND AVE,28560442-684a-50e8-a5b3-01fe0a317a94,"HUDSON ST & W 52ND AVE, VANCOUVER",49.224006,-123.135188
VANCOUVER,HUDSON ST,W 54TH AVE,0909ad0e-e05d-540a-b6d2-52207f80780f,"HUDSON ST & W 54TH AVE, VANCOUVER",49.221638,-123.135266
VANCOUVER,HUDSON ST,W 57TH AVE,95598b7a-8373-54e1-8271-c0ef70d0e03d,"HUDSON ST & W 57TH AVE, VANCOUVER",49.219269,-123.13404
VANCOUVER,HUDSON ST,W 58TH AVE,8c960452-03db-5d4a-840c-c984f2e8827c,"HUDSON ST & W 58TH AVE, VANCOUVER",49.218278,-123.134076
VANCOUVER,HUDSON ST,W 59TH AVE,51a980f9-371e-5147-abf2-58dd797c95a6,"HUDSON ST & W 59TH AVE, VANCOUVER",49.217249,-123.134071
VANCOUVER,HUDSON ST,W 64TH AVE,b8b0465b-eb5a-536a-863f-8e5159a8f9c2,"HUDSON ST & W 64TH AVE, VANCOUVER",49.213053,-123.134238
VANCOUVER,HUDSON ST,W 67TH AVE,0b77c42d-4766-5bed-9fcb-7ac0156b1fce,"HUDSON ST & W 67TH AVE, VANCOUVER",49.210798,-123.134315
VANCOUVER,HUDSON ST,W 70TH AVE,fa084d60-ec03-5da3-aad7-f1eb57949c81,"HUDSON ST & W 70TH AVE, VANCOUVER",49.208533,-123.134489
VANCOUVER,HUDSON ST,W 71ST AVE,77ef0376-c911-58fb-a3ac-d14e03234e2f,"HUDSON ST & W 71ST AVE, VANCOUVER",49.206976,-123.134664
VANCOUVER,HUDSON ST,W 72ND AVE,cff7af5e-009b-593d-8a89-56082d950018,"HUDSON ST & W 72ND AVE, VANCOUVER",49.20571,-123.134687
VANCOUVER,HUDSON ST,W 73RD AVE,7319590d-33b8-5539-a0e9-3daa2d2dcd5c,"HUDSON ST & W 73RD AVE, VANCOUVER",49.204296,-123.134747
VANCOUVER,HUDSON ST,W 75TH AVE,fb8dd0be-116c-5114-a441-09ed9786b5b6,"HUDSON ST & W 75TH AVE, VANCOUVER",49.202151,-123.134852
VANCOUVER,HUDSON ST,W 77TH AVE,429f2ebb-23d5-5b5e-b9f2-fd124ada0449,"HUDSON ST & W 77TH AVE, VANCOUVER",49.201054,-123.135397
VANCOUVER,HUDSON ST,W KING EDWARD AVE,d3c15bad-8f40-5cd9-9014-a9f368d24469,"HUDSON ST & W KING EDWARD AVE, VANCOUVER",49.249314,-123.134361
VANCOUVER,HULL ST,VICTORIA DR,ea3a32d7-6273-595a-b844-b6cbe2290342,"HULL ST & VICTORIA DR, VANCOUVER",49.251867,-123.065218
VANCOUVER,HUM-LU-SUM DR,W 51ST AVE,b25e0461-04a5-5462-9f08-2ec09e04d6f5,"HUM-LU-SUM DR & W 51ST AVE, VANCOUVER",49.225592,-123.191869
VANCOUVER,HUMM ST,UPLAND DR,6ab875c2-3dd0-52cd-9f7d-cc6d51d94157,"HUMM ST & UPLAND DR, VANCOUVER",49.218024,-123.063342
VANCOUVER,HWY 1,HWY 7,300a15c6-1f6a-5d4d-a9d5-dab67b774c8c,"HWY 1 & HWY 7, VANCOUVER",49.264894,-123.026165
VANCOUVER,HWY 1,LOUGHEED HWY W UNDRPASS,5e005033-f6cc-5530-8ed3-f4c7caa67a1e,"HWY 1 & LOUGHEED HWY W UNDRPASS, VANCOUVER",49.264894,-123.026165
VANCOUVER,HWY 1,MCGILL ST OFFRAMP,0a41dc45-2a5b-5eea-94d9-23ced2fc96aa,"HWY 1 & MCGILL ST OFFRAMP, VANCOUVER",49.287032,-123.031028
VANCOUVER,HWY 1,MCGILL ST ONRAMP,9401ec52-7eab-579c-89d3-7ec826c2cdf8,"HWY 1 & MCGILL ST ONRAMP, VANCOUVER",49.287034,-123.030899
VANCOUVER,HWY 1,N SKEENA ST,a05ad122-8b90-52a6-b50c-57372ab07be8,"HWY 1 & N SKEENA ST, VANCOUVER",49.289345,-123.02831
VANCOUVER,HWY 1,RUPERT ST OFFRAMP,68f5dae4-7c6b-52bd-be75-495cbf071f48,"HWY 1 & RUPERT ST OFFRAMP, VANCOUVER",49.269452,-123.027611
VANCOUVER,HWY 1,TRANS-CANADA HWY ONRAMP,7de88efe-e66e-5d1b-ac32-4f237d02a093,"HWY 1 & TRANS-CANADA HWY ONRAMP, VANCOUVER",49.287032,-123.031028
VANCOUVER,HWY 1A,KNIGHT ST,511b8a06-6600-598f-8a85-b2f3bc18c89e,"HWY 1A & KNIGHT ST, VANCOUVER",49.250151,-123.07606
VANCOUVER,HWY 1A,MAIN ST OFFRAMP,22e93b38-527e-5ae4-86f8-f6fed4b3ef48,"HWY 1A & MAIN ST OFFRAMP, VANCOUVER",49.276783,-123.099854
VANCOUVER,HWY 1A,MAIN ST ONRAMP,59c36790-8a02-52b3-b82b-55a6408b54cd,"HWY 1A & MAIN ST ONRAMP, VANCOUVER",49.277633,-123.099816
VANCOUVER,HWY 1A,RUPERT ST,482f65a5-6e7b-5405-8ae4-91de1b8a5844,"HWY 1A & RUPERT ST, VANCOUVER",49.235939,-123.042334
VANCOUVER,HWY 1A,STANLEY PARK DR,f3968da6-fac7-5c2d-bb4e-2b0a1c88bae4,"HWY 1A & STANLEY PARK DR, VANCOUVER",49.311078,-123.142583
VANCOUVER,HWY 1A,TAYLOR ST,db9b6a3f-72a8-5759-915c-66664d8a3208,"HWY 1A & TAYLOR ST, VANCOUVER",49.280709,-123.105595
VANCOUVER,HWY 1A,TERMINAL AVE,549e3532-2cb2-5ee6-8429-0c873b8113d7,"HWY 1A & TERMINAL AVE, VANCOUVER",49.272815,-123.100019
VANCOUVER,HWY 1A,THURLOW ST,adc5d2ce-ef5b-564b-9d86-670d540e033d,"HWY 1A & THURLOW ST, VANCOUVER",49.285723,-123.123132
VANCOUVER,HWY 1A,UNION ST,b3885ed6-3d22-5a96-ae13-c815e3cdec7f,"HWY 1A & UNION ST, VANCOUVER",49.277633,-123.099816
VANCOUVER,HWY 7,KINGSWAY,8a52a9dd-fca0-5ca4-a91e-d294a1a70bca,"HWY 7 & KINGSWAY, VANCOUVER",49.26287,-123.099528
VANCOUVER,HWY 7,NANAIMO ST,f345554c-b060-5d49-91a1-bd5ceff75c3d,"HWY 7 & NANAIMO ST, VANCOUVER",49.262131,-123.056591
VANCOUVER,HWY 7,RUPERT ST,de19b8dc-6989-557c-b9ea-9c8cabe62839,"HWY 7 & RUPERT ST, VANCOUVER",49.261898,-123.033733
VANCOUVER,HWY 7,SKEENA ST,2160a36f-dbb0-587e-912d-21dcdd67606a,"HWY 7 & SKEENA ST, VANCOUVER",49.263485,-123.028483
VANCOUVER,HWY 7,ST GEORGE ST,1bfc69cf-5de7-53a5-aff8-23ed2b968b2a,"HWY 7 & ST GEORGE ST, VANCOUVER",49.262505,-123.093
VANCOUVER,HWY 7,VICTORIA DR,f09cb8ad-7ca2-5ce4-9d5d-932902edf1cd,"HWY 7 & VICTORIA DR, VANCOUVER",49.262294,-123.065915
VANCOUVER,HWY 7A,LAKEWOOD DR,afb93850-f991-5335-bf59-3269861d3065,"HWY 7A & LAKEWOOD DR, VANCOUVER",49.281175,-123.061688
VANCOUVER,HWY 7A,MAIN ST,3c04940c-c068-5e4d-9415-0c5159b7201d,"HWY 7A & MAIN ST, VANCOUVER",49.281347,-123.099687
VANCOUVER,HWY 99,HWY 99A,d92e043b-ab71-5406-b375-e09469e445e5,"HWY 99 & HWY 99A, VANCOUVER",49.283132,-123.119153
VANCOUVER,HWY 99,JERVIS ST,98b3b171-07b8-55b7-8c6b-c21cbe1c2c35,"HWY 99 & JERVIS ST, VANCOUVER",49.288136,-123.126873
VANCOUVER,HWY 99,JOHNSTON ST,36560144-2302-5bf3-8609-3016cc9450e4,"HWY 99 & JOHNSTON ST, VANCOUVER",49.27163,-123.134638
VANCOUVER,HWY 99,LAMEYS MILL RD,484f3821-0561-5c77-849b-3c1ef0b3903d,"HWY 99 & LAMEYS MILL RD, VANCOUVER",49.269413,-123.137786
VANCOUVER,HWY 99,LOST LAGOON RD,741b1c99-6f2f-598e-9902-bcd9a3cc2ee4,"HWY 99 & LOST LAGOON RD, VANCOUVER",49.295988,-123.136414
VANCOUVER,HWY 99,NELSON ST,c2fdf1d9-26ef-522c-b424-0720bfa78713,"HWY 99 & NELSON ST, VANCOUVER",49.279909,-123.124039
VANCOUVER,HWY 99,OAK ST OFFRAMP,7df9a3ac-ee0f-571d-8313-7df4beb9209d,"HWY 99 & OAK ST OFFRAMP, VANCOUVER",49.204906,-123.129668
VANCOUVER,HWY 99,PACIFIC ST,98d0543f-a134-5b4c-bbd1-558c5bddb4a4,"HWY 99 & PACIFIC ST, VANCOUVER",49.275046,-123.129407
VANCOUVER,HWY 99,ROBSON ST,2bbe9203-58d2-5f3c-8704-a7837aebbb6f,"HWY 99 & ROBSON ST, VANCOUVER",49.282019,-123.120839
VANCOUVER,HWY 99,STANLEY PARK DR,6d39a0de-2a79-5dd2-9340-163dde47a9e2,"HWY 99 & STANLEY PARK DR, VANCOUVER",49.311078,-123.142583
VANCOUVER,HWY 99,STANLEY PARK DR OFFRAMP,1418b671-5f88-5529-9beb-d1619d57f035,"HWY 99 & STANLEY PARK DR OFFRAMP, VANCOUVER",49.310161,-123.143364
VANCOUVER,HWY 99,SW MARINE DR,3c457447-7001-52bf-ad0d-0aba96716ea4,"HWY 99 & SW MARINE DR, VANCOUVER",49.204796,-123.129863
VANCOUVER,HWY 99,SW MARINE DR OFFRAMP,1f851a47-9191-58fd-9137-c21bb45383c5,"HWY 99 & SW MARINE DR OFFRAMP, VANCOUVER",49.204906,-123.129668
VANCOUVER,HWY 99,W 13TH AVE,0a289010-8c47-549d-b292-d7020f8c6c50,"HWY 99 & W 13TH AVE, VANCOUVER",49.259815,-123.138729
VANCOUVER,HWY 99,W 16TH AVE,21497439-e0ad-5a48-9011-071f19bc9cf9,"HWY 99 & W 16TH AVE, VANCOUVER",49.257053,-123.138793
VANCOUVER,HWY 99,W 25TH AVE,9745590c-2d3b-5a4d-9944-8dc67cd1b3d3,"HWY 99 & W 25TH AVE, VANCOUVER",49.249411,-123.139097
VANCOUVER,HWY 99,W 26TH AVE,00de1b63-5358-5a12-b472-0f404ecea145,"HWY 99 & W 26TH AVE, VANCOUVER",49.248332,-123.139148
VANCOUVER,HWY 99,W 29TH AVE,c37d9baf-ec69-52a3-b984-989937118db7,"HWY 99 & W 29TH AVE, VANCOUVER",49.24536,-123.139167
VANCOUVER,HWY 99,W 33RD AVE,dbffa71b-0f1f-5fd8-aa0a-4d44fdb0fdf1,"HWY 99 & W 33RD AVE, VANCOUVER",49.241887,-123.139312
VANCOUVER,HWY 99,W 4TH AVE,130be044-0a4e-5c42-af8d-694d41555269,"HWY 99 & W 4TH AVE, VANCOUVER",49.267939,-123.138452
VANCOUVER,HWY 99,W 59TH AVE,2b13a038-315d-5355-9cce-1dcaacfe73fe,"HWY 99 & W 59TH AVE, VANCOUVER",49.217369,-123.140216
VANCOUVER,HWY 99,W 5TH AVE,45e3ff6a-ee7a-5d2c-b9ae-8f12bbab7269,"HWY 99 & W 5TH AVE, VANCOUVER",49.266772,-123.138455
VANCOUVER,HWY 99,W 62ND AVE,d82de6c7-1f66-57a0-aec8-924227917780,"HWY 99 & W 62ND AVE, VANCOUVER",49.21499,-123.140301
VANCOUVER,HWY 99,W 6TH AVE,057cc7e3-4500-56cd-b0a5-0fbaa7385680,"HWY 99 & W 6TH AVE, VANCOUVER",49.266182,-123.138468
VANCOUVER,HWY 99,W 71ST AVE,a893818f-103d-582a-8916-40aca4963219,"HWY 99 & W 71ST AVE, VANCOUVER",49.206913,-123.130318
VANCOUVER,HWY 99,W 8TH AVE,4b2c82ab-3910-59c4-9c97-f70f991e658a,"HWY 99 & W 8TH AVE, VANCOUVER",49.264503,-123.138529
VANCOUVER,HWY 99,W BROADWAY,4aa4ae13-c1e7-53c3-a465-27c36b09ffc7,"HWY 99 & W BROADWAY, VANCOUVER",49.263589,-123.138562
VANCOUVER,HWY 99,W KING EDWARD AVE,1b2cc25a-c98f-5592-be2f-02e00b5dcdb9,"HWY 99 & W KING EDWARD AVE, VANCOUVER",49.249411,-123.139097
VANCOUVER,HWY 99,W PENDER ST,4fab63a0-c861-5d2f-ade3-8ae08e68a9ff,"HWY 99 & W PENDER ST, VANCOUVER",49.290575,-123.130597
VANCOUVER,HWY 99,WREN TRAIL,e9340397-76cd-5dee-90eb-cafceeda116e,"HWY 99 & WREN TRAIL, VANCOUVER",49.300962,-123.143284
VANCOUVER,HWY 99A,KNIGHT ST,25b2c1e2-bbb8-5225-90a1-e9acca87038d,"HWY 99A & KNIGHT ST, VANCOUVER",49.250151,-123.07606
VANCOUVER,HWY 99A,MAIN ST ONRAMP,c063312b-4af4-549f-8910-e5d3469062b8,"HWY 99A & MAIN ST ONRAMP, VANCOUVER",49.277633,-123.099816
VANCOUVER,HWY 99A,NANAIMO ST,9cdfcd3e-6823-5ab8-b7ef-73ef529edc0d,"HWY 99A & NANAIMO ST, VANCOUVER",49.24187,-123.058123
VANCOUVER,HWY 99A,TAYLOR ST,3be05d39-cee0-5417-9361-c06a398fc6f4,"HWY 99A & TAYLOR ST, VANCOUVER",49.280709,-123.105595
VANCOUVER,HWY 99A,W GEORGIA ST,11d85d1e-8bad-5599-a933-ec26468b9841,"HWY 99A & W GEORGIA ST, VANCOUVER",49.283132,-123.119153
VANCOUVER,HYACK DR,SE MARINE DR,42ed0471-e524-596e-8f0b-f0e4ec8164fe,"HYACK DR & SE MARINE DR, VANCOUVER",49.207994,-123.025792
VANCOUVER,IMPERIAL RD,W 16TH AVE,437c1e84-1167-59ac-aecc-7dfcb2141654,"IMPERIAL RD & W 16TH AVE, VANCOUVER",49.258199,-123.20322
VANCOUVER,INDUSTRIAL AVE,MAIN ST,2f79b8ed-538e-563e-a68a-cad6c9dc886c,"INDUSTRIAL AVE & MAIN ST, VANCOUVER",49.270507,-123.100591
VANCOUVER,INDUSTRIAL AVE,SCOTIA ST,05d6c919-8b80-5705-97e7-5966463228c8,"INDUSTRIAL AVE & SCOTIA ST, VANCOUVER",49.269595,-123.096397
VANCOUVER,INDUSTRIAL AVE,STATION ST,80e6cd80-32c5-5256-be96-59dc42df3e46,"INDUSTRIAL AVE & STATION ST, VANCOUVER",49.269881,-123.098082
VANCOUVER,INDUSTRIAL AVE,WESTERN ST,3b1767b6-3b80-5990-998c-f5cf23c97479,"INDUSTRIAL AVE & WESTERN ST, VANCOUVER",49.270455,-123.100006
VANCOUVER,INTERURBAN WAY,YUKON ST,8bca2531-af0e-5c12-9572-a917b93d4b19,"INTERURBAN WAY & YUKON ST, VANCOUVER",49.209592,-123.115137
VANCOUVER,INVERNESS ST,KINGSWAY,149cace1-81fc-5200-b519-6ae38b435157,"INVERNESS ST & KINGSWAY, VANCOUVER",49.252062,-123.079895
VANCOUVER,INVERNESS ST,SE MARINE DR,e692f4e9-e90f-5ddd-86ba-7d81cd6839bc,"INVERNESS ST & SE MARINE DR, VANCOUVER",49.211156,-123.079911
VANCOUVER,INVERNESS ST,WAVERLEY AVE,acd4a5e3-d5f5-5e33-86d0-9353aef5525a,"INVERNESS ST & WAVERLEY AVE, VANCOUVER",49.226974,-123.080015
VANCOUVER,IRONWORKERS MEMORIAL BRIDGE,MCGILL ST ONRAMP,9eb08cc4-dd90-52c8-ae4b-ee98bc2087af,"IRONWORKERS MEMORIAL BRIDGE & MCGILL ST ONRAMP, VANCOUVER",49.287032,-123.031028
VANCOUVER,JACK UPPAL ST,SAWMILL CRES,0bcabfdd-ee88-5fc4-8a8c-b6807cbc9ab9,"JACK UPPAL ST & SAWMILL CRES, VANCOUVER",49.206294,-123.033176
VANCOUVER,JACKSON AVE,KEEFER ST,f9112fa7-e7c2-51d9-b008-5d9fa00a9bb1,"JACKSON AVE & KEEFER ST, VANCOUVER",49.279366,-123.09351
VANCOUVER,JACKSON AVE,POWELL ST,5811ec62-0da1-5062-a951-82e769af7c76,"JACKSON AVE & POWELL ST, VANCOUVER",49.283073,-123.093346
VANCOUVER,JACKSON AVE,PRIOR ST,dcb63248-adfc-59e9-b00d-14805f5b93ff,"JACKSON AVE & PRIOR ST, VANCOUVER",49.276672,-123.093626
VANCOUVER,JACKSON AVE,RAILWAY ST,204f9c24-bcf6-5adb-8788-fae389f2689c,"JACKSON AVE & RAILWAY ST, VANCOUVER",49.284755,-123.093272
VANCOUVER,JACKSON AVE,UNION ST,6998c1ca-2b76-5cc5-980c-335dc5775138,"JACKSON AVE & UNION ST, VANCOUVER",49.277558,-123.093588
VANCOUVER,JASPER CRES,PRESTWICK DR,876f38a2-084b-5865-8aa5-37d80af9aa51,"JASPER CRES & PRESTWICK DR, VANCOUVER",49.216622,-123.069284
VANCOUVER,JASPER CRES,VICTORIA DR,e209115a-6e55-5841-856d-1eadb1f8490c,"JASPER CRES & VICTORIA DR, VANCOUVER",49.217161,-123.065956
VANCOUVER,JELLICOE ST,SE MARINE DR,35adbc73-6563-566e-83b6-dc4f71fb2ebb,"JELLICOE ST & SE MARINE DR, VANCOUVER",49.207688,-123.047702
VANCOUVER,JELLICOE ST,SOTAO AVE,3ef0529d-7fde-556c-a979-b0634e1fb24a,"JELLICOE ST & SOTAO AVE, VANCOUVER",49.207304,-123.047698
VANCOUVER,JEPSON-YOUNG LANE,NICOLA ST,44ccf86c-11bb-5584-a8d8-9d4531fd8ba9,"JEPSON-YOUNG LANE & NICOLA ST, VANCOUVER",49.285509,-123.135872
VANCOUVER,JEPSON-YOUNG LANE,THURLOW ST,8d619127-abe8-5016-86f8-c1b98baafa1a,"JEPSON-YOUNG LANE & THURLOW ST, VANCOUVER",49.281473,-123.129585
VANCOUVER,JERICHO CIRCLE,W 3RD AVE,225ea799-b082-5617-85d7-a8285c1849b7,"JERICHO CIRCLE & W 3RD AVE, VANCOUVER",49.270132,-123.204
VANCOUVER,JERICHO DR,MALI AVE,d01dd56e-7d52-5997-b8b0-15bf5c3cc75c,"JERICHO DR & MALI AVE, VANCOUVER",49.225551,-123.199332
VANCOUVER,JERVIS MEWS,W CORDOVA ST,4bbc322c-b4ab-5279-b9f7-c8acc190dc6d,"JERVIS MEWS & W CORDOVA ST, VANCOUVER",49.290075,-123.123917
VANCOUVER,JERVIS ST,JUNG LANE,e72aeb8e-5f25-50ce-ae12-3a10b674ee31,"JERVIS ST & JUNG LANE, VANCOUVER",49.281064,-123.137525
VANCOUVER,JERVIS ST,MAXINE LANE,43b1f393-0bca-52a6-aaab-c2cad326e055,"JERVIS ST & MAXINE LANE, VANCOUVER",49.281748,-123.136544
VANCOUVER,JERVIS ST,MELVILLE ST,589acdff-0d32-5952-958a-460b74ef24e8,"JERVIS ST & MELVILLE ST, VANCOUVER",49.288814,-123.125564
VANCOUVER,JERVIS ST,NELSON ST,33f7435c-6a66-558d-813d-b06f575051eb,"JERVIS ST & NELSON ST, VANCOUVER",49.284894,-123.131725
VANCOUVER,JERVIS ST,PACIFIC ST,dd41f843-7980-50d7-88f4-214346fb61c1,"JERVIS ST & PACIFIC ST, VANCOUVER",49.28068,-123.138112
VANCOUVER,JERVIS ST,PANTAGES LANE,5b943f41-2ab8-5d1d-ab69-ae7982b99a87,"JERVIS ST & PANTAGES LANE, VANCOUVER",49.282464,-123.135458
VANCOUVER,JERVIS ST,PENDRELL ST,599269d5-e07e-587d-8e6e-2119aecf2dfd,"JERVIS ST & PENDRELL ST, VANCOUVER",49.283519,-123.133885
VANCOUVER,JERVIS ST,ROBSON ST,83b91b8e-f0cb-536d-b464-e140691a58c1,"JERVIS ST & ROBSON ST, VANCOUVER",49.287001,-123.128536
VANCOUVER,JERVIS ST,ROSEMARY BROWN LANE,878f93d0-b0d5-5d2d-972d-1d70b5400025,"JERVIS ST & ROSEMARY BROWN LANE, VANCOUVER",49.286658,-123.12904
VANCOUVER,JERVIS ST,SEE-EM-IA LANE,9f19644d-f4c6-5d8b-98e8-f09fd3355a8f,"JERVIS ST & SEE-EM-IA LANE, VANCOUVER",49.283183,-123.134373
VANCOUVER,JERVIS ST,STOVOLD LANE,fbf21120-3f9c-5dc7-91ba-b21059582927,"JERVIS ST & STOVOLD LANE, VANCOUVER",49.285952,-123.130106
VANCOUVER,JERVIS ST,TED NORTHE LANE,9aec86ea-0e64-5f4c-bb85-159a99cf9bc0,"JERVIS ST & TED NORTHE LANE, VANCOUVER",49.285243,-123.131195
VANCOUVER,JERVIS ST,W CORDOVA ST,8b869114-40c2-5013-831f-7e4a2024abf0,"JERVIS ST & W CORDOVA ST, VANCOUVER",49.290075,-123.123917
VANCOUVER,JERVIS ST,W GEORGIA ST,c6e27703-725a-5c3b-8fdd-caeb377cae3c,"JERVIS ST & W GEORGIA ST, VANCOUVER",49.288136,-123.126873
VANCOUVER,JERVIS ST,W HASTINGS ST,df9aafde-9fc5-5f45-bfe0-9ee35c89b9de,"JERVIS ST & W HASTINGS ST, VANCOUVER",49.289441,-123.124894
VANCOUVER,JERVIS ST,W PENDER ST,4a6c6b4f-1dae-53c0-af1a-120b8805786d,"JERVIS ST & W PENDER ST, VANCOUVER",49.289023,-123.125547
VANCOUVER,JOHNSTON ST,OLD BRIDGE ST,9bba4b85-368f-531b-8d39-5092c6e21a18,"JOHNSTON ST & OLD BRIDGE ST, VANCOUVER",49.271071,-123.133928
VANCOUVER,JOYCE ST,KINGSWAY,e48e91b6-0588-592d-9417-f5efa62552f5,"JOYCE ST & KINGSWAY, VANCOUVER",49.234143,-123.035895
VANCOUVER,JOYCE ST,MARMION AVE,9eef5137-e2ba-56df-97e0-8d464489e10a,"JOYCE ST & MARMION AVE, VANCOUVER",49.231581,-123.03742
VANCOUVER,JOYCE ST,MONMOUTH AVE,8228d5d7-0056-5e52-9aa2-4f286b43f161,"JOYCE ST & MONMOUTH AVE, VANCOUVER",49.240921,-123.029285
VANCOUVER,JOYCE ST,MOSCROP ST,0a7da83b-5648-5416-a744-cb1f19101326,"JOYCE ST & MOSCROP ST, VANCOUVER",49.243346,-123.026974
VANCOUVER,JOYCE ST,PRICE ST,3b275eb4-cbcf-5b77-9a3a-6a992b90920b,"JOYCE ST & PRICE ST, VANCOUVER",49.241743,-123.028504
VANCOUVER,JOYCE ST,SCHOOL AVE,a27dbe3d-7db9-5c1e-8cc6-ecb3a6de212e,"JOYCE ST & SCHOOL AVE, VANCOUVER",49.232922,-123.037173
VANCOUVER,JOYCE ST,TANNER ST,bb83311b-a2ec-5844-bdfc-87ed40569e59,"JOYCE ST & TANNER ST, VANCOUVER",49.242588,-123.027709
VANCOUVER,JOYCE ST,VANNESS AVE,f4194417-2c8e-5061-9719-f2005c6acf3b,"JOYCE ST & VANNESS AVE, VANCOUVER",49.23824,-123.031848
VANCOUVER,JOYCE ST,WELLINGTON AVE,07f84bea-690e-51f4-a609-21ea37569f91,"JOYCE ST & WELLINGTON AVE, VANCOUVER",49.24004,-123.030127
VANCOUVER,JOYCE STATION LOOP,VANNESS AVE,5adf2ebb-2d8c-5d70-a912-cfb9a6e124b9,"JOYCE STATION LOOP & VANNESS AVE, VANCOUVER",49.238758,-123.033007
VANCOUVER,JUNG LANE,NICOLA ST,9f77047d-1896-52d7-a084-724b491ecb6a,"JUNG LANE & NICOLA ST, VANCOUVER",49.282718,-123.140158
VANCOUVER,JUNG LANE,THURLOW ST,d999b10c-26ac-5bae-95a0-49f8eb1fecb1,"JUNG LANE & THURLOW ST, VANCOUVER",49.278647,-123.133831
VANCOUVER,KAMLOOPS ST,KITCHENER ST,1137ba3f-76e4-5494-98d5-a3ca91ece9f5,"KAMLOOPS ST & KITCHENER ST, VANCOUVER",49.272301,-123.054695
VANCOUVER,KAMLOOPS ST,NAPIER ST,a82b9714-523e-52f9-af08-50a226c5ddce,"KAMLOOPS ST & NAPIER ST, VANCOUVER",49.274979,-123.054686
VANCOUVER,KAMLOOPS ST,PANDORA ST,f5db2c8b-ffa7-593d-979b-cdb99a1522e2,"KAMLOOPS ST & PANDORA ST, VANCOUVER",49.282994,-123.054582
VANCOUVER,KAMLOOPS ST,TRIUMPH ST,b37fcb46-cc4d-5847-917b-bbc29393aa82,"KAMLOOPS ST & TRIUMPH ST, VANCOUVER",49.283901,-123.054584
VANCOUVER,KAMLOOPS ST,TURNER ST,d3e895a4-445a-5d47-8147-7db37c225a5d,"KAMLOOPS ST & TURNER ST, VANCOUVER",49.279102,-123.054597
VANCOUVER,KAMLOOPS ST,VENABLES ST,a8fefbde-6002-5b6f-bc04-da972ee95f60,"KAMLOOPS ST & VENABLES ST, VANCOUVER",49.276631,-123.05467
VANCOUVER,KAMLOOPS ST,WILLIAM ST,af5161ab-4b57-5baa-99d1-b3767a10c9db,"KAMLOOPS ST & WILLIAM ST, VANCOUVER",49.27414,-123.054661
VANCOUVER,KASLO ST,KITCHENER ST,df7a30ba-1922-543d-958f-07a35a61a7ae,"KASLO ST & KITCHENER ST, VANCOUVER",49.272296,-123.046883
VANCOUVER,KASLO ST,NAPIER ST,37e1da28-7736-5b10-9043-a37ceb3e4a78,"KASLO ST & NAPIER ST, VANCOUVER",49.274954,-123.046861
VANCOUVER,KASLO ST,PANDORA ST,9e80fa52-3945-5b2a-8992-d62ab6b70cb5,"KASLO ST & PANDORA ST, VANCOUVER",49.282973,-123.046675
VANCOUVER,KASLO ST,PARKER ST,c347bb45-6bcf-53f2-8f13-283013aede66,"KASLO ST & PARKER ST, VANCOUVER",49.275778,-123.046843
VANCOUVER,KASLO ST,TRIUMPH ST,01ba3b1f-e45a-5914-89a6-c7f076f16e24,"KASLO ST & TRIUMPH ST, VANCOUVER",49.28388,-123.046689
VANCOUVER,KASLO ST,TURNER ST,72370344-f436-5dac-9dda-b1a0dbe56474,"KASLO ST & TURNER ST, VANCOUVER",49.279097,-123.046707
VANCOUVER,KASLO ST,VENABLES ST,2f380904-13fd-5c15-acf7-c794bdf8268c,"KASLO ST & VENABLES ST, VANCOUVER",49.276644,-123.046785
VANCOUVER,KASLO ST,WILLIAM ST,a4e4c2d0-dc91-52ba-a24e-40e8a09de359,"KASLO ST & WILLIAM ST, VANCOUVER",49.274179,-123.046867
VANCOUVER,KEEFER PL,TAYLOR ST,037adc59-9da0-545c-83cd-4e78714221cf,"KEEFER PL & TAYLOR ST, VANCOUVER",49.279457,-123.106113
VANCOUVER,KEEFER ST,MAIN ST,19730d7c-fd33-5d3e-bc8f-57d3c3738992,"KEEFER ST & MAIN ST, VANCOUVER",49.279482,-123.099737
VANCOUVER,KEEFER ST,PRINCESS AVE,d1e8c65a-a987-53b5-9e3e-4b69fb40c82b,"KEEFER ST & PRINCESS AVE, VANCOUVER",49.27933,-123.091563
VANCOUVER,KEEFER ST,QUEBEC ST,62cb2085-7220-5c9e-b06d-c92b53b1cf2e,"KEEFER ST & QUEBEC ST, VANCOUVER",49.279286,-123.102155
VANCOUVER,KEEFER ST,VERNON DR,52cc5164-499e-50ad-a174-fab56d667107,"KEEFER ST & VERNON DR, VANCOUVER",49.279122,-123.079226
VANCOUVER,KERR ST,KINGSWAY,fe97dc53-17da-59d2-a4a8-086fb3b0099d,"KERR ST & KINGSWAY, VANCOUVER",49.235641,-123.039546
VANCOUVER,KERR ST,RIVERWALK AVE,91637b85-ba01-56b6-bbad-6f1e657dea71,"KERR ST & RIVERWALK AVE, VANCOUVER",49.206104,-123.042291
VANCOUVER,KERR ST,ROSEMONT DR,10c190cc-6f0c-55c2-9de2-7f040fd005fd,"KERR ST & ROSEMONT DR, VANCOUVER",49.215498,-123.041517
VANCOUVER,KERR ST,RUPERT ST,a25b71a2-1d36-5ec3-9958-b05eeb596555,"KERR ST & RUPERT ST, VANCOUVER",49.227246,-123.041097
VANCOUVER,KERR ST,SE MARINE DR,a5430519-0f13-5183-8841-58e8cb357e6d,"KERR ST & SE MARINE DR, VANCOUVER",49.208097,-123.042257
VANCOUVER,KERR ST,WAVERLEY AVE,2c758d1e-f060-5502-8a1a-6dc1387e5047,"KERR ST & WAVERLEY AVE, VANCOUVER",49.226982,-123.040991
VANCOUVER,KERSLAND DR,W 33RD AVE,0800d00a-68f7-5841-a8e4-d93d3b9d7962,"KERSLAND DR & W 33RD AVE, VANCOUVER",49.241028,-123.116933
VANCOUVER,KERSLAND DR,W 35TH AVE,6dca4609-4e19-5cc9-ad81-14a2e5235142,"KERSLAND DR & W 35TH AVE, VANCOUVER",49.239692,-123.115427
VANCOUVER,KERSLAND DR,W 37TH AVE,56c628a4-36c2-596c-a4fe-da20b979c2e0,"KERSLAND DR & W 37TH AVE, VANCOUVER",49.237132,-123.11448
VANCOUVER,KEVIN PL,W 29TH AVE,fdd2d09c-510d-55c9-96bb-4b81c58eac20,"KEVIN PL & W 29TH AVE, VANCOUVER",49.247434,-123.201215
VANCOUVER,KILLARNEY ST,KINGSWAY,d1f24bc2-4bba-52ed-a752-b01c597759af,"KILLARNEY ST & KINGSWAY, VANCOUVER",49.236377,-123.045735
VANCOUVER,KING EDWARD AVE,YEW ST,299f762b-7795-5967-b878-68f793331faf,"KING EDWARD AVE & YEW ST, VANCOUVER",49.250738,-123.155927
VANCOUVER,KINGS AVE,MOSS ST,6e901697-0811-5c05-b24e-45841ea96370,"KINGS AVE & MOSS ST, VANCOUVER",49.243127,-123.041746
VANCOUVER,KINGS AVE,RUPERT ST,b336a8a7-b1be-570f-b72a-64dbe164a1ab,"KINGS AVE & RUPERT ST, VANCOUVER",49.241248,-123.037197
VANCOUVER,KINGS LYNN ST,PETERSHAM AVE,07387fe8-44f4-5cf5-9dce-534b5100d3c2,"KINGS LYNN ST & PETERSHAM AVE, VANCOUVER",49.227288,-123.026025
VANCOUVER,KINGSWAY,KNIGHT ST,3afe9a1e-9f97-5278-941f-fca61591262b,"KINGSWAY & KNIGHT ST, VANCOUVER",49.250151,-123.07606
VANCOUVER,KINGSWAY,LINCOLN ST,8239bc5f-f850-5efe-99ac-2e369d61c87e,"KINGSWAY & LINCOLN ST, VANCOUVER",49.232185,-123.025931
VANCOUVER,KINGSWAY,MAIN ST,f66a8656-9882-51a1-997a-c68df0c93288,"KINGSWAY & MAIN ST, VANCOUVER",49.264471,-123.100924
VANCOUVER,KINGSWAY,MCHARDY ST,03b25a4c-b555-5e53-be64-2b15af1ae780,"KINGSWAY & MCHARDY ST, VANCOUVER",49.235384,-123.038735
VANCOUVER,KINGSWAY,MCKINNON ST,1288e18e-4a13-5e58-aaaa-19341b1f7b2b,"KINGSWAY & MCKINNON ST, VANCOUVER",49.235038,-123.037803
VANCOUVER,KINGSWAY,MELBOURNE ST,c56afd07-671c-536b-ae65-71799f99a1a5,"KINGSWAY & MELBOURNE ST, VANCOUVER",49.232041,-123.029267
VANCOUVER,KINGSWAY,MILLER ST,6796695a-a44a-5e2c-b4c4-83e6dc8b12ef,"KINGSWAY & MILLER ST, VANCOUVER",49.246909,-123.068908
VANCOUVER,KINGSWAY,MOSS ST,e184edee-3d0b-5019-b24d-03e87c4a6ae9,"KINGSWAY & MOSS ST, VANCOUVER",49.237064,-123.047628
VANCOUVER,KINGSWAY,NANAIMO ST,d4be54da-39af-5ce8-8271-f0e641cc4546,"KINGSWAY & NANAIMO ST, VANCOUVER",49.24187,-123.058123
VANCOUVER,KINGSWAY,ORMIDALE ST,510ad1d5-b738-51d4-acfb-d76f9dfa6ff3,"KINGSWAY & ORMIDALE ST, VANCOUVER",49.232231,-123.02496
VANCOUVER,KINGSWAY,PERRY ST,f143903a-1b27-534c-97a2-9a6daf3f31b2,"KINGSWAY & PERRY ST, VANCOUVER",49.248018,-123.071292
VANCOUVER,KINGSWAY,PRINCE ALBERT ST,cc75e4e0-e57a-557e-964a-9e4d5add0609,"KINGSWAY & PRINCE ALBERT ST, VANCOUVER",49.255544,-123.087472
VANCOUVER,KINGSWAY,PRINCE EDWARD ST,14735950-e8af-5dd3-88eb-1796d3adf98b,"KINGSWAY & PRINCE EDWARD ST, VANCOUVER",49.259613,-123.096316
VANCOUVER,KINGSWAY,RHODES ST,ca907143-ca4c-592c-8915-3b2d3f37d1c0,"KINGSWAY & RHODES ST, VANCOUVER",49.23827,-123.050316
VANCOUVER,KINGSWAY,RUPERT ST,588ebea7-6890-5998-8742-5425d4ce4db2,"KINGSWAY & RUPERT ST, VANCOUVER",49.235939,-123.042334
VANCOUVER,KINGSWAY,SENLAC ST,c0f112e5-abab-5a7f-8c1a-1822c6fd0932,"KINGSWAY & SENLAC ST, VANCOUVER",49.232774,-123.033232
VANCOUVER,KINGSWAY,SIDNEY ST,70c5e761-0191-564f-879e-13739c6d5078,"KINGSWAY & SIDNEY ST, VANCOUVER",49.244501,-123.063765
VANCOUVER,KINGSWAY,SLOCAN ST,63afe233-5391-5aad-b276-dfb3b5b5149d,"KINGSWAY & SLOCAN ST, VANCOUVER",49.240009,-123.054067
VANCOUVER,KINGSWAY,SOPHIA ST,1c02a262-1c18-5775-8c6c-e846a0fadbe1,"KINGSWAY & SOPHIA ST, VANCOUVER",49.261562,-123.098258
VANCOUVER,KINGSWAY,SPENCER ST,351f88f8-95d3-53c4-80bb-6731c979b785,"KINGSWAY & SPENCER ST, VANCOUVER",49.235789,-123.040751
VANCOUVER,KINGSWAY,ST CATHERINES ST,4d86daf8-ff83-570b-a1f8-8d828c075c3d,"KINGSWAY & ST CATHERINES ST, VANCOUVER",49.254746,-123.085636
VANCOUVER,KINGSWAY,ST GEORGE ST,7c11d065-4a04-51f2-aa18-f2f624389390,"KINGSWAY & ST GEORGE ST, VANCOUVER",49.257769,-123.09309
VANCOUVER,KINGSWAY,STAMFORD ST,78bd873f-89ed-5f08-be13-e2ce0758ef40,"KINGSWAY & STAMFORD ST, VANCOUVER",49.232403,-123.032496
VANCOUVER,KINGSWAY,TAUNTON ST,b12be920-ee41-581d-8f8f-d763834c735e,"KINGSWAY & TAUNTON ST, VANCOUVER",49.235641,-123.039546
VANCOUVER,KINGSWAY,TYNE ST,d905b664-5faf-5707-831c-9cc6d7031a0a,"KINGSWAY & TYNE ST, VANCOUVER",49.232015,-123.031251
VANCOUVER,KINGSWAY,VICTORIA DR,c8b3c67d-f7d5-526a-97b5-68eef7f912b1,"KINGSWAY & VICTORIA DR, VANCOUVER",49.245143,-123.065173
VANCOUVER,KINGSWAY,WALES ST,eda12c04-fe17-508f-ac8d-dca3012ab543,"KINGSWAY & WALES ST, VANCOUVER",49.238891,-123.051643
VANCOUVER,KINGSWAY,WELWYN ST,b664df53-9d61-5c23-9d58-3712b4621d50,"KINGSWAY & WELWYN ST, VANCOUVER",49.247392,-123.069945
VANCOUVER,KINGSWAY,WESSEX ST,1356a585-fcfc-5272-8a3c-105f02d52658,"KINGSWAY & WESSEX ST, VANCOUVER",49.233191,-123.03407
VANCOUVER,KINGSWAY,WINDSOR ST,0211cf07-5235-5d28-ba01-f411426ef5e6,"KINGSWAY & WINDSOR ST, VANCOUVER",49.253845,-123.083718
VANCOUVER,KINROSS ST,MARINE WAY,5402e78d-2833-556f-af81-6213be9e3bb5,"KINROSS ST & MARINE WAY, VANCOUVER",49.206941,-123.036631
VANCOUVER,KINROSS ST,NORTH ARM AVE,5416725a-5c15-5e71-86a1-b761171fceac,"KINROSS ST & NORTH ARM AVE, VANCOUVER",49.204923,-123.036757
VANCOUVER,KINROSS ST,RIVERWALK AVE,f36d847e-0d4b-5202-9196-12dbce646b92,"KINROSS ST & RIVERWALK AVE, VANCOUVER",49.205379,-123.036747
VANCOUVER,KITCHENER ST,LAKEWOOD DR,23a7e865-090d-5549-b619-167cb27a36f4,"KITCHENER ST & LAKEWOOD DR, VANCOUVER",49.272057,-123.061849
VANCOUVER,KITCHENER ST,MCLEAN DR,a2438b0e-8e54-5bc7-b721-d872409042a3,"KITCHENER ST & MCLEAN DR, VANCOUVER",49.272178,-123.074478
VANCOUVER,KITCHENER ST,NANAIMO ST,8ff7f43a-2831-530a-bddb-31aedc09f1e7,"KITCHENER ST & NANAIMO ST, VANCOUVER",49.272172,-123.056588
VANCOUVER,KITCHENER ST,NOOTKA ST,05455a10-9d7d-503e-8c1e-523d6e76315e,"KITCHENER ST & NOOTKA ST, VANCOUVER",49.272277,-123.041434
VANCOUVER,KITCHENER ST,ODLUM DR,a54c4e64-462f-5be2-81f0-cdf0d365e3d8,"KITCHENER ST & ODLUM DR, VANCOUVER",49.272211,-123.075951
VANCOUVER,KITCHENER ST,RENFREW ST,bbed3b87-36b8-54ef-8f6e-5d6bec1f154e,"KITCHENER ST & RENFREW ST, VANCOUVER",49.272286,-123.044166
VANCOUVER,KITCHENER ST,RUPERT ST,d178b2f8-7857-5dd6-a305-4107a9535efc,"KITCHENER ST & RUPERT ST, VANCOUVER",49.272277,-123.033645
VANCOUVER,KITCHENER ST,SALSBURY DR,0c2dffdc-cc48-5058-8e73-d49304500c3d,"KITCHENER ST & SALSBURY DR, VANCOUVER",49.27213,-123.067664
VANCOUVER,KITCHENER ST,SEMLIN DR,41cad949-c0f7-5260-9076-e36d8963ec1a,"KITCHENER ST & SEMLIN DR, VANCOUVER",49.27209,-123.063761
VANCOUVER,KITCHENER ST,SLOCAN ST,03731095-ab68-5077-8a1a-784aef29ce85,"KITCHENER ST & SLOCAN ST, VANCOUVER",49.272296,-123.049405
VANCOUVER,KITCHENER ST,VICTORIA DR,efbc94f7-b42e-53a9-a321-f25587f8551b,"KITCHENER ST & VICTORIA DR, VANCOUVER",49.272097,-123.06571
VANCOUVER,KITCHENER ST,WINDERMERE ST,fd48f38f-1a51-5e07-8918-e0438136b329,"KITCHENER ST & WINDERMERE ST, VANCOUVER",49.272281,-123.036403
VANCOUVER,KITCHENER ST,WOODLAND DR,26e9bbf6-db63-5f6c-8a38-28adaf327729,"KITCHENER ST & WOODLAND DR, VANCOUVER",49.272165,-123.073464
VANCOUVER,KITSILANO DIVERS,MACDONALD ST,50eb038a-c4cf-599e-8625-7893c4dfcde2,"KITSILANO DIVERS & MACDONALD ST, VANCOUVER",49.262339,-123.168239
VANCOUVER,KITSILANO DIVERS,W 11TH AVE,192c5d27-b2e7-55f2-aee8-863f3680f197,"KITSILANO DIVERS & W 11TH AVE, VANCOUVER",49.262339,-123.168239
VANCOUVER,KNIGHT ST,KNIGHT ST BRIDGE,09493687-62d5-5fcf-8bd8-c59d053f96cf,"KNIGHT ST & KNIGHT ST BRIDGE, VANCOUVER",49.211079,-123.077129
VANCOUVER,KNIGHT ST,SE MARINE DR,2c11d242-9f19-57f9-b6d8-5a7ec6fd6a46,"KNIGHT ST & SE MARINE DR, VANCOUVER",49.211023,-123.077041
VANCOUVER,KNIGHT ST,SE MARINE DR OFFRAMP,b962f466-380e-5c98-b7b1-18ceab91aaf9,"KNIGHT ST & SE MARINE DR OFFRAMP, VANCOUVER",49.211079,-123.077129
VANCOUVER,KNIGHT ST,SE MARINE DR ONRAMP,0f1cf56d-d963-539e-894b-49df34e4bd81,"KNIGHT ST & SE MARINE DR ONRAMP, VANCOUVER",49.211079,-123.077129
VANCOUVER,KNIGHT ST BRIDGE,SE MARINE DR,b427e098-f806-553d-aa97-f48891eba029,"KNIGHT ST BRIDGE & SE MARINE DR, VANCOUVER",49.211023,-123.077041
VANCOUVER,KNIGHT ST BRIDGE,SE MARINE DR OFFRAMP,edf2a999-9d2a-5e95-b677-e3ecebf92201,"KNIGHT ST BRIDGE & SE MARINE DR OFFRAMP, VANCOUVER",49.211079,-123.077129
VANCOUVER,KNIGHT ST BRIDGE,SE MARINE DR ONRAMP,bec14e3d-e179-5e6c-946a-5883d60dc5e1,"KNIGHT ST BRIDGE & SE MARINE DR ONRAMP, VANCOUVER",49.211079,-123.077129
VANCOUVER,KOOTENAY ST,NAPIER ST,4614da7c-5208-5388-b3d9-72a2539b78fd,"KOOTENAY ST & NAPIER ST, VANCOUVER",49.274938,-123.026093
VANCOUVER,KOOTENAY ST,PANDORA ST,bd53b494-f1e1-524c-a430-8e37c9815e94,"KOOTENAY ST & PANDORA ST, VANCOUVER",49.282943,-123.025699
VANCOUVER,KOOTENAY ST,TURNER ST,f6944eab-7c57-5032-8c09-39322203fd15,"KOOTENAY ST & TURNER ST, VANCOUVER",49.279056,-123.025722
VANCOUVER,KOOTENAY ST,WILLIAM ST,fd296cca-4007-5ab6-97fe-d8ef207481fc,"KOOTENAY ST & WILLIAM ST, VANCOUVER",49.274113,-123.026114
VANCOUVER,KULLAHUN DR,SW MARINE DR,dade7477-7243-590e-b00f-4f92bbbfdbbb,"KULLAHUN DR & SW MARINE DR, VANCOUVER",49.237255,-123.205321
VANCOUVER,LABURNUM ST,W 37TH AVE,186b7e69-6576-56aa-b480-844ab922e564,"LABURNUM ST & W 37TH AVE, VANCOUVER",49.238213,-123.150434
VANCOUVER,LABURNUM ST,W 41ST AVE,6a7afb34-af20-57c0-97f3-42d32ec277d4,"LABURNUM ST & W 41ST AVE, VANCOUVER",49.234507,-123.150603
VANCOUVER,LABURNUM ST,W 47TH AVE,9fad64e0-cc39-5745-8802-ac7a6677c1a9,"LABURNUM ST & W 47TH AVE, VANCOUVER",49.228929,-123.150856
VANCOUVER,LABURNUM ST,W 49TH AVE,3d84b5d1-6190-57a7-92c4-f34c71b49022,"LABURNUM ST & W 49TH AVE, VANCOUVER",49.227115,-123.15091
VANCOUVER,LABURNUM ST,W 54TH AVE,bf69a338-7646-532c-b691-c6f28edc19a2,"LABURNUM ST & W 54TH AVE, VANCOUVER",49.221833,-123.151086
VANCOUVER,LABURNUM ST,W 60TH AVE,e658c37e-a4be-54dc-833e-21a4fd1f4eba,"LABURNUM ST & W 60TH AVE, VANCOUVER",49.217178,-123.151162
VANCOUVER,LABURNUM ST,W 61ST AVE,b1cbba4b-40e6-57d0-892d-d9f49aff43ed,"LABURNUM ST & W 61ST AVE, VANCOUVER",49.216091,-123.151219
VANCOUVER,LABURNUM ST,W 62ND AVE,f28bae5c-b9aa-58de-9854-11438c8a73d1,"LABURNUM ST & W 62ND AVE, VANCOUVER",49.215107,-123.151247
VANCOUVER,LABURNUM ST,W 63RD AVE,512550a2-57ba-57ef-b5ee-37ebb6ad8477,"LABURNUM ST & W 63RD AVE, VANCOUVER",49.214151,-123.151262
VANCOUVER,LABURNUM ST,W 64TH AVE,04d33d79-8041-5e37-af04-dd44f7eee9a5,"LABURNUM ST & W 64TH AVE, VANCOUVER",49.213175,-123.150378
VANCOUVER,LAGOON DR,PARK LANE,4ede3256-d746-5b34-9d20-9f6d8a23221d,"LAGOON DR & PARK LANE, VANCOUVER",49.293079,-123.142749
VANCOUVER,LAGOON DR,RAWLINGS TRAIL,e90a9b30-10b0-557c-b4cf-c39dc00db37e,"LAGOON DR & RAWLINGS TRAIL, VANCOUVER",49.293005,-123.1416
VANCOUVER,LAGOON DR,ROSEMARY BROWN LANE,583612e5-2d4b-5057-aaff-05473686c13b,"LAGOON DR & ROSEMARY BROWN LANE, VANCOUVER",49.29334,-123.139385
VANCOUVER,LAGOON DR,STANLEY PARK DR,b0f9888f-2013-5410-bb69-e3d99739132e,"LAGOON DR & STANLEY PARK DR, VANCOUVER",49.293836,-123.14796
VANCOUVER,LAHB AVE,YEW ST,1b103b86-48b4-53b2-b1dd-017f10d74542,"LAHB AVE & YEW ST, VANCOUVER",49.248482,-123.154677
VANCOUVER,LAKEWOOD DR,NAPIER ST,296ff92b-de5a-5603-a8b6-daaffddcf749,"LAKEWOOD DR & NAPIER ST, VANCOUVER",49.274814,-123.061809
VANCOUVER,LAKEWOOD DR,PANDORA ST,282c35fe-5d64-5091-abc6-5ec7dd646a40,"LAKEWOOD DR & PANDORA ST, VANCOUVER",49.283023,-123.061691
VANCOUVER,LAKEWOOD DR,PARKER ST,4357b3ae-79f2-55c2-82c1-5dafe6466c21,"LAKEWOOD DR & PARKER ST, VANCOUVER",49.275669,-123.061778
VANCOUVER,LAKEWOOD DR,TRIUMPH ST,9074d249-7085-56e5-aca3-5c6ac80a9ae7,"LAKEWOOD DR & TRIUMPH ST, VANCOUVER",49.283918,-123.06165
VANCOUVER,LAKEWOOD DR,TURNER ST,71fa0cfe-e1bc-5e18-969f-622ba37a2bbe,"LAKEWOOD DR & TURNER ST, VANCOUVER",49.279119,-123.061748
VANCOUVER,LAKEWOOD DR,VENABLES ST,26725f2f-1dbe-5f6b-928f-2af4e8bbf136,"LAKEWOOD DR & VENABLES ST, VANCOUVER",49.276614,-123.061752
VANCOUVER,LAKEWOOD DR,WILLIAM ST,08e70913-3496-56fc-8112-0d44362c8c9e,"LAKEWOOD DR & WILLIAM ST, VANCOUVER",49.27382,-123.061815
VANCOUVER,LAMEYS MILL RD,OLD BRIDGE WALK,0d69a793-f06e-5a53-83fe-2973deccb734,"LAMEYS MILL RD & OLD BRIDGE WALK, VANCOUVER",49.268898,-123.13741
VANCOUVER,LAMEYS MILL RD,SITKA SQ,8511682a-7f09-540b-8e5c-e298bf7256da,"LAMEYS MILL RD & SITKA SQ, VANCOUVER",49.266394,-123.128846
VANCOUVER,LAMEYS MILL RD,THE CASTINGS,8e6cafc8-b75f-5001-bcb2-027ac927b320,"LAMEYS MILL RD & THE CASTINGS, VANCOUVER",49.266451,-123.130674
VANCOUVER,LAMEYS MILL RD,W 2ND AVE,50a62f8a-2ca5-5338-a3eb-7ca5de36506e,"LAMEYS MILL RD & W 2ND AVE, VANCOUVER",49.2694,-123.138057
VANCOUVER,LANCASTER ST,SCHOOL AVE,aed36065-93d2-51b1-b3a7-452d74f1c4d5,"LANCASTER ST & SCHOOL AVE, VANCOUVER",49.234881,-123.041692
VANCOUVER,LANGARA AVE,TOLMIE ST,f6a571b1-696c-55ca-9adb-e7fb163b9429,"LANGARA AVE & TOLMIE ST, VANCOUVER",49.272968,-123.211802
VANCOUVER,LARCH ST,POINT GREY RD,ca2adbee-c9ec-50a1-8863-c257293a2345,"LARCH ST & POINT GREY RD, VANCOUVER",49.273556,-123.162064
VANCOUVER,LARCH ST,W 10TH AVE,13f45da6-af19-575e-b3de-616246475116,"LARCH ST & W 10TH AVE, VANCOUVER",49.263018,-123.162487
VANCOUVER,LARCH ST,W 12TH AVE,e4f361e8-c602-580d-a79b-6aa081a90069,"LARCH ST & W 12TH AVE, VANCOUVER",49.261185,-123.162523
VANCOUVER,LARCH ST,W 13TH AVE,0d15eb7a-6a8f-52c9-8904-6fc6222e73b0,"LARCH ST & W 13TH AVE, VANCOUVER",49.260215,-123.162562
VANCOUVER,LARCH ST,W 16TH AVE,9b114cc6-b5ac-566a-a0bc-edbabc826c9b,"LARCH ST & W 16TH AVE, VANCOUVER",49.257437,-123.162662
VANCOUVER,LARCH ST,W 18TH AVE,94f821b3-19c9-5c2c-bc5a-cb4ccbf617a6,"LARCH ST & W 18TH AVE, VANCOUVER",49.256354,-123.162692
VANCOUVER,LARCH ST,W 1ST AVE,015929a9-aceb-55ae-8b34-986950055f3b,"LARCH ST & W 1ST AVE, VANCOUVER",49.270936,-123.16217
VANCOUVER,LARCH ST,W 2ND AVE,70352992-1ac2-50f1-a122-7cdece54a635,"LARCH ST & W 2ND AVE, VANCOUVER",49.270049,-123.162201
VANCOUVER,LARCH ST,W 33RD AVE,7f8be913-3f34-5b03-8f31-23c7399dc9df,"LARCH ST & W 33RD AVE, VANCOUVER",49.242251,-123.162497
VANCOUVER,LARCH ST,W 34TH AVE,2121f0c5-40ae-5ffc-b582-8d5a3651e417,"LARCH ST & W 34TH AVE, VANCOUVER",49.241301,-123.162478
VANCOUVER,LARCH ST,W 35TH AVE,84efec00-620c-5c13-817d-2846de2005c2,"LARCH ST & W 35TH AVE, VANCOUVER",49.240362,-123.16254
VANCOUVER,LARCH ST,W 36TH AVE,c0cb69f1-da4d-51e0-abef-fed9cf102e84,"LARCH ST & W 36TH AVE, VANCOUVER",49.239372,-123.162573
VANCOUVER,LARCH ST,W 37TH AVE,601312e7-cd5f-533b-abea-536a9642a06e,"LARCH ST & W 37TH AVE, VANCOUVER",49.23842,-123.162606
VANCOUVER,LARCH ST,W 39TH AVE,bb25040e-792d-5eb6-bbfd-f68c5134da4d,"LARCH ST & W 39TH AVE, VANCOUVER",49.236537,-123.162673
VANCOUVER,LARCH ST,W 3RD AVE,d7d36db4-3b95-5b4c-8fba-d485cc273b93,"LARCH ST & W 3RD AVE, VANCOUVER",49.269161,-123.162234
VANCOUVER,LARCH ST,W 41ST AVE,ab516953-11af-50be-a7ee-97857f133090,"LARCH ST & W 41ST AVE, VANCOUVER",49.234685,-123.162749
VANCOUVER,LARCH ST,W 43RD AVE,8f11b015-963f-54b7-979c-a7c1aa9a06c4,"LARCH ST & W 43RD AVE, VANCOUVER",49.232838,-123.162801
VANCOUVER,LARCH ST,W 45TH AVE,b94d6873-91b5-59a4-b250-06b095eb3a0e,"LARCH ST & W 45TH AVE, VANCOUVER",49.230988,-123.162893
VANCOUVER,LARCH ST,W 49TH AVE,c3036794-f317-5127-9045-e965f407539b,"LARCH ST & W 49TH AVE, VANCOUVER",49.22726,-123.163034
VANCOUVER,LARCH ST,W 4TH AVE,8a509040-3117-511a-97cd-7fb5391e3140,"LARCH ST & W 4TH AVE, VANCOUVER",49.268285,-123.162256
VANCOUVER,LARCH ST,W 5TH AVE,ec9284d7-b059-5767-96bd-11e5317ed004,"LARCH ST & W 5TH AVE, VANCOUVER",49.267413,-123.162284
VANCOUVER,LARCH ST,W 6TH AVE,81e74577-eb93-5a6b-99b5-c7a4a1cfc1fa,"LARCH ST & W 6TH AVE, VANCOUVER",49.266549,-123.162328
VANCOUVER,LARCH ST,W 7TH AVE,aadfa36b-959e-5eed-aee1-a30c3c3c31a5,"LARCH ST & W 7TH AVE, VANCOUVER",49.265716,-123.162356
VANCOUVER,LARCH ST,W 8TH AVE,adf06419-0fcd-5764-b6ee-88adec660442,"LARCH ST & W 8TH AVE, VANCOUVER",49.264897,-123.162378
VANCOUVER,LARCH ST,W BROADWAY,e0434956-6e99-5db5-970a-94381029598b,"LARCH ST & W BROADWAY, VANCOUVER",49.263983,-123.16241
VANCOUVER,LARCH ST,YORK AVE,838598dd-679d-5eb2-aad0-eab72c9a4106,"LARCH ST & YORK AVE, VANCOUVER",49.271832,-123.162136
VANCOUVER,LATTA ST,MARMION AVE,c1d5e5f6-6025-5275-b96f-ccd2dad5122c,"LATTA ST & MARMION AVE, VANCOUVER",49.231565,-123.034568
VANCOUVER,LATTA ST,SCHOOL AVE,16d955f3-359e-5ce8-b0a0-216ed5b80705,"LATTA ST & SCHOOL AVE, VANCOUVER",49.231878,-123.034527
VANCOUVER,LAUREL ST,SW MARINE DR,9b4dce57-444d-5d13-9fe8-75d0c923095f,"LAUREL ST & SW MARINE DR, VANCOUVER",49.206351,-123.126198
VANCOUVER,LAUREL ST,W 10TH AVE,25dbb0c5-90e7-5b60-9319-12528fcb708c,"LAUREL ST & W 10TH AVE, VANCOUVER",49.262414,-123.125355
VANCOUVER,LAUREL ST,W 12TH AVE,bdef27ea-b744-5bde-9a92-6467d482dfdf,"LAUREL ST & W 12TH AVE, VANCOUVER",49.260572,-123.125443
VANCOUVER,LAUREL ST,W 13TH AVE,28dafe95-1902-5e23-b8b7-475899a4f0a0,"LAUREL ST & W 13TH AVE, VANCOUVER",49.259598,-123.124333
VANCOUVER,LAUREL ST,W 14TH AVE,77111ddc-98a8-5bbd-b4ec-3a2f152c2f2d,"LAUREL ST & W 14TH AVE, VANCOUVER",49.25868,-123.124357
VANCOUVER,LAUREL ST,W 15TH AVE,328ccd1c-a56d-568b-abdf-87f5e9bef3f2,"LAUREL ST & W 15TH AVE, VANCOUVER",49.257774,-123.124361
VANCOUVER,LAUREL ST,W 16TH AVE,6c6fadcd-8397-572a-893c-033ce7d8ad14,"LAUREL ST & W 16TH AVE, VANCOUVER",49.257069,-123.124384
VANCOUVER,LAUREL ST,W 17TH AVE,fcfd0502-9894-55eb-8994-cc47c7035c3f,"LAUREL ST & W 17TH AVE, VANCOUVER",49.256192,-123.124427
VANCOUVER,LAUREL ST,W 18TH AVE,b3c5a305-4f68-5ccf-8623-6371eed92ef7,"LAUREL ST & W 18TH AVE, VANCOUVER",49.255273,-123.124484
VANCOUVER,LAUREL ST,W 19TH AVE,9c57307b-5bc2-5024-89d4-4fe4f6e82af9,"LAUREL ST & W 19TH AVE, VANCOUVER",49.254364,-123.12452
VANCOUVER,LAUREL ST,W 20TH AVE,83bc8083-82f0-536b-9ab7-8e7e0fa0d1e3,"LAUREL ST & W 20TH AVE, VANCOUVER",49.253482,-123.124548
VANCOUVER,LAUREL ST,W 22ND AVE,04cc77e1-fc1c-54a9-9931-2480e89d26d6,"LAUREL ST & W 22ND AVE, VANCOUVER",49.251668,-123.124625
VANCOUVER,LAUREL ST,W 23RD AVE,2b5b6e13-9337-50e0-a654-5c046d7bff32,"LAUREL ST & W 23RD AVE, VANCOUVER",49.250764,-123.12466
VANCOUVER,LAUREL ST,W 24TH AVE,b4cbd071-ce9f-529f-8ed4-092c72a17880,"LAUREL ST & W 24TH AVE, VANCOUVER",49.250155,-123.124686
VANCOUVER,LAUREL ST,W 25TH AVE,d9762beb-147e-5935-b87c-492709b1040b,"LAUREL ST & W 25TH AVE, VANCOUVER",49.249187,-123.124704
VANCOUVER,LAUREL ST,W 26TH AVE,d12a6546-9c87-5076-b33b-f9fe881018f6,"LAUREL ST & W 26TH AVE, VANCOUVER",49.248113,-123.124772
VANCOUVER,LAUREL ST,W 27TH AVE,bafa41f8-33be-5372-945b-2256f9b379a7,"LAUREL ST & W 27TH AVE, VANCOUVER",49.247181,-123.124788
VANCOUVER,LAUREL ST,W 33RD AVE,e7e904be-f428-5943-9bf6-77dae5b05297,"LAUREL ST & W 33RD AVE, VANCOUVER",49.241325,-123.12502
VANCOUVER,LAUREL ST,W 42ND AVE,a6f82120-866d-5d56-8cbb-9fd95bd3c8d4,"LAUREL ST & W 42ND AVE, VANCOUVER",49.232861,-123.125215
VANCOUVER,LAUREL ST,W 49TH AVE,550351a8-3e78-52b9-8c39-debea42f5058,"LAUREL ST & W 49TH AVE, VANCOUVER",49.226428,-123.125156
VANCOUVER,LAUREL ST,W 52ND AVE,7f3205bf-13a7-5a60-b2f5-b644a62b805f,"LAUREL ST & W 52ND AVE, VANCOUVER",49.223875,-123.125248
VANCOUVER,LAUREL ST,W 54TH AVE,9f0ca7c5-4e96-5727-8a00-520a9d76ec9a,"LAUREL ST & W 54TH AVE, VANCOUVER",49.22147,-123.125356
VANCOUVER,LAUREL ST,W 57TH AVE,ca92ecf6-6dac-5455-88c0-d2a0bc373d1c,"LAUREL ST & W 57TH AVE, VANCOUVER",49.219173,-123.126122
VANCOUVER,LAUREL ST,W 58TH AVE,3c71fc83-76fc-5832-af18-9194b0bed076,"LAUREL ST & W 58TH AVE, VANCOUVER",49.218123,-123.126119
VANCOUVER,LAUREL ST,W 59TH AVE,bbaae2b6-60f5-5d6c-a3b8-b3217421bd88,"LAUREL ST & W 59TH AVE, VANCOUVER",49.217048,-123.126137
VANCOUVER,LAUREL ST,W 64TH AVE,e9397422-4feb-5ea0-99d1-e4f89d8734d9,"LAUREL ST & W 64TH AVE, VANCOUVER",49.212918,-123.125944
VANCOUVER,LAUREL ST,W 67TH AVE,7dd519e4-008f-55c8-9410-b637a0c4075a,"LAUREL ST & W 67TH AVE, VANCOUVER",49.210662,-123.126022
VANCOUVER,LAUREL ST,W 69TH AVE,39e56d26-6b3b-5eb4-bb2c-05087ae24c43,"LAUREL ST & W 69TH AVE, VANCOUVER",49.209219,-123.126054
VANCOUVER,LAUREL ST,W 6TH AVE,c250dc9b-aa82-5dd0-93e5-437644f0e172,"LAUREL ST & W 6TH AVE, VANCOUVER",49.265947,-123.124076
VANCOUVER,LAUREL ST,W 70TH AVE,218534f6-1723-59e3-bada-2d24e928426f,"LAUREL ST & W 70TH AVE, VANCOUVER",49.208411,-123.126154
VANCOUVER,LAUREL ST,W 7TH AVE,18a820c6-5f91-5bcb-829f-2cc7722efc22,"LAUREL ST & W 7TH AVE, VANCOUVER",49.265119,-123.124107
VANCOUVER,LAUREL ST,W 8TH AVE,c0f56ba7-c0a4-599c-bcba-7fd4be8855ea,"LAUREL ST & W 8TH AVE, VANCOUVER",49.264288,-123.124138
VANCOUVER,LAUREL ST,W 9TH AVE,28a87ded-e0d9-5590-95be-ac861dc0e3da,"LAUREL ST & W 9TH AVE, VANCOUVER",49.263368,-123.124176
VANCOUVER,LAUREL ST,W BROADWAY,a5dc5e70-8e2c-55ac-b058-e297f4c571ee,"LAUREL ST & W BROADWAY, VANCOUVER",49.263368,-123.124176
VANCOUVER,LAUREL ST,W KENT AVE N,b866cec3-339d-569a-8340-a7ac08c4f369,"LAUREL ST & W KENT AVE N, VANCOUVER",49.204618,-123.12434
VANCOUVER,LAUREL ST,W KENT AVE S,9a90d1ab-9104-5a0c-bf99-1243307a78bf,"LAUREL ST & W KENT AVE S, VANCOUVER",49.204373,-123.124103
VANCOUVER,LAUREL ST,W KING EDWARD AVE,3c51e749-8532-5d39-824f-a923bd4ef1b0,"LAUREL ST & W KING EDWARD AVE, VANCOUVER",49.249187,-123.124704
VANCOUVER,LAURIER AVE,MARGUERITE ST,1b96129b-996c-5358-b710-7d626c1d2e6a,"LAURIER AVE & MARGUERITE ST, VANCOUVER",49.250884,-123.144253
VANCOUVER,LAURIER AVE,OAK ST,1d9be3eb-637f-5c96-94fc-7da20ef46ae5,"LAURIER AVE & OAK ST, VANCOUVER",49.25082,-123.12749
VANCOUVER,LAURIER AVE,OSLER ST,2fad1ca1-d3c4-51c6-9fe1-b7c5dab0fc33,"LAURIER AVE & OSLER ST, VANCOUVER",49.250689,-123.12977
VANCOUVER,LAURIER AVE,SELKIRK ST,cb216c7d-db53-53f1-8a67-8bd31a11174f,"LAURIER AVE & SELKIRK ST, VANCOUVER",49.250727,-123.131953
VANCOUVER,LILLOOET ST,TURNER ST,dc0d07cb-2201-598f-9ddf-f98e5811121a,"LILLOOET ST & TURNER ST, VANCOUVER",49.279084,-123.038845
VANCOUVER,LILLOOET ST,VENABLES ST,43eb3686-88c1-55d8-b747-8fafa7a55a2c,"LILLOOET ST & VENABLES ST, VANCOUVER",49.276432,-123.038883
VANCOUVER,LILY ST,NAPIER ST,bd683948-05ec-5b26-b0a1-bd88f043155d,"LILY ST & NAPIER ST, VANCOUVER",49.274814,-123.064567
VANCOUVER,LILY ST,WILLIAM ST,c31aa1bd-633d-5bbe-8036-7549f206a395,"LILY ST & WILLIAM ST, VANCOUVER",49.273774,-123.064568
VANCOUVER,LIME ST,W 49TH AVE,0fc8f566-8763-59a9-b6a5-c81740906d70,"LIME ST & W 49TH AVE, VANCOUVER",49.227193,-123.157648
VANCOUVER,LIMEWOOD PL,MATHESON CRES,967d9059-9628-596b-b760-1699d7dea29f,"LIMEWOOD PL & MATHESON CRES, VANCOUVER",49.211901,-123.025628
VANCOUVER,LIONS GATE BRIDGE,STANLEY PARK CAUSEWAY,82977eca-946a-5422-9225-255bba74770b,"LIONS GATE BRIDGE & STANLEY PARK CAUSEWAY, VANCOUVER",49.311996,-123.141757
VANCOUVER,LIONS GATE BRIDGE,STANLEY PARK DR,115e571e-1165-5baa-8f94-5863dc51dc6b,"LIONS GATE BRIDGE & STANLEY PARK DR, VANCOUVER",49.31104,-123.142559
VANCOUVER,LOCARNO CRES,NW MARINE DR,07e105ca-b439-5b31-9792-fce8fd5129f2,"LOCARNO CRES & NW MARINE DR, VANCOUVER",49.268994,-123.201678
VANCOUVER,LOGAN ST,SW MARINE DR,01070d4a-c9bd-51c6-acd7-2ce31ce979f4,"LOGAN ST & SW MARINE DR, VANCOUVER",49.206825,-123.125057
VANCOUVER,LOGAN ST,W 70TH AVE,6150b956-a707-5e8c-ae88-b5c826a4345c,"LOGAN ST & W 70TH AVE, VANCOUVER",49.208379,-123.124979
VANCOUVER,LONG LIFE PL,W 10TH AVE,5c27db1d-74dd-593f-a163-45bef0e3c623,"LONG LIFE PL & W 10TH AVE, VANCOUVER",49.26226,-123.116289
VANCOUVER,LORD ST,SW MARINE DR,57475706-ece2-5f6b-8e91-eb5273c804d6,"LORD ST & SW MARINE DR, VANCOUVER",49.209733,-123.118299
VANCOUVER,LORD ST,W 65TH AVE,5ff60d89-b097-5e81-875b-80c4c84e0362,"LORD ST & W 65TH AVE, VANCOUVER",49.211445,-123.118587
VANCOUVER,LOST LAGOON RD,STANLEY PARK DR,b0d2354e-6c2e-5900-990b-4a8e75ba4c7c,"LOST LAGOON RD & STANLEY PARK DR, VANCOUVER",49.297163,-123.136888
VANCOUVER,LOUGHEED HWY,SKEENA ST,4af2e8fd-6f21-525c-a8ee-357c079e8c2b,"LOUGHEED HWY & SKEENA ST, VANCOUVER",49.263485,-123.028483
VANCOUVER,LYNMOOR PL,MATHESON CRES,e25966d8-e32f-5bba-9e27-9815a8ba62e3,"LYNMOOR PL & MATHESON CRES, VANCOUVER",49.209655,-123.028073
VANCOUVER,MACDONALD ST,OLIVER CRES,ba8f3457-15f6-5a6e-9f0e-f69a80933115,"MACDONALD ST & OLIVER CRES, VANCOUVER",49.249097,-123.167842
VANCOUVER,MACDONALD ST,POINT GREY RD,8edf141f-345e-59a6-a933-93c2bb87cdbf,"MACDONALD ST & POINT GREY RD, VANCOUVER",49.271454,-123.168167
VANCOUVER,MACDONALD ST,PUGET DR,7d76be3a-2a12-5e67-b87c-b8a0403d8adc,"MACDONALD ST & PUGET DR, VANCOUVER",49.248127,-123.167857
VANCOUVER,MACDONALD ST,SW MARINE DR,653b1bd1-ee4f-5a61-bf2a-e05f97200bfa,"MACDONALD ST & SW MARINE DR, VANCOUVER",49.225788,-123.168416
VANCOUVER,MACDONALD ST,W 10TH AVE,d2008103-012d-57ca-ae71-a358bf9c5140,"MACDONALD ST & W 10TH AVE, VANCOUVER",49.263214,-123.168219
VANCOUVER,MACDONALD ST,W 11TH AVE,972944ee-6d72-561a-88af-e599eff7f122,"MACDONALD ST & W 11TH AVE, VANCOUVER",49.262339,-123.168239
VANCOUVER,MACDONALD ST,W 12TH AVE,a264e1c8-4f40-5f35-baf4-7bf3bfec1c69,"MACDONALD ST & W 12TH AVE, VANCOUVER",49.261378,-123.168264
VANCOUVER,MACDONALD ST,W 13TH AVE,f4cd376a-ef87-59b5-afab-591c00efc6a0,"MACDONALD ST & W 13TH AVE, VANCOUVER",49.260473,-123.168292
VANCOUVER,MACDONALD ST,W 14TH AVE,5833e4c3-760e-56d2-bf93-f70dcd8ba0d2,"MACDONALD ST & W 14TH AVE, VANCOUVER",49.259579,-123.168318
VANCOUVER,MACDONALD ST,W 15TH AVE,5e0cde0c-3c46-501c-b168-03fe7f63aaae,"MACDONALD ST & W 15TH AVE, VANCOUVER",49.258662,-123.168313
VANCOUVER,MACDONALD ST,W 16TH AVE,cd384105-f399-5500-9f9b-51226bdc503d,"MACDONALD ST & W 16TH AVE, VANCOUVER",49.257668,-123.168378
VANCOUVER,MACDONALD ST,W 17TH AVE,16f2327a-33e5-5405-a272-484c8d945e77,"MACDONALD ST & W 17TH AVE, VANCOUVER",49.257083,-123.16834
VANCOUVER,MACDONALD ST,W 18TH AVE,7b52e815-f804-5289-a610-47b6f0a31456,"MACDONALD ST & W 18TH AVE, VANCOUVER",49.256407,-123.167987
VANCOUVER,MACDONALD ST,W 19TH AVE,0e683fc2-f935-5b47-91b0-4926d8c21d89,"MACDONALD ST & W 19TH AVE, VANCOUVER",49.255507,-123.167763
VANCOUVER,MACDONALD ST,W 1ST AVE,a793d92f-65bf-5de2-9a57-3e38159890ff,"MACDONALD ST & W 1ST AVE, VANCOUVER",49.271033,-123.168186
VANCOUVER,MACDONALD ST,W 20TH AVE,f1242a04-563e-5412-82e2-a467213c36bb,"MACDONALD ST & W 20TH AVE, VANCOUVER",49.254609,-123.167774
VANCOUVER,MACDONALD ST,W 21ST AVE,f036a021-d1d1-5824-ab39-b204b0a6af45,"MACDONALD ST & W 21ST AVE, VANCOUVER",49.253718,-123.167784
VANCOUVER,MACDONALD ST,W 22ND AVE,953a993d-d7f4-52a7-b05c-74c6b2c4c4e6,"MACDONALD ST & W 22ND AVE, VANCOUVER",49.252793,-123.167798
VANCOUVER,MACDONALD ST,W 23RD AVE,8ad6981b-f86e-553e-86b4-6ddd1959e78b,"MACDONALD ST & W 23RD AVE, VANCOUVER",49.251895,-123.167809
VANCOUVER,MACDONALD ST,W 24TH AVE,b4121a07-764b-5ff7-8591-86d905850f1b,"MACDONALD ST & W 24TH AVE, VANCOUVER",49.25098,-123.167821
VANCOUVER,MACDONALD ST,W 25TH AVE,8085553c-4118-5933-92a8-263af413caf0,"MACDONALD ST & W 25TH AVE, VANCOUVER",49.248127,-123.167857
VANCOUVER,MACDONALD ST,W 29TH AVE,655548ac-1e26-5723-bd39-26cc219e5dd1,"MACDONALD ST & W 29TH AVE, VANCOUVER",49.246109,-123.167897
VANCOUVER,MACDONALD ST,W 2ND AVE,da65c1d1-7481-5983-9000-767e7b139796,"MACDONALD ST & W 2ND AVE, VANCOUVER",49.270143,-123.16822
VANCOUVER,MACDONALD ST,W 30TH AVE,862ac27e-e1a9-5441-b717-8df8e1523554,"MACDONALD ST & W 30TH AVE, VANCOUVER",49.245165,-123.16792
VANCOUVER,MACDONALD ST,W 31ST AVE,9a56eea7-42a5-5681-8d08-b2a2b9549b55,"MACDONALD ST & W 31ST AVE, VANCOUVER",49.2442,-123.167901
VANCOUVER,MACDONALD ST,W 33RD AVE,1e70c076-7958-56eb-8753-a576b98b6ec0,"MACDONALD ST & W 33RD AVE, VANCOUVER",49.24229,-123.167946
VANCOUVER,MACDONALD ST,W 34TH AVE,2920414f-f218-52a5-a815-15902c6a3885,"MACDONALD ST & W 34TH AVE, VANCOUVER",49.241355,-123.168024
VANCOUVER,MACDONALD ST,W 36TH AVE,d0654e4e-44d9-5776-adb7-e277791610af,"MACDONALD ST & W 36TH AVE, VANCOUVER",49.239447,-123.168074
VANCOUVER,MACDONALD ST,W 37TH AVE,15ff68b9-e171-511a-a37b-49460143eb5e,"MACDONALD ST & W 37TH AVE, VANCOUVER",49.238519,-123.168069
VANCOUVER,MACDONALD ST,W 3RD AVE,e3eb1d86-c10a-5fc2-8821-9d6cbd3813c4,"MACDONALD ST & W 3RD AVE, VANCOUVER",49.269247,-123.168254
VANCOUVER,MACDONALD ST,W 41ST AVE,3df66d9e-ef3c-5a77-89eb-a5d3912f2f5b,"MACDONALD ST & W 41ST AVE, VANCOUVER",49.234729,-123.167394
VANCOUVER,MACDONALD ST,W 42ND AVE,b6f2b23e-bd99-530e-9bc7-20812d765fa2,"MACDONALD ST & W 42ND AVE, VANCOUVER",49.233752,-123.167395
VANCOUVER,MACDONALD ST,W 43RD AVE,1cfcb283-8579-51fe-8d83-4d64e69d1771,"MACDONALD ST & W 43RD AVE, VANCOUVER",49.232824,-123.16741
VANCOUVER,MACDONALD ST,W 45TH AVE,674fa576-5bbb-52a7-ac51-89aea3542b54,"MACDONALD ST & W 45TH AVE, VANCOUVER",49.231001,-123.167425
VANCOUVER,MACDONALD ST,W 47TH AVE,2f7c293e-7043-5eb3-b127-b16ec06e1e7e,"MACDONALD ST & W 47TH AVE, VANCOUVER",49.229302,-123.167446
VANCOUVER,MACDONALD ST,W 49TH AVE,f5c797af-86e3-55ac-949c-0c7fbe1ffd55,"MACDONALD ST & W 49TH AVE, VANCOUVER",49.227315,-123.16743
VANCOUVER,MACDONALD ST,W 4TH AVE,6f26c07f-f9c0-5ae0-a37b-94ce9ec7082e,"MACDONALD ST & W 4TH AVE, VANCOUVER",49.26838,-123.168279
VANCOUVER,MACDONALD ST,W 50TH AVE,ea4f9d3e-4109-5716-b4d9-ad1592168891,"MACDONALD ST & W 50TH AVE, VANCOUVER",49.22666,-123.167852
VANCOUVER,MACDONALD ST,W 53RD AVE,b7941c32-bc11-55b3-b6f1-ec70444ce6ab,"MACDONALD ST & W 53RD AVE, VANCOUVER",49.223351,-123.168374
VANCOUVER,MACDONALD ST,W 5TH AVE,e9184f46-67b2-5af4-aa2d-d025b5501a2a,"MACDONALD ST & W 5TH AVE, VANCOUVER",49.267464,-123.168324
VANCOUVER,MACDONALD ST,W 6TH AVE,10a7a08a-6f02-5064-9720-2cc7f6c6a85f,"MACDONALD ST & W 6TH AVE, VANCOUVER",49.266636,-123.168358
VANCOUVER,MACDONALD ST,W 7TH AVE,65197922-eb99-5e68-a3bb-abb1cd0e0b3f,"MACDONALD ST & W 7TH AVE, VANCOUVER",49.265801,-123.168393
VANCOUVER,MACDONALD ST,W 8TH AVE,25328183-00dc-50ab-9693-26ebd8a5b63b,"MACDONALD ST & W 8TH AVE, VANCOUVER",49.264979,-123.168404
VANCOUVER,MACDONALD ST,W BROADWAY,6f6b5edc-93b5-5dc8-be2e-d38bde8ab0e7,"MACDONALD ST & W BROADWAY, VANCOUVER",49.26408,-123.16816
VANCOUVER,MACDONALD ST,W KING EDWARD AVE,3718a891-30f1-5b73-ac87-19d16176f4fa,"MACDONALD ST & W KING EDWARD AVE, VANCOUVER",49.248127,-123.167857
VANCOUVER,MACKENZIE PL,W 49TH AVE,004e6f61-697c-528c-93a8-6a5a3cd82c89,"MACKENZIE PL & W 49TH AVE, VANCOUVER",49.227337,-123.170281
VANCOUVER,MACKENZIE ST,QUESNEL DR,c19ef9df-ed5f-5991-8650-e81e527964e9,"MACKENZIE ST & QUESNEL DR, VANCOUVER",49.247939,-123.170202
VANCOUVER,MACKENZIE ST,W 10TH AVE,5533f13b-f87a-51d1-8311-678f55013d07,"MACKENZIE ST & W 10TH AVE, VANCOUVER",49.263242,-123.170152
VANCOUVER,MACKENZIE ST,W 11TH AVE,95cbfe62-e09e-50b8-9eff-89dd578ef23a,"MACKENZIE ST & W 11TH AVE, VANCOUVER",49.262307,-123.170205
VANCOUVER,MACKENZIE ST,W 12TH AVE,74028919-5da1-53ca-893b-80390d3ef180,"MACKENZIE ST & W 12TH AVE, VANCOUVER",49.261396,-123.170251
VANCOUVER,MACKENZIE ST,W 13TH AVE,b9076282-41ca-58a0-b565-2061f6b4f762,"MACKENZIE ST & W 13TH AVE, VANCOUVER",49.260507,-123.170308
VANCOUVER,MACKENZIE ST,W 15TH AVE,a8558396-1562-51e0-89d1-a78e6c69ab95,"MACKENZIE ST & W 15TH AVE, VANCOUVER",49.258694,-123.170412
VANCOUVER,MACKENZIE ST,W 16TH AVE,172c713f-bfab-5e13-90c3-4da53f05fbf7,"MACKENZIE ST & W 16TH AVE, VANCOUVER",49.2577,-123.170425
VANCOUVER,MACKENZIE ST,W 17TH AVE,6204d11c-13d7-5967-96c7-66b6f0870a0d,"MACKENZIE ST & W 17TH AVE, VANCOUVER",49.257106,-123.170149
VANCOUVER,MACKENZIE ST,W 18TH AVE,ab38018a-a5f6-52a6-a013-32b7c51779f2,"MACKENZIE ST & W 18TH AVE, VANCOUVER",49.256445,-123.170086
VANCOUVER,MACKENZIE ST,W 21ST AVE,7a30c0bd-10b0-5efe-a485-273d921132e4,"MACKENZIE ST & W 21ST AVE, VANCOUVER",49.25371,-123.170111
VANCOUVER,MACKENZIE ST,W 22ND AVE,9059629a-2160-5690-b055-1b589a39466b,"MACKENZIE ST & W 22ND AVE, VANCOUVER",49.252806,-123.17015
VANCOUVER,MACKENZIE ST,W 24TH AVE,2fa2f2af-7a45-57a1-8cae-53a3064c1af2,"MACKENZIE ST & W 24TH AVE, VANCOUVER",49.250995,-123.170137
VANCOUVER,MACKENZIE ST,W 28TH AVE,4489bdb0-ada7-53bf-8bbd-265fd4bd0db0,"MACKENZIE ST & W 28TH AVE, VANCOUVER",49.247039,-123.170179
VANCOUVER,MACKENZIE ST,W 29TH AVE,58d7f528-ca02-5d33-b18e-95c6290e740b,"MACKENZIE ST & W 29TH AVE, VANCOUVER",49.246124,-123.170207
VANCOUVER,MACKENZIE ST,W 30TH AVE,1f0e4710-4abf-51c7-ab74-03b8c458c11e,"MACKENZIE ST & W 30TH AVE, VANCOUVER",49.245159,-123.170186
VANCOUVER,MACKENZIE ST,W 31ST AVE,f1ab9ae1-bf92-5f94-9a41-d40b99b2a0dd,"MACKENZIE ST & W 31ST AVE, VANCOUVER",49.244208,-123.170198
VANCOUVER,MACKENZIE ST,W 32ND AVE,4e4de2fb-0d5a-5389-856c-d532e83c11a7,"MACKENZIE ST & W 32ND AVE, VANCOUVER",49.243246,-123.170208
VANCOUVER,MACKENZIE ST,W 33RD AVE,75cb2c0a-c3cc-5e7e-bd09-c1d6111d73b2,"MACKENZIE ST & W 33RD AVE, VANCOUVER",49.242335,-123.170218
VANCOUVER,MACKENZIE ST,W 34TH AVE,c343b6db-a52b-5280-a2db-bdf7ddebdebb,"MACKENZIE ST & W 34TH AVE, VANCOUVER",49.241352,-123.170244
VANCOUVER,MACKENZIE ST,W 35TH AVE,068d69a1-304b-5813-9a7f-96754da71739,"MACKENZIE ST & W 35TH AVE, VANCOUVER",49.240432,-123.170248
VANCOUVER,MACKENZIE ST,W 36TH AVE,67285b39-ae14-5f05-8d1e-389fa421e1bb,"MACKENZIE ST & W 36TH AVE, VANCOUVER",49.239461,-123.170243
VANCOUVER,MACKENZIE ST,W 37TH AVE,a5285f6a-48e6-5987-918f-b59fb1d60efb,"MACKENZIE ST & W 37TH AVE, VANCOUVER",49.238532,-123.170254
VANCOUVER,MACKENZIE ST,W 38TH AVE,277da020-7077-503b-b9d7-4687f318adca,"MACKENZIE ST & W 38TH AVE, VANCOUVER",49.237568,-123.170255
VANCOUVER,MACKENZIE ST,W 39TH AVE,3921bdaa-897b-57c8-bbdb-9485c9e1727e,"MACKENZIE ST & W 39TH AVE, VANCOUVER",49.236597,-123.170259
VANCOUVER,MACKENZIE ST,W 41ST AVE,2bb54b5e-315b-5996-981e-e884a24d5c80,"MACKENZIE ST & W 41ST AVE, VANCOUVER",49.234719,-123.170253
VANCOUVER,MACKENZIE ST,W 42ND AVE,8f2a402f-344b-54af-8e98-5cd395558100,"MACKENZIE ST & W 42ND AVE, VANCOUVER",49.233756,-123.170286
VANCOUVER,MACKENZIE ST,W 43RD AVE,f812996a-628b-58bc-95d4-74e38d8f14e0,"MACKENZIE ST & W 43RD AVE, VANCOUVER",49.23277,-123.170294
VANCOUVER,MACKENZIE ST,W 44TH AVE,b28b7f7a-44aa-5f84-8ef0-5927b6ab7b1e,"MACKENZIE ST & W 44TH AVE, VANCOUVER",49.231908,-123.170298
VANCOUVER,MACKENZIE ST,W 45TH AVE,200f22a1-3a4c-5a0f-9116-caa0ed2cf51c,"MACKENZIE ST & W 45TH AVE, VANCOUVER",49.230997,-123.170303
VANCOUVER,MACKENZIE ST,W BROADWAY,d9822f9f-ff3d-517e-83ce-539f84b6c78a,"MACKENZIE ST & W BROADWAY, VANCOUVER",49.264093,-123.170073
VANCOUVER,MACKIE ST,W 39TH AVE,51c0eb92-cb3a-5ba0-bf7a-2c51a753ee58,"MACKIE ST & W 39TH AVE, VANCOUVER",49.235644,-123.109348
VANCOUVER,MACLURE MEWS,W 33RD AVE,4e53a3fb-79b0-5aa9-848d-c18c9352f1f6,"MACLURE MEWS & W 33RD AVE, VANCOUVER",49.242084,-123.15158
VANCOUVER,MAGNOLIA ST,W 29TH AVE,590fe9bd-3105-58a8-826f-badcf696fd58,"MAGNOLIA ST & W 29TH AVE, VANCOUVER",49.245796,-123.149825
VANCOUVER,MAIN ST,MAIN ST OFFRAMP,67374f52-6a54-58fa-bca0-e0d0bd80434e,"MAIN ST & MAIN ST OFFRAMP, VANCOUVER",49.276783,-123.099854
VANCOUVER,MAIN ST,MAIN ST ONRAMP,6ef24222-e5db-56e9-816d-aa5037fd9c95,"MAIN ST & MAIN ST ONRAMP, VANCOUVER",49.277633,-123.099816
VANCOUVER,MAIN ST,MILROSS AVE,4d67a54d-60e1-575c-8700-f484209b606f,"MAIN ST & MILROSS AVE, VANCOUVER",49.276037,-123.099957
VANCOUVER,MAIN ST,NATIONAL AVE,d6f5d8c4-c0d5-5fcc-b47f-0b3807c5a55c,"MAIN ST & NATIONAL AVE, VANCOUVER",49.274934,-123.099923
VANCOUVER,MAIN ST,ONTARIO PL,84b4f082-019b-5ce6-a376-3e7798f7a83e,"MAIN ST & ONTARIO PL, VANCOUVER",49.232522,-123.101488
VANCOUVER,MAIN ST,POWELL ST,e62b10b4-f665-5195-99aa-332863d114db,"MAIN ST & POWELL ST, VANCOUVER",49.283192,-123.09956
VANCOUVER,MAIN ST,PRIOR ST,51632cde-c469-5d33-aed3-a4480b472830,"MAIN ST & PRIOR ST, VANCOUVER",49.276783,-123.099854
VANCOUVER,MAIN ST,SE MARINE DR,34f46bac-55b2-5184-975b-1412ce645d1d,"MAIN ST & SE MARINE DR, VANCOUVER",49.211099,-123.102224
VANCOUVER,MAIN ST,SWITCHMEN ST,5f3d0285-34a3-59dd-8d66-51cae31922aa,"MAIN ST & SWITCHMEN ST, VANCOUVER",49.270919,-123.100633
VANCOUVER,MAIN ST,TERMINAL AVE,4e9cd735-9937-5681-a532-a1212b4268a6,"MAIN ST & TERMINAL AVE, VANCOUVER",49.272815,-123.100019
VANCOUVER,MAIN ST,UNION ST,53a2a588-3702-5535-b7a0-789f2ba6f47b,"MAIN ST & UNION ST, VANCOUVER",49.277633,-123.099816
VANCOUVER,MAIN ST,WATERFRONT RD,241ec23a-e515-5a6e-8c2b-e8db6715b1e9,"MAIN ST & WATERFRONT RD, VANCOUVER",49.284855,-123.099176
VANCOUVER,MAIN ST,WATSON ST,60161add-ccdc-5e6a-b2e1-9b171ab979c7,"MAIN ST & WATSON ST, VANCOUVER",49.254379,-123.100843
VANCOUVER,MAIN ST OFFRAMP,PRIOR ST,0aa7890d-df81-539a-8661-6f1a13eaeca3,"MAIN ST OFFRAMP & PRIOR ST, VANCOUVER",49.276783,-123.099854
VANCOUVER,MAIN ST OFFRAMP,QUEBEC ST,cf368e0a-1459-5a07-8c03-1f9b38f29afb,"MAIN ST OFFRAMP & QUEBEC ST, VANCOUVER",49.276975,-123.102138
VANCOUVER,MAIN ST ONRAMP,QUEBEC ST,b21ca933-dcc1-5312-a120-cf656827d355,"MAIN ST ONRAMP & QUEBEC ST, VANCOUVER",49.277506,-123.102126
VANCOUVER,MAINLAND ST,NELSON ST,919f6199-36ca-5c10-847a-b495841f384e,"MAINLAND ST & NELSON ST, VANCOUVER",49.276628,-123.118973
VANCOUVER,MAINLAND ST,SMITHE ST,72851019-295c-53b2-921c-4607e52af8a5,"MAINLAND ST & SMITHE ST, VANCOUVER",49.277772,-123.117489
VANCOUVER,MALI AVE,SALISH DR,24f79d7c-bd83-5ac1-bd20-a99ec7b90c44,"MALI AVE & SALISH DR, VANCOUVER",49.225302,-123.198231
VANCOUVER,MALKIN AVE,PRIOR ST,33cc08c8-a935-548a-b4cb-becdcceb5a74,"MALKIN AVE & PRIOR ST, VANCOUVER",49.276672,-123.093626
VANCOUVER,MALKIN AVE,RAYMUR AVE,65534694-9acc-5204-9084-d7b457513399,"MALKIN AVE & RAYMUR AVE, VANCOUVER",49.27315,-123.082755
VANCOUVER,MALKIN AVE,THORNTON ST,c6c2a71f-7d1b-5456-bb9f-1245a095e4be,"MALKIN AVE & THORNTON ST, VANCOUVER",49.275364,-123.091971
VANCOUVER,MANITOBA ST,SW MARINE DR,4313fded-ac90-57c6-bc18-842676511442,"MANITOBA ST & SW MARINE DR, VANCOUVER",49.212187,-123.109974
VANCOUVER,MANITOBA ST,W 10TH AVE,7d4e41e9-1a5f-5f8c-976e-aae7170c8fce,"MANITOBA ST & W 10TH AVE, VANCOUVER",49.262105,-123.106872
VANCOUVER,MANITOBA ST,W 11TH AVE,31e2671c-06b4-564a-b9d9-d6c3fbd565cf,"MANITOBA ST & W 11TH AVE, VANCOUVER",49.261213,-123.106934
VANCOUVER,MANITOBA ST,W 12TH AVE,aae7a12a-6613-5b92-9895-6f1e7eb189b3,"MANITOBA ST & W 12TH AVE, VANCOUVER",49.260314,-123.106987
VANCOUVER,MANITOBA ST,W 13TH AVE,b9de4502-e157-54c8-9d52-166812479af4,"MANITOBA ST & W 13TH AVE, VANCOUVER",49.259385,-123.106987
VANCOUVER,MANITOBA ST,W 16TH AVE,b6dc3c70-20b3-5f88-86ca-0221cb3a50fa,"MANITOBA ST & W 16TH AVE, VANCOUVER",49.256687,-123.107107
VANCOUVER,MANITOBA ST,W 17TH AVE,d01735e2-5fb2-5333-817d-649c3696772d,"MANITOBA ST & W 17TH AVE, VANCOUVER",49.255697,-123.107151
VANCOUVER,MANITOBA ST,W 18TH AVE,2c4cbab1-a82d-5981-9278-761a842ce6fa,"MANITOBA ST & W 18TH AVE, VANCOUVER",49.254708,-123.107199
VANCOUVER,MANITOBA ST,W 19TH AVE,c668985a-4386-5875-9610-dfb5e9cf01bd,"MANITOBA ST & W 19TH AVE, VANCOUVER",49.253799,-123.107232
VANCOUVER,MANITOBA ST,W 1ST AVE,7bb0217d-5c3c-5c18-86d1-748176efc7c1,"MANITOBA ST & W 1ST AVE, VANCOUVER",49.270239,-123.106638
VANCOUVER,MANITOBA ST,W 21ST AVE,b6651c3f-8d7f-5288-b75b-df1006417cc5,"MANITOBA ST & W 21ST AVE, VANCOUVER",49.251914,-123.107302
VANCOUVER,MANITOBA ST,W 22ND AVE,368e1022-3bc8-5c07-a7d6-8c929dd0bcdf,"MANITOBA ST & W 22ND AVE, VANCOUVER",49.251009,-123.107335
VANCOUVER,MANITOBA ST,W 23RD AVE,dd9497ba-8737-5a10-8782-306586a2f012,"MANITOBA ST & W 23RD AVE, VANCOUVER",49.24996,-123.107399
VANCOUVER,MANITOBA ST,W 25TH AVE,20f7e194-fde0-5851-aea6-a8675cd4ddf9,"MANITOBA ST & W 25TH AVE, VANCOUVER",49.248926,-123.107447
VANCOUVER,MANITOBA ST,W 26TH AVE,f5651fd8-7fe2-5fce-ad57-0aa1012b4bc6,"MANITOBA ST & W 26TH AVE, VANCOUVER",49.247798,-123.107499
VANCOUVER,MANITOBA ST,W 2ND AVE,011e8172-262c-5c2e-a250-4033ca045e87,"MANITOBA ST & W 2ND AVE, VANCOUVER",49.269277,-123.106627
VANCOUVER,MANITOBA ST,W 37TH AVE,39fbb76b-817e-526b-9546-a2353bb57d58,"MANITOBA ST & W 37TH AVE, VANCOUVER",49.237388,-123.107925
VANCOUVER,MANITOBA ST,W 39TH AVE,b284de58-0129-5fa4-83a7-5bba9ff65916,"MANITOBA ST & W 39TH AVE, VANCOUVER",49.235592,-123.108006
VANCOUVER,MANITOBA ST,W 3RD AVE,30ea65c9-33af-5895-b663-bfbc75b5a0df,"MANITOBA ST & W 3RD AVE, VANCOUVER",49.268344,-123.106614
VANCOUVER,MANITOBA ST,W 41ST AVE,8417539a-becf-58ec-8e79-1a78ae4bbf78,"MANITOBA ST & W 41ST AVE, VANCOUVER",49.233249,-123.108135
VANCOUVER,MANITOBA ST,W 42ND AVE,dca90a66-bcca-56eb-ad43-109f03c3c35e,"MANITOBA ST & W 42ND AVE, VANCOUVER",49.232278,-123.108161
VANCOUVER,MANITOBA ST,W 43RD AVE,6d533eca-79ec-5102-b3fe-047242368970,"MANITOBA ST & W 43RD AVE, VANCOUVER",49.231358,-123.108184
VANCOUVER,MANITOBA ST,W 44TH AVE,2388d798-8fc3-5755-a598-7a685789a47e,"MANITOBA ST & W 44TH AVE, VANCOUVER",49.230458,-123.108223
VANCOUVER,MANITOBA ST,W 45TH AVE,dd18f894-6e4b-5a6c-bcf7-347b4c6292dc,"MANITOBA ST & W 45TH AVE, VANCOUVER",49.229533,-123.108236
VANCOUVER,MANITOBA ST,W 46TH AVE,d73d86db-4616-5f3c-a56a-b825aee41002,"MANITOBA ST & W 46TH AVE, VANCOUVER",49.228612,-123.108325
VANCOUVER,MANITOBA ST,W 48TH AVE,a978ec2e-7c5f-509a-913d-278ac78117b9,"MANITOBA ST & W 48TH AVE, VANCOUVER",49.226805,-123.108351
VANCOUVER,MANITOBA ST,W 49TH AVE,e62a514d-d7e6-5f4c-b16a-74448b6df822,"MANITOBA ST & W 49TH AVE, VANCOUVER",49.22581,-123.108393
VANCOUVER,MANITOBA ST,W 4TH AVE,b8aa361f-b21f-56e6-8a34-b5241a8d7b47,"MANITOBA ST & W 4TH AVE, VANCOUVER",49.267409,-123.106675
VANCOUVER,MANITOBA ST,W 59TH AVE,cb7a2950-2e38-5830-837e-3f6855f75c03,"MANITOBA ST & W 59TH AVE, VANCOUVER",49.21686,-123.109798
VANCOUVER,MANITOBA ST,W 5TH AVE,bce790ed-135d-571d-9ec8-67b3d83d33b2,"MANITOBA ST & W 5TH AVE, VANCOUVER",49.266529,-123.106688
VANCOUVER,MANITOBA ST,W 60TH AVE,63800a3b-093f-56fe-a612-a4b6813c31cd,"MANITOBA ST & W 60TH AVE, VANCOUVER",49.215991,-123.109838
VANCOUVER,MANITOBA ST,W 61ST AVE,c0c86a36-02d4-5608-a158-dec0a67d014d,"MANITOBA ST & W 61ST AVE, VANCOUVER",49.215128,-123.109844
VANCOUVER,MANITOBA ST,W 62ND AVE,40716320-d1a8-5b72-9646-4f87795117e9,"MANITOBA ST & W 62ND AVE, VANCOUVER",49.214246,-123.109884
VANCOUVER,MANITOBA ST,W 63RD AVE,df17b051-cafd-5960-8ecb-97ebf53ab4bf,"MANITOBA ST & W 63RD AVE, VANCOUVER",49.213372,-123.109922
VANCOUVER,MANITOBA ST,W 64TH AVE,8ce643a7-e0d6-54d0-913a-4d033b3ccaf9,"MANITOBA ST & W 64TH AVE, VANCOUVER",49.212504,-123.109955
VANCOUVER,MANITOBA ST,W 68TH AVE,b9383696-3986-55bb-993c-fa1580d80987,"MANITOBA ST & W 68TH AVE, VANCOUVER",49.21004,-123.110109
VANCOUVER,MANITOBA ST,W 69TH AVE,6596569b-1847-59ae-910d-22a9666c40a5,"MANITOBA ST & W 69TH AVE, VANCOUVER",49.209523,-123.11013
VANCOUVER,MANITOBA ST,W 6TH AVE,c09e51b2-d43a-58ed-9b85-bbe2c0f891dc,"MANITOBA ST & W 6TH AVE, VANCOUVER",49.265603,-123.106753
VANCOUVER,MANITOBA ST,W 70TH AVE,8e798b20-fef6-5b42-92cc-f68a603cf0b6,"MANITOBA ST & W 70TH AVE, VANCOUVER",49.208655,-123.110163
VANCOUVER,MANITOBA ST,W 71ST AVE,209db748-addb-52bf-9c93-0716ed379e55,"MANITOBA ST & W 71ST AVE, VANCOUVER",49.207406,-123.110211
VANCOUVER,MANITOBA ST,W 7TH AVE,2414e449-96c0-5bd7-90ff-75b86b4f2dfd,"MANITOBA ST & W 7TH AVE, VANCOUVER",49.2647,-123.106786
VANCOUVER,MANITOBA ST,W 8TH AVE,b2221592-9c31-53dc-a5b0-15a3b97dc4c3,"MANITOBA ST & W 8TH AVE, VANCOUVER",49.263801,-123.106801
VANCOUVER,MANITOBA ST,W BROADWAY,8ada16ae-ca87-5af0-9972-5899e3122422,"MANITOBA ST & W BROADWAY, VANCOUVER",49.263048,-123.106831
VANCOUVER,MANITOBA ST,W KENT AVE N,357295ea-eb4c-5a4a-b00b-3de6acfec796,"MANITOBA ST & W KENT AVE N, VANCOUVER",49.206864,-123.110231
VANCOUVER,MANITOBA ST,W KENT AVE S,f39896bc-37fe-5bfc-a34b-00a4fbd503bd,"MANITOBA ST & W KENT AVE S, VANCOUVER",49.206394,-123.109217
VANCOUVER,MANITOBA ST,W KING EDWARD AVE,5990d5d5-8d43-5bbb-a6e7-056f7877e53c,"MANITOBA ST & W KING EDWARD AVE, VANCOUVER",49.248926,-123.107447
VANCOUVER,MANITOBA ST,W WOODSTOCK AVE,35765b90-abb5-5631-8940-8dc4cc6640c9,"MANITOBA ST & W WOODSTOCK AVE, VANCOUVER",49.233793,-123.108094
VANCOUVER,MANITOBA ST,WALTER HARDWICK AVE,a18f4815-d5f9-5ee3-8a0c-c1b219656415,"MANITOBA ST & WALTER HARDWICK AVE, VANCOUVER",49.27093,-123.106634
VANCOUVER,MANNERING AVE,NANAIMO ST,0de21dfb-01b3-5f52-9a2b-f80da49b488f,"MANNERING AVE & NANAIMO ST, VANCOUVER",49.24065,-123.058688
VANCOUVER,MANNERING AVE,VICTORIA DR,572a5cf4-6725-5430-8e3f-55bdc246c4d3,"MANNERING AVE & VICTORIA DR, VANCOUVER",49.240684,-123.065349
VANCOUVER,MANOR ST,VANNESS AVE,ae91c920-404a-5abf-aeca-6efaf9c0eba4,"MANOR ST & VANNESS AVE, VANCOUVER",49.241501,-123.039725
VANCOUVER,MANOR ST,WELLINGTON AVE,ad8fc5c9-df4f-51cb-bcac-0a8a6693e921,"MANOR ST & WELLINGTON AVE, VANCOUVER",49.243335,-123.038108
VANCOUVER,MANSON ST,W 39TH AVE,cec3135d-5bc8-5b7a-bd0a-ac0f14744970,"MANSON ST & W 39TH AVE, VANCOUVER",49.235505,-123.119312
VANCOUVER,MANSON ST,W 41ST AVE,ab4aa325-c410-5752-9918-8028246c0403,"MANSON ST & W 41ST AVE, VANCOUVER",49.233722,-123.119391
VANCOUVER,MAPLE CRES,NANTON AVE,c0489a7b-3815-536e-887e-1521e71e3dfd,"MAPLE CRES & NANTON AVE, VANCOUVER",49.247596,-123.149943
VANCOUVER,MAPLE CRES,W 30TH AVE,3b7a612e-bf7e-5719-9dca-d8bda60d05d1,"MAPLE CRES & W 30TH AVE, VANCOUVER",49.244659,-123.147694
VANCOUVER,MAPLE CRES,W KING EDWARD AVE,f0cca176-93d7-5ac2-bc6c-20f60d6e8abe,"MAPLE CRES & W KING EDWARD AVE, VANCOUVER",49.250876,-123.151443
VANCOUVER,MAPLE ST,MCNICOLL AVE,29772f9b-42df-5f48-832f-e96c0e2aa8d0,"MAPLE ST & MCNICOLL AVE, VANCOUVER",49.27625,-123.150073
VANCOUVER,MAPLE ST,NANTON AVE,cf71014b-732e-525e-95a5-bcdec9cac68d,"MAPLE ST & NANTON AVE, VANCOUVER",49.247644,-123.151832
VANCOUVER,MAPLE ST,OGDEN AVE,0a431d97-03d3-5d15-884f-ce985a9d70a2,"MAPLE ST & OGDEN AVE, VANCOUVER",49.27722,-123.149974
VANCOUVER,MAPLE ST,W 10TH AVE,c667e478-98be-5006-bbe0-4d4c9d509a25,"MAPLE ST & W 10TH AVE, VANCOUVER",49.262824,-123.150574
VANCOUVER,MAPLE ST,W 11TH AVE,2a8d6dd9-9e6a-5886-82cd-54b0e77cb482,"MAPLE ST & W 11TH AVE, VANCOUVER",49.261904,-123.150603
VANCOUVER,MAPLE ST,W 12TH AVE,47bfc6a0-a6a1-5ffb-9c93-652e3597ac33,"MAPLE ST & W 12TH AVE, VANCOUVER",49.261011,-123.150634
VANCOUVER,MAPLE ST,W 13TH AVE,7f55fce7-ef4e-5043-b08c-38be5f087a5e,"MAPLE ST & W 13TH AVE, VANCOUVER",49.260018,-123.150671
VANCOUVER,MAPLE ST,W 14TH AVE,cacf48fc-8acc-5b9b-b124-5deef10ae4f7,"MAPLE ST & W 14TH AVE, VANCOUVER",49.259118,-123.150692
VANCOUVER,MAPLE ST,W 15TH AVE,a00f38aa-8f38-5660-8869-4da353c14811,"MAPLE ST & W 15TH AVE, VANCOUVER",49.258171,-123.150743
VANCOUVER,MAPLE ST,W 16TH AVE,cf051fde-f424-51bc-abb8-adee6ec99f18,"MAPLE ST & W 16TH AVE, VANCOUVER",49.257253,-123.150768
VANCOUVER,MAPLE ST,W 1ST AVE,a4adffef-4cdd-5470-b1e4-49454ad530ac,"MAPLE ST & W 1ST AVE, VANCOUVER",49.270744,-123.150322
VANCOUVER,MAPLE ST,W 28TH AVE,6a03259e-8027-53ce-b49b-44f3b529b69d,"MAPLE ST & W 28TH AVE, VANCOUVER",49.246722,-123.151854
VANCOUVER,MAPLE ST,W 2ND AVE,4e2138e3-5eb7-509a-9f9f-0bb13751d2cf,"MAPLE ST & W 2ND AVE, VANCOUVER",49.269864,-123.150352
VANCOUVER,MAPLE ST,W 35TH AVE,99e03f18-5abf-5a22-861a-113b15c4fd8d,"MAPLE ST & W 35TH AVE, VANCOUVER",49.240046,-123.151856
VANCOUVER,MAPLE ST,W 37TH AVE,6e17f6af-167f-5876-af7e-080653a9e973,"MAPLE ST & W 37TH AVE, VANCOUVER",49.238236,-123.151947
VANCOUVER,MAPLE ST,W 39TH AVE,bbdcf84d-72ae-593c-987e-48d0d75a6f5c,"MAPLE ST & W 39TH AVE, VANCOUVER",49.236395,-123.152001
VANCOUVER,MAPLE ST,W 3RD AVE,42023841-b284-5a8a-bb05-c92186a1bd8e,"MAPLE ST & W 3RD AVE, VANCOUVER",49.268989,-123.150354
VANCOUVER,MAPLE ST,W 41ST AVE,b282056e-6436-5123-a043-3835e2a9b141,"MAPLE ST & W 41ST AVE, VANCOUVER",49.234531,-123.152071
VANCOUVER,MAPLE ST,W 42ND AVE,2e3625e9-7312-541e-9cc3-2215dd212388,"MAPLE ST & W 42ND AVE, VANCOUVER",49.233547,-123.152076
VANCOUVER,MAPLE ST,W 43RD AVE,c149a8b9-6925-5744-a877-7e5dd3f71cc8,"MAPLE ST & W 43RD AVE, VANCOUVER",49.232655,-123.152113
VANCOUVER,MAPLE ST,W 44TH AVE,2fbf871b-497d-55d3-a8a6-ab075941b610,"MAPLE ST & W 44TH AVE, VANCOUVER",49.231786,-123.152146
VANCOUVER,MAPLE ST,W 45TH AVE,8603474d-66a2-56d1-9db6-801eaf7d03fa,"MAPLE ST & W 45TH AVE, VANCOUVER",49.230813,-123.152185
VANCOUVER,MAPLE ST,W 46TH AVE,141e082f-842a-5bc5-a000-97a1605cdd2a,"MAPLE ST & W 46TH AVE, VANCOUVER",49.229803,-123.152224
VANCOUVER,MAPLE ST,W 48TH AVE,167d9d1f-d9ac-5824-9a34-9bf61554193a,"MAPLE ST & W 48TH AVE, VANCOUVER",49.228074,-123.152293
VANCOUVER,MAPLE ST,W 49TH AVE,459f4711-0efd-5dfd-bc56-9971ea06e1a2,"MAPLE ST & W 49TH AVE, VANCOUVER",49.227129,-123.152329
VANCOUVER,MAPLE ST,W 4TH AVE,338d8f5b-bf7e-5a7a-95e6-2f5ac06de918,"MAPLE ST & W 4TH AVE, VANCOUVER",49.268081,-123.150389
VANCOUVER,MAPLE ST,W 50TH AVE,52d32926-06b3-568b-afc3-73d138b2a1e7,"MAPLE ST & W 50TH AVE, VANCOUVER",49.225811,-123.152342
VANCOUVER,MAPLE ST,W 59TH AVE,2d72b22f-d04d-5002-a724-3830ad8ebe2f,"MAPLE ST & W 59TH AVE, VANCOUVER",49.218107,-123.152484
VANCOUVER,MAPLE ST,W 5TH AVE,b8c337a5-d551-52fb-8cec-f7f7cfbe0d38,"MAPLE ST & W 5TH AVE, VANCOUVER",49.267216,-123.150419
VANCOUVER,MAPLE ST,W 60TH AVE,7710ff93-a3bd-5d8d-afd1-fba6dee47f0c,"MAPLE ST & W 60TH AVE, VANCOUVER",49.217196,-123.15253
VANCOUVER,MAPLE ST,W 6TH AVE,6a3ed1bc-631f-5c5c-8196-885c02664940,"MAPLE ST & W 6TH AVE, VANCOUVER",49.266375,-123.150439
VANCOUVER,MAPLE ST,W 7TH AVE,f2349521-ddef-5c82-bb07-6451dbecbc60,"MAPLE ST & W 7TH AVE, VANCOUVER",49.265529,-123.150477
VANCOUVER,MAPLE ST,W 8TH AVE,2228fea1-05b1-5ce9-bad9-c52f9a36592c,"MAPLE ST & W 8TH AVE, VANCOUVER",49.26471,-123.150515
VANCOUVER,MAPLE ST,W 9TH AVE,bab7989d-777d-5406-8560-9620877a6c5c,"MAPLE ST & W 9TH AVE, VANCOUVER",49.263782,-123.150543
VANCOUVER,MAPLE ST,W BROADWAY,2b645beb-e457-5988-aeea-4e8b290dbf82,"MAPLE ST & W BROADWAY, VANCOUVER",49.263782,-123.150543
VANCOUVER,MAPLE ST,WHYTE AVE,2878e390-af4d-58b2-95c0-9df3642a9980,"MAPLE ST & WHYTE AVE, VANCOUVER",49.275371,-123.150102
VANCOUVER,MAPLE ST,YORK AVE,f74a1aea-e2f7-5983-aa41-5d50ade9bc8f,"MAPLE ST & YORK AVE, VANCOUVER",49.271612,-123.150292
VANCOUVER,MARGUERITE ST,MATTHEWS AVE,ef68ca4d-3230-5b29-821b-fcc1c81e40ae,"MARGUERITE ST & MATTHEWS AVE, VANCOUVER",49.251859,-123.14357
VANCOUVER,MARGUERITE ST,NANTON AVE,d400d9d0-374d-53bb-9d3d-88d5530bf25f,"MARGUERITE ST & NANTON AVE, VANCOUVER",49.247506,-123.144728
VANCOUVER,MARGUERITE ST,W 29TH AVE,58d1a1c0-cf5a-5728-9145-fad922fc0ae2,"MARGUERITE ST & W 29TH AVE, VANCOUVER",49.245514,-123.143977
VANCOUVER,MARGUERITE ST,W 33RD AVE,3265a588-07e0-5259-96f7-ac3524325acc,"MARGUERITE ST & W 33RD AVE, VANCOUVER",49.241965,-123.144122
VANCOUVER,MARGUERITE ST,W 35TH AVE,97e34e20-2d2a-5859-8b05-7db1ea8a71f8,"MARGUERITE ST & W 35TH AVE, VANCOUVER",49.239898,-123.144204
VANCOUVER,MARGUERITE ST,W 36TH AVE,bae09b53-1433-5f67-b3bf-37548a085f11,"MARGUERITE ST & W 36TH AVE, VANCOUVER",49.239023,-123.144234
VANCOUVER,MARGUERITE ST,W 37TH AVE,283281e1-1501-52af-a2ab-6d654b1b6ed5,"MARGUERITE ST & W 37TH AVE, VANCOUVER",49.23812,-123.144265
VANCOUVER,MARGUERITE ST,W 38TH AVE,940a7064-4e7a-52ca-a346-25e1347947ed,"MARGUERITE ST & W 38TH AVE, VANCOUVER",49.236917,-123.144637
VANCOUVER,MARGUERITE ST,W 41ST AVE,4cc73d42-df8d-54d8-af79-27f39a44ac0b,"MARGUERITE ST & W 41ST AVE, VANCOUVER",49.234413,-123.144722
VANCOUVER,MARGUERITE ST,W 43RD AVE,f6dd87f8-999f-559f-a4e9-bb14440589a5,"MARGUERITE ST & W 43RD AVE, VANCOUVER",49.232542,-123.144786
VANCOUVER,MARGUERITE ST,W 49TH AVE,8dfbde62-8510-52d0-98f6-82068b12e387,"MARGUERITE ST & W 49TH AVE, VANCOUVER",49.227028,-123.144984
VANCOUVER,MARGUERITE ST,W 52ND AVE,c56c7cfb-9f3c-5786-beaf-3b39051f7d2b,"MARGUERITE ST & W 52ND AVE, VANCOUVER",49.224141,-123.145107
VANCOUVER,MARGUERITE ST,W 54TH AVE,4a0f9f64-5981-5ddd-84bd-60272abe22e1,"MARGUERITE ST & W 54TH AVE, VANCOUVER",49.221765,-123.145206
VANCOUVER,MARGUERITE ST,W 57TH AVE,d8cafbd0-3f21-5afa-8950-821afebaf34d,"MARGUERITE ST & W 57TH AVE, VANCOUVER",49.219417,-123.145305
VANCOUVER,MARGUERITE ST,W KING EDWARD AVE,b54b90e2-eaa8-5730-a1cf-6c2f0aa89141,"MARGUERITE ST & W KING EDWARD AVE, VANCOUVER",49.249505,-123.144631
VANCOUVER,MARINASIDE CRES,PACIFIC BLVD,53d20ae2-de18-564b-a917-f83dffd0f5a5,"MARINASIDE CRES & PACIFIC BLVD, VANCOUVER",49.274156,-123.115036
VANCOUVER,MARINE CRES,SW MARINE DR,d84fa074-734a-595b-bccf-500f53bbbdb4,"MARINE CRES & SW MARINE DR, VANCOUVER",49.224215,-123.163984
VANCOUVER,MARINE CRES,W 49TH AVE,5d91ded5-cbc9-5eaa-a01c-83fee3193f42,"MARINE CRES & W 49TH AVE, VANCOUVER",49.227301,-123.165297
VANCOUVER,MARINE CRES,W 51ST AVE,55b67291-26c6-5f86-a505-b6d99edbaafd,"MARINE CRES & W 51ST AVE, VANCOUVER",49.225086,-123.163853
VANCOUVER,MARINE WAY,RIVER DISTRICT CROSSING,b9f1b4b4-9998-5525-bf66-dc1f9c8e7b4b,"MARINE WAY & RIVER DISTRICT CROSSING, VANCOUVER",49.206832,-123.030864
VANCOUVER,MARINE WAY,SAWMILL CRES,ff66d048-aea4-548b-9e8a-a0fb9485f6d7,"MARINE WAY & SAWMILL CRES, VANCOUVER",49.206374,-123.027165
VANCOUVER,MARINE WAY,SE MARINE DR,78f9bdb6-d19f-5e72-a9b0-a33177ac3ef0,"MARINE WAY & SE MARINE DR, VANCOUVER",49.207883,-123.038868
VANCOUVER,MARINER WALK,W 2ND AVE,a478a7cd-5211-5359-8f97-5d7ed5a58ac7,"MARINER WALK & W 2ND AVE, VANCOUVER",49.269682,-123.139144
VANCOUVER,MARKET HILL,MOBERLY RD,c4e41c62-dc2f-5ff0-a513-065b17ba2ea5,"MARKET HILL & MOBERLY RD, VANCOUVER",49.266679,-123.119364
VANCOUVER,MARPOLE AVE,MCRAE AVE,6749c000-00f6-5225-8a30-be357f9d30f3,"MARPOLE AVE & MCRAE AVE, VANCOUVER",49.25716,-123.138247
VANCOUVER,MARPOLE AVE,PINE CRES,c278280b-2855-58f1-b062-6df3389afbe9,"MARPOLE AVE & PINE CRES, VANCOUVER",49.255703,-123.142358
VANCOUVER,MARPOLE AVE,W 15TH AVE,8258f3cd-e7f9-5ed2-b014-f024d4420dde,"MARPOLE AVE & W 15TH AVE, VANCOUVER",49.257963,-123.136307
VANCOUVER,MARPOLE AVE,W 16TH AVE,ad4c8081-1728-5138-bf17-d16b1d9e6ebf,"MARPOLE AVE & W 16TH AVE, VANCOUVER",49.257053,-123.138793
VANCOUVER,MARPOLE LOOP,SW MARINE DR,adcf9dc2-322b-586c-ad8e-b8225f1e36f5,"MARPOLE LOOP & SW MARINE DR, VANCOUVER",49.203248,-123.134232
VANCOUVER,MARSTRAND AVE,VINE ST,af6a485b-51aa-5c98-bbdf-7930c48b663d,"MARSTRAND AVE & VINE ST, VANCOUVER",49.262476,-123.157687
VANCOUVER,MARSTRAND AVE,YEW ST,5536bbe5-4b72-5e73-8a5c-318953b2626f,"MARSTRAND AVE & YEW ST, VANCOUVER",49.262432,-123.155352
VANCOUVER,MATAPAN CRES,SKEENA ST,f938da60-f89b-5642-b94c-067221221d10,"MATAPAN CRES & SKEENA ST, VANCOUVER",49.257269,-123.028537
VANCOUVER,MATHESON CRES,NAPLES WAY,a9b2ccd5-4b76-5cb2-8254-b429f2f3d5d1,"MATHESON CRES & NAPLES WAY, VANCOUVER",49.209179,-123.029081
VANCOUVER,MATHESON CRES,NORTHUMBERLAND AVE,dfccd55d-0d13-51d3-875a-9b35a3372ea0,"MATHESON CRES & NORTHUMBERLAND AVE, VANCOUVER",49.215473,-123.025439
VANCOUVER,MATHESON CRES,RAINTREE CRT,d3e3b9d7-b942-534b-8883-9f269144ab1a,"MATHESON CRES & RAINTREE CRT, VANCOUVER",49.214374,-123.025562
VANCOUVER,MATHESON CRES,RUMBLE AVE,925a986a-73c3-5ec9-9809-8899f01334ae,"MATHESON CRES & RUMBLE AVE, VANCOUVER",49.214819,-123.025561
VANCOUVER,MATHESON CRES,SE MARINE DR,27125793-21f4-572b-b516-6f752177eb84,"MATHESON CRES & SE MARINE DR, VANCOUVER",49.208093,-123.030897
VANCOUVER,MATHESON CRES,TALON SQ,05c4d29d-c61b-50c9-9f9a-ddbe0503577c,"MATHESON CRES & TALON SQ, VANCOUVER",49.217415,-123.025078
VANCOUVER,MATHESON CRES,TOBA PL,e1f4ab40-4de6-58af-9672-02a613d9a434,"MATHESON CRES & TOBA PL, VANCOUVER",49.217866,-123.025126
VANCOUVER,MATTHEWS AVE,SELKIRK ST,7b807a37-4f36-563a-9afc-a9d2bbc12789,"MATTHEWS AVE & SELKIRK ST, VANCOUVER",49.253656,-123.13287
VANCOUVER,MATTHEWS AVE,WOLFE AVE,434a6324-3400-5675-bd7d-78ea17733d8d,"MATTHEWS AVE & WOLFE AVE, VANCOUVER",49.253671,-123.128697
VANCOUVER,MAXINE LANE,THURLOW ST,9a131c69-7ee5-5e5c-9f46-9b58881b1e7a,"MAXINE LANE & THURLOW ST, VANCOUVER",49.279335,-123.132781
VANCOUVER,MCBAIN AVE,VALLEY DR,9cf411da-4ea9-5bd8-8bc1-8d5ad1940e7b,"MCBAIN AVE & VALLEY DR, VANCOUVER",49.248843,-123.158629
VANCOUVER,MCBAIN AVE,W KING EDWARD AVE,5ad9faee-4cb2-5dd5-a09d-f80fcd082ba5,"MCBAIN AVE & W KING EDWARD AVE, VANCOUVER",49.250217,-123.157869
VANCOUVER,MCCLEERY ST,W 47TH AVE,96ec340f-54be-594d-94fd-22e875dbdf86,"MCCLEERY ST & W 47TH AVE, VANCOUVER",49.229317,-123.168929
VANCOUVER,MCCLEERY ST,W 49TH AVE,1686980b-8a34-5836-8256-3f60d068b450,"MCCLEERY ST & W 49TH AVE, VANCOUVER",49.227327,-123.16894
VANCOUVER,MCGEER ST,QUEENS AVE,4d628f97-aa43-5c3b-bfa5-aac2eb6fc403,"MCGEER ST & QUEENS AVE, VANCOUVER",49.239983,-123.032812
VANCOUVER,MCGEER ST,VANNESS AVE,45a63c73-8f31-53ad-82cd-5a309b30fb40,"MCGEER ST & VANNESS AVE, VANCOUVER",49.239047,-123.033723
VANCOUVER,MCGEER ST,WELLINGTON AVE,a60a26b3-ce3c-5959-8eb4-76e0364c913a,"MCGEER ST & WELLINGTON AVE, VANCOUVER",49.240815,-123.032031
VANCOUVER,MCGILL ST,MCGILL ST OFFRAMP,e937034c-6db7-59f0-93cd-ea3dedc7e8aa,"MCGILL ST & MCGILL ST OFFRAMP, VANCOUVER",49.287032,-123.031028
VANCOUVER,MCGILL ST,N BOUNDARY RD,0fcad039-22d6-529b-82ab-4b8f556f3112,"MCGILL ST & N BOUNDARY RD, VANCOUVER",49.288682,-123.023506
VANCOUVER,MCGILL ST,N GARDEN DR,c940b773-15d1-59a7-bf4e-e4cf84ef7acb,"MCGILL ST & N GARDEN DR, VANCOUVER",49.288414,-123.057726
VANCOUVER,MCGILL ST,N KAMLOOPS ST,30801517-e227-54a2-be33-b2ca131a922e,"MCGILL ST & N KAMLOOPS ST, VANCOUVER",49.288734,-123.054549
VANCOUVER,MCGILL ST,N KASLO ST,0ad4fba4-5ddb-514c-a19e-0c349289dc7c,"MCGILL ST & N KASLO ST, VANCOUVER",49.288718,-123.046701
VANCOUVER,MCGILL ST,N KOOTENAY ST,b0fb74b0-b91e-5f2b-bf2e-8627d33f4452,"MCGILL ST & N KOOTENAY ST, VANCOUVER",49.288691,-123.025697
VANCOUVER,MCGILL ST,N NANAIMO ST,f36d7535-85a1-5a48-9392-1b6f432bb87a,"MCGILL ST & N NANAIMO ST, VANCOUVER",49.288646,-123.056303
VANCOUVER,MCGILL ST,N PENTICTON ST,de014b12-c332-5713-94f5-c9bf3d5da3db,"MCGILL ST & N PENTICTON ST, VANCOUVER",49.288715,-123.051941
VANCOUVER,MCGILL ST,N RENFREW ST,604a38a8-aa5a-577e-9325-4228a10d63dd,"MCGILL ST & N RENFREW ST, VANCOUVER",49.288721,-123.044048
VANCOUVER,MCGILL ST,N SLOCAN ST,3ea1757c-1987-5613-83ca-999d28de633f,"MCGILL ST & N SLOCAN ST, VANCOUVER",49.288713,-123.049315
VANCOUVER,MCGILL ST,WALL ST,ccd40bff-f8dc-5d47-89d4-c14c8b1e0043,"MCGILL ST & WALL ST, VANCOUVER",49.288799,-123.041358
VANCOUVER,MCGILL ST OFFRAMP,TRANS-CANADA HWY,654f2782-86e6-52c1-962b-fa991170c259,"MCGILL ST OFFRAMP & TRANS-CANADA HWY, VANCOUVER",49.287032,-123.031028
VANCOUVER,MCGILL ST OFFRAMP,TRANS-CANADA HWY OFFRAMP,3730a942-42d9-56af-ac5e-1bda5455a79b,"MCGILL ST OFFRAMP & TRANS-CANADA HWY OFFRAMP, VANCOUVER",49.287032,-123.031028
VANCOUVER,MCGILL ST ONRAMP,SECOND NARROWS BRIDGE,64b4b3cb-bfd6-5295-a70a-72e95676af20,"MCGILL ST ONRAMP & SECOND NARROWS BRIDGE, VANCOUVER",49.287032,-123.031028
VANCOUVER,MCGILL ST ONRAMP,TRANS-CANADA HWY ONRAMP,83204952-ea2f-5b39-ad03-0f88e3f96a52,"MCGILL ST ONRAMP & TRANS-CANADA HWY ONRAMP, VANCOUVER",49.287032,-123.031028
VANCOUVER,MCHARDY ST,MONMOUTH AVE,06e2de6c-d861-50a9-9b22-ece4dd40ca16,"MCHARDY ST & MONMOUTH AVE, VANCOUVER",49.242059,-123.032185
VANCOUVER,MCHARDY ST,PRICE ST,e65a2d69-33e6-57e7-b145-606bbf7851e2,"MCHARDY ST & PRICE ST, VANCOUVER",49.242925,-123.031374
VANCOUVER,MCHARDY ST,QUEENS AVE,72edcd0b-3630-5a51-a70b-1a7334ac58eb,"MCHARDY ST & QUEENS AVE, VANCOUVER",49.240401,-123.033811
VANCOUVER,MCHARDY ST,VANNESS AVE,f959ec82-c9b0-5238-ac9a-d86bb387fdcb,"MCHARDY ST & VANNESS AVE, VANCOUVER",49.239433,-123.034662
VANCOUVER,MCHARDY ST,WELLINGTON AVE,b6bd1606-c4fb-5c77-b1ec-1dc68af05787,"MCHARDY ST & WELLINGTON AVE, VANCOUVER",49.241217,-123.033001
VANCOUVER,MCLEAN DR,NAPIER ST,24d09ff2-1145-53cb-87d1-a329828ebab0,"MCLEAN DR & NAPIER ST, VANCOUVER",49.274893,-123.074467
VANCOUVER,MCLEAN DR,PARKER ST,54c383fe-68dd-551f-a22b-c6601290d093,"MCLEAN DR & PARKER ST, VANCOUVER",49.275812,-123.074443
VANCOUVER,MCLEAN DR,POWELL ST,b0e236b1-5913-5db8-b63a-008388d58b89,"MCLEAN DR & POWELL ST, VANCOUVER",49.283238,-123.074053
VANCOUVER,MCLEAN DR,VENABLES ST,edbadcec-1518-53ce-ad00-44880d20d01b,"MCLEAN DR & VENABLES ST, VANCOUVER",49.276726,-123.07431
VANCOUVER,MCLEAN DR,WILLIAM ST,871056c0-9cc5-5d50-b6da-078f78e20bbf,"MCLEAN DR & WILLIAM ST, VANCOUVER",49.273996,-123.074471
VANCOUVER,MCMULLEN AVE,VALLEY DR,c35a7003-0fbb-5c1b-98da-e27100a9a843,"MCMULLEN AVE & VALLEY DR, VANCOUVER",49.247958,-123.157992
VANCOUVER,MCRAE AVE,THE CRESCENT,0eb00f80-7f22-5f50-9582-4fd9570f1b5e,"MCRAE AVE & THE CRESCENT, VANCOUVER",49.256259,-123.13597
VANCOUVER,MELBOURNE ST,VANNESS AVE,20e0de1b-2bf2-59c2-a74d-faabd728dcec,"MELBOURNE ST & VANNESS AVE, VANCOUVER",49.236538,-123.028137
VANCOUVER,MELVILLE ST,THURLOW ST,ffef5acd-8ce6-539c-b2cf-6397c0557899,"MELVILLE ST & THURLOW ST, VANCOUVER",49.286463,-123.121986
VANCOUVER,MELVILLE ST,W PENDER ST,f122e70d-4dc6-5191-92e6-1ec749e62a15,"MELVILLE ST & W PENDER ST, VANCOUVER",49.289204,-123.126187
VANCOUVER,MIDLOTHIAN AVE,W 33RD AVE,40bb4677-bcc2-564a-a2a4-d76a7e814374,"MIDLOTHIAN AVE & W 33RD AVE, VANCOUVER",49.240779,-123.106629
VANCOUVER,MIDLOTHIAN AVE,YUKON ST,f2f5714e-e8d3-515b-a551-9b9515c91370,"MIDLOTHIAN AVE & YUKON ST, VANCOUVER",49.245104,-123.112364
VANCOUVER,MILLER DR,N RENFREW ST,f82912de-dd3e-57ca-8bfa-b1ab42bdd8cc,"MILLER DR & N RENFREW ST, VANCOUVER",49.286716,-123.044061
VANCOUVER,MILROSS AVE,QUEBEC ST,c6314557-6bb3-5f82-b08a-d4bc61e186a6,"MILROSS AVE & QUEBEC ST, VANCOUVER",49.276079,-123.10212
VANCOUVER,MILTON ST,RAND AVE,b40ef2c2-9978-58f8-847f-11bb320d92dc,"MILTON ST & RAND AVE, VANCOUVER",49.204723,-123.141381
VANCOUVER,MILTON ST,SW MARINE DR,59cf8624-c468-5c4f-8c3f-c1c348838c18,"MILTON ST & SW MARINE DR, VANCOUVER",49.205303,-123.140462
VANCOUVER,MILTON ST,W 75TH AVE,cae65cd2-498c-5132-b1f7-8e0ee154e1a6,"MILTON ST & W 75TH AVE, VANCOUVER",49.204223,-123.141597
VANCOUVER,MOBERLY RD,STAMPS LANDING,84a550c6-b753-5252-ad10-fd06ea89bfd0,"MOBERLY RD & STAMPS LANDING, VANCOUVER",49.268637,-123.117933
VANCOUVER,MOBERLY RD,STARBOARD SQ,c6817a06-cec4-5426-8b3a-563d2dd58764,"MOBERLY RD & STARBOARD SQ, VANCOUVER",49.268166,-123.117468
VANCOUVER,MOBERLY RD,W 6TH AVE,a447f7a2-1afb-5e16-b439-efe89d0f7a90,"MOBERLY RD & W 6TH AVE, VANCOUVER",49.265912,-123.120548
VANCOUVER,MONMOUTH AVE,PAYNE ST,257652ad-45e6-5d54-91db-0ede4e596e8c,"MONMOUTH AVE & PAYNE ST, VANCOUVER",49.240485,-123.028297
VANCOUVER,MONMOUTH AVE,RUBY ST,9f0b3861-eea0-5bc4-a1b2-4ed8a20d2ec2,"MONMOUTH AVE & RUBY ST, VANCOUVER",49.239696,-123.026328
VANCOUVER,MONS DR,NORMANDY DR,4cd0ed20-3c38-5802-acfa-e6c712e37328,"MONS DR & NORMANDY DR, VANCOUVER",49.253428,-123.030194
VANCOUVER,MONS DR,WORTHINGTON DR,61a27bd8-12ff-574b-8ee4-ebf3c397a2e5,"MONS DR & WORTHINGTON DR, VANCOUVER",49.254029,-123.029301
VANCOUVER,MONTCALM ST,RICHELIEU AVE,9b009e08-7696-5d6a-919a-4a832401c453,"MONTCALM ST & RICHELIEU AVE, VANCOUVER",49.257059,-123.130304
VANCOUVER,MONTCALM ST,SW MARINE DR,1a125da3-55ba-5794-950e-dd4f391c2ce0,"MONTCALM ST & SW MARINE DR, VANCOUVER",49.203951,-123.136782
VANCOUVER,MONTCALM ST,W 15TH AVE,74bc81ea-c429-5909-b41b-23adbd72c9b7,"MONTCALM ST & W 15TH AVE, VANCOUVER",49.257863,-123.130278
VANCOUVER,MONTCALM ST,W 16TH AVE,436f7512-bf8d-5a7e-8590-9172b658e9f2,"MONTCALM ST & W 16TH AVE, VANCOUVER",49.257059,-123.130304
VANCOUVER,MONTCALM ST,W 62ND AVE,f92cecc1-dff6-5b73-aed0-6f61df0dbf1a,"MONTCALM ST & W 62ND AVE, VANCOUVER",49.21497,-123.13555
VANCOUVER,MONTCALM ST,W 67TH AVE,ab6ec512-a26a-5811-acc2-cc1c885755a8,"MONTCALM ST & W 67TH AVE, VANCOUVER",49.210813,-123.13568
VANCOUVER,MONTCALM ST,W 70TH AVE,01418250-a300-5f68-82c9-d323180a630d,"MONTCALM ST & W 70TH AVE, VANCOUVER",49.20856,-123.135963
VANCOUVER,MONTCALM ST,W 71ST AVE,5ddba863-dec0-5db1-a1c5-1b198507b369,"MONTCALM ST & W 71ST AVE, VANCOUVER",49.207001,-123.136199
VANCOUVER,MONTCALM ST,W 72ND AVE,9b0e2ef4-3aec-5767-9786-354d75a65645,"MONTCALM ST & W 72ND AVE, VANCOUVER",49.205727,-123.136243
VANCOUVER,MONTCALM ST,W 73RD AVE,4cfc1a3e-c5a1-5f5d-ac4f-331b4e7afdd3,"MONTCALM ST & W 73RD AVE, VANCOUVER",49.204547,-123.136357
VANCOUVER,MONTGOMERY ST,W 41ST AVE,31dd77ae-91cc-5ca2-9fd4-c85ee65c31a6,"MONTGOMERY ST & W 41ST AVE, VANCOUVER",49.234073,-123.131852
VANCOUVER,MONTGOMERY ST,W 42ND AVE,9f045df7-1a35-5648-a681-9f8634800381,"MONTGOMERY ST & W 42ND AVE, VANCOUVER",49.233124,-123.131883
VANCOUVER,MONTGOMERY ST,W 43RD AVE,a6035172-9236-5ecb-8b45-dd5ec049514f,"MONTGOMERY ST & W 43RD AVE, VANCOUVER",49.23221,-123.131909
VANCOUVER,MONTGOMERY ST,W 45TH AVE,9df0921c-bf6b-5d29-b681-a09d344daaf4,"MONTGOMERY ST & W 45TH AVE, VANCOUVER",49.230347,-123.131973
VANCOUVER,MONTGOMERY ST,W 46TH AVE,3ba7a75b-7072-5257-9db6-dadbd7ed4e6b,"MONTGOMERY ST & W 46TH AVE, VANCOUVER",49.22942,-123.132002
VANCOUVER,MONTGOMERY ST,W 49TH AVE,9c89dcdf-0204-5c76-80ad-2e21a9ac79e6,"MONTGOMERY ST & W 49TH AVE, VANCOUVER",49.226679,-123.131917
VANCOUVER,MONTGOMERY ST,W 52ND AVE,9ccf8a70-a342-5149-ad2d-d0fd1d38b9a4,"MONTGOMERY ST & W 52ND AVE, VANCOUVER",49.223961,-123.13201
VANCOUVER,MOSS ST,VANNESS AVE,a8bb52f3-138f-5c52-9df7-b9c76dd82ab7,"MOSS ST & VANNESS AVE, VANCOUVER",49.242648,-123.042538
VANCOUVER,MUIRFIELD DR,SCARBORO AVE,20359ea4-c858-5da8-9aae-cd1f7449ac3f,"MUIRFIELD DR & SCARBORO AVE, VANCOUVER",49.212901,-123.057423
VANCOUVER,MUSQUEAM AVE,SALISH DR,9fd7ebfb-8c7a-5b2a-b72f-87a906180825,"MUSQUEAM AVE & SALISH DR, VANCOUVER",49.223712,-123.198907
VANCOUVER,MUSQUEAM DR,STAULO CRES,28e9886f-5b8a-562d-9adb-658745ab16e5,"MUSQUEAM DR & STAULO CRES, VANCOUVER",49.230242,-123.20396
VANCOUVER,N GARDEN DR,OXFORD ST,c1fb30e2-4faa-56b8-a3c2-46a9424554be,"N GARDEN DR & OXFORD ST, VANCOUVER",49.285705,-123.05775
VANCOUVER,N KAMLOOPS ST,OXFORD ST,1c423e7a-cc78-5999-a097-a5908324a91f,"N KAMLOOPS ST & OXFORD ST, VANCOUVER",49.285689,-123.054577
VANCOUVER,N KAMLOOPS ST,YALE ST,3609481a-4a8e-584e-be07-f03e0e08e584,"N KAMLOOPS ST & YALE ST, VANCOUVER",49.290734,-123.054564
VANCOUVER,N KASLO ST,OXFORD ST,03a38d44-74ac-50c4-9ca4-aa054d89f52b,"N KASLO ST & OXFORD ST, VANCOUVER",49.285671,-123.046701
VANCOUVER,N KASLO ST,TRINITY ST,0508e6bc-f64d-5adb-9d96-605d787dcd80,"N KASLO ST & TRINITY ST, VANCOUVER",49.289703,-123.046685
VANCOUVER,N KASLO ST,YALE ST,cd997d2b-da51-58d4-bf03-2d6d0e085b8f,"N KASLO ST & YALE ST, VANCOUVER",49.290712,-123.046679
VANCOUVER,N KOOTENAY ST,OXFORD ST,3c43c140-1364-5382-99f3-19993ac9e52a,"N KOOTENAY ST & OXFORD ST, VANCOUVER",49.285677,-123.025705
VANCOUVER,N LAKEWOOD DR,OXFORD ST,aab7462c-44f6-5ba9-a324-026b3f12c9ab,"N LAKEWOOD DR & OXFORD ST, VANCOUVER",49.285717,-123.061615
VANCOUVER,N NANAIMO ST,OXFORD ST,11964f95-1364-5b90-b593-bb2795995ff1,"N NANAIMO ST & OXFORD ST, VANCOUVER",49.285694,-123.056527
VANCOUVER,N NANAIMO ST,TRINITY ST,d09cf074-3f4b-56e9-a3c6-e2e1349e86ac,"N NANAIMO ST & TRINITY ST, VANCOUVER",49.289709,-123.056524
VANCOUVER,N NANAIMO ST,WALL ST,4c0a715b-38da-57e4-a709-ac40ce7aada6,"N NANAIMO ST & WALL ST, VANCOUVER",49.290725,-123.056437
VANCOUVER,N PENTICTON ST,OXFORD ST,e20f683f-fd65-5292-ba6d-c569c986fd5a,"N PENTICTON ST & OXFORD ST, VANCOUVER",49.285689,-123.051964
VANCOUVER,N PENTICTON ST,TRINITY ST,832ecaa7-cfad-5c03-a7d7-21c4cffa9441,"N PENTICTON ST & TRINITY ST, VANCOUVER",49.289706,-123.05197
VANCOUVER,N RENFREW ST,OXFORD ST,dcf3b408-605e-5230-9de1-ca7540dd78ac,"N RENFREW ST & OXFORD ST, VANCOUVER",49.285664,-123.044053
VANCOUVER,N RENFREW ST,TRINITY ST,a012681d-fa26-5052-b138-1ba6e5348228,"N RENFREW ST & TRINITY ST, VANCOUVER",49.289701,-123.044046
VANCOUVER,N RENFREW ST,WALL ST,1b789c19-ee1b-5369-a32a-f37fb8dce1c2,"N RENFREW ST & WALL ST, VANCOUVER",49.291071,-123.044056
VANCOUVER,N SLOCAN ST,OXFORD ST,06a0d4ab-ab90-5d33-a101-23fbf58c4043,"N SLOCAN ST & OXFORD ST, VANCOUVER",49.285677,-123.049319
VANCOUVER,N SLOCAN ST,TRINITY ST,cdccecf0-5890-5f1b-b385-3d31ae2f4fc1,"N SLOCAN ST & TRINITY ST, VANCOUVER",49.289703,-123.049301
VANCOUVER,N SLOCAN ST,WALL ST,f443b78e-843e-5c36-b062-65610b8252e2,"N SLOCAN ST & WALL ST, VANCOUVER",49.292139,-123.04928
VANCOUVER,N SLOCAN ST,YALE ST,33b672e7-cc4e-53e2-9f35-5de9708b3c17,"N SLOCAN ST & YALE ST, VANCOUVER",49.29071,-123.049292
VANCOUVER,N TEMPLETON DR,OXFORD ST,6e79c4d6-56b6-560a-8629-d950f4f38eee,"N TEMPLETON DR & OXFORD ST, VANCOUVER",49.285712,-123.059709
VANCOUVER,NANAIMO ST,NAPIER ST,6807a126-3724-551a-99d6-cd9780c80ab6,"NANAIMO ST & NAPIER ST, VANCOUVER",49.27487,-123.056575
VANCOUVER,NANAIMO ST,NEWPORT AVE,e1c567be-c57f-5c2d-b43b-d96484d0aa6d,"NANAIMO ST & NEWPORT AVE, VANCOUVER",49.215269,-123.059358
VANCOUVER,NANAIMO ST,PANDORA ST,939ff9b1-a97c-5e4a-8ace-76fc75e95d0b,"NANAIMO ST & PANDORA ST, VANCOUVER",49.282995,-123.056534
VANCOUVER,NANAIMO ST,PARKER ST,32ece033-60e3-5d63-9b5a-dbe5f5160f5e,"NANAIMO ST & PARKER ST, VANCOUVER",49.275733,-123.056571
VANCOUVER,NANAIMO ST,QUALICUM DR,4916b6b2-559d-5ba7-a93b-9d2646d1e7c1,"NANAIMO ST & QUALICUM DR, VANCOUVER",49.212371,-123.059449
VANCOUVER,NANAIMO ST,RIVERWOOD WAY,3dfd0937-2e21-5f8f-9267-e8516ab43b8e,"NANAIMO ST & RIVERWOOD WAY, VANCOUVER",49.206304,-123.059569
VANCOUVER,NANAIMO ST,SCARBORO AVE,3cfb2dc2-19f0-51bd-9656-f4462bfaa53a,"NANAIMO ST & SCARBORO AVE, VANCOUVER",49.213351,-123.059401
VANCOUVER,NANAIMO ST,SE MARINE DR,3845d093-8256-5e20-a303-09d1b306cdb5,"NANAIMO ST & SE MARINE DR, VANCOUVER",49.207506,-123.059545
VANCOUVER,NANAIMO ST,SOUTH SHORE CRES,ae26c39a-ebdd-5215-ad3f-60ba2b2b749b,"NANAIMO ST & SOUTH SHORE CRES, VANCOUVER",49.207027,-123.059557
VANCOUVER,NANAIMO ST,ST LAWRENCE ST,2d7203d8-da41-5d70-8b09-d6e6ef3d810c,"NANAIMO ST & ST LAWRENCE ST, VANCOUVER",49.24343,-123.056618
VANCOUVER,NANAIMO ST,TRIUMPH ST,194c6188-47b4-50c2-9a26-868294d6ca9e,"NANAIMO ST & TRIUMPH ST, VANCOUVER",49.283903,-123.056531
VANCOUVER,NANAIMO ST,TURNER ST,b4fa6e95-8da4-55fe-ac33-5f6e7e392c52,"NANAIMO ST & TURNER ST, VANCOUVER",49.279108,-123.056554
VANCOUVER,NANAIMO ST,UPLAND DR,921cb8de-20af-5fe1-9350-57e559603330,"NANAIMO ST & UPLAND DR, VANCOUVER",49.217981,-123.059318
VANCOUVER,NANAIMO ST,VANNESS AVE,074ddbcc-e61f-54d8-a38e-a73281b40d3e,"NANAIMO ST & VANNESS AVE, VANCOUVER",49.248406,-123.056651
VANCOUVER,NANAIMO ST,VENABLES ST,f9528a0b-6416-56ba-8870-d862b3816a07,"NANAIMO ST & VENABLES ST, VANCOUVER",49.27661,-123.056568
VANCOUVER,NANAIMO ST,WAVERLEY AVE,ce29a37c-54fe-5200-b618-66587af2d1d0,"NANAIMO ST & WAVERLEY AVE, VANCOUVER",49.227078,-123.05909
VANCOUVER,NANAIMO ST,WILLIAM ST,d1ca979a-1ef0-5a2c-93b7-5575e4aec2e1,"NANAIMO ST & WILLIAM ST, VANCOUVER",49.274154,-123.056579
VANCOUVER,NANTON AVE,OAK ST,8cabcb7d-3a74-5fe5-9659-8ac1e9611bed,"NANTON AVE & OAK ST, VANCOUVER",49.246306,-123.127662
VANCOUVER,NANTON AVE,OSLER ST,46feb776-529f-55b4-b136-314898ff9b91,"NANTON AVE & OSLER ST, VANCOUVER",49.246354,-123.129925
VANCOUVER,NANTON AVE,PINE CRES,63b1a0d4-e59a-56f9-9b6a-f08c0aedbb44,"NANTON AVE & PINE CRES, VANCOUVER",49.247542,-123.147578
VANCOUVER,NANTON AVE,SELKIRK ST,fdefd10c-0e2c-5e0e-81a3-be03066f130d,"NANTON AVE & SELKIRK ST, VANCOUVER",49.246376,-123.132112
VANCOUVER,NANTON AVE,YEW ST,bc6f0b2a-8deb-54f1-a3d5-daefe6d30fc8,"NANTON AVE & YEW ST, VANCOUVER",49.247659,-123.154716
VANCOUVER,NAPIER ST,ODLUM DR,2fa0ef7c-9962-5d24-b997-b32b9cfbfab7,"NAPIER ST & ODLUM DR, VANCOUVER",49.274916,-123.075894
VANCOUVER,NAPIER ST,PENTICTON ST,f7c7ab78-de6c-566e-b843-5e0016b470c2,"NAPIER ST & PENTICTON ST, VANCOUVER",49.274974,-123.052027
VANCOUVER,NAPIER ST,RUPERT ST,07f980db-16b9-5ef4-b912-a06ff4cfd647,"NAPIER ST & RUPERT ST, VANCOUVER",49.274965,-123.033615
VANCOUVER,NAPIER ST,SALSBURY DR,4befa2e1-b629-5307-9da7-5044e2b48e2f,"NAPIER ST & SALSBURY DR, VANCOUVER",49.274853,-123.067585
VANCOUVER,NAPIER ST,SEMLIN DR,de705112-712c-50aa-b319-90c1bef83f84,"NAPIER ST & SEMLIN DR, VANCOUVER",49.274808,-123.06364
VANCOUVER,NAPIER ST,SKEENA ST,2fe22d11-7cec-5bdb-9b0a-e59d60797fe5,"NAPIER ST & SKEENA ST, VANCOUVER",49.274947,-123.0284
VANCOUVER,NAPIER ST,SLOCAN ST,3cc84b54-5a21-596e-a230-102f5632ebf5,"NAPIER ST & SLOCAN ST, VANCOUVER",49.274972,-123.049386
VANCOUVER,NAPIER ST,TEMPLETON DR,3965cfb7-7793-5877-8e11-dbc058873be6,"NAPIER ST & TEMPLETON DR, VANCOUVER",49.274804,-123.059865
VANCOUVER,NAPIER ST,VERNON DR,9fcd8dab-3033-5bfd-815f-b1471589d1a4,"NAPIER ST & VERNON DR, VANCOUVER",49.274964,-123.078659
VANCOUVER,NAPIER ST,VICTORIA DR,42003991-2ad2-5d72-8983-1c59c8777097,"NAPIER ST & VICTORIA DR, VANCOUVER",49.274844,-123.065655
VANCOUVER,NAPIER ST,WINDERMERE ST,ef07e5f9-5fbb-53fc-9c7d-8b1cecc61e52,"NAPIER ST & WINDERMERE ST, VANCOUVER",49.274962,-123.036346
VANCOUVER,NARVAEZ DR,PUGET DR,c4de509d-5754-50f3-ac0e-2d7b391eea64,"NARVAEZ DR & PUGET DR, VANCOUVER",49.244161,-123.162799
VANCOUVER,NARVAEZ DR,W 33RD AVE,03bd32e5-52ba-5a42-8b80-8eb6013a1a41,"NARVAEZ DR & W 33RD AVE, VANCOUVER",49.24221,-123.160138
VANCOUVER,NASSAU DR,VICTORIA DR,5013f4d4-38e6-5b80-8618-0a231da4bd04,"NASSAU DR & VICTORIA DR, VANCOUVER",49.21899,-123.065909
VANCOUVER,NATIONAL AVE,QUEBEC ST,258e8b1b-29d4-556b-b1ab-03fbcf59847b,"NATIONAL AVE & QUEBEC ST, VANCOUVER",49.274948,-123.101941
VANCOUVER,NATIONAL AVE,STATION ST,eb20230f-822b-5aca-a5f9-609dcd729e8f,"NATIONAL AVE & STATION ST, VANCOUVER",49.274549,-123.098548
VANCOUVER,NATIONAL AVE,THORNTON ST,859955af-94c4-5863-a77f-57a1fd43fd51,"NATIONAL AVE & THORNTON ST, VANCOUVER",49.27359,-123.092703
VANCOUVER,NEAL ST,W 50TH AVE,55e66523-be2c-5944-a96f-c9d24878bffa,"NEAL ST & W 50TH AVE, VANCOUVER",49.225416,-123.122254
VANCOUVER,NEAL ST,W 54TH AVE,d95fdaaf-fef2-5315-8a75-f0db4f4c90ed,"NEAL ST & W 54TH AVE, VANCOUVER",49.221466,-123.122515
VANCOUVER,NEAL ST,W 57TH AVE,a0036612-285a-50e0-925e-a5ecb51ae4e9,"NEAL ST & W 57TH AVE, VANCOUVER",49.219121,-123.122252
VANCOUVER,NELSON ST,NICOLA ST,f6b1323d-8578-543b-bce4-c655b33501b5,"NELSON ST & NICOLA ST, VANCOUVER",49.286548,-123.13431
VANCOUVER,NELSON ST,PACIFIC BLVD,a582ec2e-4caf-59bd-96a0-68f1af2aab87,"NELSON ST & PACIFIC BLVD, VANCOUVER",49.274156,-123.115036
VANCOUVER,NELSON ST,PARK LANE,8763e886-5600-54cb-a9df-39f5ecf23026,"NELSON ST & PARK LANE, VANCOUVER",49.292516,-123.143771
VANCOUVER,NELSON ST,RICHARDS ST,789558b7-47d1-5b1d-b501-e58f0421e70f,"NELSON ST & RICHARDS ST, VANCOUVER",49.277982,-123.121081
VANCOUVER,NELSON ST,SEYMOUR ST,97e147f8-3502-5f1c-b454-2c2c5646556f,"NELSON ST & SEYMOUR ST, VANCOUVER",49.278601,-123.122011
VANCOUVER,NELSON ST,THURLOW ST,4c8283a3-6cfb-52e6-867e-ae742161fa87,"NELSON ST & THURLOW ST, VANCOUVER",49.28249,-123.128048
VANCOUVER,NEWPORT AVE,VICTORIA DR,e25f958c-b076-5229-8408-da2a9b63fc01,"NEWPORT AVE & VICTORIA DR, VANCOUVER",49.215316,-123.065967
VANCOUVER,NICOLA ST,PANTAGES LANE,d9d7be3b-6e6d-53db-85be-b65078c4c767,"NICOLA ST & PANTAGES LANE, VANCOUVER",49.284116,-123.137992
VANCOUVER,NICOLA ST,PENDRELL ST,18009e5c-1f23-5460-8b07-5bd518e48511,"NICOLA ST & PENDRELL ST, VANCOUVER",49.285153,-123.136379
VANCOUVER,NICOLA ST,ROBSON ST,f0addaf4-49d5-51fb-a3f8-1b69d24498a4,"NICOLA ST & ROBSON ST, VANCOUVER",49.288661,-123.131118
VANCOUVER,NICOLA ST,ROSEMARY BROWN LANE,619e460d-3b5c-5eb9-b57a-8d4eb5b5ce1c,"NICOLA ST & ROSEMARY BROWN LANE, VANCOUVER",49.288304,-123.131661
VANCOUVER,NICOLA ST,SEE-EM-IA LANE,151f0490-02ae-50cd-ae2e-6f6c41e33d2e,"NICOLA ST & SEE-EM-IA LANE, VANCOUVER",49.28478,-123.136968
VANCOUVER,NICOLA ST,TED NORTHE LANE,2c03f713-0095-5419-9d49-5155daf96e3a,"NICOLA ST & TED NORTHE LANE, VANCOUVER",49.286924,-123.133746
VANCOUVER,NICOLA ST,W GEORGIA ST,d56b006f-d4de-5d32-89e9-3294a0997c2c,"NICOLA ST & W GEORGIA ST, VANCOUVER",49.289784,-123.129402
VANCOUVER,NICOLA ST,W HASTINGS ST,7a3c966b-b7e8-5087-9b6d-ed739512e36d,"NICOLA ST & W HASTINGS ST, VANCOUVER",49.290471,-123.128394
VANCOUVER,NICOLA ST,W PENDER ST,3b10cccc-2fa7-5d49-b28b-2ed7f3f28bc5,"NICOLA ST & W PENDER ST, VANCOUVER",49.290039,-123.129019
VANCOUVER,NOOTKA ST,PARKER ST,006d3784-30c4-5619-84f9-b51e5901aa02,"NOOTKA ST & PARKER ST, VANCOUVER",49.275371,-123.04141
VANCOUVER,NOOTKA ST,VENABLES ST,f145befd-199a-5512-85ab-a067e5b189cb,"NOOTKA ST & VENABLES ST, VANCOUVER",49.276409,-123.041387
VANCOUVER,NOOTKA ST,VIRTUAL WAY,c72d7274-29e4-5eb1-9b05-95e32024233b,"NOOTKA ST & VIRTUAL WAY, VANCOUVER",49.261022,-123.040131
VANCOUVER,NORMANDY DR,WORTHINGTON DR,5d2bf9bb-6a37-5232-b762-4043f7f3e589,"NORMANDY DR & WORTHINGTON DR, VANCOUVER",49.251516,-123.02624
VANCOUVER,NORQUAY ST,SLOCAN ST,8e3cc344-909a-5365-b618-07475cd05772,"NORQUAY ST & SLOCAN ST, VANCOUVER",49.242429,-123.051643
VANCOUVER,NORTHERN ST,STATION ST,d7e305c9-dfef-5d08-b4ea-e1e92ba6c896,"NORTHERN ST & STATION ST, VANCOUVER",49.271815,-123.098054
VANCOUVER,NORTHERN ST,WESTERN ST,794a0bb5-46ae-56e9-9314-6fc742a36445,"NORTHERN ST & WESTERN ST, VANCOUVER",49.271855,-123.099373
VANCOUVER,NUNAVUT LANE,SW MARINE DR,d8c26780-4e91-5e5b-ba1a-0c2e7e5553f3,"NUNAVUT LANE & SW MARINE DR, VANCOUVER",49.21058,-123.116241
VANCOUVER,NUNAVUT LANE,W 64TH AVE,7c24e79a-268b-5cbd-9d03-1db9f1443f91,"NUNAVUT LANE & W 64TH AVE, VANCOUVER",49.212291,-123.11618
VANCOUVER,NW MARINE DR,SASAMAT ST,34704d42-c4e5-5c43-bc19-0a9cfc5bb611,"NW MARINE DR & SASAMAT ST, VANCOUVER",49.274432,-123.20873
VANCOUVER,NW MARINE DR,TOLMIE ST,348ff6d4-dd7a-5b04-9452-5b9fb8f0028b,"NW MARINE DR & TOLMIE ST, VANCOUVER",49.274921,-123.211733
VANCOUVER,NW MARINE DR,TRIMBLE ST,cb5c88a6-d1f1-52b7-8c25-86dfac32be39,"NW MARINE DR & TRIMBLE ST, VANCOUVER",49.272937,-123.205724
VANCOUVER,NW MARINE DR,W 2ND AVE,540aaad8-de34-5cff-a9f2-7a2be53fd0c8,"NW MARINE DR & W 2ND AVE, VANCOUVER",49.271359,-123.202361
VANCOUVER,NW MARINE DR,W 4TH AVE,5397281f-b45b-5f5e-ac98-cbda90121ab9,"NW MARINE DR & W 4TH AVE, VANCOUVER",49.268741,-123.199806
VANCOUVER,OAK ST,OAK ST OFFRAMP,39988ce6-881b-5ad2-a6a4-c4bbb3e2b071,"OAK ST & OAK ST OFFRAMP, VANCOUVER",49.204906,-123.129668
VANCOUVER,OAK ST,PARK DR,715df5c2-5790-522f-be68-1b6eb91d21ab,"OAK ST & PARK DR, VANCOUVER",49.214459,-123.130023
VANCOUVER,OAK ST,RICHELIEU AVE,122aa013-0090-5be7-90f1-cf7323d9a556,"OAK ST & RICHELIEU AVE, VANCOUVER",49.256156,-123.127255
VANCOUVER,OAK ST,SW MARINE DR,fc662a04-eb03-5b28-8a72-c98134c32caa,"OAK ST & SW MARINE DR, VANCOUVER",49.204796,-123.129863
VANCOUVER,OAK ST,SW MARINE DR OFFRAMP,7b55c8b4-ae86-5730-8e88-99cde7ec5222,"OAK ST & SW MARINE DR OFFRAMP, VANCOUVER",49.204906,-123.129668
VANCOUVER,OAK ST,W 10TH AVE,99fa6c00-31e5-51aa-a5af-5c6c302fa949,"OAK ST & W 10TH AVE, VANCOUVER",49.262439,-123.12665
VANCOUVER,OAK ST,W 11TH AVE,814f1571-f9f2-5177-8e81-43b7892994d3,"OAK ST & W 11TH AVE, VANCOUVER",49.261529,-123.126679
VANCOUVER,OAK ST,W 12TH AVE,f14334aa-4d55-56e7-aa53-66337846971d,"OAK ST & W 12TH AVE, VANCOUVER",49.260586,-123.126708
VANCOUVER,OAK ST,W 13TH AVE,99ad8951-9df1-5134-a825-c3817e5e1119,"OAK ST & W 13TH AVE, VANCOUVER",49.259635,-123.126736
VANCOUVER,OAK ST,W 14TH AVE,b731bd34-eb3f-5f6a-8428-a706f37e44ff,"OAK ST & W 14TH AVE, VANCOUVER",49.258718,-123.126765
VANCOUVER,OAK ST,W 15TH AVE,98987442-3b42-505b-a0dc-693eae6f5e59,"OAK ST & W 15TH AVE, VANCOUVER",49.257814,-123.127037
VANCOUVER,OAK ST,W 16TH AVE,276115f0-8b88-5609-a121-166df63d7482,"OAK ST & W 16TH AVE, VANCOUVER",49.257116,-123.12721
VANCOUVER,OAK ST,W 17TH AVE,458cd3d4-ac2a-5660-b529-a5a0a47767b6,"OAK ST & W 17TH AVE, VANCOUVER",49.256156,-123.127255
VANCOUVER,OAK ST,W 18TH AVE,a5ef2b03-760f-5f75-9061-6377a4081f48,"OAK ST & W 18TH AVE, VANCOUVER",49.255324,-123.12729
VANCOUVER,OAK ST,W 19TH AVE,24f0aa2f-af20-5464-b5cc-4b3ab90faf18,"OAK ST & W 19TH AVE, VANCOUVER",49.254412,-123.12733
VANCOUVER,OAK ST,W 20TH AVE,c942cf38-be60-5dca-9d0e-f2ee16150cc4,"OAK ST & W 20TH AVE, VANCOUVER",49.253529,-123.127368
VANCOUVER,OAK ST,W 21ST AVE,382ca6ee-3bca-5b71-a935-e7b18afda77a,"OAK ST & W 21ST AVE, VANCOUVER",49.252618,-123.127409
VANCOUVER,OAK ST,W 22ND AVE,8df80d49-7018-5f82-ab97-7b2d5fec98d4,"OAK ST & W 22ND AVE, VANCOUVER",49.251719,-123.127448
VANCOUVER,OAK ST,W 23RD AVE,eff5c362-ef60-50c9-b01e-583388b46ecf,"OAK ST & W 23RD AVE, VANCOUVER",49.25082,-123.12749
VANCOUVER,OAK ST,W 25TH AVE,f70c823f-9939-5b5c-8dc2-95d7e07e7a09,"OAK ST & W 25TH AVE, VANCOUVER",49.249237,-123.127511
VANCOUVER,OAK ST,W 26TH AVE,5ac009da-ef3a-55c0-b05e-4a9d1e54a3f9,"OAK ST & W 26TH AVE, VANCOUVER",49.248149,-123.127569
VANCOUVER,OAK ST,W 27TH AVE,f30f6e05-6a59-56d2-88ec-384eb88e5085,"OAK ST & W 27TH AVE, VANCOUVER",49.247226,-123.1276
VANCOUVER,OAK ST,W 28TH AVE,ebf90d35-50ec-5687-ba1d-9f15d32ced4a,"OAK ST & W 28TH AVE, VANCOUVER",49.246306,-123.127662
VANCOUVER,OAK ST,W 29TH AVE,37f5a619-d619-5110-b48b-df7922cbcf93,"OAK ST & W 29TH AVE, VANCOUVER",49.245404,-123.12765
VANCOUVER,OAK ST,W 32ND AVE,416f13f6-7009-5673-a584-966f9812484f,"OAK ST & W 32ND AVE, VANCOUVER",49.24238,-123.127793
VANCOUVER,OAK ST,W 33RD AVE,85d7569a-8b8c-57ac-a6f8-056dab50eeba,"OAK ST & W 33RD AVE, VANCOUVER",49.241437,-123.127824
VANCOUVER,OAK ST,W 37TH AVE,bc9bad93-ad99-58f5-9877-830d9218fcb2,"OAK ST & W 37TH AVE, VANCOUVER",49.237648,-123.127951
VANCOUVER,OAK ST,W 38TH AVE,af515911-d899-59d0-8d14-f47dacea60e1,"OAK ST & W 38TH AVE, VANCOUVER",49.236749,-123.127979
VANCOUVER,OAK ST,W 41ST AVE,db34ebfb-3678-537f-b23f-0edc425c839d,"OAK ST & W 41ST AVE, VANCOUVER",49.233947,-123.128076
VANCOUVER,OAK ST,W 42ND AVE,f357fddd-361e-5247-af8e-a05009fa8eb9,"OAK ST & W 42ND AVE, VANCOUVER",49.23301,-123.128112
VANCOUVER,OAK ST,W 43RD AVE,9a3b52e0-2bf2-598a-8575-7d61372f314d,"OAK ST & W 43RD AVE, VANCOUVER",49.232091,-123.128151
VANCOUVER,OAK ST,W 45TH AVE,f56ae75e-274f-5eed-a506-e6b72a73a828,"OAK ST & W 45TH AVE, VANCOUVER",49.230214,-123.128216
VANCOUVER,OAK ST,W 46TH AVE,a3e647e3-290a-5259-b226-422128f09bea,"OAK ST & W 46TH AVE, VANCOUVER",49.229306,-123.128234
VANCOUVER,OAK ST,W 47TH AVE,38d960af-8729-5d35-9f56-35dc5ba75b4b,"OAK ST & W 47TH AVE, VANCOUVER",49.228404,-123.128257
VANCOUVER,OAK ST,W 48TH AVE,5228ae9d-871f-5d9d-a5c5-0d955ed7bfa8,"OAK ST & W 48TH AVE, VANCOUVER",49.227473,-123.128276
VANCOUVER,OAK ST,W 49TH AVE,b2c45fcd-c0f3-58a2-91d7-4d50756d6e19,"OAK ST & W 49TH AVE, VANCOUVER",49.226543,-123.128296
VANCOUVER,OAK ST,W 50TH AVE,e672f650-5e66-56c7-bcf0-afe655132ec5,"OAK ST & W 50TH AVE, VANCOUVER",49.225686,-123.128345
VANCOUVER,OAK ST,W 51ST AVE,692b8b23-aa5f-56c5-88e9-d7b8e890320b,"OAK ST & W 51ST AVE, VANCOUVER",49.224795,-123.128393
VANCOUVER,OAK ST,W 52ND AVE,8feb1ea0-f3e9-5a08-9a7b-7c664795d743,"OAK ST & W 52ND AVE, VANCOUVER",49.223909,-123.128441
VANCOUVER,OAK ST,W 53RD AVE,2a2281a6-fa3f-59d5-a691-f0d456370909,"OAK ST & W 53RD AVE, VANCOUVER",49.222811,-123.128482
VANCOUVER,OAK ST,W 54TH AVE,a4277d11-2af1-59eb-a70c-4db4fc6c7f6a,"OAK ST & W 54TH AVE, VANCOUVER",49.221533,-123.128509
VANCOUVER,OAK ST,W 55TH AVE,1e428d8b-d6e5-5d75-bc5a-a740bf3cc5e0,"OAK ST & W 55TH AVE, VANCOUVER",49.220507,-123.128528
VANCOUVER,OAK ST,W 57TH AVE,969770f9-4cb8-5d2d-a8d8-8a3872d99e5e,"OAK ST & W 57TH AVE, VANCOUVER",49.219207,-123.128556
VANCOUVER,OAK ST,W 58TH AVE,7d116853-7437-55a0-a54c-d38bd39b81eb,"OAK ST & W 58TH AVE, VANCOUVER",49.218185,-123.128809
VANCOUVER,OAK ST,W 59TH AVE,e3752df7-0458-55f7-b5d5-cdc4e548ea6f,"OAK ST & W 59TH AVE, VANCOUVER",49.217118,-123.12925
VANCOUVER,OAK ST,W 64TH AVE,16bf1f71-b16a-5835-b487-a9eb52ad45ed,"OAK ST & W 64TH AVE, VANCOUVER",49.212983,-123.130098
VANCOUVER,OAK ST,W 67TH AVE,c499b2cc-1fc0-5dc4-900b-63d00334c356,"OAK ST & W 67TH AVE, VANCOUVER",49.210743,-123.130188
VANCOUVER,OAK ST,W 6TH AVE,98e6344f-f937-52d3-8396-879bad82a7b9,"OAK ST & W 6TH AVE, VANCOUVER",49.265999,-123.126532
VANCOUVER,OAK ST,W 70TH AVE,d7eebbda-985e-5abb-b244-ba9407a5ce2f,"OAK ST & W 70TH AVE, VANCOUVER",49.208473,-123.130257
VANCOUVER,OAK ST,W 71ST AVE,85de9b69-0a1d-5845-91b4-944d8d753bc3,"OAK ST & W 71ST AVE, VANCOUVER",49.206913,-123.130318
VANCOUVER,OAK ST,W 72ND AVE,487de8c4-1c5f-59ea-a4d8-3730f1f68608,"OAK ST & W 72ND AVE, VANCOUVER",49.205635,-123.13039
VANCOUVER,OAK ST,W 74TH AVE,6d54bbc8-bd25-5805-974b-5da55277061c,"OAK ST & W 74TH AVE, VANCOUVER",49.204064,-123.130398
VANCOUVER,OAK ST,W 77TH AVE,06f9d881-0ab0-580e-bb4d-3cbf800fc030,"OAK ST & W 77TH AVE, VANCOUVER",49.200882,-123.130533
VANCOUVER,OAK ST,W 7TH AVE,4e7c590f-e21f-5c0f-a2a5-d97e669e037d,"OAK ST & W 7TH AVE, VANCOUVER",49.265157,-123.126561
VANCOUVER,OAK ST,W 8TH AVE,35e00fbc-772d-5e56-b2ea-2e824e7b5731,"OAK ST & W 8TH AVE, VANCOUVER",49.264327,-123.126585
VANCOUVER,OAK ST,W BROADWAY,e09c74c5-6d27-5627-a793-9011bcf7dc25,"OAK ST & W BROADWAY, VANCOUVER",49.263406,-123.126619
VANCOUVER,OAK ST,W KENT AVE N,60e4e8a8-5484-5f97-9b5c-73ec646a487b,"OAK ST & W KENT AVE N, VANCOUVER",49.203525,-123.129098
VANCOUVER,OAK ST,W KENT AVE S,e4aabaef-bddb-529c-9678-cf3c145e9de9,"OAK ST & W KENT AVE S, VANCOUVER",49.203276,-123.128873
VANCOUVER,OAK ST,W KING EDWARD AVE,7587bf11-476e-511c-84d7-f187c513e26b,"OAK ST & W KING EDWARD AVE, VANCOUVER",49.249237,-123.127511
VANCOUVER,OAK ST,WOLFE AVE,98c72e50-cda7-5f9d-b11a-7636f415aa89,"OAK ST & WOLFE AVE, VANCOUVER",49.252618,-123.127409
VANCOUVER,OAK ST BRIDGE,SW MARINE DR,40b4586e-4c97-5070-bbb8-0a8c81ab8065,"OAK ST BRIDGE & SW MARINE DR, VANCOUVER",49.204796,-123.129863
VANCOUVER,OBEN ST,VANNESS AVE,f746e342-5ea2-50ba-8042-8532f3a1bd4d,"OBEN ST & VANNESS AVE, VANCOUVER",49.235645,-123.026193
VANCOUVER,ODLUM DR,PARKER ST,468d2997-f0c1-53d0-baf5-f788942577ee,"ODLUM DR & PARKER ST, VANCOUVER",49.275834,-123.075876
VANCOUVER,ODLUM DR,VENABLES ST,dea56c71-9ae0-553e-8a83-06a3278bbfa6,"ODLUM DR & VENABLES ST, VANCOUVER",49.276743,-123.075857
VANCOUVER,ODLUM DR,WILLIAM ST,84829a99-8c7a-571b-b400-5f86e72db182,"ODLUM DR & WILLIAM ST, VANCOUVER",49.274018,-123.075915
VANCOUVER,OLD BRIDGE ST,RAILSPUR ALLEY,4ac894dd-7665-597d-8825-4a73ec3a1207,"OLD BRIDGE ST & RAILSPUR ALLEY, VANCOUVER",49.270568,-123.134596
VANCOUVER,OLIVER CRES,TRAFALGAR ST,e9742355-19e2-5fee-a870-58b9d5ab3d4b,"OLIVER CRES & TRAFALGAR ST, VANCOUVER",49.249115,-123.165321
VANCOUVER,OLIVER CRES,VALLEY DR,c55e7ab5-31f8-5410-9ad3-f07670700181,"OLIVER CRES & VALLEY DR, VANCOUVER",49.250678,-123.159948
VANCOUVER,OLYMPIC ST,SW MARINE DR,97b86672-46e0-5ab9-837d-bcfbde6b37fb,"OLYMPIC ST & SW MARINE DR, VANCOUVER",49.232212,-123.189629
VANCOUVER,OLYMPIC ST,W 39TH AVE,4977c16a-9f18-5a72-9ce4-a68336ec4f83,"OLYMPIC ST & W 39TH AVE, VANCOUVER",49.23644,-123.189576
VANCOUVER,OLYMPIC ST,W 41ST AVE,a29bd1c3-174f-599c-9a4b-23d2fc50d2cb,"OLYMPIC ST & W 41ST AVE, VANCOUVER",49.234781,-123.189627
VANCOUVER,ONTARIO PL,QUEBEC ST,0a8cb51a-36ca-570b-bdcf-fb7e35b5677f,"ONTARIO PL & QUEBEC ST, VANCOUVER",49.232573,-123.103709
VANCOUVER,ONTARIO ST,PEVERIL AVE,b10edaa5-836e-5d65-93b2-68089243ea48,"ONTARIO ST & PEVERIL AVE, VANCOUVER",49.244527,-123.105208
VANCOUVER,ONTARIO ST,SE MARINE DR,bc8a3041-8cfd-506b-9020-ab380decec93,"ONTARIO ST & SE MARINE DR, VANCOUVER",49.212334,-123.106574
VANCOUVER,ONTARIO ST,SW MARINE DR,4f3c83d1-afe0-5d3b-ae7d-3758732a3922,"ONTARIO ST & SW MARINE DR, VANCOUVER",49.212334,-123.106574
VANCOUVER,ONTARIO ST,W 10TH AVE,73107eb7-cfca-5f79-ab60-2e8988629b88,"ONTARIO ST & W 10TH AVE, VANCOUVER",49.262072,-123.104917
VANCOUVER,ONTARIO ST,W 11TH AVE,f9ed6e12-cd82-5360-8b35-9e0fa794cdfd,"ONTARIO ST & W 11TH AVE, VANCOUVER",49.261162,-123.104983
VANCOUVER,ONTARIO ST,W 12TH AVE,da1293d4-2a3d-584c-83d5-225bf1904366,"ONTARIO ST & W 12TH AVE, VANCOUVER",49.260247,-123.105031
VANCOUVER,ONTARIO ST,W 13TH AVE,00661db7-7a5c-5086-b975-7c089bf2af32,"ONTARIO ST & W 13TH AVE, VANCOUVER",49.259371,-123.105048
VANCOUVER,ONTARIO ST,W 14TH AVE,5e53479a-1fa5-52c7-a010-3278d43a782c,"ONTARIO ST & W 14TH AVE, VANCOUVER",49.258471,-123.105104
VANCOUVER,ONTARIO ST,W 15TH AVE,724381db-2fc8-5cd0-b2ee-77870d38d8d4,"ONTARIO ST & W 15TH AVE, VANCOUVER",49.257566,-123.105153
VANCOUVER,ONTARIO ST,W 16TH AVE,040ba45f-79dc-5fc5-b93a-68c193e4b373,"ONTARIO ST & W 16TH AVE, VANCOUVER",49.256637,-123.105058
VANCOUVER,ONTARIO ST,W 18TH AVE,3adf15d9-0312-5a4b-93b0-afeac336df8a,"ONTARIO ST & W 18TH AVE, VANCOUVER",49.254662,-123.105029
VANCOUVER,ONTARIO ST,W 1ST AVE,f5c5aa08-8e3a-5a42-a16e-ffd2b79c96e8,"ONTARIO ST & W 1ST AVE, VANCOUVER",49.270163,-123.104627
VANCOUVER,ONTARIO ST,W 20TH AVE,2a7f5c4a-2901-506a-8ee7-70d950c990aa,"ONTARIO ST & W 20TH AVE, VANCOUVER",49.252761,-123.104815
VANCOUVER,ONTARIO ST,W 21ST AVE,3f8649fb-1625-5d72-898c-628129133090,"ONTARIO ST & W 21ST AVE, VANCOUVER",49.251877,-123.104873
VANCOUVER,ONTARIO ST,W 22ND AVE,83115133-5efc-57d6-96b0-d6ab41896563,"ONTARIO ST & W 22ND AVE, VANCOUVER",49.25097,-123.104906
VANCOUVER,ONTARIO ST,W 23RD AVE,923a46be-815d-59f4-bcc2-eb2ebcbcd763,"ONTARIO ST & W 23RD AVE, VANCOUVER",49.249916,-123.104968
VANCOUVER,ONTARIO ST,W 26TH AVE,8df1d09e-28a5-53c6-9b20-5362092d48a5,"ONTARIO ST & W 26TH AVE, VANCOUVER",49.247744,-123.105051
VANCOUVER,ONTARIO ST,W 27TH AVE,c992997f-813e-5216-b25b-e9f019aa2adc,"ONTARIO ST & W 27TH AVE, VANCOUVER",49.246845,-123.1051
VANCOUVER,ONTARIO ST,W 28TH AVE,941ebac1-b607-566d-9b15-c03ed5690497,"ONTARIO ST & W 28TH AVE, VANCOUVER",49.246059,-123.105144
VANCOUVER,ONTARIO ST,W 2ND AVE,ad67d800-1fef-56f9-8633-e54489bcb6cd,"ONTARIO ST & W 2ND AVE, VANCOUVER",49.269246,-123.104652
VANCOUVER,ONTARIO ST,W 33RD AVE,b5bb5eee-50ec-5f5a-8000-d1ac7838af9d,"ONTARIO ST & W 33RD AVE, VANCOUVER",49.240576,-123.105362
VANCOUVER,ONTARIO ST,W 37TH AVE,4e2db2df-d2e4-5a77-83b7-1836f6fcbfeb,"ONTARIO ST & W 37TH AVE, VANCOUVER",49.237333,-123.105495
VANCOUVER,ONTARIO ST,W 3RD AVE,aa9cb65b-52e1-56d4-9e5c-509e9dbe039e,"ONTARIO ST & W 3RD AVE, VANCOUVER",49.268301,-123.104686
VANCOUVER,ONTARIO ST,W 41ST AVE,ff4845c1-19ea-5fd5-b9ae-1ec34b8ea93f,"ONTARIO ST & W 41ST AVE, VANCOUVER",49.233154,-123.105611
VANCOUVER,ONTARIO ST,W 42ND AVE,e765c56f-e816-55c1-b45f-9cb413a2318d,"ONTARIO ST & W 42ND AVE, VANCOUVER",49.232207,-123.10564
VANCOUVER,ONTARIO ST,W 43RD AVE,7994a0e4-0867-55f8-864e-70cc1c1a5a35,"ONTARIO ST & W 43RD AVE, VANCOUVER",49.231283,-123.105663
VANCOUVER,ONTARIO ST,W 44TH AVE,18205a52-1061-5d3c-9561-1d066187f49c,"ONTARIO ST & W 44TH AVE, VANCOUVER",49.230366,-123.105702
VANCOUVER,ONTARIO ST,W 45TH AVE,125ec0c8-c199-5e79-bbd7-fbf87831cb28,"ONTARIO ST & W 45TH AVE, VANCOUVER",49.229444,-123.105741
VANCOUVER,ONTARIO ST,W 46TH AVE,df231401-0047-5aeb-992e-63db15c8a386,"ONTARIO ST & W 46TH AVE, VANCOUVER",49.228558,-123.105849
VANCOUVER,ONTARIO ST,W 48TH AVE,a941ff73-2b39-5496-b640-41898ad30af8,"ONTARIO ST & W 48TH AVE, VANCOUVER",49.226745,-123.105866
VANCOUVER,ONTARIO ST,W 49TH AVE,ea7ee685-f8ea-57a1-9c88-b58eca903de1,"ONTARIO ST & W 49TH AVE, VANCOUVER",49.225745,-123.105898
VANCOUVER,ONTARIO ST,W 4TH AVE,e70bd2d3-133e-5709-916b-a71d4cbee950,"ONTARIO ST & W 4TH AVE, VANCOUVER",49.267375,-123.104719
VANCOUVER,ONTARIO ST,W 59TH AVE,f28c0a25-c216-51e7-be9e-62b1fd2b91e1,"ONTARIO ST & W 59TH AVE, VANCOUVER",49.216818,-123.106223
VANCOUVER,ONTARIO ST,W 5TH AVE,b896f5a8-9db2-54e2-a63a-78e78b61fb81,"ONTARIO ST & W 5TH AVE, VANCOUVER",49.266496,-123.104753
VANCOUVER,ONTARIO ST,W 60TH AVE,3e85976e-6da6-51b3-8797-e1c181849c3f,"ONTARIO ST & W 60TH AVE, VANCOUVER",49.215934,-123.106233
VANCOUVER,ONTARIO ST,W 61ST AVE,c4f0ab18-e9d1-5028-8264-d90cd5bc28a1,"ONTARIO ST & W 61ST AVE, VANCOUVER",49.215075,-123.106378
VANCOUVER,ONTARIO ST,W 62ND AVE,bb9e891b-ae50-54f5-bc61-30f56115c029,"ONTARIO ST & W 62ND AVE, VANCOUVER",49.214212,-123.106432
VANCOUVER,ONTARIO ST,W 63RD AVE,a918b3ad-e566-5eb3-8e71-04b8d7ef66cb,"ONTARIO ST & W 63RD AVE, VANCOUVER",49.213322,-123.106504
VANCOUVER,ONTARIO ST,W 69TH AVE,398e3de1-2487-5b75-be56-de1f7b946db9,"ONTARIO ST & W 69TH AVE, VANCOUVER",49.209441,-123.106722
VANCOUVER,ONTARIO ST,W 6TH AVE,c6bf7096-1eb8-5356-9e19-b002fe277611,"ONTARIO ST & W 6TH AVE, VANCOUVER",49.265564,-123.104788
VANCOUVER,ONTARIO ST,W 7TH AVE,e84546dd-7c4e-5c8b-90ad-02e64fe3646a,"ONTARIO ST & W 7TH AVE, VANCOUVER",49.264674,-123.10482
VANCOUVER,ONTARIO ST,W 8TH AVE,1de2cfba-5041-591b-b2ca-720dc18bc2ac,"ONTARIO ST & W 8TH AVE, VANCOUVER",49.263766,-123.104855
VANCOUVER,ONTARIO ST,W BROADWAY,9ff34cde-0115-5a04-8edc-e85cfd76403b,"ONTARIO ST & W BROADWAY, VANCOUVER",49.263014,-123.104885
VANCOUVER,ONTARIO ST,W KENT AVE N,4f594e2d-ea82-59ab-b535-faa7ae3f5c3e,"ONTARIO ST & W KENT AVE N, VANCOUVER",49.206861,-123.106851
VANCOUVER,ONTARIO ST,W KENT AVE S,4e82b1aa-a182-5eab-acc8-027a3716cef1,"ONTARIO ST & W KENT AVE S, VANCOUVER",49.206598,-123.106865
VANCOUVER,ONTARIO ST,W KING EDWARD AVE,aeebaba8-eb63-5419-be13-7af2e188c999,"ONTARIO ST & W KING EDWARD AVE, VANCOUVER",49.248844,-123.104993
VANCOUVER,ONTARIO ST,WALTER HARDWICK AVE,9ccf21bd-eefa-527a-a75a-e49064697b93,"ONTARIO ST & WALTER HARDWICK AVE, VANCOUVER",49.270898,-123.104602
VANCOUVER,ORMIDALE ST,VANNESS AVE,10321256-73d3-5aee-9366-20e5c3b926e7,"ORMIDALE ST & VANNESS AVE, VANCOUVER",49.235015,-123.024812
VANCOUVER,OSLER ST,PARK DR,30c2392e-ffb3-5360-80fe-4293653b94d7,"OSLER ST & PARK DR, VANCOUVER",49.214855,-123.131421
VANCOUVER,OSLER ST,W 25TH AVE,860e5fd0-a7fd-5085-8042-46cb05610f79,"OSLER ST & W 25TH AVE, VANCOUVER",49.249259,-123.129792
VANCOUVER,OSLER ST,W 26TH AVE,e404a8a2-33bf-5602-8677-4dc73021144c,"OSLER ST & W 26TH AVE, VANCOUVER",49.248189,-123.129853
VANCOUVER,OSLER ST,W 29TH AVE,67f6d81f-6966-5891-b089-4b2147158014,"OSLER ST & W 29TH AVE, VANCOUVER",49.245406,-123.129963
VANCOUVER,OSLER ST,W 32ND AVE,11e4c172-669e-54c9-8d94-e46cc7d201c6,"OSLER ST & W 32ND AVE, VANCOUVER",49.242469,-123.130074
VANCOUVER,OSLER ST,W 33RD AVE,80685701-a3b1-5a83-a426-1520d9383fb4,"OSLER ST & W 33RD AVE, VANCOUVER",49.241526,-123.130111
VANCOUVER,OSLER ST,W 37TH AVE,c2d235cf-f637-5544-83c8-660903f4ad49,"OSLER ST & W 37TH AVE, VANCOUVER",49.237725,-123.130289
VANCOUVER,OSLER ST,W 38TH AVE,78ee7833-bda1-5e75-be1c-e5b9c549759c,"OSLER ST & W 38TH AVE, VANCOUVER",49.2368,-123.130289
VANCOUVER,OSLER ST,W 40TH AVE,b6a3ab9d-a6c3-5850-a011-5267bd015a29,"OSLER ST & W 40TH AVE, VANCOUVER",49.234974,-123.130349
VANCOUVER,OSLER ST,W 41ST AVE,d96529ae-4332-5900-a4cf-751e6da79c11,"OSLER ST & W 41ST AVE, VANCOUVER",49.23402,-123.13038
VANCOUVER,OSLER ST,W 52ND AVE,53b1ffe8-81c0-55b3-9e36-65cac6d51b98,"OSLER ST & W 52ND AVE, VANCOUVER",49.223941,-123.130636
VANCOUVER,OSLER ST,W 53RD AVE,3e5f9ec6-97ad-52a2-86d6-56ce6e9a9644,"OSLER ST & W 53RD AVE, VANCOUVER",49.222844,-123.130672
VANCOUVER,OSLER ST,W 54TH AVE,f3d88608-0498-5969-a40e-db05abdaab42,"OSLER ST & W 54TH AVE, VANCOUVER",49.221572,-123.13071
VANCOUVER,OSLER ST,W 59TH AVE,46ba5df4-2010-5baf-ab91-47751da5c136,"OSLER ST & W 59TH AVE, VANCOUVER",49.217188,-123.131341
VANCOUVER,OSLER ST,W 64TH AVE,cc88e468-ff7d-5256-8635-af550e3a5919,"OSLER ST & W 64TH AVE, VANCOUVER",49.212995,-123.131446
VANCOUVER,OSLER ST,W 67TH AVE,00111aa4-4beb-5951-a7d8-6089b648912e,"OSLER ST & W 67TH AVE, VANCOUVER",49.210762,-123.131555
VANCOUVER,OSLER ST,W 70TH AVE,6837cbf3-27a0-50ce-af83-961d11e4a534,"OSLER ST & W 70TH AVE, VANCOUVER",49.208491,-123.131606
VANCOUVER,OSLER ST,W 71ST AVE,18d65bca-eb08-5dad-97e0-ad788dcc041c,"OSLER ST & W 71ST AVE, VANCOUVER",49.206931,-123.131689
VANCOUVER,OSLER ST,W 72ND AVE,c58c6c9c-8189-55ac-99ac-f1659ca82b49,"OSLER ST & W 72ND AVE, VANCOUVER",49.205656,-123.131727
VANCOUVER,OSLER ST,W 73RD AVE,cde5cf40-08d3-5190-8e89-4b390b3d45af,"OSLER ST & W 73RD AVE, VANCOUVER",49.204314,-123.13177
VANCOUVER,OSLER ST,W KING EDWARD AVE,d7b3826a-149d-55df-a035-e06bfd69499b,"OSLER ST & W KING EDWARD AVE, VANCOUVER",49.249259,-123.129792
VANCOUVER,PACIFIC BLVD,PACIFIC BLVD OFFRAMP,cb0dd0a6-e3a5-5ac8-abfa-ab18f1d9ea9f,"PACIFIC BLVD & PACIFIC BLVD OFFRAMP, VANCOUVER",49.275209,-123.114561
VANCOUVER,PACIFIC BLVD,PACIFIC ST,2cf1f03a-9d62-5b67-aaf8-300e1cc8cfeb,"PACIFIC BLVD & PACIFIC ST, VANCOUVER",49.273108,-123.125875
VANCOUVER,PACIFIC BLVD,PAT QUINN WAY,7f4e9923-baac-506f-8141-7c518c9fdd72,"PACIFIC BLVD & PAT QUINN WAY, VANCOUVER",49.277132,-123.107677
VANCOUVER,PACIFIC BLVD,QUEBEC ST,d7717921-db41-5302-9dbb-01643b04d963,"PACIFIC BLVD & QUEBEC ST, VANCOUVER",49.276355,-123.10275
VANCOUVER,PACIFIC BLVD,SMITHE ST,2cd04aac-23ee-5270-841f-d41744397e14,"PACIFIC BLVD & SMITHE ST, VANCOUVER",49.274853,-123.112985
VANCOUVER,PACIFIC BLVD OFFRAMP,SMITHE ST,25f0dec1-c01c-5b54-8d06-388ae7c6d724,"PACIFIC BLVD OFFRAMP & SMITHE ST, VANCOUVER",49.274837,-123.112958
VANCOUVER,PACIFIC ST,PACIFIC ST OFFRAMP,f099f162-1ae1-5876-ab9e-a23c3ec05c05,"PACIFIC ST & PACIFIC ST OFFRAMP, VANCOUVER",49.276971,-123.132435
VANCOUVER,PACIFIC ST,RICHARDS ST,bc4ca8fd-2fcd-57db-b191-f25086554f13,"PACIFIC ST & RICHARDS ST, VANCOUVER",49.273771,-123.127463
VANCOUVER,PACIFIC ST,ROLSTON ST,f82a6c39-a782-5feb-bb0e-0518d9ecbe43,"PACIFIC ST & ROLSTON ST, VANCOUVER",49.274613,-123.128892
VANCOUVER,PACIFIC ST,SEYMOUR MEWS,cd124ffe-2be1-587a-b0fc-a7b1bf8b8de9,"PACIFIC ST & SEYMOUR MEWS, VANCOUVER",49.274389,-123.128397
VANCOUVER,PACIFIC ST,SEYMOUR ST,cd036791-9f95-5936-9089-b3b431a39e39,"PACIFIC ST & SEYMOUR ST, VANCOUVER",49.274389,-123.128397
VANCOUVER,PACIFIC ST,STRATHMORE MEWS,2686832b-b9dc-569d-9dea-f516000f9083,"PACIFIC ST & STRATHMORE MEWS, VANCOUVER",49.273245,-123.126722
VANCOUVER,PACIFIC ST,THURLOW ST,c10a7a64-fbcd-5173-877c-c6eedf51ac33,"PACIFIC ST & THURLOW ST, VANCOUVER",49.278256,-123.134424
VANCOUVER,PANDORA ST,PENTICTON ST,a62bd6c7-1ef8-5353-a316-e0cd7eebc7e9,"PANDORA ST & PENTICTON ST, VANCOUVER",49.282988,-123.05195
VANCOUVER,PANDORA ST,RENFREW ST,4fdcd310-9fcc-5874-956b-f99f4f106e7b,"PANDORA ST & RENFREW ST, VANCOUVER",49.282966,-123.043991
VANCOUVER,PANDORA ST,SALSBURY DR,6ca5c49f-db25-55c6-8760-34cc6af21657,"PANDORA ST & SALSBURY DR, VANCOUVER",49.283065,-123.068267
VANCOUVER,PANDORA ST,SEMLIN DR,46e3baf3-e161-56ee-8101-26b08b810d73,"PANDORA ST & SEMLIN DR, VANCOUVER",49.283077,-123.063659
VANCOUVER,PANDORA ST,SKEENA ST,12715929-03ef-5731-85d7-23cb59afecc1,"PANDORA ST & SKEENA ST, VANCOUVER",49.282953,-123.02832
VANCOUVER,PANDORA ST,SLOCAN ST,c4b2a555-8c10-56b6-81c4-4e46d307e93a,"PANDORA ST & SLOCAN ST, VANCOUVER",49.28298,-123.04933
VANCOUVER,PANDORA ST,TEMPLETON DR,797cf59a-4e2d-5f50-b996-9187a6551881,"PANDORA ST & TEMPLETON DR, VANCOUVER",49.283007,-123.059721
VANCOUVER,PANDORA ST,VICTORIA DR,fd829a6e-ff5f-5f84-82b8-8473c5c795df,"PANDORA ST & VICTORIA DR, VANCOUVER",49.283041,-123.065551
VANCOUVER,PANDORA ST,WOODLAND DR,2f6ee6b5-0491-522a-b72d-5be3baa48f89,"PANDORA ST & WOODLAND DR, VANCOUVER",49.2831,-123.072594
VANCOUVER,PANTAGES LANE,THURLOW ST,6a7d577c-0f4d-5304-a108-7406fd5a3cab,"PANTAGES LANE & THURLOW ST, VANCOUVER",49.280018,-123.131731
VANCOUVER,PARK DR,SELKIRK ST,db7266fb-d8a9-54b2-87c9-09d8bade10df,"PARK DR & SELKIRK ST, VANCOUVER",49.215254,-123.132794
VANCOUVER,PARK DR,SHAUGHNESSY ST,3f424693-1b67-5267-8c6c-6266e0b47dfe,"PARK DR & SHAUGHNESSY ST, VANCOUVER",49.214082,-123.128702
VANCOUVER,PARK DR,W 59TH AVE,4bb8e04b-3715-591d-a155-82b96498eb30,"PARK DR & W 59TH AVE, VANCOUVER",49.217369,-123.140216
VANCOUVER,PARK LANE,STANLEY PARK DR,05cedb0a-511d-50bf-b571-ed09a1450579,"PARK LANE & STANLEY PARK DR, VANCOUVER",49.290756,-123.146408
VANCOUVER,PARKER ST,PENTICTON ST,9ebe79b9-7787-5bda-9d82-739ddb70e210,"PARKER ST & PENTICTON ST, VANCOUVER",49.275804,-123.052015
VANCOUVER,PARKER ST,RAYMUR AVE,654d181b-478c-5398-949a-37f9ed38d938,"PARKER ST & RAYMUR AVE, VANCOUVER",49.27581,-123.082647
VANCOUVER,PARKER ST,RENFREW ST,6b275909-6675-5d2f-845e-65dab65859fa,"PARKER ST & RENFREW ST, VANCOUVER",49.275372,-123.044127
VANCOUVER,PARKER ST,ROSSLAND ST,14f68f73-cc42-523e-8c87-c770e7c6456f,"PARKER ST & ROSSLAND ST, VANCOUVER",49.275373,-123.04554
VANCOUVER,PARKER ST,RUPERT ST,f98cec35-6057-59ce-993a-778c5011a704,"PARKER ST & RUPERT ST, VANCOUVER",49.275797,-123.033608
VANCOUVER,PARKER ST,SALSBURY DR,d0c5a8e6-aaea-534b-bff7-1f0ebef7845d,"PARKER ST & SALSBURY DR, VANCOUVER",49.275748,-123.067565
VANCOUVER,PARKER ST,SEMLIN DR,c95d3200-51cd-5bce-83d3-7a4aea3b2801,"PARKER ST & SEMLIN DR, VANCOUVER",49.275728,-123.063691
VANCOUVER,PARKER ST,TEMPLETON DR,c804b8c2-ffd8-5b21-94b3-f4a1c2a83e4b,"PARKER ST & TEMPLETON DR, VANCOUVER",49.275649,-123.059851
VANCOUVER,PARKER ST,VERNON DR,89bcc3ee-45a5-5a02-8681-65ee7c52d0eb,"PARKER ST & VERNON DR, VANCOUVER",49.275884,-123.07863
VANCOUVER,PARKER ST,VICTORIA DR,7867063d-c9df-5f49-83d1-4cb0b5eaf025,"PARKER ST & VICTORIA DR, VANCOUVER",49.275736,-123.065638
VANCOUVER,PARKER ST,WINDERMERE ST,b0b59303-22bb-5c68-b1cf-6982c4c3e799,"PARKER ST & WINDERMERE ST, VANCOUVER",49.275798,-123.036317
VANCOUVER,PAULSON ST,W 59TH AVE,f99617ff-9bd8-5cc2-8f50-313f07d54807,"PAULSON ST & W 59TH AVE, VANCOUVER",49.216967,-123.11872
VANCOUVER,PAYNE ST,WELLINGTON AVE,0fdacbd7-6750-5406-b7ea-dbde84cdc35b,"PAYNE ST & WELLINGTON AVE, VANCOUVER",49.239632,-123.029117
VANCOUVER,PENDRELL ST,THURLOW ST,98abd4ef-a671-5073-a9f4-ef60c658f32d,"PENDRELL ST & THURLOW ST, VANCOUVER",49.281101,-123.130152
VANCOUVER,PENTICTON ST,TRIUMPH ST,62645329-277a-5588-8243-d0ace131862f,"PENTICTON ST & TRIUMPH ST, VANCOUVER",49.283894,-123.051966
VANCOUVER,PENTICTON ST,TURNER ST,41590510-21e8-59a9-a131-28359550603e,"PENTICTON ST & TURNER ST, VANCOUVER",49.279101,-123.051991
VANCOUVER,PENTICTON ST,VENABLES ST,4282e197-94fc-52a4-83e8-6f14a5c6e5db,"PENTICTON ST & VENABLES ST, VANCOUVER",49.276631,-123.052006
VANCOUVER,PENTICTON ST,WILLIAM ST,1c8af830-ecc1-5d97-bccd-a67327672473,"PENTICTON ST & WILLIAM ST, VANCOUVER",49.27414,-123.052018
VANCOUVER,PEVERIL AVE,W 28TH AVE,7494496d-e6f6-535a-b955-0e2ff3c66e48,"PEVERIL AVE & W 28TH AVE, VANCOUVER",49.245811,-123.107012
VANCOUVER,PICTON ST,QUEENS AVE,1ed0879b-aa1e-519a-aca4-f723784bf9ce,"PICTON ST & QUEENS AVE, VANCOUVER",49.243111,-123.040422
VANCOUVER,PICTON ST,WELLINGTON AVE,6ba3ff04-e231-5cc3-a8fa-f5698fa7b2f2,"PICTON ST & WELLINGTON AVE, VANCOUVER",49.243971,-123.03965
VANCOUVER,PINE CRES,PINE ST,97dd41b6-7f18-5d54-95d6-7c3a8f483ee8,"PINE CRES & PINE ST, VANCOUVER",49.255607,-123.144024
VANCOUVER,PINE CRES,W 19TH AVE,2a7a13f3-0bc6-5614-8571-45c2a7a5c508,"PINE CRES & W 19TH AVE, VANCOUVER",49.254607,-123.14596
VANCOUVER,PINE CRES,W 33RD AVE,f6e47c51-961b-51a8-b836-5c81c7086bea,"PINE CRES & W 33RD AVE, VANCOUVER",49.242011,-123.146792
VANCOUVER,PINE CRES,W 35TH AVE,8da521a5-852d-5d0e-83c5-bbafabeeea22,"PINE CRES & W 35TH AVE, VANCOUVER",49.23997,-123.146984
VANCOUVER,PINE CRES,W 36TH AVE,bac1f859-2203-557a-8657-01e8c4031017,"PINE CRES & W 36TH AVE, VANCOUVER",49.239063,-123.146987
VANCOUVER,PINE CRES,W KING EDWARD AVE,76a1a7c9-096c-5699-99cd-f56a9602fbe6,"PINE CRES & W KING EDWARD AVE, VANCOUVER",49.249549,-123.147525
VANCOUVER,PINE ST,W 10TH AVE,b6d733f4-cbe1-5cf6-ae64-fdc2ebc448b4,"PINE ST & W 10TH AVE, VANCOUVER",49.262715,-123.143465
VANCOUVER,PINE ST,W 11TH AVE,ef29537e-ff0f-5b44-a9e3-b4f3246a994a,"PINE ST & W 11TH AVE, VANCOUVER",49.261764,-123.143452
VANCOUVER,PINE ST,W 12TH AVE,12c180f6-585e-5f94-9e76-d64cf5a9f5fa,"PINE ST & W 12TH AVE, VANCOUVER",49.260882,-123.143475
VANCOUVER,PINE ST,W 13TH AVE,7aee444c-5e37-5e24-85d7-e52e042708fa,"PINE ST & W 13TH AVE, VANCOUVER",49.259892,-123.143522
VANCOUVER,PINE ST,W 14TH AVE,2cf495b4-6178-584d-aa26-7dd25aa87044,"PINE ST & W 14TH AVE, VANCOUVER",49.258986,-123.143564
VANCOUVER,PINE ST,W 15TH AVE,ef9b617a-daa6-5971-ae62-bb04eed3c27b,"PINE ST & W 15TH AVE, VANCOUVER",49.25806,-123.143605
VANCOUVER,PINE ST,W 16TH AVE,97d07781-8ffe-5d52-bf0e-be14f75fec11,"PINE ST & W 16TH AVE, VANCOUVER",49.25714,-123.143598
VANCOUVER,PINE ST,W 1ST AVE,a30023ea-3330-59d4-9b15-c36056aaea04,"PINE ST & W 1ST AVE, VANCOUVER",49.270628,-123.143129
VANCOUVER,PINE ST,W 2ND AVE,c07b1103-2420-56a8-a178-a7e794362aee,"PINE ST & W 2ND AVE, VANCOUVER",49.269745,-123.14317
VANCOUVER,PINE ST,W 3RD AVE,c65b6f83-87c6-5f60-99ae-5fbeb82d4c5d,"PINE ST & W 3RD AVE, VANCOUVER",49.268864,-123.143206
VANCOUVER,PINE ST,W 4TH AVE,b4331750-b0e1-5b46-a5ce-716524818761,"PINE ST & W 4TH AVE, VANCOUVER",49.267984,-123.14324
VANCOUVER,PINE ST,W 5TH AVE,17cdf43c-eecf-544e-91b2-2a7909e5ea94,"PINE ST & W 5TH AVE, VANCOUVER",49.267119,-123.143274
VANCOUVER,PINE ST,W 6TH AVE,e3f17b9f-a1ee-5bad-9b3a-c0bd646a5ab2,"PINE ST & W 6TH AVE, VANCOUVER",49.266263,-123.143309
VANCOUVER,PINE ST,W 7TH AVE,df318081-3ba0-501a-9097-b0d676a7c9d2,"PINE ST & W 7TH AVE, VANCOUVER",49.265417,-123.143322
VANCOUVER,PINE ST,W 8TH AVE,499cc826-701c-5fe7-af2b-ee2e0b04ab71,"PINE ST & W 8TH AVE, VANCOUVER",49.264582,-123.143343
VANCOUVER,PINE ST,W BROADWAY,5d31bc5b-d689-5438-a45d-f7d988763d04,"PINE ST & W BROADWAY, VANCOUVER",49.263662,-123.143414
VANCOUVER,PINEHURST DR,W 49TH AVE,b0ce6ef7-f80c-51d3-baa0-9f2c4665138f,"PINEHURST DR & W 49TH AVE, VANCOUVER",49.226008,-123.114585
VANCOUVER,PIPELINE RD,ROSE GARDEN LANE,19359ae9-9e4a-54ed-bc2c-5469882b892a,"PIPELINE RD & ROSE GARDEN LANE, VANCOUVER",49.301158,-123.135753
VANCOUVER,PIPELINE RD,STANLEY PARK DR,11c2b98a-2d3f-5915-8e9d-2e6118b628e7,"PIPELINE RD & STANLEY PARK DR, VANCOUVER",49.30681,-123.135617
VANCOUVER,POINT GREY RD,STEPHENS ST,3aa1bbc0-4325-5110-bdf2-490ba9871426,"POINT GREY RD & STEPHENS ST, VANCOUVER",49.27223,-123.166237
VANCOUVER,POINT GREY RD,TRAFALGAR ST,9a5403d4-ab1c-5430-b7c8-99dc42721661,"POINT GREY RD & TRAFALGAR ST, VANCOUVER",49.273568,-123.164132
VANCOUVER,POINT GREY RD,W 1ST AVE,195241e3-60d6-578e-b253-f8e0466f7c56,"POINT GREY RD & W 1ST AVE, VANCOUVER",49.27105,-123.169177
VANCOUVER,POINT GREY RD,WALLACE ST,cf024959-13bb-53a2-8d4e-ed4433330a25,"POINT GREY RD & WALLACE ST, VANCOUVER",49.271603,-123.189475
VANCOUVER,POPLAR ST,SE MARINE DR,ec78f5ee-b392-53e9-b970-ef704d427658,"POPLAR ST & SE MARINE DR, VANCOUVER",49.211029,-123.093295
VANCOUVER,PORTER ST,VICTORIA DIVERS,246b4ce2-7b75-5fbc-ba6b-5fef09008a19,"PORTER ST & VICTORIA DIVERS, VANCOUVER",49.253486,-123.066992
VANCOUVER,PORTER ST,VICTORIA DR,c0cd6e5d-996d-5d2a-a62c-ab9dfe2dc108,"PORTER ST & VICTORIA DR, VANCOUVER",49.25464,-123.066136
VANCOUVER,PORTSIDE CRT,PORTSIDE DR,19c28c1b-f150-5662-9b71-2fe01e0ef94a,"PORTSIDE CRT & PORTSIDE DR, VANCOUVER",49.206843,-123.061414
VANCOUVER,PORTSIDE DR,SOUTHSIDE DR,cb7d6938-d5b2-52db-b05a-716f235fb4ef,"PORTSIDE DR & SOUTHSIDE DR, VANCOUVER",49.207534,-123.061405
VANCOUVER,POWELL ST,PRINCESS AVE,e5e536b3-3373-5c7a-befb-4cffbca4bf96,"POWELL ST & PRINCESS AVE, VANCOUVER",49.283036,-123.091408
VANCOUVER,POWELL ST,SALSBURY DR,53454d9e-9c5b-536e-a159-11a9365aaabb,"POWELL ST & SALSBURY DR, VANCOUVER",49.284225,-123.06825
VANCOUVER,POWELL ST,SEMLIN DR,86b81618-3c23-5bd2-85e2-b6114ea097a5,"POWELL ST & SEMLIN DR, VANCOUVER",49.284806,-123.063552
VANCOUVER,POWELL ST,VERNON DR,73477c2a-0a66-5364-8651-900e133c2828,"POWELL ST & VERNON DR, VANCOUVER",49.282926,-123.079164
VANCOUVER,POWELL ST,VICTORIA DR,0512e9e7-47bb-5b5a-b038-86278d551c17,"POWELL ST & VICTORIA DR, VANCOUVER",49.284833,-123.065509
VANCOUVER,POWELL ST,WALL ST,5d7f4b77-fc14-5122-b865-6ffb7c7a524b,"POWELL ST & WALL ST, VANCOUVER",49.284806,-123.063552
VANCOUVER,POWELL ST,WATER ST,4f51787f-aaa8-5909-90dd-284f8cf59393,"POWELL ST & WATER ST, VANCOUVER",49.283368,-123.104002
VANCOUVER,POWELL ST,WOODLAND DR,7e8387f5-2a8a-5d65-a471-cddeb774f7ae,"POWELL ST & WOODLAND DR, VANCOUVER",49.283487,-123.072573
VANCOUVER,PRESTWICK DR,THORNHILL DR,272e83ba-18d8-5516-9cc6-150afeeb8c04,"PRESTWICK DR & THORNHILL DR, VANCOUVER",49.216208,-123.068494
VANCOUVER,PRESTWICK DR,VICTORIA DR,91fb42ba-e829-5306-814c-028d8df08c1d,"PRESTWICK DR & VICTORIA DR, VANCOUVER",49.216176,-123.065984
VANCOUVER,PRICE ST,RUPERT ST,9683c3a2-2f2f-5488-aff9-75864b16d817,"PRICE ST & RUPERT ST, VANCOUVER",49.244171,-123.034419
VANCOUVER,PRINCE ALBERT ST,SE MARINE DR,45bd9b3b-a53c-5823-8674-2f50733828e5,"PRINCE ALBERT ST & SE MARINE DR, VANCOUVER",49.211056,-123.088239
VANCOUVER,PRINCE EDWARD ST,SE MARINE DR,71023b75-7c6d-56ea-8aba-a423f80e7b74,"PRINCE EDWARD ST & SE MARINE DR, VANCOUVER",49.210855,-123.098155
VANCOUVER,PRINCESS AVE,PRIOR ST,e855edd2-19ad-5282-8c07-1ccf4da04040,"PRINCESS AVE & PRIOR ST, VANCOUVER",49.276632,-123.091675
VANCOUVER,PRINCESS AVE,UNION ST,68bda8d1-a132-5689-a5bb-4a906bd23da5,"PRINCESS AVE & UNION ST, VANCOUVER",49.277514,-123.091647
VANCOUVER,PRIOR ST,QUEBEC ST,a5b5312d-ebd7-518b-8996-d9e1f5b12248,"PRIOR ST & QUEBEC ST, VANCOUVER",49.276804,-123.102138
VANCOUVER,PRIOR ST,STATION ST,9f254316-99ca-590e-a1cb-a5c4aeb4a1f0,"PRIOR ST & STATION ST, VANCOUVER",49.276783,-123.099854
VANCOUVER,PRIOR ST,VENABLES ST,cc297921-a4d8-5e1a-ad84-03b11c47e16a,"PRIOR ST & VENABLES ST, VANCOUVER",49.276493,-123.084998
VANCOUVER,PROSPECT POINT PARK LANE,STANLEY PARK DR,3ab9766c-3eed-5aab-8dcf-8a87af9c9df9,"PROSPECT POINT PARK LANE & STANLEY PARK DR, VANCOUVER",49.310522,-123.1493
VANCOUVER,PUGET DR,W 19TH AVE,034ee8e6-2675-5a89-b34a-a7843fcae6d8,"PUGET DR & W 19TH AVE, VANCOUVER",49.255544,-123.176129
VANCOUVER,PUGET DR,W 20TH AVE,3c5fb14c-494d-5fb7-b631-6e02d7d68803,"PUGET DR & W 20TH AVE, VANCOUVER",49.254632,-123.175399
VANCOUVER,PUGET DR,W 21ST AVE,c4391c8c-ea7c-5a81-baab-fce2e1785725,"PUGET DR & W 21ST AVE, VANCOUVER",49.253713,-123.174472
VANCOUVER,PUGET DR,W 23RD AVE,3a4a9968-3997-5e64-a326-e030c936a54f,"PUGET DR & W 23RD AVE, VANCOUVER",49.251904,-123.172283
VANCOUVER,PUGET DR,W 24TH AVE,d7444507-b344-5baa-acf0-f49c54117881,"PUGET DR & W 24TH AVE, VANCOUVER",49.251002,-123.171375
VANCOUVER,PUGET DR,W 25TH AVE,b29fcb93-7247-55e7-8878-d6a1a4cbc184,"PUGET DR & W 25TH AVE, VANCOUVER",49.249287,-123.169873
VANCOUVER,PUGET DR,W 29TH AVE,df03eab9-1d1c-51a3-a136-8dde51b091bb,"PUGET DR & W 29TH AVE, VANCOUVER",49.246147,-123.166045
VANCOUVER,PUGET DR,W 31ST AVE,15584b63-bf38-5e4f-8846-a3500d892870,"PUGET DR & W 31ST AVE, VANCOUVER",49.244161,-123.162799
VANCOUVER,PUGET DR,W 33RD AVE,8faa3214-5004-5bca-be57-83f5361c8566,"PUGET DR & W 33RD AVE, VANCOUVER",49.242251,-123.162497
VANCOUVER,PUGET DR,W KING EDWARD AVE,8fa07232-4794-5051-9b21-61655716df60,"PUGET DR & W KING EDWARD AVE, VANCOUVER",49.249287,-123.169873
VANCOUVER,PULLMAN PORTER ST,SWITCHMEN ST,5252af5c-516e-5b40-b6f0-961526cee214,"PULLMAN PORTER ST & SWITCHMEN ST, VANCOUVER",49.271389,-123.103228
VANCOUVER,QUADRA ST,W 19TH AVE,916be57a-7e70-5801-ab51-d38572cc96d5,"QUADRA ST & W 19TH AVE, VANCOUVER",49.255563,-123.179228
VANCOUVER,QUALICUM DR,SCARBORO AVE,2aa4d277-7498-580d-8bfb-9b7bb77fb11d,"QUALICUM DR & SCARBORO AVE, VANCOUVER",49.213602,-123.06471
VANCOUVER,QUEBEC ST,SWITCHMEN ST,ae84a2ee-6013-5287-b593-13bb266f73be,"QUEBEC ST & SWITCHMEN ST, VANCOUVER",49.271204,-123.102177
VANCOUVER,QUEBEC ST,TERMINAL AVE,3b57d696-98d6-57cd-88c9-52247777cf6f,"QUEBEC ST & TERMINAL AVE, VANCOUVER",49.272985,-123.101732
VANCOUVER,QUEBEC ST,UNION ST,cac9457b-00f2-5116-b8e3-f20d2a090368,"QUEBEC ST & UNION ST, VANCOUVER",49.277633,-123.102135
VANCOUVER,QUEENS AVE,RUPERT ST,57e84d5f-0ba4-5fe9-98fd-831a1318c08d,"QUEENS AVE & RUPERT ST, VANCOUVER",49.241637,-123.036823
VANCOUVER,QUESNEL DR,W 16TH AVE,cd5678bf-a7f8-5e37-a3e8-16340a4e9c82,"QUESNEL DR & W 16TH AVE, VANCOUVER",49.25778,-123.17986
VANCOUVER,QUESNEL DR,W 20TH AVE,d6aaa0d6-5128-5c4f-8a49-641c26bacc23,"QUESNEL DR & W 20TH AVE, VANCOUVER",49.25465,-123.176751
VANCOUVER,QUESNEL DR,W 21ST AVE,acbd166b-8dd5-5348-9e8c-bd45539ba641,"QUESNEL DR & W 21ST AVE, VANCOUVER",49.253719,-123.176243
VANCOUVER,QUESNEL DR,W 22ND AVE,034efc02-0d38-5d73-b606-e35fe151bb22,"QUESNEL DR & W 22ND AVE, VANCOUVER",49.252828,-123.175219
VANCOUVER,QUESNEL DR,W 23RD AVE,a24ded4c-2059-5231-8e14-c0307fbd826e,"QUESNEL DR & W 23RD AVE, VANCOUVER",49.251934,-123.174103
VANCOUVER,QUESNEL DR,W 24TH AVE,799bd6d3-d2b6-5ab0-b0ed-5bb3c854f885,"QUESNEL DR & W 24TH AVE, VANCOUVER",49.251008,-123.173016
VANCOUVER,QUESNEL DR,W 28TH AVE,0caf55d6-e5ef-5152-af62-76845da8b602,"QUESNEL DR & W 28TH AVE, VANCOUVER",49.247052,-123.16878
VANCOUVER,QUESNEL DR,W 29TH AVE,33c15d87-7f25-5a91-8903-af287bc6ff89,"QUESNEL DR & W 29TH AVE, VANCOUVER",49.246109,-123.167897
VANCOUVER,QUESNEL DR,W KING EDWARD AVE,14eaaa99-3958-5beb-b97f-1cac949762b8,"QUESNEL DR & W KING EDWARD AVE, VANCOUVER",49.250013,-123.172142
VANCOUVER,QUILCHENA CRES,W 33RD AVE,7e2506c9-37f8-5e5b-b93b-e3a350bab20c,"QUILCHENA CRES & W 33RD AVE, VANCOUVER",49.242016,-123.14722
VANCOUVER,QUILCHENA PL,W 33RD AVE,e1687e5d-07c4-5ecb-a98e-c6777716dc69,"QUILCHENA PL & W 33RD AVE, VANCOUVER",49.242097,-123.152252
VANCOUVER,RAND AVE,W 75TH AVE,982b1fcc-7984-574d-a103-ea6632646f3f,"RAND AVE & W 75TH AVE, VANCOUVER",49.20532,-123.144756
VANCOUVER,RAYMUR AVE,UNION ST,4ae338e1-8d54-5d35-9fe4-a2514dff407a,"RAYMUR AVE & UNION ST, VANCOUVER",49.277371,-123.083287
VANCOUVER,RAYMUR AVE,VENABLES ST,68ec6b92-19d3-5826-9c86-1fc7bf3d1c94,"RAYMUR AVE & VENABLES ST, VANCOUVER",49.276832,-123.082609
VANCOUVER,RAYMUR AVE,WILLIAM ST,e40aaa31-2980-5312-b817-6e111979f5f4,"RAYMUR AVE & WILLIAM ST, VANCOUVER",49.274254,-123.082711
VANCOUVER,REDBUD LANE,VINE ST,c99d5c84-75bd-5749-bcc6-44cf689e2b1c,"REDBUD LANE & VINE ST, VANCOUVER",49.261575,-123.157715
VANCOUVER,REID ST,WELLINGTON AVE,e666524c-f1e8-53ed-a824-ef130eff566d,"REID ST & WELLINGTON AVE, VANCOUVER",49.242906,-123.037057
VANCOUVER,RENFREW ST,TRIUMPH ST,1be80dfc-8437-5f12-9a60-cf288854f8a1,"RENFREW ST & TRIUMPH ST, VANCOUVER",49.283872,-123.043995
VANCOUVER,RENFREW ST,TURNER ST,2aae586e-ce65-5965-8fd3-94a62c812799,"RENFREW ST & TURNER ST, VANCOUVER",49.2791,-123.044089
VANCOUVER,RENFREW ST,VENABLES ST,a6f9ad4d-cade-510f-88f5-17053a3a8ec0,"RENFREW ST & VENABLES ST, VANCOUVER",49.276512,-123.044115
VANCOUVER,RENFREW ST,VIRTUAL WAY,9a3b60cc-2a0b-59d8-b273-71a7c53dd97e,"RENFREW ST & VIRTUAL WAY, VANCOUVER",49.260973,-123.044321
VANCOUVER,RENFREW ST,WILLIAM ST,18f82c02-14bf-56cc-8e91-15826d5f59dc,"RENFREW ST & WILLIAM ST, VANCOUVER",49.274203,-123.044127
VANCOUVER,RICHARDS ST,ROBSON ST,592e5893-872b-58a7-b9fc-88d7d4a8b116,"RICHARDS ST & ROBSON ST, VANCOUVER",49.280109,-123.11787
VANCOUVER,RICHARDS ST,SMITHE ST,e1039090-9cac-57b3-b802-58a3a62c31c2,"RICHARDS ST & SMITHE ST, VANCOUVER",49.279049,-123.119478
VANCOUVER,RICHARDS ST,W CORDOVA ST,e6e77e7a-6fb7-5be6-b42b-8ac0c7787d80,"RICHARDS ST & W CORDOVA ST, VANCOUVER",49.284708,-123.110918
VANCOUVER,RICHARDS ST,W GEORGIA ST,7d270db7-7aab-55e7-a5ec-e92c23cf2375,"RICHARDS ST & W GEORGIA ST, VANCOUVER",49.281213,-123.116191
VANCOUVER,RICHARDS ST,W HASTINGS ST,8f07d3dd-9c7f-5ea3-8506-ceac86caa169,"RICHARDS ST & W HASTINGS ST, VANCOUVER",49.284046,-123.111908
VANCOUVER,RICHARDS ST,W PENDER ST,b3fec975-f94f-5703-aaa1-439032c3d330,"RICHARDS ST & W PENDER ST, VANCOUVER",49.283416,-123.112864
VANCOUVER,RICHARDS ST,WATER ST,4146c383-d3f8-56a2-b666-024f817de4fd,"RICHARDS ST & WATER ST, VANCOUVER",49.284708,-123.110918
VANCOUVER,RICHELIEU AVE,W 16TH AVE,c789e68e-bd85-5ab6-b1f5-1c11709e84f2,"RICHELIEU AVE & W 16TH AVE, VANCOUVER",49.257059,-123.130304
VANCOUVER,RIVER DISTRICT CROSSING,SAWMILL CRES,3a8a8614-ad9d-5c09-a8fb-75822d258491,"RIVER DISTRICT CROSSING & SAWMILL CRES, VANCOUVER",49.205892,-123.031017
VANCOUVER,RIVERGRASS DR,SAWMILL CRES,09fcccf4-c4e4-5c72-96fe-e7911ca5823b,"RIVERGRASS DR & SAWMILL CRES, VANCOUVER",49.205772,-123.02835
VANCOUVER,ROBSON ST,SEYMOUR ST,87df4750-5620-5f72-a70c-078b0adc5947,"ROBSON ST & SEYMOUR ST, VANCOUVER",49.280722,-123.118797
VANCOUVER,ROBSON ST,THURLOW ST,3ace9fc5-8919-53f6-b847-96ef40999414,"ROBSON ST & THURLOW ST, VANCOUVER",49.284599,-123.124848
VANCOUVER,ROCKPOOLE DR,W 59TH AVE,748dee65-c9b4-5ed0-90ec-c8dd3be6d958,"ROCKPOOLE DR & W 59TH AVE, VANCOUVER",49.216879,-123.1116
VANCOUVER,ROGERS ST,STEWART ST,e73492e9-3b79-5801-9687-b3f74c0bed3d,"ROGERS ST & STEWART ST, VANCOUVER",49.283348,-123.079981
VANCOUVER,ROSE ST,WILLIAM ST,78b5cb84-914c-5ae4-9d58-ec10018d59fb,"ROSE ST & WILLIAM ST, VANCOUVER",49.273762,-123.062906
VANCOUVER,ROSEMARY BROWN LANE,THURLOW ST,5f11a7ee-99d4-516b-971e-23d256475aa8,"ROSEMARY BROWN LANE & THURLOW ST, VANCOUVER",49.284241,-123.125388
VANCOUVER,ROSS ST,SE MARINE DR,94406abb-e1c9-51e1-8886-77011ca3bfa4,"ROSS ST & SE MARINE DR, VANCOUVER",49.211117,-123.083233
VANCOUVER,RUBY ST,WELLINGTON AVE,2bbaf920-af21-5d88-80bf-0587e6e08491,"RUBY ST & WELLINGTON AVE, VANCOUVER",49.238833,-123.027135
VANCOUVER,RUPERT ST,SCHOOL AVE,7fd701e0-5470-5a8b-ae2a-ec34ceceb9fa,"RUPERT ST & SCHOOL AVE, VANCOUVER",49.235363,-123.042874
VANCOUVER,RUPERT ST,SEAFORTH DR,e98caa0d-d02d-5e64-a54d-ec3cd6fee44c,"RUPERT ST & SEAFORTH DR, VANCOUVER",49.253145,-123.033804
VANCOUVER,RUPERT ST,TURNER ST,f8767659-c0c0-5afd-ad1c-a852dbd3aad7,"RUPERT ST & TURNER ST, VANCOUVER",49.279062,-123.033592
VANCOUVER,RUPERT ST,VANNESS AVE,d043aec4-b9cf-5888-b1cf-b957e6bb6de1,"RUPERT ST & VANNESS AVE, VANCOUVER",49.240697,-123.037758
VANCOUVER,RUPERT ST,VENABLES ST,98b45ac2-577f-5320-a614-f87444938f83,"RUPERT ST & VENABLES ST, VANCOUVER",49.276619,-123.033601
VANCOUVER,RUPERT ST,WAVERLEY AVE,27149ff3-e11d-509f-af6c-fa62d630a995,"RUPERT ST & WAVERLEY AVE, VANCOUVER",49.226982,-123.040991
VANCOUVER,RUPERT ST,WELLINGTON AVE,2b1416ad-6b50-59aa-a37b-0027705319b7,"RUPERT ST & WELLINGTON AVE, VANCOUVER",49.242485,-123.036012
VANCOUVER,RUPERT ST,WORTHINGTON DR,c6dfc911-4273-5f04-8c72-22ae465c2f31,"RUPERT ST & WORTHINGTON DR, VANCOUVER",49.25641,-123.033792
VANCOUVER,RUPERT ST OFFRAMP,TRANS-CANADA HWY,4aaf202f-0153-5bfe-8dbd-8bd4fb14307a,"RUPERT ST OFFRAMP & TRANS-CANADA HWY, VANCOUVER",49.269452,-123.027611
VANCOUVER,SALERNO ST,W 8TH AVE,8ee07c66-080d-5b5f-9095-cf62dc10976c,"SALERNO ST & W 8TH AVE, VANCOUVER",49.26531,-123.19115
VANCOUVER,SALISH DR,STAULO CRES,c6778030-33c5-5c97-95eb-cab0bace34e0,"SALISH DR & STAULO CRES, VANCOUVER",49.226493,-123.197452
VANCOUVER,SALISH DR,STAUTLO AVE,d6e66744-57ae-553e-add1-b0271858a44b,"SALISH DR & STAUTLO AVE, VANCOUVER",49.230078,-123.197085
VANCOUVER,SALISH DR,TAMATH CRES,b3b2c52f-081e-5e1d-920c-013fd784c215,"SALISH DR & TAMATH CRES, VANCOUVER",49.235593,-123.199794
VANCOUVER,SALISH DR,THELLAIWHALTUN AVE,4f2c17ed-a5fc-5cfd-91d1-0402d916d32b,"SALISH DR & THELLAIWHALTUN AVE, VANCOUVER",49.227731,-123.197134
VANCOUVER,SALISH DR,TYTAHUN CRES,d1a02746-a7b5-585f-81c3-ed158a77a076,"SALISH DR & TYTAHUN CRES, VANCOUVER",49.234566,-123.198296
VANCOUVER,SALISH DR,W 51ST AVE,82cc73cd-a2e3-5ca7-a9ef-4be8abde3e92,"SALISH DR & W 51ST AVE, VANCOUVER",49.226493,-123.197452
VANCOUVER,SALSBURY DR,TRIUMPH ST,a8a922eb-9c78-5cd7-a9c5-96df0ef57985,"SALSBURY DR & TRIUMPH ST, VANCOUVER",49.283446,-123.06826
VANCOUVER,SALSBURY DR,VENABLES ST,0b1c40d2-77d1-57ab-a458-f69e47a29a44,"SALSBURY DR & VENABLES ST, VANCOUVER",49.276651,-123.067545
VANCOUVER,SALSBURY DR,WILLIAM ST,dd717c58-057d-5aca-b04c-83dcc2fff878,"SALSBURY DR & WILLIAM ST, VANCOUVER",49.273934,-123.067604
VANCOUVER,SALT ST,W 1ST AVE,2ac8e56b-3043-5bd3-b576-fe30ae994690,"SALT ST & W 1ST AVE, VANCOUVER",49.270288,-123.106098
VANCOUVER,SALT ST,WALTER HARDWICK AVE,41d0b7a2-8da5-5270-946f-85687e073861,"SALT ST & WALTER HARDWICK AVE, VANCOUVER",49.270915,-123.106085
VANCOUVER,SASAMAT ST,W 10TH AVE,254d2fde-d454-5761-8c54-41dd9c338cff,"SASAMAT ST & W 10TH AVE, VANCOUVER",49.263835,-123.20912
VANCOUVER,SASAMAT ST,W 11TH AVE,f15db6c0-3430-5799-b6f1-da0cdb8ea7ca,"SASAMAT ST & W 11TH AVE, VANCOUVER",49.262925,-123.209143
VANCOUVER,SASAMAT ST,W 12TH AVE,426e8c83-69d8-58c8-b5a2-0777d9d6a151,"SASAMAT ST & W 12TH AVE, VANCOUVER",49.262007,-123.209182
VANCOUVER,SASAMAT ST,W 13TH AVE,542be331-be73-56d7-b7b4-d076e83f9061,"SASAMAT ST & W 13TH AVE, VANCOUVER",49.261107,-123.209214
VANCOUVER,SASAMAT ST,W 14TH AVE,6a19bb19-0b92-5802-9929-1db7a0564935,"SASAMAT ST & W 14TH AVE, VANCOUVER",49.260203,-123.209245
VANCOUVER,SASAMAT ST,W 15TH AVE,0e50bc1e-3499-599d-86bd-754e6626bf98,"SASAMAT ST & W 15TH AVE, VANCOUVER",49.259288,-123.209276
VANCOUVER,SASAMAT ST,W 16TH AVE,5a0ba309-87c7-58f3-b624-3e35ee7a8a07,"SASAMAT ST & W 16TH AVE, VANCOUVER",49.258299,-123.209312
VANCOUVER,SASAMAT ST,W 2ND AVE,9b3df7ab-d77d-5f5c-98a3-75c6c148f59e,"SASAMAT ST & W 2ND AVE, VANCOUVER",49.271354,-123.208831
VANCOUVER,SASAMAT ST,W 4TH AVE,2123e31d-f908-5a61-9186-997075eec1f2,"SASAMAT ST & W 4TH AVE, VANCOUVER",49.269017,-123.208928
VANCOUVER,SASAMAT ST,W 5TH AVE,d6087342-189a-5e2c-8671-8d4b45b88e08,"SASAMAT ST & W 5TH AVE, VANCOUVER",49.268155,-123.208914
VANCOUVER,SASAMAT ST,W 6TH AVE,a1dc940f-fc9d-5da1-9ef1-844794eda186,"SASAMAT ST & W 6TH AVE, VANCOUVER",49.267292,-123.208952
VANCOUVER,SASAMAT ST,W 7TH AVE,b54b992d-33e4-564a-ac83-99a94f0ffaed,"SASAMAT ST & W 7TH AVE, VANCOUVER",49.266453,-123.208989
VANCOUVER,SASAMAT ST,W 8TH AVE,39231ecd-1863-5af6-b494-45eaed03d388,"SASAMAT ST & W 8TH AVE, VANCOUVER",49.26558,-123.209073
VANCOUVER,SASAMAT ST,W 9TH AVE,7846efca-1704-511f-811d-17fae0da2c0c,"SASAMAT ST & W 9TH AVE, VANCOUVER",49.264711,-123.209077
VANCOUVER,SASKATCHEWAN LANE,W 70TH AVE,e272b56a-f707-57d3-b7b2-ab2cfc875329,"SASKATCHEWAN LANE & W 70TH AVE, VANCOUVER",49.208544,-123.141398
VANCOUVER,SCANTLINGS,SCHOOL GREEN,b5c7916d-fb8a-5443-9c1f-73b2abb04f9f,"SCANTLINGS & SCHOOL GREEN, VANCOUVER",49.267535,-123.127622
VANCOUVER,SCANTLINGS,SITKA SQ,2da8e822-aa0c-55fa-8895-8784845a8439,"SCANTLINGS & SITKA SQ, VANCOUVER",49.26702,-123.128912
VANCOUVER,SCARBORO AVE,VICTORIA DR,a07fe5f9-e204-5f61-a577-1f9a9104a5d0,"SCARBORO AVE & VICTORIA DR, VANCOUVER",49.213606,-123.066045
VANCOUVER,SCHOOL AVE,SENLAC ST,13ffb837-5680-5493-bb21-5831e2777ec2,"SCHOOL AVE & SENLAC ST, VANCOUVER",49.231754,-123.03421
VANCOUVER,SCHOOL AVE,TYNE ST,8552e7c7-3f22-5627-83e7-dadec2b6bb15,"SCHOOL AVE & TYNE ST, VANCOUVER",49.23099,-123.032232
VANCOUVER,SCHOOL AVE,WESSEX ST,9a43978a-a589-5f71-86af-0c7b7ce4893b,"SCHOOL AVE & WESSEX ST, VANCOUVER",49.232109,-123.035107
VANCOUVER,SCOTIA ST,TERMINAL AVE,529bb240-d11c-55ed-a15d-564c10deb628,"SCOTIA ST & TERMINAL AVE, VANCOUVER",49.271985,-123.095463
VANCOUVER,SE MARINE DR,SE MARINE DR OFFRAMP,86a808ca-6217-5d6d-b47a-1ba60e633bf0,"SE MARINE DR & SE MARINE DR OFFRAMP, VANCOUVER",49.211079,-123.077129
VANCOUVER,SE MARINE DR,SE MARINE DR ONRAMP,e2a1670f-e330-5571-8385-59e9903decbc,"SE MARINE DR & SE MARINE DR ONRAMP, VANCOUVER",49.211079,-123.077129
VANCOUVER,SE MARINE DR,SHERBROOKE ST,bfeee0ff-314c-52f7-994d-33b20de08440,"SE MARINE DR & SHERBROOKE ST, VANCOUVER",49.211113,-123.0821
VANCOUVER,SE MARINE DR,SOPHIA ST,c22c8b07-5e0e-5b4f-95cd-afeb19cb8815,"SE MARINE DR & SOPHIA ST, VANCOUVER",49.210781,-123.100324
VANCOUVER,SE MARINE DR,ST GEORGE ST,6765b949-5866-5f77-956e-6da8377d814e,"SE MARINE DR & ST GEORGE ST, VANCOUVER",49.211023,-123.094231
VANCOUVER,SE MARINE DR,SW MARINE DR,c40bbcb8-1baf-54a4-bdc6-e27eb1fb8374,"SE MARINE DR & SW MARINE DR, VANCOUVER",49.212334,-123.106574
VANCOUVER,SE MARINE DR,VICTORIA DR,7d46d9da-2b1b-5f6e-a82d-a756c74cdd31,"SE MARINE DR & VICTORIA DR, VANCOUVER",49.209688,-123.066111
VANCOUVER,SE MARINE DR,WHITNEY PL,e13e19d0-b280-537c-80b2-cc4836021ed4,"SE MARINE DR & WHITNEY PL, VANCOUVER",49.20786,-123.02755
VANCOUVER,SE MARINE DR,WINDSOR ST,39876f9c-350d-501b-b595-cc220ea40f0d,"SE MARINE DR & WINDSOR ST, VANCOUVER",49.211096,-123.085779
VANCOUVER,SEAFORTH DR,WORTHINGTON DR,17b24046-635d-5fae-90a9-8366e8ac6b71,"SEAFORTH DR & WORTHINGTON DR, VANCOUVER",49.254727,-123.030972
VANCOUVER,SEE-EM-IA LANE,THURLOW ST,61ecf321-5d35-5a06-aed7-04da621a1213,"SEE-EM-IA LANE & THURLOW ST, VANCOUVER",49.280733,-123.130696
VANCOUVER,SELKIRK ST,W 25TH AVE,74cefd5b-9c6e-54dd-982b-29716d8b7af5,"SELKIRK ST & W 25TH AVE, VANCOUVER",49.249274,-123.132
VANCOUVER,SELKIRK ST,W 26TH AVE,93bea83e-c4cf-5cb5-881a-129f21cf1b83,"SELKIRK ST & W 26TH AVE, VANCOUVER",49.248223,-123.132039
VANCOUVER,SELKIRK ST,W 32ND AVE,8b2814c1-4ae5-5be3-8cb1-d594e282bf6d,"SELKIRK ST & W 32ND AVE, VANCOUVER",49.243179,-123.13311
VANCOUVER,SELKIRK ST,W 33RD AVE,0f6e8ebd-d028-53b8-8c55-373659473330,"SELKIRK ST & W 33RD AVE, VANCOUVER",49.24161,-123.13231
VANCOUVER,SELKIRK ST,W 37TH AVE,33a5f24d-b3ea-5384-8226-42abe1e7a33f,"SELKIRK ST & W 37TH AVE, VANCOUVER",49.237795,-123.132422
VANCOUVER,SELKIRK ST,W 38TH AVE,6bfdde72-1ccf-5f5d-882a-79a00bafb6e9,"SELKIRK ST & W 38TH AVE, VANCOUVER",49.236876,-123.132454
VANCOUVER,SELKIRK ST,W 39TH AVE,d96a9c11-d559-52d2-9b06-54a4536efbbd,"SELKIRK ST & W 39TH AVE, VANCOUVER",49.235953,-123.132488
VANCOUVER,SELKIRK ST,W 41ST AVE,44234afa-1cda-59fd-8cfb-3b9ef1d47bc7,"SELKIRK ST & W 41ST AVE, VANCOUVER",49.234124,-123.133356
VANCOUVER,SELKIRK ST,W 43RD AVE,069027d2-a435-546c-bfc8-8604a1e01d6b,"SELKIRK ST & W 43RD AVE, VANCOUVER",49.232259,-123.133405
VANCOUVER,SELKIRK ST,W 45TH AVE,439f61e3-c75a-5f04-b2e2-c9524e18e56c,"SELKIRK ST & W 45TH AVE, VANCOUVER",49.230401,-123.133462
VANCOUVER,SELKIRK ST,W 52ND AVE,596703bf-85d8-5bcf-91fa-cf20479abe36,"SELKIRK ST & W 52ND AVE, VANCOUVER",49.22398,-123.133406
VANCOUVER,SELKIRK ST,W 59TH AVE,66bf2de4-905a-5a53-b727-5cccdbdc8f50,"SELKIRK ST & W 59TH AVE, VANCOUVER",49.217211,-123.132719
VANCOUVER,SELKIRK ST,W 64TH AVE,ff1fe209-571d-5e36-b2fe-a819f4ec0745,"SELKIRK ST & W 64TH AVE, VANCOUVER",49.213031,-123.13286
VANCOUVER,SELKIRK ST,W 67TH AVE,60dfe847-94ec-529d-98f2-089c699675df,"SELKIRK ST & W 67TH AVE, VANCOUVER",49.210767,-123.132935
VANCOUVER,SELKIRK ST,W 70TH AVE,51f15e6f-bc28-533e-9205-3d54dcb20046,"SELKIRK ST & W 70TH AVE, VANCOUVER",49.208513,-123.13315
VANCOUVER,SELKIRK ST,W 71ST AVE,8abf8929-eebc-5d00-8e45-e993b159ef61,"SELKIRK ST & W 71ST AVE, VANCOUVER",49.206965,-123.133331
VANCOUVER,SELKIRK ST,W 72ND AVE,21b67c7a-09c2-55e8-9081-9d471c77aae4,"SELKIRK ST & W 72ND AVE, VANCOUVER",49.205683,-123.133389
VANCOUVER,SELKIRK ST,W 73RD AVE,91f29268-2fae-5c21-bca5-ad1dd1c80108,"SELKIRK ST & W 73RD AVE, VANCOUVER",49.204273,-123.133469
VANCOUVER,SELKIRK ST,W KING EDWARD AVE,ace6fcfc-0b2b-5721-a526-1b673a3a1d55,"SELKIRK ST & W KING EDWARD AVE, VANCOUVER",49.249274,-123.132
VANCOUVER,SEMLIN DR,TRIUMPH ST,7d753ad8-fdc8-5d2f-b7d1-29eb04e8e8f6,"SEMLIN DR & TRIUMPH ST, VANCOUVER",49.283924,-123.063561
VANCOUVER,SEMLIN DR,TURNER ST,47cc91aa-611c-5f8f-a97c-cefd4d6bcb54,"SEMLIN DR & TURNER ST, VANCOUVER",49.279133,-123.063697
VANCOUVER,SEMLIN DR,VENABLES ST,5283e31a-7dbb-57ed-91bf-69c360065a4f,"SEMLIN DR & VENABLES ST, VANCOUVER",49.27662,-123.063669
VANCOUVER,SEMLIN DR,WILLIAM ST,2242e528-1805-574d-bfe6-21a83a4fb9be,"SEMLIN DR & WILLIAM ST, VANCOUVER",49.273766,-123.06355
VANCOUVER,SEYMOUR ST,SMITHE ST,980c5614-8940-5f39-886e-dfc36d6f6575,"SEYMOUR ST & SMITHE ST, VANCOUVER",49.279646,-123.120414
VANCOUVER,SEYMOUR ST,W CORDOVA ST,cc6ee094-7880-5f12-854c-d6df41fe71e8,"SEYMOUR ST & W CORDOVA ST, VANCOUVER",49.285326,-123.111852
VANCOUVER,SEYMOUR ST,W GEORGIA ST,18e1a9d8-5d19-5d79-90e8-e9287d267dd8,"SEYMOUR ST & W GEORGIA ST, VANCOUVER",49.281825,-123.117138
VANCOUVER,SEYMOUR ST,W HASTINGS ST,a312369f-ca0f-5702-b81c-16d04dab29e3,"SEYMOUR ST & W HASTINGS ST, VANCOUVER",49.284665,-123.112855
VANCOUVER,SEYMOUR ST,W PENDER ST,96f46536-28a3-5893-9425-43388c2f6cda,"SEYMOUR ST & W PENDER ST, VANCOUVER",49.284019,-123.11383
VANCOUVER,SHANGHAI ALLEY,TAYLOR ST,5c901bfc-8ec8-50c1-ab0e-22b05dbf7b9f,"SHANGHAI ALLEY & TAYLOR ST, VANCOUVER",49.280096,-123.105849
VANCOUVER,SHANGHAI ALLEY,W PENDER ST,c0be9acb-4165-513e-964a-f13ecb4bde88,"SHANGHAI ALLEY & W PENDER ST, VANCOUVER",49.280597,-123.104956
VANCOUVER,SHAUGHNESSY ST,SW MARINE DR,16634823-1ced-59c0-9592-804407fbf359,"SHAUGHNESSY ST & SW MARINE DR, VANCOUVER",49.205158,-123.128965
VANCOUVER,SHAUGHNESSY ST,W 64TH AVE,7bccafa4-2252-5306-b540-de991612fb86,"SHAUGHNESSY ST & W 64TH AVE, VANCOUVER",49.212952,-123.128728
VANCOUVER,SHAUGHNESSY ST,W 67TH AVE,186a0b30-25b1-5438-9c5f-d924ecdeff17,"SHAUGHNESSY ST & W 67TH AVE, VANCOUVER",49.210709,-123.128784
VANCOUVER,SHAUGHNESSY ST,W 70TH AVE,ac770221-737d-5f5e-9307-1816334ac680,"SHAUGHNESSY ST & W 70TH AVE, VANCOUVER",49.208451,-123.128855
VANCOUVER,SHAUGHNESSY ST,W KENT AVE N,b00d9e85-ec31-543f-a30c-e9316491569c,"SHAUGHNESSY ST & W KENT AVE N, VANCOUVER",49.203854,-123.127687
VANCOUVER,SHAUGHNESSY ST,W KENT AVE S,c44e5d7c-8d39-5103-a946-324188cadcc3,"SHAUGHNESSY ST & W KENT AVE S, VANCOUVER",49.203608,-123.12743
VANCOUVER,SI-LU DR,W 51ST AVE,b113c3e0-c475-53d1-8abe-95e132715f46,"SI-LU DR & W 51ST AVE, VANCOUVER",49.225953,-123.195137
VANCOUVER,SIDNEY ST,STAINSBURY AVE,2729a26a-af3b-5137-9db4-4cb91dd05efc,"SIDNEY ST & STAINSBURY AVE, VANCOUVER",49.250727,-123.062551
VANCOUVER,SIMPSON AVE,TOLMIE ST,a1704ed8-1311-59ca-8105-325fbcfede84,"SIMPSON AVE & TOLMIE ST, VANCOUVER",49.274332,-123.211752
VANCOUVER,SKEENA ST,TRIUMPH ST,dabd7a81-74f2-5f75-910e-c1d38740547c,"SKEENA ST & TRIUMPH ST, VANCOUVER",49.283865,-123.028313
VANCOUVER,SKEENA ST,TURNER ST,e2c6191b-96cd-5c36-8865-2057bc531c7a,"SKEENA ST & TURNER ST, VANCOUVER",49.279071,-123.028315
VANCOUVER,SKEENA ST,WILLIAM ST,6095fdab-b43e-553c-b77c-50cb8820ab60,"SKEENA ST & WILLIAM ST, VANCOUVER",49.274101,-123.0284
VANCOUVER,SLOCAN ST,TRIUMPH ST,5284ffee-8a13-5725-ba9d-945698ac52cf,"SLOCAN ST & TRIUMPH ST, VANCOUVER",49.283887,-123.049323
VANCOUVER,SLOCAN ST,TURNER ST,0b8a17b8-58f6-52b8-9063-437a79052e3c,"SLOCAN ST & TURNER ST, VANCOUVER",49.279101,-123.049339
VANCOUVER,SLOCAN ST,VANNESS AVE,25d3b9c9-43e9-57e2-93ac-d96cb84d2636,"SLOCAN ST & VANNESS AVE, VANCOUVER",49.245856,-123.049655
VANCOUVER,SLOCAN ST,VENABLES ST,47b3b256-63df-5a23-ae29-b417e6940104,"SLOCAN ST & VENABLES ST, VANCOUVER",49.276635,-123.049353
VANCOUVER,SLOCAN ST,WARD ST,4703597a-462d-5e3b-8b27-88fc169ae0bf,"SLOCAN ST & WARD ST, VANCOUVER",49.241519,-123.052587
VANCOUVER,SLOCAN ST,WILLIAM ST,0108c8e5-0ea6-5f58-8b2c-a758b5847794,"SLOCAN ST & WILLIAM ST, VANCOUVER",49.274142,-123.049388
VANCOUVER,SMITHE ST,STOVOLD LANE,9f72ff06-ab61-565f-8e47-52ab559a1636,"SMITHE ST & STOVOLD LANE, VANCOUVER",49.282863,-123.125059
VANCOUVER,SOPHIA ST,WEBBER AVE,eeefd419-ddfd-59e4-92aa-94dcba1da65b,"SOPHIA ST & WEBBER AVE, VANCOUVER",49.248212,-123.099096
VANCOUVER,SOUTHERN ST,STATION ST,6a2628e6-9dc3-5b5d-b2e1-095b37dbe8dc,"SOUTHERN ST & STATION ST, VANCOUVER",49.270515,-123.098072
VANCOUVER,SOUTHERN ST,WESTERN ST,980f21e6-de38-5833-a5ee-277f4e76c3e3,"SOUTHERN ST & WESTERN ST, VANCOUVER",49.270927,-123.09986
VANCOUVER,SPENCER ST,VANNESS AVE,4dd630c5-b55b-5ad1-803a-231af33dc399,"SPENCER ST & VANNESS AVE, VANCOUVER",49.240259,-123.03668
VANCOUVER,SPRUCE ST,W 10TH AVE,e87817ca-9740-5ac8-b147-fb01fff99041,"SPRUCE ST & W 10TH AVE, VANCOUVER",49.262485,-123.129037
VANCOUVER,SPRUCE ST,W 11TH AVE,452302db-10fb-5b5d-b067-aa2a9c450ed4,"SPRUCE ST & W 11TH AVE, VANCOUVER",49.261562,-123.129067
VANCOUVER,SPRUCE ST,W 12TH AVE,ffd7b980-ab33-57ca-b2f2-886d0dd8676c,"SPRUCE ST & W 12TH AVE, VANCOUVER",49.260608,-123.1291
VANCOUVER,SPRUCE ST,W 13TH AVE,94d768cd-de98-54cc-82b3-0d3865485a66,"SPRUCE ST & W 13TH AVE, VANCOUVER",49.259672,-123.129123
VANCOUVER,SPRUCE ST,W 14TH AVE,28a934aa-5236-5399-9069-58f64469efbe,"SPRUCE ST & W 14TH AVE, VANCOUVER",49.258757,-123.129153
VANCOUVER,SPRUCE ST,W 15TH AVE,f8eb3153-325f-5710-8504-7d770f476851,"SPRUCE ST & W 15TH AVE, VANCOUVER",49.257847,-123.12918
VANCOUVER,SPRUCE ST,W 6TH AVE,b0be52b4-1509-5787-be53-42b6ff3c7c7b,"SPRUCE ST & W 6TH AVE, VANCOUVER",49.26604,-123.128915
VANCOUVER,SPRUCE ST,W 7TH AVE,73da357d-29b4-5787-be6a-aefa6d1558ba,"SPRUCE ST & W 7TH AVE, VANCOUVER",49.265194,-123.128943
VANCOUVER,SPRUCE ST,W 8TH AVE,985daab7-4d99-5bf8-a954-f7dc79a8dd04,"SPRUCE ST & W 8TH AVE, VANCOUVER",49.26436,-123.128963
VANCOUVER,SPRUCE ST,W BROADWAY,30f97579-0c37-5f5d-80f0-9f888ebfd86c,"SPRUCE ST & W BROADWAY, VANCOUVER",49.263443,-123.129003
VANCOUVER,SPYGLASS PL,WHEELHOUSE SQ,90425a62-f3fd-586f-a265-20e17e0130cc,"SPYGLASS PL & WHEELHOUSE SQ, VANCOUVER",49.269078,-123.11529
VANCOUVER,ST GEORGE ST,TERMINAL AVE,5acb4cea-89e5-5ee1-9451-d871dacb02dd,"ST GEORGE ST & TERMINAL AVE, VANCOUVER",49.271173,-123.090865
VANCOUVER,STAINSBURY AVE,VICTORIA DR,76d31704-e439-5085-976b-7069b1bd511e,"STAINSBURY AVE & VICTORIA DR, VANCOUVER",49.251416,-123.065042
VANCOUVER,STANLEY PARK CAUSEWAY,STANLEY PARK DR,6adcd0e4-2429-5c4c-955e-effb03e9a02d,"STANLEY PARK CAUSEWAY & STANLEY PARK DR, VANCOUVER",49.311078,-123.142583
VANCOUVER,STANLEY PARK CAUSEWAY,STANLEY PARK DR OFFRAMP,0b55adb8-38b0-52f6-809b-a68f10c8428f,"STANLEY PARK CAUSEWAY & STANLEY PARK DR OFFRAMP, VANCOUVER",49.310161,-123.143364
VANCOUVER,STANLEY PARK CAUSEWAY,W GEORGIA ST,93febe01-968c-547c-9bb1-a99d6e683265,"STANLEY PARK CAUSEWAY & W GEORGIA ST, VANCOUVER",49.294551,-123.136523
VANCOUVER,STANLEY PARK CAUSEWAY,WREN TRAIL,d7b9e6ad-ce94-5b58-8924-c9978b277970,"STANLEY PARK CAUSEWAY & WREN TRAIL, VANCOUVER",49.300962,-123.143284
VANCOUVER,STANLEY PARK DR,STANLEY PARK DR OFFRAMP,e6287484-bcfc-58c7-a725-6374837887c3,"STANLEY PARK DR & STANLEY PARK DR OFFRAMP, VANCOUVER",49.31156,-123.142804
VANCOUVER,STANLEY PARK DR,TATLOW WALK,fa50cd54-5921-50dd-beb5-f53124ab67e1,"STANLEY PARK DR & TATLOW WALK, VANCOUVER",49.303565,-123.153343
VANCOUVER,STATION ST,TERMINAL AVE,73dc420f-1523-5a78-968a-ac72fdc73eed,"STATION ST & TERMINAL AVE, VANCOUVER",49.272575,-123.098621
VANCOUVER,STEPHENS ST,W 10TH AVE,b6487b19-e0b6-5ac5-94f9-e03da3ffc2bd,"STEPHENS ST & W 10TH AVE, VANCOUVER",49.263197,-123.166288
VANCOUVER,STEPHENS ST,W 11TH AVE,e15e5104-4e5d-5cc5-9075-1b43f1e9e2de,"STEPHENS ST & W 11TH AVE, VANCOUVER",49.262271,-123.166333
VANCOUVER,STEPHENS ST,W 12TH AVE,2fe22b49-940c-5837-8611-a5e0c532de76,"STEPHENS ST & W 12TH AVE, VANCOUVER",49.261361,-123.166372
VANCOUVER,STEPHENS ST,W 15TH AVE,17365621-12be-5b0c-8e64-e15829a31310,"STEPHENS ST & W 15TH AVE, VANCOUVER",49.258633,-123.166484
VANCOUVER,STEPHENS ST,W 16TH AVE,c5473938-526f-5299-ae30-a1f80ada27ff,"STEPHENS ST & W 16TH AVE, VANCOUVER",49.257639,-123.166496
VANCOUVER,STEPHENS ST,W 1ST AVE,532da833-955d-5196-8105-a7dc22702051,"STEPHENS ST & W 1ST AVE, VANCOUVER",49.27103,-123.166287
VANCOUVER,STEPHENS ST,W 2ND AVE,12e221ae-f2ad-553f-8a50-bb9005aacc26,"STEPHENS ST & W 2ND AVE, VANCOUVER",49.270113,-123.166301
VANCOUVER,STEPHENS ST,W 3RD AVE,22f51454-f1a8-513d-b19c-cecef1e2f583,"STEPHENS ST & W 3RD AVE, VANCOUVER",49.26922,-123.166329
VANCOUVER,STEPHENS ST,W 4TH AVE,89c8c253-6555-5134-9208-f2171f4e7a95,"STEPHENS ST & W 4TH AVE, VANCOUVER",49.268353,-123.166346
VANCOUVER,STEPHENS ST,W 5TH AVE,10d10ca7-af4b-546e-9c1f-cd63c332b308,"STEPHENS ST & W 5TH AVE, VANCOUVER",49.267444,-123.166385
VANCOUVER,STEPHENS ST,W 6TH AVE,cdf8e3d6-4af3-5a29-b753-028723055c29,"STEPHENS ST & W 6TH AVE, VANCOUVER",49.266607,-123.166409
VANCOUVER,STEPHENS ST,W 7TH AVE,c8aa5f43-99eb-52c2-acfe-67fefc1f57bd,"STEPHENS ST & W 7TH AVE, VANCOUVER",49.265769,-123.166436
VANCOUVER,STEPHENS ST,W 8TH AVE,7968a13f-3d57-5a60-b7e9-c4d778c9185e,"STEPHENS ST & W 8TH AVE, VANCOUVER",49.264945,-123.166458
VANCOUVER,STEPHENS ST,W BROADWAY,65de83e8-31eb-5f85-a089-fba1bcc34512,"STEPHENS ST & W BROADWAY, VANCOUVER",49.264049,-123.166486
VANCOUVER,STEPHENS ST,YORK AVE,26043a8a-b186-5759-8842-62cf83b44a3b,"STEPHENS ST & YORK AVE, VANCOUVER",49.271915,-123.166243
VANCOUVER,STOVOLD LANE,THURLOW ST,9e94b3a9-634a-5431-8cb2-c82fcf3f9f83,"STOVOLD LANE & THURLOW ST, VANCOUVER",49.283572,-123.1264
VANCOUVER,SW MARINE DR,SW MARINE DR ONRAMP,fa13dd71-f06c-5df5-9008-25ee8fa6fbbc,"SW MARINE DR & SW MARINE DR ONRAMP, VANCOUVER",49.204026,-123.131964
VANCOUVER,SW MARINE DR,TAMATH CRES,76a2e015-8560-5b1d-933f-aaf161dda4a6,"SW MARINE DR & TAMATH CRES, VANCOUVER",49.235593,-123.199794
VANCOUVER,SW MARINE DR,W 41ST AVE,2fa882d5-9993-5862-be54-8fa5cd6af429,"SW MARINE DR & W 41ST AVE, VANCOUVER",49.234777,-123.19622
VANCOUVER,SW MARINE DR,W 48TH AVE,b9526e1e-21b9-5ced-90b0-96af42d85a32,"SW MARINE DR & W 48TH AVE, VANCOUVER",49.228589,-123.174664
VANCOUVER,SW MARINE DR,W 49TH AVE,b0670d5b-55eb-51fe-a164-a6e3d9852ba5,"SW MARINE DR & W 49TH AVE, VANCOUVER",49.227367,-123.171556
VANCOUVER,SW MARINE DR,W 54TH AVE,7137b462-298e-5b48-87c3-73dd683f2ed1,"SW MARINE DR & W 54TH AVE, VANCOUVER",49.221962,-123.158925
VANCOUVER,SW MARINE DR,W 57TH AVE,c7b0b1e7-525d-57f2-82a0-9f135fe8149e,"SW MARINE DR & W 57TH AVE, VANCOUVER",49.219535,-123.158542
VANCOUVER,SW MARINE DR,W 59TH AVE,5d2bc256-f20e-5b50-9e60-db9a134250e2,"SW MARINE DR & W 59TH AVE, VANCOUVER",49.217704,-123.157003
VANCOUVER,SW MARINE DR,W 62ND AVE,6a7d3b45-f8cb-5c05-bcfa-d3b06d6509f4,"SW MARINE DR & W 62ND AVE, VANCOUVER",49.215141,-123.154422
VANCOUVER,SW MARINE DR,W 63RD AVE,1633efc6-a34d-58ef-b888-c067f54ed93d,"SW MARINE DR & W 63RD AVE, VANCOUVER",49.21387,-123.153136
VANCOUVER,SW MARINE DR,W 64TH AVE,14eb3811-5de8-517b-ac71-18333736334c,"SW MARINE DR & W 64TH AVE, VANCOUVER",49.212612,-123.151888
VANCOUVER,SW MARINE DR,W 70TH AVE,7d10a929-b4a7-5b50-9f49-076568402ded,"SW MARINE DR & W 70TH AVE, VANCOUVER",49.208266,-123.121586
VANCOUVER,SW MARINE DR,W 71ST AVE,67f542b8-45cd-5582-be79-e8f7e5ebc8f4,"SW MARINE DR & W 71ST AVE, VANCOUVER",49.207095,-123.142252
VANCOUVER,SW MARINE DR,W 73RD AVE,8a3cc316-7527-5fe2-b8a9-d3d9d1c7e630,"SW MARINE DR & W 73RD AVE, VANCOUVER",49.204349,-123.131605
VANCOUVER,SW MARINE DR,WALLACE PL,4085cdd6-da85-5e63-89cf-120c0ca2fcb6,"SW MARINE DR & WALLACE PL, VANCOUVER",49.232683,-123.190912
VANCOUVER,SW MARINE DR,WALLACE ST,e2ff7726-2966-5122-a3dc-e6a409b060c9,"SW MARINE DR & WALLACE ST, VANCOUVER",49.232683,-123.190912
VANCOUVER,SW MARINE DR,WILTSHIRE ST,874091b9-8bd0-51c4-a10b-edb6777253b9,"SW MARINE DR & WILTSHIRE ST, VANCOUVER",49.208608,-123.146432
VANCOUVER,SW MARINE DR,YEW ST,e240f4a2-219d-5c34-99d4-49825cc61073,"SW MARINE DR & YEW ST, VANCOUVER",49.222105,-123.159199
VANCOUVER,SW MARINE DR,YUKON ST,9303882f-2022-5948-8c50-f10ce5d9b648,"SW MARINE DR & YUKON ST, VANCOUVER",49.210898,-123.115222
VANCOUVER,SW MARINE DR OFFRAMP,W 75TH AVE,2f0319f8-58ba-5970-b231-5db8a2aebb55,"SW MARINE DR OFFRAMP & W 75TH AVE, VANCOUVER",49.202151,-123.134622
VANCOUVER,TALISMAN AVE,YUKON ST,d0a8b5ff-28da-51f1-9d5c-ed056e0fa95e,"TALISMAN AVE & YUKON ST, VANCOUVER",49.246989,-123.112278
VANCOUVER,TAYLOR ST,W PENDER ST,cdc8044a-82f2-5950-ba9d-1fea0e692792,"TAYLOR ST & W PENDER ST, VANCOUVER",49.280709,-123.105595
VANCOUVER,TECUMSEH AVE,THE CRESCENT,9a39901b-c36f-5df4-9ab3-649d752b4013,"TECUMSEH AVE & THE CRESCENT, VANCOUVER",49.256246,-123.134256
VANCOUVER,TECUMSEH AVE,W 16TH AVE,e20aaea0-a0aa-53a6-8c78-2d56693bd89f,"TECUMSEH AVE & W 16TH AVE, VANCOUVER",49.257106,-123.131803
VANCOUVER,TECUMSEH AVE,WOLFE AVE,4ff58d91-178b-5716-b0ab-ee33e2ad6607,"TECUMSEH AVE & WOLFE AVE, VANCOUVER",49.257106,-123.131803
VANCOUVER,TED NORTHE LANE,THURLOW ST,936b5395-3c12-5488-9f7f-c6fa03fd03e1,"TED NORTHE LANE & THURLOW ST, VANCOUVER",49.282882,-123.127448
VANCOUVER,TEMPLETON DR,TRIUMPH ST,3457b6c3-745e-5838-b092-94526350a434,"TEMPLETON DR & TRIUMPH ST, VANCOUVER",49.283913,-123.059712
VANCOUVER,TEMPLETON DR,TURNER ST,7cbc08a0-bea8-5186-84f4-a10488fbb642,"TEMPLETON DR & TURNER ST, VANCOUVER",49.279115,-123.059794
VANCOUVER,TEMPLETON DR,VENABLES ST,5ffec707-441e-5c57-8591-e2eada50ca68,"TEMPLETON DR & VENABLES ST, VANCOUVER",49.276605,-123.059833
VANCOUVER,TEMPLETON DR,WILLIAM ST,15ae0f1b-5be0-5965-b484-adba6de74906,"TEMPLETON DR & WILLIAM ST, VANCOUVER",49.273866,-123.059882
VANCOUVER,TERMINAL AVE,THORNTON ST,076f85ab-7bcc-543e-b35f-f4ac2496df65,"TERMINAL AVE & THORNTON ST, VANCOUVER",49.271672,-123.093346
VANCOUVER,TERMINAL AVE,WESTERN ST,2f93e132-914d-50e9-99ae-47e973c7f756,"TERMINAL AVE & WESTERN ST, VANCOUVER",49.272633,-123.099345
VANCOUVER,THORNHILL DR,VICTORIA DR,0ac0fa41-0d9a-5ff5-b81d-7100616ca956,"THORNHILL DR & VICTORIA DR, VANCOUVER",49.213233,-123.066055
VANCOUVER,THURLOW ST,W CORDOVA ST,575dbedb-61d9-5549-af21-aa97e2881cc3,"THURLOW ST & W CORDOVA ST, VANCOUVER",49.288368,-123.119115
VANCOUVER,THURLOW ST,W GEORGIA ST,5d365d99-69a7-5d75-8acd-926b294fe583,"THURLOW ST & W GEORGIA ST, VANCOUVER",49.285723,-123.123132
VANCOUVER,THURLOW ST,W HASTINGS ST,1c3c8560-8560-5b06-ab84-1ad0e4c03ac8,"THURLOW ST & W HASTINGS ST, VANCOUVER",49.28795,-123.119733
VANCOUVER,THURLOW ST,W PENDER ST,6fe7b4a4-c89d-5aff-b886-fbd5ad41e0f9,"THURLOW ST & W PENDER ST, VANCOUVER",49.287491,-123.120435
VANCOUVER,THURLOW ST,W WATERFRONT RD,5405d7e0-a690-514b-ac87-131a0e108447,"THURLOW ST & W WATERFRONT RD, VANCOUVER",49.288851,-123.118279
VANCOUVER,THURLOW ST,WATERFRONT RD,d4bb23dd-4fb1-5f58-ba5c-45a32025601b,"THURLOW ST & WATERFRONT RD, VANCOUVER",49.288851,-123.118279
VANCOUVER,TISDALL ST,W 42ND AVE,e12632eb-cf42-5610-8112-e469a9ffad03,"TISDALL ST & W 42ND AVE, VANCOUVER",49.232773,-123.122603
VANCOUVER,TISDALL ST,W 45TH AVE,7bc40d31-450e-58d3-9bf8-6e00dd32883b,"TISDALL ST & W 45TH AVE, VANCOUVER",49.229996,-123.121665
VANCOUVER,TISDALL ST,W 46TH AVE,729954f9-0b46-5340-aec4-a230eeafed01,"TISDALL ST & W 46TH AVE, VANCOUVER",49.229078,-123.121697
VANCOUVER,TISDALL ST,W 48TH AVE,be7092f6-2927-545a-af6a-b6b06e87b5e6,"TISDALL ST & W 48TH AVE, VANCOUVER",49.227258,-123.121758
VANCOUVER,TISDALL ST,W 49TH AVE,60ffb3ab-2c99-5af5-95a9-aed7ffc95028,"TISDALL ST & W 49TH AVE, VANCOUVER",49.22629,-123.121801
VANCOUVER,TISDALL ST,W 50TH AVE,560114dd-b689-5006-a063-505b6f6f45fb,"TISDALL ST & W 50TH AVE, VANCOUVER",49.225373,-123.120897
VANCOUVER,TISDALL ST,W 51ST AVE,fd8a8c22-a586-5f70-a56f-acda17bc6691,"TISDALL ST & W 51ST AVE, VANCOUVER",49.224473,-123.120922
VANCOUVER,TOLMIE ST,W 10TH AVE,a062b5a8-005d-5f0c-8b7b-dfab2c0d2c1e,"TOLMIE ST & W 10TH AVE, VANCOUVER",49.26388,-123.212129
VANCOUVER,TOLMIE ST,W 11TH AVE,084f38c5-4d5b-5a7f-b292-98626ef952a0,"TOLMIE ST & W 11TH AVE, VANCOUVER",49.262971,-123.212183
VANCOUVER,TOLMIE ST,W 13TH AVE,75dcca13-9b49-531e-ab2c-2adf0ccdf635,"TOLMIE ST & W 13TH AVE, VANCOUVER",49.261153,-123.212231
VANCOUVER,TOLMIE ST,W 14TH AVE,31e41940-0226-5e63-ad08-be32d718d4d8,"TOLMIE ST & W 14TH AVE, VANCOUVER",49.260249,-123.212257
VANCOUVER,TOLMIE ST,W 15TH AVE,fc0d9433-11d3-5e00-928d-206cd5af3501,"TOLMIE ST & W 15TH AVE, VANCOUVER",49.259337,-123.212294
VANCOUVER,TOLMIE ST,W 16TH AVE,33d35976-6874-5334-8eb1-8b350ae8a145,"TOLMIE ST & W 16TH AVE, VANCOUVER",49.258353,-123.212338
VANCOUVER,TOLMIE ST,W 3RD AVE,20dd96f5-2d17-5e5e-9084-2cd572e54f3a,"TOLMIE ST & W 3RD AVE, VANCOUVER",49.270232,-123.211902
VANCOUVER,TOLMIE ST,W 4TH AVE,949cccd7-84ce-54da-ac30-e336eb091167,"TOLMIE ST & W 4TH AVE, VANCOUVER",49.269061,-123.211945
VANCOUVER,TOLMIE ST,W 5TH AVE,2ec147d4-6c43-51b9-9d0c-cec6b254ee17,"TOLMIE ST & W 5TH AVE, VANCOUVER",49.26819,-123.211975
VANCOUVER,TOLMIE ST,W 6TH AVE,6dce78bd-322c-52c0-8400-2e84d9245a9c,"TOLMIE ST & W 6TH AVE, VANCOUVER",49.267324,-123.212007
VANCOUVER,TOLMIE ST,W 7TH AVE,d08de6cc-c13c-5274-b1a1-657224b73d23,"TOLMIE ST & W 7TH AVE, VANCOUVER",49.26648,-123.212037
VANCOUVER,TOLMIE ST,W 8TH AVE,ee822e72-0f99-56d8-bcdd-09e9b06e0c64,"TOLMIE ST & W 8TH AVE, VANCOUVER",49.26562,-123.212065
VANCOUVER,TRAFALGAR ST,W 10TH AVE,4838495c-04d1-5ae0-afc1-4836926133a4,"TRAFALGAR ST & W 10TH AVE, VANCOUVER",49.263072,-123.164695
VANCOUVER,TRAFALGAR ST,W 11TH AVE,7d00e8c9-0f16-5eae-8074-7e478aa4aebb,"TRAFALGAR ST & W 11TH AVE, VANCOUVER",49.262195,-123.164708
VANCOUVER,TRAFALGAR ST,W 12TH AVE,ba45bbf7-21e5-560c-8413-6c94d7b87678,"TRAFALGAR ST & W 12TH AVE, VANCOUVER",49.261187,-123.164778
VANCOUVER,TRAFALGAR ST,W 14TH AVE,328405d1-4a00-5347-a87d-64d962bea380,"TRAFALGAR ST & W 14TH AVE, VANCOUVER",49.259436,-123.164836
VANCOUVER,TRAFALGAR ST,W 15TH AVE,1ee05769-e4b7-51db-92f8-1d7c7e3695a8,"TRAFALGAR ST & W 15TH AVE, VANCOUVER",49.258507,-123.164881
VANCOUVER,TRAFALGAR ST,W 16TH AVE,84bf5d87-f793-5d37-b786-99ba8f1272c3,"TRAFALGAR ST & W 16TH AVE, VANCOUVER",49.257582,-123.164926
VANCOUVER,TRAFALGAR ST,W 18TH AVE,93af3d81-3482-5223-a347-e32ec0fccded,"TRAFALGAR ST & W 18TH AVE, VANCOUVER",49.256396,-123.165093
VANCOUVER,TRAFALGAR ST,W 19TH AVE,9aac0728-f461-5ef0-a9bc-52d1efad6114,"TRAFALGAR ST & W 19TH AVE, VANCOUVER",49.255486,-123.165128
VANCOUVER,TRAFALGAR ST,W 1ST AVE,3d405a92-1da7-594f-85ec-2fab31d8d99d,"TRAFALGAR ST & W 1ST AVE, VANCOUVER",49.271,-123.16446
VANCOUVER,TRAFALGAR ST,W 20TH AVE,e1d3634d-8264-5f31-ab8a-6fc703fd90d9,"TRAFALGAR ST & W 20TH AVE, VANCOUVER",49.254574,-123.165162
VANCOUVER,TRAFALGAR ST,W 21ST AVE,0d22cfe2-afd7-56ca-9283-51256daf1de9,"TRAFALGAR ST & W 21ST AVE, VANCOUVER",49.253679,-123.165196
VANCOUVER,TRAFALGAR ST,W 22ND AVE,da6db283-85fd-5054-a9c6-4e262fb72d86,"TRAFALGAR ST & W 22ND AVE, VANCOUVER",49.252758,-123.165229
VANCOUVER,TRAFALGAR ST,W 23RD AVE,d3fd48a8-80b2-584f-89a6-afa5bcbc3506,"TRAFALGAR ST & W 23RD AVE, VANCOUVER",49.251858,-123.165263
VANCOUVER,TRAFALGAR ST,W 24TH AVE,cb7a23ff-4a2c-55ec-9076-473f95ed9f18,"TRAFALGAR ST & W 24TH AVE, VANCOUVER",49.25097,-123.165252
VANCOUVER,TRAFALGAR ST,W 2ND AVE,7214c974-e955-526e-8cfb-d8486185bb21,"TRAFALGAR ST & W 2ND AVE, VANCOUVER",49.270085,-123.164479
VANCOUVER,TRAFALGAR ST,W 32ND AVE,4b6db42a-e052-588e-86f8-8508d5ed7277,"TRAFALGAR ST & W 32ND AVE, VANCOUVER",49.243233,-123.16556
VANCOUVER,TRAFALGAR ST,W 33RD AVE,ff7b5cc1-18df-55d8-a91a-d119d3e14733,"TRAFALGAR ST & W 33RD AVE, VANCOUVER",49.242298,-123.165589
VANCOUVER,TRAFALGAR ST,W 34TH AVE,10e507c0-4978-53d5-a869-7af1e66e4e9f,"TRAFALGAR ST & W 34TH AVE, VANCOUVER",49.241334,-123.165627
VANCOUVER,TRAFALGAR ST,W 36TH AVE,7acb6818-fbaf-5dfc-bc06-a3b2191585da,"TRAFALGAR ST & W 36TH AVE, VANCOUVER",49.23944,-123.165729
VANCOUVER,TRAFALGAR ST,W 37TH AVE,51388913-e208-522b-8619-174730440a16,"TRAFALGAR ST & W 37TH AVE, VANCOUVER",49.238495,-123.165765
VANCOUVER,TRAFALGAR ST,W 38TH AVE,41213e57-554d-5206-b1d6-26e6e55f7658,"TRAFALGAR ST & W 38TH AVE, VANCOUVER",49.23755,-123.165766
VANCOUVER,TRAFALGAR ST,W 39TH AVE,f0d65c58-05bf-5983-bbc1-cf318de3167b,"TRAFALGAR ST & W 39TH AVE, VANCOUVER",49.236612,-123.165826
VANCOUVER,TRAFALGAR ST,W 3RD AVE,d68e71ac-3e67-5379-8bbe-4304f92bad90,"TRAFALGAR ST & W 3RD AVE, VANCOUVER",49.269194,-123.164516
VANCOUVER,TRAFALGAR ST,W 41ST AVE,45204f52-d864-501b-abad-0dd22fb924aa,"TRAFALGAR ST & W 41ST AVE, VANCOUVER",49.234729,-123.165832
VANCOUVER,TRAFALGAR ST,W 43RD AVE,06ff37cd-5f6d-549e-97d8-1ab934eeab6f,"TRAFALGAR ST & W 43RD AVE, VANCOUVER",49.232877,-123.165812
VANCOUVER,TRAFALGAR ST,W 4TH AVE,e457abb3-35af-56b6-be34-353dd73ecc28,"TRAFALGAR ST & W 4TH AVE, VANCOUVER",49.268325,-123.164539
VANCOUVER,TRAFALGAR ST,W 5TH AVE,1281cd64-c94a-57ab-bd9b-c89b1957ada5,"TRAFALGAR ST & W 5TH AVE, VANCOUVER",49.267431,-123.164552
VANCOUVER,TRAFALGAR ST,W 6TH AVE,1271f3ad-0ad7-56ff-a6a1-1641d4202f02,"TRAFALGAR ST & W 6TH AVE, VANCOUVER",49.266582,-123.164581
VANCOUVER,TRAFALGAR ST,W 7TH AVE,12a76a4c-4488-5e87-b202-4b7b2baa3713,"TRAFALGAR ST & W 7TH AVE, VANCOUVER",49.265763,-123.164617
VANCOUVER,TRAFALGAR ST,W 8TH AVE,fd20fa0f-31cf-58b3-bd25-bc313ba5bd6e,"TRAFALGAR ST & W 8TH AVE, VANCOUVER",49.264917,-123.16464
VANCOUVER,TRAFALGAR ST,W BROADWAY,63282afc-e7eb-57af-b25f-188e4271bbab,"TRAFALGAR ST & W BROADWAY, VANCOUVER",49.26404,-123.164639
VANCOUVER,TRAFALGAR ST,W KING EDWARD AVE,edf0c67b-0135-5600-9ca4-f979f055fd63,"TRAFALGAR ST & W KING EDWARD AVE, VANCOUVER",49.248073,-123.165357
VANCOUVER,TRAFALGAR ST,YORK AVE,907726f5-a708-5e53-a80e-bf816dd67ae5,"TRAFALGAR ST & YORK AVE, VANCOUVER",49.271878,-123.164411
VANCOUVER,TRIMBLE ST,W 10TH AVE,6ae5e045-9477-5f93-b362-ccd65e9ef8dd,"TRIMBLE ST & W 10TH AVE, VANCOUVER",49.26379,-123.20609
VANCOUVER,TRIMBLE ST,W 11TH AVE,aa312f08-b99a-59b1-b8e7-496d0274ab64,"TRIMBLE ST & W 11TH AVE, VANCOUVER",49.262854,-123.206121
VANCOUVER,TRIMBLE ST,W 12TH AVE,3b8054cf-2e90-55bc-9159-8ad47e3d134f,"TRIMBLE ST & W 12TH AVE, VANCOUVER",49.261966,-123.206149
VANCOUVER,TRIMBLE ST,W 14TH AVE,6f3570d4-243f-5169-a8af-1cb877d5de86,"TRIMBLE ST & W 14TH AVE, VANCOUVER",49.260156,-123.20621
VANCOUVER,TRIMBLE ST,W 15TH AVE,10345428-752e-5bcb-87ef-ec07d69087b7,"TRIMBLE ST & W 15TH AVE, VANCOUVER",49.25924,-123.20624
VANCOUVER,TRIMBLE ST,W 16TH AVE,76ac5bc0-ab7b-57b6-907f-dbb80cfb2962,"TRIMBLE ST & W 16TH AVE, VANCOUVER",49.258246,-123.206272
VANCOUVER,TRIMBLE ST,W 3RD AVE,1c60af85-5bef-5e00-ac24-f50bd14943a8,"TRIMBLE ST & W 3RD AVE, VANCOUVER",49.270148,-123.205858
VANCOUVER,TRIMBLE ST,W 4TH AVE,3576111d-171d-57bc-8fe3-45fbca98160b,"TRIMBLE ST & W 4TH AVE, VANCOUVER",49.268904,-123.205903
VANCOUVER,TRIMBLE ST,W 5TH AVE,ecfd82f4-af9c-59bc-b7ef-c0b6ac1ad549,"TRIMBLE ST & W 5TH AVE, VANCOUVER",49.26809,-123.205923
VANCOUVER,TRIMBLE ST,W 6TH AVE,5e36090a-074e-57d6-8235-9ab5b4dd737a,"TRIMBLE ST & W 6TH AVE, VANCOUVER",49.267232,-123.205933
VANCOUVER,TRIMBLE ST,W 7TH AVE,609f1e4c-270f-5400-99f2-db704bc262c9,"TRIMBLE ST & W 7TH AVE, VANCOUVER",49.266396,-123.20597
VANCOUVER,TRIMBLE ST,W 8TH AVE,67a34148-a9a6-535c-a9c2-9bcf6c5305a3,"TRIMBLE ST & W 8TH AVE, VANCOUVER",49.265527,-123.206006
VANCOUVER,TRIMBLE ST,W 9TH AVE,1eacbf5f-bdcb-5054-a7ed-072cbac1ca45,"TRIMBLE ST & W 9TH AVE, VANCOUVER",49.264662,-123.206044
VANCOUVER,TRINITY ST,WALL ST,f48a85e6-72d9-5f4f-9f8c-f127b475e54c,"TRINITY ST & WALL ST, VANCOUVER",49.289679,-123.042151
VANCOUVER,TRIUMPH ST,VICTORIA DR,bb475b60-dc2e-534e-8154-71fa9c99ede6,"TRIUMPH ST & VICTORIA DR, VANCOUVER",49.283929,-123.065539
VANCOUVER,TRUTCH ST,W 10TH AVE,6c0cc22b-7fc5-590a-a569-dd66d142fc45,"TRUTCH ST & W 10TH AVE, VANCOUVER",49.26333,-123.17593
VANCOUVER,TRUTCH ST,W 11TH AVE,6cdbf216-3722-5593-afec-3dcabd556db9,"TRUTCH ST & W 11TH AVE, VANCOUVER",49.262397,-123.175969
VANCOUVER,TRUTCH ST,W 12TH AVE,b5bc6786-2e72-5901-9eec-8cd768bf3e47,"TRUTCH ST & W 12TH AVE, VANCOUVER",49.261502,-123.176
VANCOUVER,TRUTCH ST,W 15TH AVE,e268ff7f-3db6-5a96-964f-990696344d1a,"TRUTCH ST & W 15TH AVE, VANCOUVER",49.258781,-123.176107
VANCOUVER,TRUTCH ST,W 16TH AVE,4de896ce-41bb-5e3b-8f14-91487bb7ac07,"TRUTCH ST & W 16TH AVE, VANCOUVER",49.257868,-123.176148
VANCOUVER,TRUTCH ST,W 18TH AVE,906bf9ee-bd4d-5f1b-884e-e0396d737649,"TRUTCH ST & W 18TH AVE, VANCOUVER",49.256653,-123.175687
VANCOUVER,TRUTCH ST,W 1ST AVE,d7aaee92-e22e-5fad-89db-e865fea8a607,"TRUTCH ST & W 1ST AVE, VANCOUVER",49.271242,-123.175628
VANCOUVER,TRUTCH ST,W 2ND AVE,c29701de-688b-5e36-8cf6-ec86fca14fee,"TRUTCH ST & W 2ND AVE, VANCOUVER",49.270272,-123.175696
VANCOUVER,TRUTCH ST,W 3RD AVE,c8e54242-0e00-506f-aaec-9a8fe7e4338b,"TRUTCH ST & W 3RD AVE, VANCOUVER",49.269367,-123.17571
VANCOUVER,TRUTCH ST,W 4TH AVE,b5af0e42-f515-574e-9dff-d98945388b52,"TRUTCH ST & W 4TH AVE, VANCOUVER",49.268462,-123.175751
VANCOUVER,TRUTCH ST,W 5TH AVE,ea4f4b3e-3eb0-5ab2-b300-0bb5de9b47b5,"TRUTCH ST & W 5TH AVE, VANCOUVER",49.267599,-123.175801
VANCOUVER,TRUTCH ST,W 6TH AVE,e81734dd-4a53-5156-a424-274edf8d587e,"TRUTCH ST & W 6TH AVE, VANCOUVER",49.266754,-123.175834
VANCOUVER,TRUTCH ST,W 7TH AVE,4f0a597c-3227-594f-a1d9-f9fa22a626d6,"TRUTCH ST & W 7TH AVE, VANCOUVER",49.265891,-123.175866
VANCOUVER,TRUTCH ST,W 8TH AVE,ea06d886-55ff-56bc-b152-f61f8155ca6c,"TRUTCH ST & W 8TH AVE, VANCOUVER",49.265072,-123.1759
VANCOUVER,TRUTCH ST,W BROADWAY,31db342d-9ba9-5478-98bc-17f5ac80120d,"TRUTCH ST & W BROADWAY, VANCOUVER",49.264203,-123.1759
VANCOUVER,TUPPER ST,W 16TH AVE,478a133c-e2dc-5a83-91ab-08d194627ba3,"TUPPER ST & W 16TH AVE, VANCOUVER",49.256922,-123.116003
VANCOUVER,TUPPER ST,W 17TH AVE,3d7788f9-4466-546a-9e3e-33492c1ef670,"TUPPER ST & W 17TH AVE, VANCOUVER",49.256029,-123.11601
VANCOUVER,TUPPER ST,W 18TH AVE,e7fd3644-f0c1-5446-bdc7-6c096903157b,"TUPPER ST & W 18TH AVE, VANCOUVER",49.255066,-123.116019
VANCOUVER,TUPPER ST,W 19TH AVE,e31c3853-d2ac-5128-bd85-43f534862aab,"TUPPER ST & W 19TH AVE, VANCOUVER",49.254203,-123.116
VANCOUVER,TUPPER ST,W 20TH AVE,67475713-9129-5582-b629-101846002033,"TUPPER ST & W 20TH AVE, VANCOUVER",49.253283,-123.116051
VANCOUVER,TUPPER ST,W 21ST AVE,1c36edb7-a958-524c-83be-b2e5c8acfa78,"TUPPER ST & W 21ST AVE, VANCOUVER",49.2524,-123.116096
VANCOUVER,TUPPER ST,W 24TH AVE,68d0ddf4-9e11-51e7-8c14-d043b09a8f32,"TUPPER ST & W 24TH AVE, VANCOUVER",49.250028,-123.116209
VANCOUVER,TURNER ST,VICTORIA DR,b1b464e1-5c0f-5891-a333-5b224660ccc2,"TURNER ST & VICTORIA DR, VANCOUVER",49.279236,-123.065599
VANCOUVER,TURNER ST,WINDERMERE ST,f7e0c44d-5f0d-5927-aa62-2d2ee34eef2c,"TURNER ST & WINDERMERE ST, VANCOUVER",49.279074,-123.036211
VANCOUVER,UNION ST,VERNON DR,f35e53cb-76b8-5b81-9da6-5902c0b15db4,"UNION ST & VERNON DR, VANCOUVER",49.277303,-123.079281
VANCOUVER,UPLAND DR,VICTORIA DR,634a59ae-f5b0-5108-9038-c2a331f6232e,"UPLAND DR & VICTORIA DR, VANCOUVER",49.218049,-123.065932
VANCOUVER,VALLEY DR,W 18TH AVE,38ed4db0-0596-5604-8649-8d27298dcbb3,"VALLEY DR & W 18TH AVE, VANCOUVER",49.256382,-123.164105
VANCOUVER,VALLEY DR,W 21ST AVE,a3a88c70-1121-57db-9b8b-cec38a56cc8c,"VALLEY DR & W 21ST AVE, VANCOUVER",49.25363,-123.162076
VANCOUVER,VALLEY DR,W 22ND AVE,2a4bddf9-012b-5f65-be16-7d7e5fa68276,"VALLEY DR & W 22ND AVE, VANCOUVER",49.252706,-123.161403
VANCOUVER,VALLEY DR,W 30TH AVE,b4c176b6-6c2e-51bc-a81a-856fca52aca5,"VALLEY DR & W 30TH AVE, VANCOUVER",49.244767,-123.152372
VANCOUVER,VALLEY DR,W 33RD AVE,dff0a482-3538-5a1a-816f-dc0b6eb208b6,"VALLEY DR & W 33RD AVE, VANCOUVER",49.242052,-123.149436
VANCOUVER,VALLEY DR,W KING EDWARD AVE,008217d5-c48a-51f1-b74e-3536e7b664e7,"VALLEY DR & W KING EDWARD AVE, VANCOUVER",49.249762,-123.159291
VANCOUVER,VALLEY DR,YEW ST,348e40ee-117d-5974-8eec-7e2fc334901d,"VALLEY DR & YEW ST, VANCOUVER",49.245732,-123.154823
VANCOUVER,VANNESS AVE,WALKER ST,22da2e05-c59f-5903-ba3c-a43ce0c73d23,"VANNESS AVE & WALKER ST, VANCOUVER",49.24959,-123.059433
VANCOUVER,VENABLES ST,VERNON DR,ad794e27-5c04-5a0d-8086-49a3e3f795f9,"VENABLES ST & VERNON DR, VANCOUVER",49.276812,-123.079305
VANCOUVER,VENABLES ST,VICTORIA DR,fef4168d-2b29-578b-ad5e-42dc35c04ff9,"VENABLES ST & VICTORIA DR, VANCOUVER",49.276646,-123.065622
VANCOUVER,VENABLES ST,WOODLAND DR,08925c4d-05e6-58f0-a8d6-d045dacb2dc7,"VENABLES ST & WOODLAND DR, VANCOUVER",49.276714,-123.073338
VANCOUVER,VERNON DR,WILLIAM ST,bdcdc6ab-20dc-50a9-a838-ce900158b1e7,"VERNON DR & WILLIAM ST, VANCOUVER",49.274061,-123.078668
VANCOUVER,VICTORIA DIVERS,VICTORIA DR,0181df92-3a58-5862-9546-5ecaf5ea3bc4,"VICTORIA DIVERS & VICTORIA DR, VANCOUVER",49.252959,-123.066272
VANCOUVER,VICTORIA DR,WAVERLEY AVE,ffaf59e0-67ca-5398-9163-6cfd6f8abfba,"VICTORIA DR & WAVERLEY AVE, VANCOUVER",49.227185,-123.065667
VANCOUVER,VICTORIA DR,WILLIAM ST,75ff75a7-a032-5fa0-a1d9-d5b097ef5189,"VICTORIA DR & WILLIAM ST, VANCOUVER",49.273841,-123.065675
VANCOUVER,VINE ST,W 10TH AVE,d7b43b13-b076-540f-9d44-71be28c7995b,"VINE ST & W 10TH AVE, VANCOUVER",49.262931,-123.15767
VANCOUVER,VINE ST,W 12TH AVE,abcebae4-303f-5ab8-984c-14f921d122e6,"VINE ST & W 12TH AVE, VANCOUVER",49.261114,-123.157729
VANCOUVER,VINE ST,W 13TH AVE,0eb00be3-9761-532e-be45-40512b46a1f5,"VINE ST & W 13TH AVE, VANCOUVER",49.260154,-123.157788
VANCOUVER,VINE ST,W 14TH AVE,45215950-0094-5dbe-a885-f5a0cb98647d,"VINE ST & W 14TH AVE, VANCOUVER",49.259265,-123.157816
VANCOUVER,VINE ST,W 15TH AVE,574ec1d4-dd58-54f3-b6bb-813cef602107,"VINE ST & W 15TH AVE, VANCOUVER",49.258306,-123.157871
VANCOUVER,VINE ST,W 16TH AVE,2a4ed62f-7a7d-5adc-b60f-567e236b2ded,"VINE ST & W 16TH AVE, VANCOUVER",49.257354,-123.15791
VANCOUVER,VINE ST,W 18TH AVE,1d948321-7de0-5e24-888c-6b5e79f04d1a,"VINE ST & W 18TH AVE, VANCOUVER",49.256277,-123.157954
VANCOUVER,VINE ST,W 1ST AVE,8c852386-1b11-5c0c-92f8-847dd492bce3,"VINE ST & W 1ST AVE, VANCOUVER",49.27086,-123.157415
VANCOUVER,VINE ST,W 21ST AVE,ccc1980c-0d66-5746-bf82-7d0fda780e4c,"VINE ST & W 21ST AVE, VANCOUVER",49.253568,-123.158051
VANCOUVER,VINE ST,W 22ND AVE,57a7f7f8-b210-54c6-947e-e1657693e452,"VINE ST & W 22ND AVE, VANCOUVER",49.252661,-123.158083
VANCOUVER,VINE ST,W 2ND AVE,cb83f1a6-7f36-51a2-af72-820d101fd369,"VINE ST & W 2ND AVE, VANCOUVER",49.269974,-123.157444
VANCOUVER,VINE ST,W 34TH AVE,f13b6e47-c5a0-5a60-9b7b-20233da90953,"VINE ST & W 34TH AVE, VANCOUVER",49.241275,-123.159686
VANCOUVER,VINE ST,W 36TH AVE,01bb5d11-3361-51e6-b85b-a2fcbfb2bfff,"VINE ST & W 36TH AVE, VANCOUVER",49.239329,-123.159754
VANCOUVER,VINE ST,W 37TH AVE,cc917441-0d01-5343-a543-0c8b7b16854b,"VINE ST & W 37TH AVE, VANCOUVER",49.238369,-123.159792
VANCOUVER,VINE ST,W 39TH AVE,3301ec53-a7c3-5ab2-8f26-fb94098dfab1,"VINE ST & W 39TH AVE, VANCOUVER",49.236497,-123.159861
VANCOUVER,VINE ST,W 3RD AVE,78fdcae8-5d09-5836-bf9a-2e52b2678e0f,"VINE ST & W 3RD AVE, VANCOUVER",49.269092,-123.157474
VANCOUVER,VINE ST,W 41ST AVE,ee3aff7c-578e-5b22-9737-1f035c270813,"VINE ST & W 41ST AVE, VANCOUVER",49.234653,-123.159937
VANCOUVER,VINE ST,W 43RD AVE,3f52c992-7746-58b9-a2ef-e44518b9f0d5,"VINE ST & W 43RD AVE, VANCOUVER",49.232787,-123.159996
VANCOUVER,VINE ST,W 45TH AVE,094709fc-90e5-52a4-a527-dce8b86b9944,"VINE ST & W 45TH AVE, VANCOUVER",49.230935,-123.160071
VANCOUVER,VINE ST,W 47TH AVE,ab9c0f30-547b-578e-80f1-a2a67f5b1d7a,"VINE ST & W 47TH AVE, VANCOUVER",49.229079,-123.160113
VANCOUVER,VINE ST,W 49TH AVE,53139308-87d2-5018-a32f-d68b7f04b589,"VINE ST & W 49TH AVE, VANCOUVER",49.227221,-123.160143
VANCOUVER,VINE ST,W 4TH AVE,731450cc-805f-5342-87bf-095ccd44195d,"VINE ST & W 4TH AVE, VANCOUVER",49.268186,-123.157502
VANCOUVER,VINE ST,W 5TH AVE,a0fefea3-ba2b-5ee1-831c-794318987941,"VINE ST & W 5TH AVE, VANCOUVER",49.267337,-123.157547
VANCOUVER,VINE ST,W 6TH AVE,664131df-1c3f-5060-af9a-14aafd75eca8,"VINE ST & W 6TH AVE, VANCOUVER",49.266491,-123.157571
VANCOUVER,VINE ST,W 7TH AVE,d6f84d48-fe3c-5288-ace0-146eaf2a167b,"VINE ST & W 7TH AVE, VANCOUVER",49.265649,-123.157618
VANCOUVER,VINE ST,W 8TH AVE,7058b1af-1276-564a-8767-0a98e6785d2e,"VINE ST & W 8TH AVE, VANCOUVER",49.264814,-123.157634
VANCOUVER,VINE ST,W BROADWAY,5b56d4c9-4a4d-5b4a-954c-bcd187f2fa49,"VINE ST & W BROADWAY, VANCOUVER",49.2639,-123.157641
VANCOUVER,VINE ST,W KING EDWARD AVE,dd356210-9247-567d-aed8-297fd433fd4f,"VINE ST & W KING EDWARD AVE, VANCOUVER",49.250592,-123.156897
VANCOUVER,VINE ST,YORK AVE,d57fa103-bfc3-5e24-8664-60dfe0214cae,"VINE ST & YORK AVE, VANCOUVER",49.271725,-123.157388
VANCOUVER,W 10TH AVE,WALLACE CRES,c3a0b71f-ddf4-5931-b542-36c004493e7d,"W 10TH AVE & WALLACE CRES, VANCOUVER",49.263578,-123.190841
VANCOUVER,W 10TH AVE,WALLACE ST,8b2c1677-27ff-5194-9201-e41a067d2d06,"W 10TH AVE & WALLACE ST, VANCOUVER",49.263578,-123.190841
VANCOUVER,W 10TH AVE,WATERLOO ST,e7574356-c48b-5475-95d1-29b3213c19bd,"W 10TH AVE & WATERLOO ST, VANCOUVER",49.26339,-123.179842
VANCOUVER,W 10TH AVE,WILLOW ST,85874486-2f8d-5d1d-9c75-95407ee9659a,"W 10TH AVE & WILLOW ST, VANCOUVER",49.262359,-123.121734
VANCOUVER,W 10TH AVE,YEW ST,62f6f413-f880-56ca-8d04-ade4f2f5f057,"W 10TH AVE & YEW ST, VANCOUVER",49.262898,-123.155334
VANCOUVER,W 10TH AVE,YUKON ST,c06c6b58-01b7-5f82-85cd-32260323f64e,"W 10TH AVE & YUKON ST, VANCOUVER",49.262208,-123.112913
VANCOUVER,W 11TH AVE,WALLACE ST,3003f3d7-6a21-5503-9c8b-b05cd0bb0645,"W 11TH AVE & WALLACE ST, VANCOUVER",49.262624,-123.190878
VANCOUVER,W 11TH AVE,YEW ST,5839e0de-8daf-5f46-b680-4fdcc9b37d44,"W 11TH AVE & YEW ST, VANCOUVER",49.262005,-123.155364
VANCOUVER,W 11TH AVE,YUKON ST,efd3bbeb-7443-556f-834b-9c14057b5815,"W 11TH AVE & YUKON ST, VANCOUVER",49.261293,-123.11297
VANCOUVER,W 12TH AVE,WALLACE ST,4f6d3b69-46e1-58a4-9b77-cd714d42410d,"W 12TH AVE & WALLACE ST, VANCOUVER",49.261744,-123.19089
VANCOUVER,W 12TH AVE,WATERLOO ST,3147972e-ecbe-56cf-9842-42c7df4889e9,"W 12TH AVE & WATERLOO ST, VANCOUVER",49.261578,-123.179924
VANCOUVER,W 12TH AVE,WILLOW ST,ddbbd88c-b81c-5188-a8f4-335b282550d9,"W 12TH AVE & WILLOW ST, VANCOUVER",49.260523,-123.121951
VANCOUVER,W 12TH AVE,YEW ST,c228d1a1-bb5f-5432-9c73-059ae1d852b4,"W 12TH AVE & YEW ST, VANCOUVER",49.261035,-123.155419
VANCOUVER,W 12TH AVE,YUKON ST,7be4dd24-bba6-53a8-bdf0-2f5ed90b9847,"W 12TH AVE & YUKON ST, VANCOUVER",49.260384,-123.112987
VANCOUVER,W 13TH AVE,WALLACE ST,e11da775-5de9-5f80-94b0-f918bfbc90a7,"W 13TH AVE & WALLACE ST, VANCOUVER",49.260829,-123.190959
VANCOUVER,W 13TH AVE,WATERLOO ST,51f22a81-a09e-5869-a090-bace8b72bc6b,"W 13TH AVE & WATERLOO ST, VANCOUVER",49.260671,-123.179966
VANCOUVER,W 13TH AVE,WILLOW ST,e245c8ff-20ac-5574-a007-10b9a761e24e,"W 13TH AVE & WILLOW ST, VANCOUVER",49.259553,-123.121988
VANCOUVER,W 13TH AVE,YEW ST,43828141-2f81-57ee-8c4a-77f0f7280975,"W 13TH AVE & YEW ST, VANCOUVER",49.260099,-123.15547
VANCOUVER,W 13TH AVE,YUKON ST,0fdcbc46-11f9-5687-9ffc-d1d3aee72d2f,"W 13TH AVE & YUKON ST, VANCOUVER",49.259406,-123.113048
VANCOUVER,W 14TH AVE,WALLACE ST,9d3d28fc-7c30-581d-97b6-ed73d9df4f08,"W 14TH AVE & WALLACE ST, VANCOUVER",49.259923,-123.190996
VANCOUVER,W 14TH AVE,WILLOW ST,264beabe-a33a-501c-bb6d-30f681e7eb0c,"W 14TH AVE & WILLOW ST, VANCOUVER",49.258632,-123.12202
VANCOUVER,W 14TH AVE,YEW ST,5af1bff5-0dae-5db8-ad5b-a1f9e2c112e5,"W 14TH AVE & YEW ST, VANCOUVER",49.259206,-123.15547
VANCOUVER,W 14TH AVE,YUKON ST,e7fe2107-a933-503c-b00e-b3ad6d0e285e,"W 14TH AVE & YUKON ST, VANCOUVER",49.258701,-123.113076
VANCOUVER,W 15TH AVE,WALLACE ST,a84837a5-5dc3-5fe8-884c-fd98ec1f8d69,"W 15TH AVE & WALLACE ST, VANCOUVER",49.259005,-123.191035
VANCOUVER,W 15TH AVE,WILLOW ST,88b45484-92e6-51be-98a0-abfe6c7a0b42,"W 15TH AVE & WILLOW ST, VANCOUVER",49.257731,-123.122051
VANCOUVER,W 15TH AVE,WOLFE AVE,8bb32567-0d00-5e03-826d-c4ccc00aeb1f,"W 15TH AVE & WOLFE AVE, VANCOUVER",49.257788,-123.133611
VANCOUVER,W 15TH AVE,YEW ST,7b674dbb-d22a-5e24-bfbd-8f29957a2c0a,"W 15TH AVE & YEW ST, VANCOUVER",49.258244,-123.155505
VANCOUVER,W 15TH AVE,YUKON ST,9a87fa7e-3157-55c9-8a6f-661a86192ad4,"W 15TH AVE & YUKON ST, VANCOUVER",49.257795,-123.113096
VANCOUVER,W 16TH AVE,WALLACE ST,f15d2f07-e841-5146-9f11-962b152d2926,"W 16TH AVE & WALLACE ST, VANCOUVER",49.257992,-123.190978
VANCOUVER,W 16TH AVE,WATERLOO ST,ee0d1ce4-76e3-5cf0-b3b4-fd59ef7e42fe,"W 16TH AVE & WATERLOO ST, VANCOUVER",49.257949,-123.180049
VANCOUVER,W 16TH AVE,WILLOW ST,05818211-7fcd-58be-a210-714958dfd67d,"W 16TH AVE & WILLOW ST, VANCOUVER",49.257027,-123.122031
VANCOUVER,W 16TH AVE,WOLFE AVE,2304a13c-1cac-548d-a1e2-abe80907a91f,"W 16TH AVE & WOLFE AVE, VANCOUVER",49.257106,-123.131803
VANCOUVER,W 16TH AVE,YEW ST,269bac45-5f7a-5ab3-975d-3208d9ac2a4b,"W 16TH AVE & YEW ST, VANCOUVER",49.257334,-123.155543
VANCOUVER,W 16TH AVE,YUKON ST,076b49e5-6e92-572e-a880-acbc6836cad9,"W 16TH AVE & YUKON ST, VANCOUVER",49.256827,-123.113172
VANCOUVER,W 17TH AVE,WALLACE ST,1f57f44d-cf9f-5413-b11d-7c4a3734597b,"W 17TH AVE & WALLACE ST, VANCOUVER",49.257439,-123.190789
VANCOUVER,W 17TH AVE,WILLOW ST,0fcadc85-b134-5ffd-95fc-8f901b91e685,"W 17TH AVE & WILLOW ST, VANCOUVER",49.25615,-123.122062
VANCOUVER,W 17TH AVE,YUKON ST,6a3914e9-ffff-5aec-93cb-b20d19c46f28,"W 17TH AVE & YUKON ST, VANCOUVER",49.255798,-123.112533
VANCOUVER,W 18TH AVE,WALLACE ST,1b9841d3-27d3-5ac2-9571-7abb1f61741f,"W 18TH AVE & WALLACE ST, VANCOUVER",49.256498,-123.190798
VANCOUVER,W 18TH AVE,YEW ST,2d4fac63-0146-5dc1-95e2-5cefce58e4fa,"W 18TH AVE & YEW ST, VANCOUVER",49.256246,-123.155582
VANCOUVER,W 18TH AVE,YUKON ST,1970398d-0e4a-5fc3-bc81-1458cb54dd7e,"W 18TH AVE & YUKON ST, VANCOUVER",49.254815,-123.112581
VANCOUVER,W 19TH AVE,WALLACE ST,cf1a71ca-a92d-50c8-a818-b9ac7ef7edeb,"W 19TH AVE & WALLACE ST, VANCOUVER",49.255584,-123.190807
VANCOUVER,W 19TH AVE,WILLOW ST,b183a7c0-e983-53a0-907e-f663dba4567b,"W 19TH AVE & WILLOW ST, VANCOUVER",49.254323,-123.122139
VANCOUVER,W 19TH AVE,YUKON ST,c4899b85-a6d2-56d1-9660-4097836734b1,"W 19TH AVE & YUKON ST, VANCOUVER",49.253906,-123.112623
VANCOUVER,W 1ST AVE,WALLACE ST,03b2bbc5-b2e7-5baa-9fa2-95e8a6ddd293,"W 1ST AVE & WALLACE ST, VANCOUVER",49.271376,-123.189479
VANCOUVER,W 1ST AVE,WATERLOO ST,487ee7c1-00ca-5094-a205-a9f2473b944d,"W 1ST AVE & WATERLOO ST, VANCOUVER",49.271219,-123.179603
VANCOUVER,W 1ST AVE,WYLIE ST,41fb6674-26c0-5ae7-b6a9-839123c62a79,"W 1ST AVE & WYLIE ST, VANCOUVER",49.268258,-123.113979
VANCOUVER,W 1ST AVE,YEW ST,8816aa06-9cc4-5dd2-8075-45bf209abf74,"W 1ST AVE & YEW ST, VANCOUVER",49.270821,-123.155043
VANCOUVER,W 20TH AVE,WALLACE ST,8d4092ac-3ff0-56e0-b4d7-b17d505ad312,"W 20TH AVE & WALLACE ST, VANCOUVER",49.254693,-123.190791
VANCOUVER,W 20TH AVE,WILLOW ST,7cb3c6bb-9138-5890-857a-676e30bb2b17,"W 20TH AVE & WILLOW ST, VANCOUVER",49.253437,-123.12218
VANCOUVER,W 20TH AVE,YEW ST,5efabf6e-1f85-5898-9e21-909051bf35f1,"W 20TH AVE & YEW ST, VANCOUVER",49.254437,-123.155652
VANCOUVER,W 20TH AVE,YUKON ST,25807260-e1e2-5f59-9ea9-4e6be68eb49f,"W 20TH AVE & YUKON ST, VANCOUVER",49.252898,-123.11267
VANCOUVER,W 21ST AVE,YUKON ST,cef885c5-39c5-594b-a5a0-88f2e8cc69f8,"W 21ST AVE & YUKON ST, VANCOUVER",49.252013,-123.11271
VANCOUVER,W 22ND AVE,WALLACE ST,80366c7e-aa85-5e3f-b73c-f1bf78104997,"W 22ND AVE & WALLACE ST, VANCOUVER",49.252879,-123.190832
VANCOUVER,W 22ND AVE,WILLOW ST,9496d906-c08a-5d94-bd0d-5651b768eb12,"W 22ND AVE & WILLOW ST, VANCOUVER",49.251623,-123.122215
VANCOUVER,W 22ND AVE,YEW ST,e054131c-ab06-5eb0-b8ec-777ab053240c,"W 22ND AVE & YEW ST, VANCOUVER",49.252629,-123.155722
VANCOUVER,W 22ND AVE,YUKON ST,c413d75c-64ed-585c-8140-da315ce32f05,"W 22ND AVE & YUKON ST, VANCOUVER",49.251113,-123.112753
VANCOUVER,W 23RD AVE,W KING EDWARD AVE,a60cfa3b-8088-52a1-874d-e2b57f677ec3,"W 23RD AVE & W KING EDWARD AVE, VANCOUVER",49.251648,-123.154569
VANCOUVER,W 23RD AVE,WALLACE ST,4ffbdc00-96fd-535a-bbf2-96c2aa3a466e,"W 23RD AVE & WALLACE ST, VANCOUVER",49.251965,-123.190836
VANCOUVER,W 23RD AVE,WILLOW ST,b2c217af-4e3d-550d-a869-1a558b9d1e26,"W 23RD AVE & WILLOW ST, VANCOUVER",49.250719,-123.122254
VANCOUVER,W 23RD AVE,YUKON ST,f58fa942-7cdd-509b-aca0-8a7dee1e149d,"W 23RD AVE & YUKON ST, VANCOUVER",49.250069,-123.1128
VANCOUVER,W 24TH AVE,WALLACE ST,53ec3a08-2283-5e34-9937-021ac08b9ff2,"W 24TH AVE & WALLACE ST, VANCOUVER",49.251076,-123.190845
VANCOUVER,W 24TH AVE,WILLOW ST,3d63214f-50bf-54eb-a88f-51790ac6b31e,"W 24TH AVE & WILLOW ST, VANCOUVER",49.250117,-123.12229
VANCOUVER,W 25TH AVE,YUKON ST,0cf4bf4a-77a3-506b-b286-080cd3739307,"W 25TH AVE & YUKON ST, VANCOUVER",49.249006,-123.112853
VANCOUVER,W 26TH AVE,WALLACE ST,4bbb7405-ac1d-5b4e-9f50-d11d7cc18dcf,"W 26TH AVE & WALLACE ST, VANCOUVER",49.249034,-123.190874
VANCOUVER,W 26TH AVE,WILLOW ST,e3d2eede-90c8-575a-a4aa-02f342825e2e,"W 26TH AVE & WILLOW ST, VANCOUVER",49.248067,-123.122373
VANCOUVER,W 26TH AVE,YUKON ST,c16ceb2d-cb01-5bea-95f9-61a747044dcf,"W 26TH AVE & YUKON ST, VANCOUVER",49.247879,-123.112236
VANCOUVER,W 27TH AVE,WALLACE ST,9260fbe1-bccb-5204-82e6-df59d7fac00a,"W 27TH AVE & WALLACE ST, VANCOUVER",49.248098,-123.190881
VANCOUVER,W 27TH AVE,WILLOW ST,9745f46e-dd05-567f-8caf-78c587f9d3ad,"W 27TH AVE & WILLOW ST, VANCOUVER",49.247141,-123.122406
VANCOUVER,W 28TH AVE,WILLOW ST,cb1387fa-95e7-53b1-9229-0fe63a2c863c,"W 28TH AVE & WILLOW ST, VANCOUVER",49.246226,-123.122439
VANCOUVER,W 28TH AVE,YUKON ST,4557da0c-9b8d-5aa8-a554-c25c4cf3fecd,"W 28TH AVE & YUKON ST, VANCOUVER",49.246044,-123.112319
VANCOUVER,W 29TH AVE,WALLACE ST,3c4fee1a-9fce-5d7c-ae74-ba61b85ade1d,"W 29TH AVE & WALLACE ST, VANCOUVER",49.246186,-123.190894
VANCOUVER,W 29TH AVE,YUKON ST,751df78e-ce7e-5c17-b8ba-578711d795fe,"W 29TH AVE & YUKON ST, VANCOUVER",49.245104,-123.112364
VANCOUVER,W 2ND AVE,W 3RD AVE,970b97f3-e76f-557f-a911-ab4b096ab0f2,"W 2ND AVE & W 3RD AVE, VANCOUVER",49.268397,-123.111203
VANCOUVER,W 2ND AVE,W 5TH AVE,d9708474-e611-5833-aa90-5b0963010b94,"W 2ND AVE & W 5TH AVE, VANCOUVER",49.266821,-123.114345
VANCOUVER,W 2ND AVE,WALLACE ST,ef513647-0597-5eb8-98b5-1cabdfd90dc6,"W 2ND AVE & WALLACE ST, VANCOUVER",49.270093,-123.189509
VANCOUVER,W 2ND AVE,WYLIE ST,eff3d266-6e11-5ab0-a89a-86de66a93d2e,"W 2ND AVE & WYLIE ST, VANCOUVER",49.267507,-123.113031
VANCOUVER,W 2ND AVE,YEW ST,85a73c6c-2cd3-5031-9d0a-724ff9715b02,"W 2ND AVE & YEW ST, VANCOUVER",49.269938,-123.155074
VANCOUVER,W 2ND AVE,YUKON ST,79dec7ab-dc59-5ab2-b688-b1ea0ce606cf,"W 2ND AVE & YUKON ST, VANCOUVER",49.267587,-123.112702
VANCOUVER,W 30TH AVE,WALLACE ST,a188bd59-7e4f-528c-9be8-e52224b34e70,"W 30TH AVE & WALLACE ST, VANCOUVER",49.245243,-123.1909
VANCOUVER,W 31ST AVE,WALLACE ST,49c5370e-6bb4-5879-ae01-f23dba6bff7b,"W 31ST AVE & WALLACE ST, VANCOUVER",49.244288,-123.190907
VANCOUVER,W 32ND AVE,WALLACE ST,d5ab3d9e-91ce-5cfb-b605-3697e62e9db9,"W 32ND AVE & WALLACE ST, VANCOUVER",49.243346,-123.190914
VANCOUVER,W 32ND AVE,WILLOW ST,deba54f3-973d-5a01-b5b6-aff8f64f8f37,"W 32ND AVE & WILLOW ST, VANCOUVER",49.24234,-123.123589
VANCOUVER,W 32ND AVE,YEW ST,7157abb7-6611-5fd1-8643-bd3e72c836fa,"W 32ND AVE & YEW ST, VANCOUVER",49.243057,-123.155527
VANCOUVER,W 33RD AVE,WALLACE ST,19202767-a85b-52f8-b171-d1a64a2a0e31,"W 33RD AVE & WALLACE ST, VANCOUVER",49.242427,-123.190922
VANCOUVER,W 33RD AVE,WILLOW ST,13eb09b9-7ee4-5996-a970-26eefa41d988,"W 33RD AVE & WILLOW ST, VANCOUVER",49.241281,-123.123629
VANCOUVER,W 33RD AVE,YEW ST,445208a4-4c45-560b-ba9f-a65b735a7f5f,"W 33RD AVE & YEW ST, VANCOUVER",49.242172,-123.157406
VANCOUVER,W 35TH AVE,WALLACE ST,38849da0-7eac-5159-9c00-59fa63664385,"W 35TH AVE & WALLACE ST, VANCOUVER",49.240495,-123.19094
VANCOUVER,W 35TH AVE,WILLOW ST,1cde05db-9282-594a-8392-662dd38d2388,"W 35TH AVE & WILLOW ST, VANCOUVER",49.239395,-123.123687
VANCOUVER,W 36TH AVE,WALLACE ST,f2ebb243-6e25-5b96-a4e0-e389367b8626,"W 36TH AVE & WALLACE ST, VANCOUVER",49.239533,-123.190941
VANCOUVER,W 36TH AVE,YEW ST,b6260800-0e0c-5a4f-801e-300720207dad,"W 36TH AVE & YEW ST, VANCOUVER",49.239289,-123.158125
VANCOUVER,W 37TH AVE,WALLACE ST,dc661c44-8f94-5fcc-88f6-8a75935532a0,"W 37TH AVE & WALLACE ST, VANCOUVER",49.238594,-123.190945
VANCOUVER,W 37TH AVE,WEST BOULEVARD,fac25484-ae4e-5316-b63d-dcfd2d979b37,"W 37TH AVE & WEST BOULEVARD, VANCOUVER",49.238291,-123.155447
VANCOUVER,W 37TH AVE,WILLOW ST,6b458801-6b0e-5af1-aa09-64a359de347f,"W 37TH AVE & WILLOW ST, VANCOUVER",49.237514,-123.123758
VANCOUVER,W 37TH AVE,YEW ST,65458b04-0a75-5875-b423-5b9ee1f50714,"W 37TH AVE & YEW ST, VANCOUVER",49.238343,-123.158396
VANCOUVER,W 38TH AVE,WEST BOULEVARD,7a439f3c-625c-52ad-9b99-7c5896e01b62,"W 38TH AVE & WEST BOULEVARD, VANCOUVER",49.237316,-123.155479
VANCOUVER,W 38TH AVE,WILLOW ST,e133849f-54c0-5b6b-8851-f31b6bb2fdb1,"W 38TH AVE & WILLOW ST, VANCOUVER",49.236617,-123.12377
VANCOUVER,W 38TH AVE,YEW ST,ba0a7ddf-5b30-5109-b2f7-b8239a776a6c,"W 38TH AVE & YEW ST, VANCOUVER",49.237362,-123.158435
VANCOUVER,W 39TH AVE,WALLACE ST,f48343b4-02d7-55d2-88b4-c1d61dfc4700,"W 39TH AVE & WALLACE ST, VANCOUVER",49.236438,-123.1909
VANCOUVER,W 39TH AVE,WEST BLVD,98158944-705f-53cd-8323-cabb8620b404,"W 39TH AVE & WEST BLVD, VANCOUVER",49.236433,-123.155513
VANCOUVER,W 39TH AVE,WEST BOULEVARD,b6f6419f-51f9-5c1f-b132-259263a8bc6b,"W 39TH AVE & WEST BOULEVARD, VANCOUVER",49.236433,-123.155513
VANCOUVER,W 39TH AVE,WILLOW ST,a570b2be-0240-52d6-bc07-d9b38ef07f6d,"W 39TH AVE & WILLOW ST, VANCOUVER",49.23566,-123.123792
VANCOUVER,W 39TH AVE,YEW ST,7053fad0-3b99-56f1-ae3f-e5b2268e5f23,"W 39TH AVE & YEW ST, VANCOUVER",49.236476,-123.158473
VANCOUVER,W 3RD AVE,WATERLOO ST,cb08b39a-53b1-55d7-ab25-844f2ad85828,"W 3RD AVE & WATERLOO ST, VANCOUVER",49.269431,-123.179666
VANCOUVER,W 3RD AVE,YEW ST,8665ed6c-c2b4-5450-a367-5049a80f9f12,"W 3RD AVE & YEW ST, VANCOUVER",49.269057,-123.155106
VANCOUVER,W 40TH AVE,WEST BOULEVARD,8e0e8e55-cee9-5304-b562-1cd5d376a39e,"W 40TH AVE & WEST BOULEVARD, VANCOUVER",49.235567,-123.15554
VANCOUVER,W 40TH AVE,YEW ST,95781d46-f0a2-5ad4-8092-51f9bd1ae0d3,"W 40TH AVE & YEW ST, VANCOUVER",49.235592,-123.158509
VANCOUVER,W 41ST AVE,WALLACE ST,fe4f161c-88ba-5c17-ae52-7f98b5f288a4,"W 41ST AVE & WALLACE ST, VANCOUVER",49.234777,-123.190918
VANCOUVER,W 41ST AVE,WEST BLVD,c88d338d-0ae0-5f84-afe0-fd570e3900bb,"W 41ST AVE & WEST BLVD, VANCOUVER",49.234583,-123.155541
VANCOUVER,W 41ST AVE,WEST BOULEVARD,3c91626b-0463-50e4-8944-8dde8e9df799,"W 41ST AVE & WEST BOULEVARD, VANCOUVER",49.234583,-123.155541
VANCOUVER,W 41ST AVE,WILLOW ST,d297aefb-f307-5d65-97df-f24d680b0325,"W 41ST AVE & WILLOW ST, VANCOUVER",49.233812,-123.123875
VANCOUVER,W 41ST AVE,WILTSHIRE ST,c966ba61-1158-56e5-a7a8-a5a694e9e448,"W 41ST AVE & WILTSHIRE ST, VANCOUVER",49.234439,-123.146299
VANCOUVER,W 41ST AVE,YEW ST,5eea82d5-dcf2-5186-bae1-b541c5eec673,"W 41ST AVE & YEW ST, VANCOUVER",49.234628,-123.158501
VANCOUVER,W 42ND AVE,WEST BOULEVARD,d1b6ff3d-f169-5d89-be74-1b112995a39f,"W 42ND AVE & WEST BOULEVARD, VANCOUVER",49.23358,-123.155564
VANCOUVER,W 42ND AVE,WILLOW ST,cd2fa7ea-86cc-5477-a6b3-ed0e30fc362d,"W 42ND AVE & WILLOW ST, VANCOUVER",49.23288,-123.123901
VANCOUVER,W 42ND AVE,YEW ST,eec23406-5876-5972-8e83-20dc7b8ac711,"W 42ND AVE & YEW ST, VANCOUVER",49.233657,-123.158533
VANCOUVER,W 43RD AVE,WEST BOULEVARD,671d7d6c-f03e-5dac-8c56-1b65e905ddd7,"W 43RD AVE & WEST BOULEVARD, VANCOUVER",49.232708,-123.155645
VANCOUVER,W 43RD AVE,YEW ST,0bcdb060-7943-543f-a5a6-ad679bb43824,"W 43RD AVE & YEW ST, VANCOUVER",49.232758,-123.158563
VANCOUVER,W 44TH AVE,WEST BOULEVARD,139f561e-68db-5537-8245-4e168c5f32b8,"W 44TH AVE & WEST BOULEVARD, VANCOUVER",49.23183,-123.155675
VANCOUVER,W 44TH AVE,YEW ST,7491f59c-1839-5bf7-9b84-71b65a237a7c,"W 44TH AVE & YEW ST, VANCOUVER",49.231883,-123.158617
VANCOUVER,W 45TH AVE,WEST BLVD,692756ad-44dc-5920-ac34-d5d01e0572eb,"W 45TH AVE & WEST BLVD, VANCOUVER",49.230864,-123.155707
VANCOUVER,W 45TH AVE,WEST BOULEVARD,eedd64e7-67d5-555d-a5aa-4988943b93b1,"W 45TH AVE & WEST BOULEVARD, VANCOUVER",49.230864,-123.155707
VANCOUVER,W 45TH AVE,YEW ST,592857e8-1b5a-5cac-8994-27352bdb86e4,"W 45TH AVE & YEW ST, VANCOUVER",49.230912,-123.158649
VANCOUVER,W 46TH AVE,WEST BOULEVARD,334671cf-d02b-55b6-9152-a074397f7bce,"W 46TH AVE & WEST BOULEVARD, VANCOUVER",49.22988,-123.155761
VANCOUVER,W 46TH AVE,WILLOW ST,2fec2a55-ed5a-5e10-95de-99cf52dc0308,"W 46TH AVE & WILLOW ST, VANCOUVER",49.229137,-123.123409
VANCOUVER,W 46TH AVE,YEW ST,d4e2e828-4e1f-5937-8695-cfdb8d58cd08,"W 46TH AVE & YEW ST, VANCOUVER",49.229929,-123.158679
VANCOUVER,W 46TH AVE,YUKON ST,7d09c775-f339-5042-a801-642edabfa9ef,"W 46TH AVE & YUKON ST, VANCOUVER",49.228762,-123.114626
VANCOUVER,W 47TH AVE,WEST BOULEVARD,7fd0c364-de74-50f6-9909-a98804c30cbf,"W 47TH AVE & WEST BOULEVARD, VANCOUVER",49.229011,-123.155817
VANCOUVER,W 47TH AVE,WILTSHIRE ST,013f8920-ffd7-57fa-b747-448d4b27a994,"W 47TH AVE & WILTSHIRE ST, VANCOUVER",49.228866,-123.146516
VANCOUVER,W 47TH AVE,YEW ST,30a80dfa-5475-57fa-88cf-bbb5ecfef653,"W 47TH AVE & YEW ST, VANCOUVER",49.229061,-123.158732
VANCOUVER,W 48TH AVE,WEST BLVD,d464d9ff-51fb-591d-b165-d0f19572f166,"W 48TH AVE & WEST BLVD, VANCOUVER",49.228118,-123.155642
VANCOUVER,W 48TH AVE,WEST BOULEVARD,f11251d7-1d7c-5b53-ad23-107c993cc097,"W 48TH AVE & WEST BOULEVARD, VANCOUVER",49.228118,-123.155642
VANCOUVER,W 48TH AVE,YEW ST,be0702b7-7325-5480-a338-2e21e740efdb,"W 48TH AVE & YEW ST, VANCOUVER",49.228156,-123.158763
VANCOUVER,W 48TH AVE,YUKON ST,cbf3c12c-5c8b-51f5-b9eb-0c702924111c,"W 48TH AVE & YUKON ST, VANCOUVER",49.226936,-123.11463
VANCOUVER,W 49TH AVE,WEST BOULEVARD,5d063ff7-1c2e-5b79-8c63-32740735967f,"W 49TH AVE & WEST BOULEVARD, VANCOUVER",49.227157,-123.155104
VANCOUVER,W 49TH AVE,WILTSHIRE ST,db65ca6f-b8d1-58f0-b66a-a3a0c4c32a08,"W 49TH AVE & WILTSHIRE ST, VANCOUVER",49.227051,-123.146586
VANCOUVER,W 49TH AVE,YEW ST,9892c6c9-0b1b-506b-9cc7-a0a06f85a646,"W 49TH AVE & YEW ST, VANCOUVER",49.227203,-123.15881
VANCOUVER,W 4TH AVE,W 6TH AVE,1f592991-d99d-54e3-93da-d1509d31f3bc,"W 4TH AVE & W 6TH AVE, VANCOUVER",49.266184,-123.133618
VANCOUVER,W 4TH AVE,WALLACE ST,afe276d5-69b6-5bec-ba0c-93160454e4e4,"W 4TH AVE & WALLACE ST, VANCOUVER",49.268667,-123.190655
VANCOUVER,W 4TH AVE,WATERLOO ST,5800202d-12d8-51a8-9a2f-b2592f1e1ab9,"W 4TH AVE & WATERLOO ST, VANCOUVER",49.268535,-123.17971
VANCOUVER,W 4TH AVE,WEST POINT PL,b12fe6ad-12de-57c5-a6e5-f8f2da3139d1,"W 4TH AVE & WEST POINT PL, VANCOUVER",49.268577,-123.204507
VANCOUVER,W 4TH AVE,YEW ST,748c6d19-ed67-50ef-b88a-fa474455a88b,"W 4TH AVE & YEW ST, VANCOUVER",49.268152,-123.155141
VANCOUVER,W 4TH AVE,YUKON ST,ee5d0b4a-c412-5642-b149-ebe6a55120e2,"W 4TH AVE & YUKON ST, VANCOUVER",49.267587,-123.112702
VANCOUVER,W 51ST AVE,WEST BOULEVARD,0aab2c32-070b-530b-9157-000b8e3655ae,"W 51ST AVE & WEST BOULEVARD, VANCOUVER",49.224956,-123.153986
VANCOUVER,W 51ST AVE,YEW ST,ca276bc4-fd80-5342-99e8-83a45ba0e4a1,"W 51ST AVE & YEW ST, VANCOUVER",49.225025,-123.158979
VANCOUVER,W 52ND AVE,WILTSHIRE ST,438d15ba-d162-5455-a0c3-f8956bce979f,"W 52ND AVE & WILTSHIRE ST, VANCOUVER",49.22416,-123.146691
VANCOUVER,W 57TH AVE,WEST BLVD,e6f9cf25-0af5-5a18-9115-f318357acc08,"W 57TH AVE & WEST BLVD, VANCOUVER",49.21948,-123.15051
VANCOUVER,W 57TH AVE,WEST BOULEVARD,a0d5b0d5-a940-5637-8d72-088a5387c10c,"W 57TH AVE & WEST BOULEVARD, VANCOUVER",49.21948,-123.15051
VANCOUVER,W 57TH AVE,WILTSHIRE ST,95d5edfe-08b2-52fa-aa0b-4503773708a5,"W 57TH AVE & WILTSHIRE ST, VANCOUVER",49.219436,-123.146803
VANCOUVER,W 57TH AVE,YEW ST,f663807f-a850-5fe5-8ead-cd3fee357872,"W 57TH AVE & YEW ST, VANCOUVER",49.219535,-123.158542
VANCOUVER,W 59TH AVE,YUKON ST,f0606eac-ed22-577a-a096-eddc822f33ab,"W 59TH AVE & YUKON ST, VANCOUVER",49.216925,-123.115385
VANCOUVER,W 5TH AVE,WATERLOO ST,cc17f765-6f94-509c-972f-2b266c262828,"W 5TH AVE & WATERLOO ST, VANCOUVER",49.267664,-123.179751
VANCOUVER,W 5TH AVE,YEW ST,cb2d9c30-b5f9-5542-96d5-dd1e128e0d11,"W 5TH AVE & YEW ST, VANCOUVER",49.267289,-123.155184
VANCOUVER,W 5TH AVE,YUKON ST,11b1b3d2-9e21-557b-b370-2d48dcebee62,"W 5TH AVE & YUKON ST, VANCOUVER",49.266634,-123.112745
VANCOUVER,W 60TH AVE,WEST BOULEVARD,120630e7-ee80-5c07-baea-0bcbc4bac411,"W 60TH AVE & WEST BOULEVARD, VANCOUVER",49.21715,-123.149116
VANCOUVER,W 62ND AVE,YUKON ST,64e40704-d2e7-540c-a124-5ed0e1ada92f,"W 62ND AVE & YUKON ST, VANCOUVER",49.214094,-123.115486
VANCOUVER,W 63RD AVE,YUKON ST,9eb506bb-41df-58c9-ab6b-4da4fdbc325c,"W 63RD AVE & YUKON ST, VANCOUVER",49.213171,-123.114638
VANCOUVER,W 64TH AVE,YUKON ST,3a50ae09-0c62-5ece-937d-f92ca5be39e2,"W 64TH AVE & YUKON ST, VANCOUVER",49.212255,-123.114674
VANCOUVER,W 69TH AVE,WILTSHIRE ST,7e833b51-3397-5e99-8d70-8c1e09fa11b2,"W 69TH AVE & WILTSHIRE ST, VANCOUVER",49.209575,-123.146394
VANCOUVER,W 6TH AVE,WATERLOO ST,12c34ad1-73f5-51ce-9fde-c93850b08013,"W 6TH AVE & WATERLOO ST, VANCOUVER",49.266822,-123.179787
VANCOUVER,W 6TH AVE,WILLOW ST,d16d595c-7c16-58f5-b902-78dd9c82c0ac,"W 6TH AVE & WILLOW ST, VANCOUVER",49.265877,-123.121747
VANCOUVER,W 6TH AVE,YEW ST,c2a11d99-b929-56f8-9435-ee63ec9e3512,"W 6TH AVE & YEW ST, VANCOUVER",49.266443,-123.155202
VANCOUVER,W 6TH AVE,YUKON ST,b391581b-0b76-5114-bbe0-c41699685183,"W 6TH AVE & YUKON ST, VANCOUVER",49.265725,-123.112788
VANCOUVER,W 72ND AVE,W 73RD AVE,d45d0e60-85ef-53d5-922c-cc892fb6ad8e,"W 72ND AVE & W 73RD AVE, VANCOUVER",49.205775,-123.139308
VANCOUVER,W 7TH AVE,WATERLOO ST,3e665a3b-fa31-5e07-a02d-70585605c75c,"W 7TH AVE & WATERLOO ST, VANCOUVER",49.265962,-123.179798
VANCOUVER,W 7TH AVE,WILLOW ST,cea0b89f-8d33-5996-925f-53bf53af2dc6,"W 7TH AVE & WILLOW ST, VANCOUVER",49.265083,-123.121774
VANCOUVER,W 7TH AVE,YEW ST,4421a5a5-37cc-5581-86a7-20a09101e8ed,"W 7TH AVE & YEW ST, VANCOUVER",49.265618,-123.155235
VANCOUVER,W 7TH AVE,YUKON ST,224eeefd-0ea5-53b1-8827-ea30dcab332e,"W 7TH AVE & YUKON ST, VANCOUVER",49.264811,-123.112854
VANCOUVER,W 8TH AVE,W BROADWAY,76914f36-08ff-5658-92ad-678ae4296a74,"W 8TH AVE & W BROADWAY, VANCOUVER",49.265095,-123.193414
VANCOUVER,W 8TH AVE,WALLACE CRES,2fdfc8ab-1dc2-529f-8f60-deba273d1af0,"W 8TH AVE & WALLACE CRES, VANCOUVER",49.265095,-123.193414
VANCOUVER,W 8TH AVE,WATERLOO ST,48dcb8b0-d17d-5c4f-9af1-139b336aeb5a,"W 8TH AVE & WATERLOO ST, VANCOUVER",49.265143,-123.179813
VANCOUVER,W 8TH AVE,WILLOW ST,ce3d9c6a-6f9e-5e39-9ee8-f5827a7932a6,"W 8TH AVE & WILLOW ST, VANCOUVER",49.264231,-123.121794
VANCOUVER,W 8TH AVE,YEW ST,47c1e4c2-ff97-5461-94ca-ff8a4fc3e729,"W 8TH AVE & YEW ST, VANCOUVER",49.264794,-123.155264
VANCOUVER,W 8TH AVE,YUKON ST,a76a38c9-530b-53d5-8c05-192125538560,"W 8TH AVE & YUKON ST, VANCOUVER",49.263909,-123.112873
VANCOUVER,W 9TH AVE,WILLOW ST,c58ab342-acac-53f7-a013-ca582b43d24a,"W 9TH AVE & WILLOW ST, VANCOUVER",49.263317,-123.121819
VANCOUVER,W 9TH AVE,YEW ST,e9dcea67-bcd6-5a75-a6e5-93ef9ebe8f7f,"W 9TH AVE & YEW ST, VANCOUVER",49.26386,-123.155298
VANCOUVER,W BROADWAY,WATERLOO ST,4f13c8a8-9c09-5457-8438-2a169fa64326,"W BROADWAY & WATERLOO ST, VANCOUVER",49.264269,-123.179827
VANCOUVER,W BROADWAY,WILLOW ST,0e6e0a95-dad9-5c2c-9747-bb74561fed17,"W BROADWAY & WILLOW ST, VANCOUVER",49.263317,-123.121819
VANCOUVER,W BROADWAY,YEW ST,67c56ecc-bb80-5a13-a3ef-ce94efaa38d0,"W BROADWAY & YEW ST, VANCOUVER",49.26386,-123.155298
VANCOUVER,W BROADWAY,YUKON ST,37295461-e40a-558e-a0eb-fc59e48e1268,"W BROADWAY & YUKON ST, VANCOUVER",49.263179,-123.112891
VANCOUVER,W CORDOVA ST,W WATERFRONT RD,f016b2d9-4c10-5c2d-aca7-8bafcc37349e,"W CORDOVA ST & W WATERFRONT RD, VANCOUVER",49.288368,-123.118924
VANCOUVER,W CORDOVA ST,WATER ST,d3fd3b01-ade0-55c5-9542-4d5c1886f26a,"W CORDOVA ST & WATER ST, VANCOUVER",49.284708,-123.110918
VANCOUVER,W CORDOVA ST,WATERFRONT RD,6aa6f16d-d101-5dc3-b4c8-53724782d560,"W CORDOVA ST & WATERFRONT RD, VANCOUVER",49.288368,-123.118924
VANCOUVER,W GEORGIA ST,W PENDER ST,50094a3b-588d-53ea-82c1-3c6b5042065f,"W GEORGIA ST & W PENDER ST, VANCOUVER",49.290575,-123.130597
VANCOUVER,W KENT AVE N,YUKON ST,b85d468a-e416-5c25-83c7-4bb4865f0286,"W KENT AVE N & YUKON ST, VANCOUVER",49.206434,-123.115307
VANCOUVER,W KING EDWARD AVE,WALLACE ST,e6c8b6a1-8412-57a3-acf2-1d5b9d82fbb4,"W KING EDWARD AVE & WALLACE ST, VANCOUVER",49.250076,-123.190865
VANCOUVER,W KING EDWARD AVE,WILLOW ST,69a8886e-a9b7-5957-b2a4-4a36fb681d9b,"W KING EDWARD AVE & WILLOW ST, VANCOUVER",49.249124,-123.12232
VANCOUVER,W KING EDWARD AVE,YEW ST,5aded073-e799-5550-817e-76f0ac90cedc,"W KING EDWARD AVE & YEW ST, VANCOUVER",49.25124,-123.155773
VANCOUVER,W KING EDWARD AVE,YUKON ST,c6d7330c-396b-5e56-a872-291d5b88d2e5,"W KING EDWARD AVE & YUKON ST, VANCOUVER",49.249006,-123.112853
VANCOUVER,WILLIAM ST,WINDERMERE ST,f42b5a3e-395f-56a3-bfc4-1073ec0d3dff,"WILLIAM ST & WINDERMERE ST, VANCOUVER",49.274135,-123.036364
VANCOUVER,WILLIAM ST,WOODLAND DR,b45f2866-e778-5833-b2ef-ad5a4599fef7,"WILLIAM ST & WOODLAND DR, VANCOUVER",49.273987,-123.073402
VANCOUVER,WORTHINGTON DR,WORTHINGTON PL,aab80661-2824-5731-864c-dc9efa541dae,"WORTHINGTON DR & WORTHINGTON PL, VANCOUVER",49.254743,-123.032431
VANCOUVER,YEW ST,YORK AVE,b64a24fa-290c-5373-8c53-c4ce545f8294,"YEW ST & YORK AVE, VANCOUVER",49.271688,-123.155011
