municipality,road_a,road_b,intersection_id,intersection_name,latitude,longitude,reason
VANCOUVER,29TH AVE STATION LOOP,E 29TH AVE,02d74bb4-b693-5337-8b3a-b4dbff6153c4,"29TH AVE STATION LOOP & E 29TH AVE, VANCOUVER",49.244594,-123.045601,incomplete_2018_2022_observations_no_zero_fill
VANCOUVER,63RD AVE AND GRANVILLE LOOP,GRANVILLE ST,6092aa4d-305b-575c-9b86-28f882f9a56b,"63RD AVE AND GRANVILLE LOOP & GRANVILLE ST, VANCOUVER",49.213735,-123.14036,incomplete_2018_2022_observations_no_zero_fill
VANCOUVER,ABBOTT ST,PACIFIC BLVD,07025f1b-b6d6-5b83-96e6-e03ee4683405,"ABBOTT ST & PACIFIC BLVD, VANCOUVER",49.277132,-123.107677,incomplete_2018_2022_observations_no_zero_fill
VANCOUVER,ABERDEEN ST,CROWLEY DR,6ad6ce3c-2043-530e-a7b9-688a09bdba6d,"ABERDEEN ST & CROWLEY DR, VANCOUVER",49.235398,-123.027894,incomplete_2018_2022_observations_no_zero_fill
VANCOUVER,ABERDEEN ST,EUCLID AVE,3d9f6bb5-9daa-54fa-a803-c4a7be3d4742,"ABERDEEN ST & EUCLID AVE, VANCOUVER",49.234744,-123.028142,incomplete_2018_2022_observations_no_zero_fill
VANCOUVER,ABERDEEN ST,FOSTER AVE,85600a61-0a05-51d5-b6b4-f7e7f4617a67,"ABERDEEN ST & FOSTER AVE, VANCOUVER",49.23413,-123.028143,incomplete_2018_2022_observations_no_zero_fill
VANCOUVER,ABERDEEN ST,WELLINGTON AVE,4a065a91-66d3-5b0f-a4fc-66a3cb63f9fe,"ABERDEEN ST & WELLINGTON AVE, VANCOUVER",49.238431,-123.026169,incomplete_2018_2022_observations_no_zero_fill
VANCOUVER,ADANAC ST,CASSIAR ST,96b59eac-31e1-5928-913c-b71b9193636a,"ADANAC ST & CASSIAR ST, VANCOUVER",49.277431,-123.030769,incomplete_2018_2022_observations_no_zero_fill
VANCOUVER,ADANAC ST,COMMERCIAL DIVERS N,61491ae6-8f1c-574e-964a-a2453410ec24,"ADANAC ST & COMMERCIAL DIVERS N, VANCOUVER",49.277572,-123.070071,incomplete_2018_2022_observations_no_zero_fill
VANCOUVER,ADANAC ST,GARDEN DR,fc78e18c-a084-5588-b65f-8050b2446dcd,"ADANAC ST & GARDEN DR, VANCOUVER",49.277468,-123.057878,incomplete_2018_2022_observations_no_zero_fill
VANCOUVER,ADANAC ST,HWY 1,df8204bf-81c1-5075-9320-a2f3f8208bda,"ADANAC ST & HWY 1, VANCOUVER",49.277431,-123.031683,incomplete_2018_2022_observations_no_zero_fill
VANCOUVER,ADANAC ST,KAMLOOPS ST,50150b33-1c66-5372-80cc-331d08e00139,"ADANAC ST & KAMLOOPS ST, VANCOUVER",49.27747,-123.054611,incomplete_2018_2022_observations_no_zero_fill
VANCOUVER,ADANAC ST,KASLO ST,eb540c33-c622-5402-acff-50dc3f8bdbe8,"ADANAC ST & KASLO ST, VANCOUVER",49.277449,-123.046768,incomplete_2018_2022_observations_no_zero_fill
VANCOUVER,ADANAC ST,KOOTENAY ST,666a8591-5f63-5b6a-8094-b8462f606fb7,"ADANAC ST & KOOTENAY ST, VANCOUVER",49.277424,-123.025751,incomplete_2018_2022_observations_no_zero_fill
VANCOUVER,ADANAC ST,LAKEWOOD DR,2f0f1725-f8dc-5816-aa68-a90cf130c1a8,"ADANAC ST & LAKEWOOD DR, VANCOUVER",49.277492,-123.061745,incomplete_2018_2022_observations_no_zero_fill
VANCOUVER,ADANAC ST,LILLOOET ST,3a3fe4eb-cdfe-542d-9fce-d9ec52261b76,"ADANAC ST & LILLOOET ST, VANCOUVER",49.277449,-123.038877,incomplete_2018_2022_observations_no_zero_fill
VANCOUVER,ADANAC ST,NOOTKA ST,9506527a-b29a-57a7-bf8d-667dbb0bdd8f,"ADANAC ST & NOOTKA ST, VANCOUVER",49.277451,-123.041429,incomplete_2018_2022_observations_no_zero_fill
VANCOUVER,ADANAC ST,PENTICTON ST,f45c4b39-12dd-53d1-ac14-e54811637262,"ADANAC ST & PENTICTON ST, VANCOUVER",49.277471,-123.052013,incomplete_2018_2022_observations_no_zero_fill
VANCOUVER,ADANAC ST,RENFREW ST,f8f51981-c9a7-5729-b85a-06c4ca048159,"ADANAC ST & RENFREW ST, VANCOUVER",49.277464,-123.044106,incomplete_2018_2022_observations_no_zero_fill
VANCOUVER,ADANAC ST,RUPERT ST,08bfa907-76dd-575e-84d0-abae9933fb3c,"ADANAC ST & RUPERT ST, VANCOUVER",49.277445,-123.03361,incomplete_2018_2022_observations_no_zero_fill
VANCOUVER,ADANAC ST,SALSBURY DR,6a996417-f57e-59c6-a0fc-9f24da2570a7,"ADANAC ST & SALSBURY DR, VANCOUVER",49.277548,-123.068349,incomplete_2018_2022_observations_no_zero_fill
VANCOUVER,ADANAC ST,SEMLIN DR,9314b5fb-fe83-5418-9216-0b6c86df32fd,"ADANAC ST & SEMLIN DR, VANCOUVER",49.277503,-123.063698,incomplete_2018_2022_observations_no_zero_fill
VANCOUVER,ADANAC ST,SKEENA ST,60851e7d-6cdf-5f3f-8077-bcd0a3e4ba7f,"ADANAC ST & SKEENA ST, VANCOUVER",49.277431,-123.02835,incomplete_2018_2022_observations_no_zero_fill
VANCOUVER,ADANAC ST,SLOCAN ST,b2341a8b-4d62-59b9-a0ea-38e8487d67a6,"ADANAC ST & SLOCAN ST, VANCOUVER",49.277468,-123.049365,incomplete_2018_2022_observations_no_zero_fill
VANCOUVER,ADANAC ST,TEMPLETON DR,4aaf674f-966c-538f-931e-0c60ecf10b09,"ADANAC ST & TEMPLETON DR, VANCOUVER",49.27748,-123.059815,incomplete_2018_2022_observations_no_zero_fill
VANCOUVER,ADANAC ST,TRANS-CANADA HWY,32cf696e-913a-543f-9176-334d4d4f2f7a,"ADANAC ST & TRANS-CANADA HWY, VANCOUVER",49.277431,-123.031683,incomplete_2018_2022_observations_no_zero_fill
VANCOUVER,ADANAC ST,VERNON DR,cac5abb2-2492-5624-8441-32112e6ba071,"ADANAC ST & VERNON DR, VANCOUVER",49.277705,-123.079269,incomplete_2018_2022_observations_no_zero_fill
VANCOUVER,ADANAC ST,VICTORIA DR,5494de87-8a3d-5552-be10-0ed3695d8195,"ADANAC ST & VICTORIA DR, VANCOUVER",49.277522,-123.065605,incomplete_2018_2022_observations_no_zero_fill
VANCOUVER,ADANAC ST,WINDERMERE ST,04142e3f-e1bf-506c-a903-4eeca0f67aae,"ADANAC ST & WINDERMERE ST, VANCOUVER",49.27746,-123.036234,incomplete_2018_2022_observations_no_zero_fill
VANCOUVER,ADANAC ST,WOODLAND DR,eff2e1dd-b439-529e-b31c-e0df0fe970eb,"ADANAC ST & WOODLAND DR, VANCOUVER",49.277605,-123.072745,incomplete_2018_2022_observations_no_zero_fill
VANCOUVER,ADANAC TUNNEL,E HASTINGS ST,f447c036-f735-54ce-93c0-22c161b3eb23,"ADANAC TUNNEL & E HASTINGS ST, VANCOUVER",49.281193,-123.031483,incomplete_2018_2022_observations_no_zero_fill
VANCOUVER,ADERA ST,W 41ST AVE,9ad6ba68-fe6c-5e01-813a-b1e1d2628942,"ADERA ST & W 41ST AVE, VANCOUVER",49.234392,-123.143334,incomplete_2018_2022_observations_no_zero_fill
VANCOUVER,ADERA ST,W 43RD AVE,f4f58b72-9151-515c-8b0f-83164529534d,"ADERA ST & W 43RD AVE, VANCOUVER",49.232521,-123.143387,incomplete_2018_2022_observations_no_zero_fill
VANCOUVER,ADERA ST,W 45TH AVE,e4134020-a164-538a-82bb-64a5bd23ff9d,"ADERA ST & W 45TH AVE, VANCOUVER",49.230678,-123.143443,incomplete_2018_2022_observations_no_zero_fill
VANCOUVER,ADERA ST,W 52ND AVE,05722349-7f3e-5b0c-8cad-e00ad94ce293,"ADERA ST & W 52ND AVE, VANCOUVER",49.22412,-123.143609,incomplete_2018_2022_observations_no_zero_fill
VANCOUVER,ADERA ST,W 57TH AVE,11fd6c3a-d2dc-5f18-83a1-ee7a75e8c140,"ADERA ST & W 57TH AVE, VANCOUVER",49.219424,-123.143806,incomplete_2018_2022_observations_no_zero_fill
VANCOUVER,ADERA ST,W 58TH AVE,ecab8e9e-cbdd-5cf5-8027-a71279ee9dac,"ADERA ST & W 58TH AVE, VANCOUVER",49.218556,-123.143828,incomplete_2018_2022_observations_no_zero_fill
VANCOUVER,ADERA ST,W 59TH AVE,14e39c41-b1f4-511a-aeb3-2f89a4746f74,"ADERA ST & W 59TH AVE, VANCOUVER",49.217693,-123.143889,incomplete_2018_2022_observations_no_zero_fill
VANCOUVER,ADERA ST,W 61ST AVE,ac7ff8d7-5e8c-522a-9a66-fa23db87f564,"ADERA ST & W 61ST AVE, VANCOUVER",49.215964,-123.143434,incomplete_2018_2022_observations_no_zero_fill
VANCOUVER,ADERA ST,W 62ND AVE,3019d19d-f6a0-58f7-aaa2-cbe3778349b5,"ADERA ST & W 62ND AVE, VANCOUVER",49.21498,-123.143488,incomplete_2018_2022_observations_no_zero_fill
VANCOUVER,ADERA ST,W 63RD AVE,48a3e626-f3a9-573f-96f1-c8b1332e9f3d,"ADERA ST & W 63RD AVE, VANCOUVER",49.214061,-123.143483,incomplete_2018_2022_observations_no_zero_fill
VANCOUVER,ADERA ST,W 64TH AVE,0143659c-c12c-55b2-a832-462cbb50e2a8,"ADERA ST & W 64TH AVE, VANCOUVER",49.213202,-123.143544,incomplete_2018_2022_observations_no_zero_fill
VANCOUVER,ADERA ST,W 65TH AVE,02fd1996-6d27-56ad-a4ac-16810520023c,"ADERA ST & W 65TH AVE, VANCOUVER",49.212308,-123.143581,incomplete_2018_2022_observations_no_zero_fill
VANCOUVER,ADERA ST,W 66TH AVE,29592ced-2794-5f78-bd5b-e24dad3b87b0,"ADERA ST & W 66TH AVE, VANCOUVER",49.211425,-123.143608,incomplete_2018_2022_observations_no_zero_fill
VANCOUVER,ADERA ST,W 68TH AVE,c6857ca0-9c40-52fb-b0be-f0871e6a5d2d,"ADERA ST & W 68TH AVE, VANCOUVER",49.210559,-123.143661,incomplete_2018_2022_observations_no_zero_fill
VANCOUVER,AEGEAN CRES,CORSICA WAY,dcb43a09-f347-5ec3-bb10-dacf6a8e11d3,"AEGEAN CRES & CORSICA WAY, VANCOUVER",49.20853,-123.029835,incomplete_2018_2022_observations_no_zero_fill
VANCOUVER,AISNE ST,SW MARINE DR,4fa05501-4bca-543a-aaea-6c3c17ab7efe,"AISNE ST & SW MARINE DR, VANCOUVER",49.207762,-123.122797,incomplete_2018_2022_observations_no_zero_fill
VANCOUVER,ALAMEIN AVE,MACDONALD ST,e81f1b13-e421-5f99-8676-09328645e181,"ALAMEIN AVE & MACDONALD ST, VANCOUVER",49.250062,-123.167831,incomplete_2018_2022_observations_no_zero_fill
VANCOUVER,ALAMEIN AVE,PUGET DR,eedaf96f-d671-59e0-88bf-397b5d3357bf,"ALAMEIN AVE & PUGET DR, VANCOUVER",49.250412,-123.170859,incomplete_2018_2022_observations_no_zero_fill
VANCOUVER,ALAMEIN AVE,TRAFALGAR ST,00b1dd39-5a5c-50ea-9644-0cdaf577d1d3,"ALAMEIN AVE & TRAFALGAR ST, VANCOUVER",49.250061,-123.165284,incomplete_2018_2022_observations_no_zero_fill
VANCOUVER,ALBERNI ST,CHILCO ST,4a04b867-c2ba-53cb-a6c9-6b3271f77e55,"ALBERNI ST & CHILCO ST, VANCOUVER",49.294077,-123.137319,incomplete_2018_2022_observations_no_zero_fill
VANCOUVER,ALBERNI ST,GILFORD ST,5e297c8b-3894-5258-ae54-9406db71aa5a,"ALBERNI ST & GILFORD ST, VANCOUVER",49.293185,-123.135968,incomplete_2018_2022_observations_no_zero_fill
VANCOUVER,ALBERTA ST,W 10TH AVE,99d946e6-713c-5ece-b156-4f2a6ad1f37c,"ALBERTA ST & W 10TH AVE, VANCOUVER",49.262175,-123.111006,incomplete_2018_2022_observations_no_zero_fill
VANCOUVER,ALBERTA ST,W 11TH AVE,d26e295a-4797-576a-9cf9-f02463fc260d,"ALBERTA ST & W 11TH AVE, VANCOUVER",49.261273,-123.111036,incomplete_2018_2022_observations_no_zero_fill
VANCOUVER,ALBERTA ST,W 13TH AVE,a206113a-0164-5fd2-bd3e-ad849705f080,"ALBERTA ST & W 13TH AVE, VANCOUVER",49.259366,-123.111084,incomplete_2018_2022_observations_no_zero_fill
VANCOUVER,ALBERTA ST,W 14TH AVE,03f2ad33-7fef-5b13-8574-d80253a833b4,"ALBERTA ST & W 14TH AVE, VANCOUVER",49.258677,-123.111111,incomplete_2018_2022_observations_no_zero_fill
VANCOUVER,ALBERTA ST,W 15TH AVE,4cb421a8-4ba2-5cf4-b9ee-fa5cd7bc69b3,"ALBERTA ST & W 15TH AVE, VANCOUVER",49.257737,-123.111114,incomplete_2018_2022_observations_no_zero_fill
VANCOUVER,ALBERTA ST,W 16TH AVE,509035e7-ed3f-5c89-9864-a9a6767a7267,"ALBERTA ST & W 16TH AVE, VANCOUVER",49.256791,-123.111183,incomplete_2018_2022_observations_no_zero_fill
VANCOUVER,ALBERTA ST,W 37TH AVE,2749c6e8-01f1-522f-bf7a-a485fcd572d4,"ALBERTA ST & W 37TH AVE, VANCOUVER",49.237041,-123.113265,incomplete_2018_2022_observations_no_zero_fill
VANCOUVER,ALBERTA ST,W 39TH AVE,8d1a474d-e773-5cfb-a58b-fe0157ff713a,"ALBERTA ST & W 39TH AVE, VANCOUVER",49.235296,-123.113355,incomplete_2018_2022_observations_no_zero_fill
VANCOUVER,ALBERTA ST,W 3RD AVE,0cb3f21b-a54f-5b28-9727-4fd1bb24299d,"ALBERTA ST & W 3RD AVE, VANCOUVER",49.268388,-123.110732,incomplete_2018_2022_observations_no_zero_fill
VANCOUVER,ALBERTA ST,W 42ND AVE,6ddb7a37-093b-55dd-9b2a-596f20279b31,"ALBERTA ST & W 42ND AVE, VANCOUVER",49.232439,-123.113482,incomplete_2018_2022_observations_no_zero_fill
VANCOUVER,ALBERTA ST,W 44TH AVE,de169fd1-aad5-5aa0-9497-7b1fe0cab2c9,"ALBERTA ST & W 44TH AVE, VANCOUVER",49.230627,-123.112977,incomplete_2018_2022_observations_no_zero_fill
VANCOUVER,ALBERTA ST,W 45TH AVE,23da38fd-def9-5a9a-9b88-6009e81daa0b,"ALBERTA ST & W 45TH AVE, VANCOUVER",49.229702,-123.11302,incomplete_2018_2022_observations_no_zero_fill
VANCOUVER,ALBERTA ST,W 46TH AVE,7863aacc-a6dc-5726-bb4c-064ad81397e4,"ALBERTA ST & W 46TH AVE, VANCOUVER",49.228696,-123.113013,incomplete_2018_2022_observations_no_zero_fill
VANCOUVER,ALBERTA ST,W 47TH AVE,2685d9e7-f901-5512-8edf-26293134ccb1,"ALBERTA ST & W 47TH AVE, VANCOUVER",49.22778,-123.112983,incomplete_2018_2022_observations_no_zero_fill
VANCOUVER,ALBERTA ST,W 48TH AVE,c5f8a020-820e-552c-865c-48b5bc9a692d,"ALBERTA ST & W 48TH AVE, VANCOUVER",49.226877,-123.112977,incomplete_2018_2022_observations_no_zero_fill
VANCOUVER,ALBERTA ST,W 58TH AVE,d655e069-d704-5734-84ab-13bc5ac9b2af,"ALBERTA ST & W 58TH AVE, VANCOUVER",49.21779,-123.113339,incomplete_2018_2022_observations_no_zero_fill
VANCOUVER,ALBERTA ST,W 59TH AVE,7fde73c5-3add-5afd-9815-69085642e1c3,"ALBERTA ST & W 59TH AVE, VANCOUVER",49.216897,-123.113356,incomplete_2018_2022_observations_no_zero_fill
VANCOUVER,ALBERTA ST,W 5TH AVE,d82ba309-a284-520f-8b89-98c92ae01703,"ALBERTA ST & W 5TH AVE, VANCOUVER",49.2666,-123.11081,incomplete_2018_2022_observations_no_zero_fill
VANCOUVER,ALBERTA ST,W 9TH AVE,125c8e6e-2af4-50dc-8844-249df31426dd,"ALBERTA ST & W 9TH AVE, VANCOUVER",49.263145,-123.110952,incomplete_2018_2022_observations_no_zero_fill
VANCOUVER,ALDER BAY CRT,LAMEYS MILL RD,f32e98ec-5823-54bf-b8f0-b2e5a5b3592c,"ALDER BAY CRT & LAMEYS MILL RD, VANCOUVER",49.266979,-123.133423,incomplete_2018_2022_observations_no_zero_fill
VANCOUVER,ALDER CROSSING,LAMEYS MILL RD,c0bc4e91-0fcf-56ff-8878-037adf3aad08,"ALDER CROSSING & LAMEYS MILL RD, VANCOUVER",49.266646,-123.132012,incomplete_2018_2022_observations_no_zero_fill
VANCOUVER,ALDER ST,W 10TH AVE,b9f42b8f-2815-5cb4-9a40-7f8ed2b7725c,"ALDER ST & W 10TH AVE, VANCOUVER",49.262521,-123.131416,incomplete_2018_2022_observations_no_zero_fill
VANCOUVER,ALDER ST,W 11TH AVE,7e645305-82a2-588d-819a-1778ad6b0dfc,"ALDER ST & W 11TH AVE, VANCOUVER",49.261592,-123.131448,incomplete_2018_2022_observations_no_zero_fill
VANCOUVER,ALDER ST,W 13TH AVE,dede2399-e8b6-534a-b300-d6b247325a4b,"ALDER ST & W 13TH AVE, VANCOUVER",49.259709,-123.131521,incomplete_2018_2022_observations_no_zero_fill
VANCOUVER,ALDER ST,W 14TH AVE,8f3b34d6-fc43-5cab-9202-65e2a560f294,"ALDER ST & W 14TH AVE, VANCOUVER",49.258796,-123.131553,incomplete_2018_2022_observations_no_zero_fill
VANCOUVER,ALDER ST,W 15TH AVE,19bbcb29-0ae4-5802-a14e-5c5ccba2631a,"ALDER ST & W 15TH AVE, VANCOUVER",49.257882,-123.131586,incomplete_2018_2022_observations_no_zero_fill
VANCOUVER,ALDER ST,W 7TH AVE,a4d431fc-c2c7-5511-aa17-edcc176e3d64,"ALDER ST & W 7TH AVE, VANCOUVER",49.265231,-123.131283,incomplete_2018_2022_observations_no_zero_fill
VANCOUVER,ALEXANDER ST,COLUMBIA ST,f3bf210d-3182-5ffd-956c-c2c36fc5690f,"ALEXANDER ST & COLUMBIA ST, VANCOUVER",49.283791,-123.102162,incomplete_2018_2022_observations_no_zero_fill
VANCOUVER,ALEXANDER ST,HAWKS AVE,8642ae5b-731c-56ca-b54a-42d52af033eb,"ALEXANDER ST & HAWKS AVE, VANCOUVER",49.283542,-123.087107,incomplete_2018_2022_observations_no_zero_fill
VANCOUVER,ALEXANDER ST,HEATLEY AVE,36dc9c38-4602-58ef-a726-b39d0e2501c7,"ALEXANDER ST & HEATLEY AVE, VANCOUVER",49.283906,-123.089469,incomplete_2018_2022_observations_no_zero_fill
VANCOUVER,ALEXANDER ST,RAILWAY ST,71c8057f-9081-5da4-b682-4af81288ee97,"ALEXANDER ST & RAILWAY ST, VANCOUVER",49.283944,-123.091363,incomplete_2018_2022_observations_no_zero_fill
VANCOUVER,ALEXANDER ST,WATER ST,cbaede1d-5fa3-555f-9188-b60edb689cff,"ALEXANDER ST & WATER ST, VANCOUVER",49.283368,-123.104002,incomplete_2018_2022_observations_no_zero_fill
VANCOUVER,ALEXANDRA ST,BALFOUR AVE,60c3d54d-fbb5-57ff-9967-b9b3189e9c14,"ALEXANDRA ST & BALFOUR AVE, VANCOUVER",49.251787,-123.141359,incomplete_2018_2022_observations_no_zero_fill
VANCOUVER,ALEXANDRA ST,NANTON AVE,7819ac83-572f-5ee5-94c0-b6afe88935f2,"ALEXANDRA ST & NANTON AVE, VANCOUVER",49.247438,-123.141573,incomplete_2018_2022_observations_no_zero_fill
VANCOUVER,ALEXANDRA ST,W 25TH AVE,bd6424d5-0095-5fee-975e-89e456bfe2a5,"ALEXANDRA ST & W 25TH AVE, VANCOUVER",49.24946,-123.141482,incomplete_2018_2022_observations_no_zero_fill
VANCOUVER,ALEXANDRA ST,W 26TH AVE,91abc651-63b9-5da3-945c-313f2503518f,"ALEXANDRA ST & W 26TH AVE, VANCOUVER",49.248364,-123.141515,incomplete_2018_2022_observations_no_zero_fill
VANCOUVER,ALEXANDRA ST,W 28TH AVE,f419edaf-d493-53d5-b797-b3d6a920eeaa,"ALEXANDRA ST & W 28TH AVE, VANCOUVER",49.246533,-123.141601,incomplete_2018_2022_observations_no_zero_fill
VANCOUVER,ALEXANDRA ST,W 29TH AVE,238f3364-e9f2-545f-b1aa-2ff231270a1b,"ALEXANDRA ST & W 29TH AVE, VANCOUVER",49.245482,-123.141631,incomplete_2018_2022_observations_no_zero_fill
VANCOUVER,ALICE ST,E 22ND AVE,f7a21830-86af-5ebb-8d25-27d9b7053832,"ALICE ST & E 22ND AVE, VANCOUVER",49.250278,-123.065789,incomplete_2018_2022_observations_no_zero_fill
VANCOUVER,ALMA ST,CAMERON AVE,70d73b48-cc18-5ac2-b4e4-0e7eb171d89d,"ALMA ST & CAMERON AVE, VANCOUVER",49.272873,-123.185555,incomplete_2018_2022_observations_no_zero_fill
VANCOUVER,ALMA ST,DUNBAR DIVERS,c5ff8ef9-125a-55b2-9a12-24b1e3412474,"ALMA ST & DUNBAR DIVERS, VANCOUVER",49.261149,-123.185795,incomplete_2018_2022_observations_no_zero_fill
VANCOUVER,ALMA ST,POINT GREY RD,700ff03d-d5b5-53c7-b7f4-a1f8f5977caa,"ALMA ST & POINT GREY RD, VANCOUVER",49.272274,-123.185574,incomplete_2018_2022_observations_no_zero_fill
VANCOUVER,ALMA ST,SW MARINE DR,7842b7a5-c263-5c9a-920c-d406c43fe7f0,"ALMA ST & SW MARINE DR, VANCOUVER",49.231184,-123.18687,incomplete_2018_2022_observations_no_zero_fill
VANCOUVER,ALMA ST,W 13TH AVE,e44a39a7-0b8f-566b-b7a7-f5858bf06bcf,"ALMA ST & W 13TH AVE, VANCOUVER",49.260722,-123.185986,incomplete_2018_2022_observations_no_zero_fill
VANCOUVER,ALMA ST,W 14TH AVE,ffb169fd-ef38-5cc6-bb2b-2573a5f9e8ec,"ALMA ST & W 14TH AVE, VANCOUVER",49.259846,-123.186021,incomplete_2018_2022_observations_no_zero_fill
VANCOUVER,ALMA ST,W 15TH AVE,e3af90af-77e2-5152-aaf7-ed0a0925405b,"ALMA ST & W 15TH AVE, VANCOUVER",49.258931,-123.186056,incomplete_2018_2022_observations_no_zero_fill
VANCOUVER,ALMA ST,W 1ST AVE,278fd496-279e-52a4-9fb4-b2145d67eae1,"ALMA ST & W 1ST AVE, VANCOUVER",49.271315,-123.185614,incomplete_2018_2022_observations_no_zero_fill
VANCOUVER,ALMA ST,W 27TH AVE,83033630-5ae0-50a6-8ec9-e4122f6bab15,"ALMA ST & W 27TH AVE, VANCOUVER",49.24808,-123.186742,incomplete_2018_2022_observations_no_zero_fill
VANCOUVER,ALMA ST,W 28TH AVE,8dfcb58f-9ef8-5d62-8f5b-1fd92a121739,"ALMA ST & W 28TH AVE, VANCOUVER",49.24713,-123.186751,incomplete_2018_2022_observations_no_zero_fill
VANCOUVER,ALMA ST,W 29TH AVE,3c7dac9d-24d4-5040-9414-8835a1d7ae12,"ALMA ST & W 29TH AVE, VANCOUVER",49.246167,-123.186761,incomplete_2018_2022_observations_no_zero_fill
VANCOUVER,ALMA ST,W 2ND AVE,d6e0d73e-5778-52a6-9f30-acf6346e83b6,"ALMA ST & W 2ND AVE, VANCOUVER",49.270398,-123.185643,incomplete_2018_2022_observations_no_zero_fill
VANCOUVER,ALMA ST,W 39TH AVE,987dd323-a714-5d3e-b16c-86f7c9230321,"ALMA ST & W 39TH AVE, VANCOUVER",49.236439,-123.186765,incomplete_2018_2022_observations_no_zero_fill
VANCOUVER,ALMA ST,W 3RD AVE,e8657ebf-ffca-5b15-bd23-91a8356285e9,"ALMA ST & W 3RD AVE, VANCOUVER",49.269525,-123.185669,incomplete_2018_2022_observations_no_zero_fill
VANCOUVER,ALMA ST,W 41ST AVE,283b477d-7437-5d9b-8e5b-5c39707abdd8,"ALMA ST & W 41ST AVE, VANCOUVER",49.234783,-123.186817,incomplete_2018_2022_observations_no_zero_fill
VANCOUVER,ALMA ST,W 6TH AVE,cec33523-1222-5fbc-9036-6963ed401425,"ALMA ST & W 6TH AVE, VANCOUVER",49.266927,-123.185761,incomplete_2018_2022_observations_no_zero_fill
VANCOUVER,ALMA ST,W 7TH AVE,12009674-2698-5f32-b005-397cd5538bd3,"ALMA ST & W 7TH AVE, VANCOUVER",49.266068,-123.185795,incomplete_2018_2022_observations_no_zero_fill
VANCOUVER,ALMA ST,W 8TH AVE,af8798e4-fa10-5b26-9bca-26c9f12d8f8d,"ALMA ST & W 8TH AVE, VANCOUVER",49.265246,-123.185828,incomplete_2018_2022_observations_no_zero_fill
VANCOUVER,ALMA ST,W 9TH AVE,6a5053fb-1b92-52b9-811e-b5d7c2e28e95,"ALMA ST & W 9TH AVE, VANCOUVER",49.264369,-123.185879,incomplete_2018_2022_observations_no_zero_fill
VANCOUVER,ALVIN NAROD MEWS,PACIFIC BLVD,a28cf002-27f1-5633-9b69-eed273386055,"ALVIN NAROD MEWS & PACIFIC BLVD, VANCOUVER",49.274495,-123.119985,incomplete_2018_2022_observations_no_zero_fill
VANCOUVER,AMBERLY PL,SE MARINE DR,b3132b45-8f75-5002-a20a-c03307c5a23f,"AMBERLY PL & SE MARINE DR, VANCOUVER",49.208308,-123.032608,incomplete_2018_2022_observations_no_zero_fill
VANCOUVER,ANCASTER CRES,FRASERVIEW DR,a7b38e89-c8b8-573d-bec8-6b6b1cdee249,"ANCASTER CRES & FRASERVIEW DR, VANCOUVER",49.212457,-123.057852,incomplete_2018_2022_observations_no_zero_fill
VANCOUVER,ANCASTER CRES,HARRISON DR,72f3e9cb-0538-5e13-997c-1dca0cc59a04,"ANCASTER CRES & HARRISON DR, VANCOUVER",49.212027,-123.056524,incomplete_2018_2022_observations_no_zero_fill
VANCOUVER,ANDERSON ST,DURANLEAU ST,fd9fef20-5cc4-508b-9bab-5502e176c303,"ANDERSON ST & DURANLEAU ST, VANCOUVER",49.270629,-123.136053,incomplete_2018_2022_observations_no_zero_fill
VANCOUVER,ANDERSON ST,HWY 99,2c6750e5-85f9-5c33-87eb-c6163758a90f,"ANDERSON ST & HWY 99, VANCOUVER",49.269263,-123.137909,incomplete_2018_2022_observations_no_zero_fill
VANCOUVER,ANDERSON ST,ISLAND PARK WALK,0adb7edf-8742-5287-bbaf-c3df99abf976,"ANDERSON ST & ISLAND PARK WALK, VANCOUVER",49.269956,-123.137115,incomplete_2018_2022_observations_no_zero_fill
VANCOUVER,ANGUS DR,HOSMER AVE,ba86d239-02ba-5394-aa2a-36442893f6c4,"ANGUS DR & HOSMER AVE, VANCOUVER",49.253678,-123.144732,incomplete_2018_2022_observations_no_zero_fill
VANCOUVER,ANGUS DR,MATTHEWS AVE,36ab4328-c1a8-5133-93de-466b17e54b77,"ANGUS DR & MATTHEWS AVE, VANCOUVER",49.251551,-123.145544,incomplete_2018_2022_observations_no_zero_fill
VANCOUVER,ANGUS DR,NANTON AVE,2d08b39a-a0d2-547c-8337-42382bdc7d5e,"ANGUS DR & NANTON AVE, VANCOUVER",49.247513,-123.146172,incomplete_2018_2022_observations_no_zero_fill
VANCOUVER,ANGUS DR,THE CRESCENT,8b62612f-8f35-5fda-9ce9-4260ffd7bb19,"ANGUS DR & THE CRESCENT, VANCOUVER",49.255561,-123.136394,incomplete_2018_2022_observations_no_zero_fill
VANCOUVER,ANGUS DR,W 29TH AVE,40304d2e-f4d0-5083-b16b-5b2a4f75fb92,"ANGUS DR & W 29TH AVE, VANCOUVER",49.245534,-123.14548,incomplete_2018_2022_observations_no_zero_fill
VANCOUVER,ANGUS DR,W 32ND AVE,6507365a-8737-5a8b-8615-bfe0462cbc07,"ANGUS DR & W 32ND AVE, VANCOUVER",49.243561,-123.145519,incomplete_2018_2022_observations_no_zero_fill
VANCOUVER,ANGUS DR,W 33RD AVE,b335c558-620b-5a0b-8387-d2333996642b,"ANGUS DR & W 33RD AVE, VANCOUVER",49.241989,-123.145513,incomplete_2018_2022_observations_no_zero_fill
VANCOUVER,ANGUS DR,W 35TH AVE,8c4a8139-d47b-55a0-8cd7-258a74ac1b2d,"ANGUS DR & W 35TH AVE, VANCOUVER",49.239925,-123.145479,incomplete_2018_2022_observations_no_zero_fill
VANCOUVER,ANGUS DR,W 37TH AVE,60cf0618-9c0d-524f-8367-5265f4e2e01e,"ANGUS DR & W 37TH AVE, VANCOUVER",49.238132,-123.146395,incomplete_2018_2022_observations_no_zero_fill
VANCOUVER,ANGUS DR,W 39TH AVE,19c98f75-8dd2-5b11-b908-f4ae7a76875f,"ANGUS DR & W 39TH AVE, VANCOUVER",49.236309,-123.147599,incomplete_2018_2022_observations_no_zero_fill
VANCOUVER,ANGUS DR,W 40TH AVE,cdb6de2c-0402-56ce-957d-29e803d2f6b5,"ANGUS DR & W 40TH AVE, VANCOUVER",49.235746,-123.147633,incomplete_2018_2022_observations_no_zero_fill
VANCOUVER,ANGUS DR,W 41ST AVE,f5cc68fd-6f56-59bf-a03b-02bef9360eaf,"ANGUS DR & W 41ST AVE, VANCOUVER",49.23446,-123.147668,incomplete_2018_2022_observations_no_zero_fill
VANCOUVER,ANGUS DR,W 45TH AVE,d369d3c2-305f-587f-87d0-e9551461c164,"ANGUS DR & W 45TH AVE, VANCOUVER",49.230745,-123.147807,incomplete_2018_2022_observations_no_zero_fill
VANCOUVER,ANGUS DR,W 47TH AVE,a79e5a1a-3df4-525c-b690-24e48c38ea0d,"ANGUS DR & W 47TH AVE, VANCOUVER",49.228886,-123.147878,incomplete_2018_2022_observations_no_zero_fill
VANCOUVER,ANGUS DR,W 49TH AVE,e93c7b6c-d79f-521e-9b9b-238a8fae1499,"ANGUS DR & W 49TH AVE, VANCOUVER",49.227069,-123.147944,incomplete_2018_2022_observations_no_zero_fill
VANCOUVER,ANGUS DR,W 50TH AVE,1a9abe73-a0b0-53ee-b626-6bbe716fb175,"ANGUS DR & W 50TH AVE, VANCOUVER",49.225751,-123.147995,incomplete_2018_2022_observations_no_zero_fill
VANCOUVER,ANGUS DR,W 52ND AVE,34c5699f-d135-50f6-8185-42e78a3e65b4,"ANGUS DR & W 52ND AVE, VANCOUVER",49.224176,-123.148057,incomplete_2018_2022_observations_no_zero_fill
VANCOUVER,ANGUS DR,W 54TH AVE,68bd5ab8-5fb2-521f-ada1-f2a8c260452c,"ANGUS DR & W 54TH AVE, VANCOUVER",49.221799,-123.148154,incomplete_2018_2022_observations_no_zero_fill
VANCOUVER,ANGUS DR,W 58TH AVE,051690d4-91ba-50e1-ae5c-8955736d4dad,"ANGUS DR & W 58TH AVE, VANCOUVER",49.218574,-123.148277,incomplete_2018_2022_observations_no_zero_fill
VANCOUVER,ANGUS DR,W 59TH AVE,c9d5c3dc-611a-5db3-ae52-430ce1b55e13,"ANGUS DR & W 59TH AVE, VANCOUVER",49.217746,-123.148313,incomplete_2018_2022_observations_no_zero_fill
VANCOUVER,ANGUS DR,W 60TH AVE,f71a9738-bc57-5d81-ad40-fdc444133500,"ANGUS DR & W 60TH AVE, VANCOUVER",49.216909,-123.14831,incomplete_2018_2022_observations_no_zero_fill
VANCOUVER,ANGUS DR,W 61ST AVE,46620b48-0107-527f-997d-22114794a2a1,"ANGUS DR & W 61ST AVE, VANCOUVER",49.216062,-123.148496,incomplete_2018_2022_observations_no_zero_fill
VANCOUVER,ANGUS DR,W 64TH AVE,8cfd1d13-2391-5629-ad3f-bb610ebfcd82,"ANGUS DR & W 64TH AVE, VANCOUVER",49.213274,-123.148478,incomplete_2018_2022_observations_no_zero_fill
VANCOUVER,ANGUS DR,W 75TH AVE,f3768985-58c3-5b69-8cf4-53f3a8562f34,"ANGUS DR & W 75TH AVE, VANCOUVER",49.207489,-123.149341,incomplete_2018_2022_observations_no_zero_fill
VANCOUVER,ANN ST,WELLINGTON AVE,76db3442-2b03-59f0-b1c4-a86e23cbd6cc,"ANN ST & WELLINGTON AVE, VANCOUVER",49.239213,-123.02811,incomplete_2018_2022_observations_no_zero_fill
VANCOUVER,ANZIO DR,E 22ND AVE,0ec43e50-79e0-5de2-bc69-fbd7f485a7b1,"ANZIO DR & E 22ND AVE, VANCOUVER",49.250625,-123.028522,incomplete_2018_2022_observations_no_zero_fill
VANCOUVER,ANZIO DR,MONS DR,45bdf4fa-fa86-5d16-a2e5-1f1e8aafb62e,"ANZIO DR & MONS DR, VANCOUVER",49.252316,-123.031058,incomplete_2018_2022_observations_no_zero_fill
VANCOUVER,ANZIO DR,RUPERT ST,d856fb70-9ac3-51be-b908-7bd4c320fac0,"ANZIO DR & RUPERT ST, VANCOUVER",49.252306,-123.03381,incomplete_2018_2022_observations_no_zero_fill
VANCOUVER,AQUA DR,WATERSIDE AVE,1108687b-a3a2-51ba-ada4-4d0813f7516f,"AQUA DR & WATERSIDE AVE, VANCOUVER",49.207582,-123.063419,incomplete_2018_2022_observations_no_zero_fill
VANCOUVER,AQUARIUS MEWS,MARINASIDE CRES,e2d666d0-702f-57ee-b1e9-cfcef91e01a5,"AQUARIUS MEWS & MARINASIDE CRES, VANCOUVER",49.273446,-123.118845,incomplete_2018_2022_observations_no_zero_fill
VANCOUVER,ARBOR AVE,MATHESON CRES,bd8f4974-a0f8-59fd-86be-7610762fef09,"ARBOR AVE & MATHESON CRES, VANCOUVER",49.217415,-123.025078,incomplete_2018_2022_observations_no_zero_fill
VANCOUVER,ARBUTUS DIVERS,ARBUTUS ST,be6ab0d1-7857-5497-9ba4-229b21aa5ab8,"ARBUTUS DIVERS & ARBUTUS ST, VANCOUVER",49.222842,-123.155335,incomplete_2018_2022_observations_no_zero_fill
VANCOUVER,ARBUTUS DIVERS,W 53RD AVE,cd2e4c16-75ac-5557-9582-6646de1c3b4d,"ARBUTUS DIVERS & W 53RD AVE, VANCOUVER",49.222842,-123.155335,incomplete_2018_2022_observations_no_zero_fill
VANCOUVER,ARBUTUS GREENWAY,BURRARD ST,1e3a8d31-2f2a-5cb5-9ba5-d9fa66eed532,"ARBUTUS GREENWAY & BURRARD ST, VANCOUVER",49.266475,-123.145659,incomplete_2018_2022_observations_no_zero_fill
VANCOUVER,ARBUTUS GREENWAY,SW MARINE DR,9f009dd3-25c9-52fb-a47e-f9568883884e,"ARBUTUS GREENWAY & SW MARINE DR, VANCOUVER",49.208578,-123.144463,incomplete_2018_2022_observations_no_zero_fill
VANCOUVER,ARBUTUS GREENWAY,W 11TH AVE,6857b3ea-ee56-5571-a3b1-f76e463dc487,"ARBUTUS GREENWAY & W 11TH AVE, VANCOUVER",49.261934,-123.152455,incomplete_2018_2022_observations_no_zero_fill
VANCOUVER,ARBUTUS GREENWAY,W 12TH AVE,9b366861-5bb5-5704-8e0e-09968940f15b,"ARBUTUS GREENWAY & W 12TH AVE, VANCOUVER",49.261005,-123.152508,incomplete_2018_2022_observations_no_zero_fill
VANCOUVER,ARBUTUS GREENWAY,W 14TH AVE,32b9c0d9-b83b-5c61-b311-9324dd44ebcd,"ARBUTUS GREENWAY & W 14TH AVE, VANCOUVER",49.259139,-123.152558,incomplete_2018_2022_observations_no_zero_fill
VANCOUVER,ARBUTUS GREENWAY,W 16TH AVE,5d2854dc-8a8d-503e-b712-ba92752b4f33,"ARBUTUS GREENWAY & W 16TH AVE, VANCOUVER",49.257288,-123.152709,incomplete_2018_2022_observations_no_zero_fill
VANCOUVER,ARBUTUS GREENWAY,W 33RD AVE,372cae6c-8633-5e6d-baaf-570316bfae92,"ARBUTUS GREENWAY & W 33RD AVE, VANCOUVER",49.242014,-123.147022,incomplete_2018_2022_observations_no_zero_fill
VANCOUVER,ARBUTUS GREENWAY,W 37TH AVE,5cc393ee-6754-5d8f-b345-c18f61de7979,"ARBUTUS GREENWAY & W 37TH AVE, VANCOUVER",49.238286,-123.155161,incomplete_2018_2022_observations_no_zero_fill
VANCOUVER,ARBUTUS GREENWAY,W 41ST AVE,7d546ea8-3eb5-5719-83aa-6d3db5ce4c2e,"ARBUTUS GREENWAY & W 41ST AVE, VANCOUVER",49.234581,-123.155314,incomplete_2018_2022_observations_no_zero_fill
VANCOUVER,ARBUTUS GREENWAY,W 4TH AVE,3ade8347-3e24-54a0-b3c5-f8e3170613c3,"ARBUTUS GREENWAY & W 4TH AVE, VANCOUVER",49.267924,-123.140422,incomplete_2018_2022_observations_no_zero_fill
VANCOUVER,ARBUTUS GREENWAY,W 64TH AVE,203a36bb-fe01-51f3-9b19-9800d975c475,"ARBUTUS GREENWAY & W 64TH AVE, VANCOUVER",49.213257,-123.146832,incomplete_2018_2022_observations_no_zero_fill
VANCOUVER,ARBUTUS GREENWAY,W BROADWAY,7df8b311-8dd7-5e7a-ba50-586555b30ea3,"ARBUTUS GREENWAY & W BROADWAY, VANCOUVER",49.263812,-123.152389,incomplete_2018_2022_observations_no_zero_fill
VANCOUVER,ARBUTUS GREENWAY,W KING EDWARD AVE,4ddf31eb-992d-584e-8862-e8817a4c1199,"ARBUTUS GREENWAY & W KING EDWARD AVE, VANCOUVER",49.251529,-123.15308,incomplete_2018_2022_observations_no_zero_fill
VANCOUVER,ARBUTUS ST,BRIAR AVE,6a21e677-2181-5b10-8223-16a31bdc0673,"ARBUTUS ST & BRIAR AVE, VANCOUVER",49.249719,-123.153153,incomplete_2018_2022_observations_no_zero_fill
VANCOUVER,ARBUTUS ST,CREELMAN AVE,40a202d9-95fe-5e5f-a871-77b033fe9fa4,"ARBUTUS ST & CREELMAN AVE, VANCOUVER",49.274533,-123.152523,incomplete_2018_2022_observations_no_zero_fill
VANCOUVER,ARBUTUS ST,LAHB AVE,cf21e593-a69d-57e1-bb97-0cf6b94aa727,"ARBUTUS ST & LAHB AVE, VANCOUVER",49.248458,-123.153254,incomplete_2018_2022_observations_no_zero_fill
VANCOUVER,ARBUTUS ST,MCNICOLL AVE,9b656d84-8f62-5ee4-bc70-0c37003ee051,"ARBUTUS ST & MCNICOLL AVE, VANCOUVER",49.276266,-123.151081,incomplete_2018_2022_observations_no_zero_fill
VANCOUVER,ARBUTUS ST,W 18TH AVE,a10ce017-83a2-58f8-a7d7-b82e3a5fe241,"ARBUTUS ST & W 18TH AVE, VANCOUVER",49.256197,-123.152873,incomplete_2018_2022_observations_no_zero_fill
VANCOUVER,ARBUTUS ST,W 19TH AVE,fab5d034-a100-53ad-afe4-c46657195558,"ARBUTUS ST & W 19TH AVE, VANCOUVER",49.255288,-123.152904,incomplete_2018_2022_observations_no_zero_fill
VANCOUVER,ARBUTUS ST,W 20TH AVE,9049228c-19cc-5c7c-bf11-9b1ef538d958,"ARBUTUS ST & W 20TH AVE, VANCOUVER",49.254392,-123.152948,incomplete_2018_2022_observations_no_zero_fill
VANCOUVER,ARBUTUS ST,W 21ST AVE,14024917-c7d8-5492-b0ff-e80efb33bd8a,"ARBUTUS ST & W 21ST AVE, VANCOUVER",49.25349,-123.15297,incomplete_2018_2022_observations_no_zero_fill
VANCOUVER,ARBUTUS ST,W 22ND AVE,fdca3ce2-a8ea-5694-9e55-dd76e6ed1686,"ARBUTUS ST & W 22ND AVE, VANCOUVER",49.252591,-123.153032,incomplete_2018_2022_observations_no_zero_fill
VANCOUVER,ARBUTUS ST,W 25TH AVE,e11c45cb-593f-5a6a-ac92-8dc9a4334cf6,"ARBUTUS ST & W 25TH AVE, VANCOUVER",49.251529,-123.15308,incomplete_2018_2022_observations_no_zero_fill
VANCOUVER,ARBUTUS ST,W 34TH AVE,75d00013-a6f2-5239-8a58-a1680554c40f,"ARBUTUS ST & W 34TH AVE, VANCOUVER",49.24111,-123.154452,incomplete_2018_2022_observations_no_zero_fill
VANCOUVER,ARBUTUS ST,W 35TH AVE,279496e1-e22e-51b4-9df8-6d4da5c2f8ba,"ARBUTUS ST & W 35TH AVE, VANCOUVER",49.240254,-123.155292,incomplete_2018_2022_observations_no_zero_fill
VANCOUVER,ARBUTUS ST,W 36TH AVE,e1a4f3ac-d8ac-5a60-9694-2c1812096aca,"ARBUTUS ST & W 36TH AVE, VANCOUVER",49.239185,-123.155376,incomplete_2018_2022_observations_no_zero_fill
VANCOUVER,ARBUTUS ST,W 3RD AVE,f034c88a-4d59-5b80-81d9-f467d29cca20,"ARBUTUS ST & W 3RD AVE, VANCOUVER",49.269023,-123.152738,incomplete_2018_2022_observations_no_zero_fill
VANCOUVER,ARBUTUS ST,W 51ST AVE,99d3eabf-4d3b-52a1-a91b-f4e580aa1d0f,"ARBUTUS ST & W 51ST AVE, VANCOUVER",49.224989,-123.155212,incomplete_2018_2022_observations_no_zero_fill
VANCOUVER,ARBUTUS ST,W 53RD AVE,0372c5ed-63eb-5028-bda7-9ccad7ce940e,"ARBUTUS ST & W 53RD AVE, VANCOUVER",49.222842,-123.155335,incomplete_2018_2022_observations_no_zero_fill
VANCOUVER,ARBUTUS ST,W 59TH AVE,480c3c49-6d27-5d1d-a897-303168faee1c,"ARBUTUS ST & W 59TH AVE, VANCOUVER",49.218124,-123.154569,incomplete_2018_2022_observations_no_zero_fill
VANCOUVER,ARBUTUS ST,W 7TH AVE,12d82c89-3585-59b6-bdd7-0f57b0abff88,"ARBUTUS ST & W 7TH AVE, VANCOUVER",49.265582,-123.152874,incomplete_2018_2022_observations_no_zero_fill
VANCOUVER,ARBUTUS ST,WEST BOULEVARD,29e3f238-2dec-593e-8601-b3e8436da58e,"ARBUTUS ST & WEST BOULEVARD, VANCOUVER",49.238291,-123.155447,incomplete_2018_2022_observations_no_zero_fill
VANCOUVER,ARBUTUS ST,WHYTE AVE,7fe7fcaf-3e06-5de3-b8ff-c1dceb79a237,"ARBUTUS ST & WHYTE AVE, VANCOUVER",49.2754,-123.151808,incomplete_2018_2022_observations_no_zero_fill
VANCOUVER,ARCHIMEDES ST,JOYCE ST,3491eeb1-db85-599b-b045-1866ed20a912,"ARCHIMEDES ST & JOYCE ST, VANCOUVER",49.235789,-123.034256,incomplete_2018_2022_observations_no_zero_fill
VANCOUVER,ARGYLE DR,BRAEBURN ST,e614c5e7-9b11-5adb-a4ff-84f165d7cddc,"ARGYLE DR & BRAEBURN ST, VANCOUVER",49.218925,-123.069695,incomplete_2018_2022_observations_no_zero_fill
VANCOUVER,ARGYLE DR,E 54TH AVE,0f1fae16-d329-53f6-84b8-b4e2d54b827d,"ARGYLE DR & E 54TH AVE, VANCOUVER",49.220178,-123.06587,incomplete_2018_2022_observations_no_zero_fill
VANCOUVER,ARGYLE ST,E 30TH AVE,fa783b5b-b5ea-5f16-977d-ddf4409bde4f,"ARGYLE ST & E 30TH AVE, VANCOUVER",49.243425,-123.070738,incomplete_2018_2022_observations_no_zero_fill
VANCOUVER,ARGYLE ST,E 31ST AVE,1956276e-4963-5770-8598-a2f9672b28c3,"ARGYLE ST & E 31ST AVE, VANCOUVER",49.242987,-123.070757,incomplete_2018_2022_observations_no_zero_fill
VANCOUVER,ARGYLE ST,E 32ND AVE,6e1102f0-1e56-55c3-aedf-54633630db2c,"ARGYLE ST & E 32ND AVE, VANCOUVER",49.241588,-123.070815,incomplete_2018_2022_observations_no_zero_fill
VANCOUVER,ARGYLE ST,E 33RD AVE,beb717bf-f065-5aab-b25e-3189361e6198,"ARGYLE ST & E 33RD AVE, VANCOUVER",49.240133,-123.071061,incomplete_2018_2022_observations_no_zero_fill
VANCOUVER,ARGYLE ST,E 34TH AVE,7b838443-d76f-53fd-ba26-a468816471f2,"ARGYLE ST & E 34TH AVE, VANCOUVER",49.239309,-123.071282,incomplete_2018_2022_observations_no_zero_fill
VANCOUVER,ARGYLE ST,E 35TH AVE,1c02072b-5291-5cd8-8413-1b75d4fa40dc,"ARGYLE ST & E 35TH AVE, VANCOUVER",49.238429,-123.071317,incomplete_2018_2022_observations_no_zero_fill
VANCOUVER,ARGYLE ST,E 36TH AVE,95c889c1-2173-5eb8-9fcf-1b8003ab3705,"ARGYLE ST & E 36TH AVE, VANCOUVER",49.237607,-123.071352,incomplete_2018_2022_observations_no_zero_fill
VANCOUVER,ARGYLE ST,E 37TH AVE,fa2da51b-26ad-58d8-9944-a202f6e744ac,"ARGYLE ST & E 37TH AVE, VANCOUVER",49.236763,-123.071387,incomplete_2018_2022_observations_no_zero_fill
VANCOUVER,ARGYLE ST,E 39TH AVE,0569eae5-3a06-5aa5-ab0e-a55c5ec2c789,"ARGYLE ST & E 39TH AVE, VANCOUVER",49.234731,-123.07145,incomplete_2018_2022_observations_no_zero_fill
VANCOUVER,ARGYLE ST,E 43RD AVE,63f006f3-2072-5dfd-9846-58a23eefe01a,"ARGYLE ST & E 43RD AVE, VANCOUVER",49.230568,-123.071572,incomplete_2018_2022_observations_no_zero_fill
VANCOUVER,ARGYLE ST,E 45TH AVE,47d8077e-6dad-5779-ad35-cd9285db4392,"ARGYLE ST & E 45TH AVE, VANCOUVER",49.228937,-123.07165,incomplete_2018_2022_observations_no_zero_fill
VANCOUVER,ARGYLE ST,E 46TH AVE,5c639355-6a9a-5cc5-94f2-0da46ddff51b,"ARGYLE ST & E 46TH AVE, VANCOUVER",49.228525,-123.07166,incomplete_2018_2022_observations_no_zero_fill
VANCOUVER,ARGYLE ST,E 47TH AVE,c8f31e66-52cb-5978-925c-1a3b45ffa1be,"ARGYLE ST & E 47TH AVE, VANCOUVER",49.227127,-123.071696,incomplete_2018_2022_observations_no_zero_fill
VANCOUVER,ARGYLE ST,E 51ST AVE,46249133-165c-53f8-b9ec-8367e62aee92,"ARGYLE ST & E 51ST AVE, VANCOUVER",49.223326,-123.071826,incomplete_2018_2022_observations_no_zero_fill
VANCOUVER,ARGYLE ST,E 53RD AVE,13c40965-1221-5f18-a529-85c6beeba4b0,"ARGYLE ST & E 53RD AVE, VANCOUVER",49.221743,-123.071905,incomplete_2018_2022_observations_no_zero_fill
VANCOUVER,ARGYLE ST,E 54TH AVE,da6e05c0-ed59-5846-83f9-6f8c594d132c,"ARGYLE ST & E 54TH AVE, VANCOUVER",49.220368,-123.071952,incomplete_2018_2022_observations_no_zero_fill
VANCOUVER,ARGYLE ST,E 55TH AVE,1eb29b2f-6582-5b42-ba02-7f7607f67e1e,"ARGYLE ST & E 55TH AVE, VANCOUVER",49.219961,-123.071969,incomplete_2018_2022_observations_no_zero_fill
VANCOUVER,ARGYLE ST,E 56TH AVE,00ec0254-71bd-5c5b-817f-aff6c0ff722d,"ARGYLE ST & E 56TH AVE, VANCOUVER",49.218994,-123.072037,incomplete_2018_2022_observations_no_zero_fill
VANCOUVER,ARGYLE ST,E 59TH AVE,ec620cd9-d5bf-531f-93d4-b5ecdcf11329,"ARGYLE ST & E 59TH AVE, VANCOUVER",49.216286,-123.071975,incomplete_2018_2022_observations_no_zero_fill
VANCOUVER,ARGYLE ST,E 60TH AVE,857759ea-80ef-547a-a11f-f4202059a250,"ARGYLE ST & E 60TH AVE, VANCOUVER",49.215422,-123.072013,incomplete_2018_2022_observations_no_zero_fill
VANCOUVER,ARGYLE ST,E 64TH AVE,d2960302-47e0-53c7-9be0-52ab3ab977bb,"ARGYLE ST & E 64TH AVE, VANCOUVER",49.211963,-123.072046,incomplete_2018_2022_observations_no_zero_fill
VANCOUVER,ARGYLE ST,E KENT AVE S,c460aca7-1191-5964-9368-5223984749af,"ARGYLE ST & E KENT AVE S, VANCOUVER",49.20869,-123.071319,incomplete_2018_2022_observations_no_zero_fill
VANCOUVER,ARGYLE ST,ISLAND AVE,4d809f99-ee9c-5a9e-b080-5ad16a96b748,"ARGYLE ST & ISLAND AVE, VANCOUVER",49.210046,-123.071316,incomplete_2018_2022_observations_no_zero_fill
VANCOUVER,ARLINGTON ST,CHAMPLAIN CRES,0577d098-eb98-599f-b10b-a9b07079d9c6,"ARLINGTON ST & CHAMPLAIN CRES, VANCOUVER",49.219031,-123.032401,incomplete_2018_2022_observations_no_zero_fill
VANCOUVER,ARLINGTON ST,E 43RD AVE,944d7827-4910-5ffd-90f1-e4e08ecb610a,"ARLINGTON ST & E 43RD AVE, VANCOUVER",49.230804,-123.027807,incomplete_2018_2022_observations_no_zero_fill
VANCOUVER,ARLINGTON ST,E 45TH AVE,d66a26a0-69b7-5307-9eeb-d8c5634d0f86,"ARLINGTON ST & E 45TH AVE, VANCOUVER",49.229251,-123.027805,incomplete_2018_2022_observations_no_zero_fill
VANCOUVER,ARLINGTON ST,E 46TH AVE,d8ca597e-14eb-5537-9df8-795fb5331a1e,"ARLINGTON ST & E 46TH AVE, VANCOUVER",49.228113,-123.02778,incomplete_2018_2022_observations_no_zero_fill
VANCOUVER,ARLINGTON ST,E 47TH AVE,67df2841-a810-5569-9242-ec482fa4d9b4,"ARLINGTON ST & E 47TH AVE, VANCOUVER",49.226405,-123.027876,incomplete_2018_2022_observations_no_zero_fill
VANCOUVER,ASCOT PL,MCGEER ST,f8d55cbd-ee13-55b4-b2e9-7d146758cab3,"ASCOT PL & MCGEER ST, VANCOUVER",49.23927,-123.033485,incomplete_2018_2022_observations_no_zero_fill
VANCOUVER,ASH CRES,W 54TH AVE,23fed3d8-9146-5968-9316-335d45fde480,"ASH CRES & W 54TH AVE, VANCOUVER",49.221773,-123.118849,incomplete_2018_2022_observations_no_zero_fill
VANCOUVER,ASH CRES,W 57TH AVE,ace0ffb0-44aa-5004-a7ae-c8bb1950fa9a,"ASH CRES & W 57TH AVE, VANCOUVER",49.219097,-123.120405,incomplete_2018_2022_observations_no_zero_fill
VANCOUVER,ASH ST,MCGUIGAN AVE,0f3b4eb6-1d7f-58ee-a73f-f3d909b6e54f,"ASH ST & MCGUIGAN AVE, VANCOUVER",49.239815,-123.119514,incomplete_2018_2022_observations_no_zero_fill
VANCOUVER,ASH ST,W 14TH AVE,2300895f-9807-5e6a-a6e3-9af6ba93dec7,"ASH ST & W 14TH AVE, VANCOUVER",49.258787,-123.117707,incomplete_2018_2022_observations_no_zero_fill
VANCOUVER,ASH ST,W 17TH AVE,2ac28971-7299-5367-b9e2-6ea8cf5e55e4,"ASH ST & W 17TH AVE, VANCOUVER",49.256069,-123.118159,incomplete_2018_2022_observations_no_zero_fill
VANCOUVER,ASH ST,W 18TH AVE,10d7bab8-6a69-5b53-bfd4-3a20df462bb1,"ASH ST & W 18TH AVE, VANCOUVER",49.255159,-123.118191,incomplete_2018_2022_observations_no_zero_fill
VANCOUVER,ASH ST,W 19TH AVE,9b4cfbd1-2d54-574c-b98f-72110dc8f24f,"ASH ST & W 19TH AVE, VANCOUVER",49.254257,-123.118223,incomplete_2018_2022_observations_no_zero_fill
VANCOUVER,ASH ST,W 20TH AVE,ee454e5b-9c09-5b70-8491-8e346f32e9d2,"ASH ST & W 20TH AVE, VANCOUVER",49.253361,-123.118257,incomplete_2018_2022_observations_no_zero_fill
VANCOUVER,ASH ST,W 21ST AVE,6f7c1e72-c72c-5bca-be0a-4bf1ea9184b4,"ASH ST & W 21ST AVE, VANCOUVER",49.252452,-123.118287,incomplete_2018_2022_observations_no_zero_fill
VANCOUVER,ASH ST,W 22ND AVE,8c6e0548-3ecc-5b0d-85b9-a7eb9d4ac4a4,"ASH ST & W 22ND AVE, VANCOUVER",49.251551,-123.118321,incomplete_2018_2022_observations_no_zero_fill
VANCOUVER,ASH ST,W 24TH AVE,449c69b7-165f-5e88-92b8-3302324cdf43,"ASH ST & W 24TH AVE, VANCOUVER",49.250031,-123.118372,incomplete_2018_2022_observations_no_zero_fill
VANCOUVER,ASH ST,W 25TH AVE,1965f7cb-bb91-5567-bac6-8607cf08f4a4,"ASH ST & W 25TH AVE, VANCOUVER",49.249035,-123.118414,incomplete_2018_2022_observations_no_zero_fill
VANCOUVER,ASH ST,W 26TH AVE,e6709b62-43bc-5555-89f7-3247057d4c04,"ASH ST & W 26TH AVE, VANCOUVER",49.247998,-123.118497,incomplete_2018_2022_observations_no_zero_fill
VANCOUVER,ASH ST,W 27TH AVE,06dd4e50-3c82-5a3f-a631-0759a6511b1d,"ASH ST & W 27TH AVE, VANCOUVER",49.247078,-123.118534,incomplete_2018_2022_observations_no_zero_fill
VANCOUVER,ASH ST,W 28TH AVE,0de2b277-5ffe-5cb9-a149-050a37fe020c,"ASH ST & W 28TH AVE, VANCOUVER",49.246162,-123.118558,incomplete_2018_2022_observations_no_zero_fill
VANCOUVER,ASH ST,W 29TH AVE,2d1cd52a-1cfb-5277-ac37-79fc7ee3e40f,"ASH ST & W 29TH AVE, VANCOUVER",49.245242,-123.118573,incomplete_2018_2022_observations_no_zero_fill
VANCOUVER,ASH ST,W 30TH AVE,8a53c7ba-e30a-5755-9e14-3bf963aba2db,"ASH ST & W 30TH AVE, VANCOUVER",49.244323,-123.118633,incomplete_2018_2022_observations_no_zero_fill
VANCOUVER,ASH ST,W 37TH AVE,7162c2f0-6779-5aa8-8642-53de15efac25,"ASH ST & W 37TH AVE, VANCOUVER",49.237287,-123.117749,incomplete_2018_2022_observations_no_zero_fill
VANCOUVER,ASH ST,W 54TH AVE,45519203-9b5c-528b-9644-f553dcad5e0f,"ASH ST & W 54TH AVE, VANCOUVER",49.221767,-123.118262,incomplete_2018_2022_observations_no_zero_fill
VANCOUVER,ASH ST,W 59TH AVE,5ae32e9e-d530-5d44-936e-e80e97284fd0,"ASH ST & W 59TH AVE, VANCOUVER",49.216984,-123.120045,incomplete_2018_2022_observations_no_zero_fill
VANCOUVER,ASH ST,W 61ST AVE,8378200a-5311-5ffb-ac74-c5687b5d0df9,"ASH ST & W 61ST AVE, VANCOUVER",49.21509,-123.120121,incomplete_2018_2022_observations_no_zero_fill
VANCOUVER,ASH ST,W 62ND AVE,cb388d22-0879-5abf-bc4d-c8aaa00de63d,"ASH ST & W 62ND AVE, VANCOUVER",49.214202,-123.120125,incomplete_2018_2022_observations_no_zero_fill
VANCOUVER,ASH ST,W 63RD AVE,345e50cd-ff26-5d6f-ab1f-1a93d8627fab,"ASH ST & W 63RD AVE, VANCOUVER",49.213292,-123.120168,incomplete_2018_2022_observations_no_zero_fill
VANCOUVER,ASH ST,W 64TH AVE,3fe3758c-345b-5abb-a28e-e5e60b63fffd,"ASH ST & W 64TH AVE, VANCOUVER",49.212378,-123.120197,incomplete_2018_2022_observations_no_zero_fill
VANCOUVER,ASH ST,W 65TH AVE,6d736568-9c0d-50cb-a104-57a39a58aaee,"ASH ST & W 65TH AVE, VANCOUVER",49.211495,-123.120225,incomplete_2018_2022_observations_no_zero_fill
VANCOUVER,ASH ST,W 66TH AVE,53c6d875-2d3d-5c0e-a444-12bf9556abc9,"ASH ST & W 66TH AVE, VANCOUVER",49.211136,-123.120239,incomplete_2018_2022_observations_no_zero_fill
VANCOUVER,ASH ST,W 68TH AVE,02f74261-8292-525a-80b7-195346b4ca5b,"ASH ST & W 68TH AVE, VANCOUVER",49.210222,-123.120269,incomplete_2018_2022_observations_no_zero_fill
VANCOUVER,ASH ST,W 69TH AVE,e36d7abc-c784-517f-bd33-db049eca5c93,"ASH ST & W 69TH AVE, VANCOUVER",49.209327,-123.120362,incomplete_2018_2022_observations_no_zero_fill
VANCOUVER,ASH ST,W 71ST AVE,d871af09-0412-5e0d-be0c-67ba662673ac,"ASH ST & W 71ST AVE, VANCOUVER",49.207334,-123.119048,incomplete_2018_2022_observations_no_zero_fill
VANCOUVER,ASH ST,W 9TH AVE,a0c7914f-6d21-586b-abd7-a9bdeeb2f43e,"ASH ST & W 9TH AVE, VANCOUVER",49.26325,-123.11752,incomplete_2018_2022_observations_no_zero_fill
VANCOUVER,ASH ST,W KENT AVE S,9278f52a-1dc1-5835-90a6-568283c04524,"ASH ST & W KENT AVE S, VANCOUVER",49.205475,-123.119074,incomplete_2018_2022_observations_no_zero_fill
VANCOUVER,ASHBURN ST,ELLIOTT ST,bbf3c14d-6de5-534a-83cf-d8fcbd9d2d79,"ASHBURN ST & ELLIOTT ST, VANCOUVER",49.21854,-123.054862,incomplete_2018_2022_observations_no_zero_fill
VANCOUVER,ASHBURN ST,UPLAND DR,4cee7223-d646-5685-9b15-a172395b9b51,"ASHBURN ST & UPLAND DR, VANCOUVER",49.217841,-123.056324,incomplete_2018_2022_observations_no_zero_fill
VANCOUVER,ASPEN AVE,QUILCHENA CRES,c9fd261f-0187-5ec0-a7a4-55a253c5348d,"ASPEN AVE & QUILCHENA CRES, VANCOUVER",49.241193,-123.151607,incomplete_2018_2022_observations_no_zero_fill
VANCOUVER,ATHLETES WAY,COLUMBIA ST,288a5869-4412-5f7f-bf57-0a2fac7bb3de,"ATHLETES WAY & COLUMBIA ST, VANCOUVER",49.271591,-123.109382,incomplete_2018_2022_observations_no_zero_fill
VANCOUVER,ATHLETES WAY,MANITOBA ST,f9b2e95f-ee1d-5946-a49b-fd9920e4a0bc,"ATHLETES WAY & MANITOBA ST, VANCOUVER",49.271542,-123.106634,incomplete_2018_2022_observations_no_zero_fill
VANCOUVER,ATHLETES WAY,ONTARIO ST,e14006b6-9b9c-53f7-8c01-f045e7470914,"ATHLETES WAY & ONTARIO ST, VANCOUVER",49.271506,-123.104592,incomplete_2018_2022_observations_no_zero_fill
VANCOUVER,ATHLETES WAY,SALT ST,f9a6ef16-b908-5a4a-951d-24a5d1358297,"ATHLETES WAY & SALT ST, VANCOUVER",49.271532,-123.106062,incomplete_2018_2022_observations_no_zero_fill
VANCOUVER,ATHLONE ST,W 41ST AVE,363c3180-6a03-56c8-9fc3-51e0a6fd5484,"ATHLONE ST & W 41ST AVE, VANCOUVER",49.234228,-123.13639,incomplete_2018_2022_observations_no_zero_fill
VANCOUVER,ATHLONE ST,W 43RD AVE,3b17125c-501e-561d-99a4-4e0b6dd261d6,"ATHLONE ST & W 43RD AVE, VANCOUVER",49.232354,-123.136472,incomplete_2018_2022_observations_no_zero_fill
VANCOUVER,ATLANTIC ST,PRINCESS AVE,f760e028-4403-5c43-be92-beca7b239c9d,"ATLANTIC ST & PRINCESS AVE, VANCOUVER",49.275757,-123.091764,incomplete_2018_2022_observations_no_zero_fill
VANCOUVER,ATLAS LANE,GRANVILLE ST,978bcf8b-bfc5-5a4d-bf4e-fa85eef97d45,"ATLAS LANE & GRANVILLE ST, VANCOUVER",49.220813,-123.140059,incomplete_2018_2022_observations_no_zero_fill
VANCOUVER,ATLIN ST,E 27TH AVE,fb209d82-7af6-5519-86bf-9a8b300d5290,"ATLIN ST & E 27TH AVE, VANCOUVER",49.246253,-123.045863,incomplete_2018_2022_observations_no_zero_fill
VANCOUVER,ATLIN ST,E 29TH AVE,eb3e3448-3f06-5c28-b057-4db2bb1bf21e,"ATLIN ST & E 29TH AVE, VANCOUVER",49.244598,-123.045875,incomplete_2018_2022_observations_no_zero_fill
VANCOUVER,AUSTREY AVE,MCHARDY ST,45921335-7fd1-5e9e-958d-2cfd2dffde87,"AUSTREY AVE & MCHARDY ST, VANCOUVER",49.238246,-123.035816,incomplete_2018_2022_observations_no_zero_fill
VANCOUVER,AVERY AVE,SW MARINE DR,8ea36936-c8bf-52a3-8307-54ae1aba0cfa,"AVERY AVE & SW MARINE DR, VANCOUVER",49.208005,-123.142192,incomplete_2018_2022_observations_no_zero_fill
VANCOUVER,AVISON TRAIL,STANLEY PARK DR,c7dc87c4-8d32-5c6a-b249-d6c3f31e434c,"AVISON TRAIL & STANLEY PARK DR, VANCOUVER",49.31015,-123.142332,incomplete_2018_2022_observations_no_zero_fill
VANCOUVER,AVISON WAY,BROCKTON OVAL TRAIL,88a98ead-31d8-5ef4-904f-8f81bd7b0d4a,"AVISON WAY & BROCKTON OVAL TRAIL, VANCOUVER",49.298701,-123.130651,incomplete_2018_2022_observations_no_zero_fill
VANCOUVER,AVISON WAY,STANLEY PARK DR,c99bbb5c-a609-50c4-ae34-7fb3d81f9ada,"AVISON WAY & STANLEY PARK DR, VANCOUVER",49.302566,-123.129217,incomplete_2018_2022_observations_no_zero_fill
VANCOUVER,BAILLIE ST,W 37TH AVE,f1f28b0f-cede-5fe2-ac4a-e41770bfead3,"BAILLIE ST & W 37TH AVE, VANCOUVER",49.237457,-123.122249,incomplete_2018_2022_observations_no_zero_fill
VANCOUVER,BAILLIE ST,W 39TH AVE,f6b7f6ee-6837-580b-a265-4b5e60020131,"BAILLIE ST & W 39TH AVE, VANCOUVER",49.235609,-123.122315,incomplete_2018_2022_observations_no_zero_fill
VANCOUVER,BAILLIE ST,W 41ST AVE,0221586c-fa1b-5c46-8322-1b2e8abd4795,"BAILLIE ST & W 41ST AVE, VANCOUVER",49.233819,-123.122378,incomplete_2018_2022_observations_no_zero_fill
VANCOUVER,BALACLAVA ST,POINT GREY RD,5dbd23a9-4263-5e78-b2bd-e2875a37bdda,"BALACLAVA ST & POINT GREY RD, VANCOUVER",49.271114,-123.173732,incomplete_2018_2022_observations_no_zero_fill
VANCOUVER,BALACLAVA ST,W 11TH AVE,947c315f-fe9d-5ecc-9dd4-bd31ac2280bc,"BALACLAVA ST & W 11TH AVE, VANCOUVER",49.262366,-123.174024,incomplete_2018_2022_observations_no_zero_fill
VANCOUVER,BALACLAVA ST,W 12TH AVE,ce59eeaf-e531-5d11-a9b7-190a55fef823,"BALACLAVA ST & W 12TH AVE, VANCOUVER",49.261475,-123.174055,incomplete_2018_2022_observations_no_zero_fill
VANCOUVER,BALACLAVA ST,W 13TH AVE,36a63ad5-07b0-573d-8723-b1c0ad7c0372,"BALACLAVA ST & W 13TH AVE, VANCOUVER",49.26057,-123.17412,incomplete_2018_2022_observations_no_zero_fill
VANCOUVER,BALACLAVA ST,W 14TH AVE,5d016568-6f1b-5084-bf29-834eb161c59e,"BALACLAVA ST & W 14TH AVE, VANCOUVER",49.259663,-123.174155,incomplete_2018_2022_observations_no_zero_fill
VANCOUVER,BALACLAVA ST,W 15TH AVE,313d507c-cc80-5911-bb31-4d48011236b2,"BALACLAVA ST & W 15TH AVE, VANCOUVER",49.258751,-123.174155,incomplete_2018_2022_observations_no_zero_fill
VANCOUVER,BALACLAVA ST,W 19TH AVE,92a9af5e-44e9-57d2-9941-6759d808178a,"BALACLAVA ST & W 19TH AVE, VANCOUVER",49.255537,-123.174392,incomplete_2018_2022_observations_no_zero_fill
VANCOUVER,BALACLAVA ST,W 23RD AVE,3de018fd-70d0-5ea0-9b68-884fb5680dff,"BALACLAVA ST & W 23RD AVE, VANCOUVER",49.251927,-123.175663,incomplete_2018_2022_observations_no_zero_fill
VANCOUVER,BALACLAVA ST,W 24TH AVE,2d7e104b-4c1d-52a0-8288-73955518b2a1,"BALACLAVA ST & W 24TH AVE, VANCOUVER",49.251018,-123.175673,incomplete_2018_2022_observations_no_zero_fill
VANCOUVER,BALACLAVA ST,W 27TH AVE,25e6aac2-8213-5c5e-8c7e-04176f76c951,"BALACLAVA ST & W 27TH AVE, VANCOUVER",49.248026,-123.175728,incomplete_2018_2022_observations_no_zero_fill
VANCOUVER,BALACLAVA ST,W 28TH AVE,b84efef1-8a54-5283-9cbe-66909a095e17,"BALACLAVA ST & W 28TH AVE, VANCOUVER",49.247085,-123.175733,incomplete_2018_2022_observations_no_zero_fill
VANCOUVER,BALACLAVA ST,W 29TH AVE,3887f7b5-06bf-5ed9-b936-f7876b32904d,"BALACLAVA ST & W 29TH AVE, VANCOUVER",49.246126,-123.175731,incomplete_2018_2022_observations_no_zero_fill
VANCOUVER,BALACLAVA ST,W 2ND AVE,4d3d9353-460a-58e6-b986-79c4fa5adace,"BALACLAVA ST & W 2ND AVE, VANCOUVER",49.270246,-123.173743,incomplete_2018_2022_observations_no_zero_fill
VANCOUVER,BALACLAVA ST,W 31ST AVE,af362fad-d1c3-5b83-a861-aaf3ff6f0385,"BALACLAVA ST & W 31ST AVE, VANCOUVER",49.244238,-123.175712,incomplete_2018_2022_observations_no_zero_fill
VANCOUVER,BALACLAVA ST,W 33RD AVE,f8b8baa6-1337-5f87-8e9f-f7fccb7fd318,"BALACLAVA ST & W 33RD AVE, VANCOUVER",49.242355,-123.175748,incomplete_2018_2022_observations_no_zero_fill
VANCOUVER,BALACLAVA ST,W 34TH AVE,a096e5c1-1fcb-5ac8-9952-f108042ae4c1,"BALACLAVA ST & W 34TH AVE, VANCOUVER",49.241379,-123.175758,incomplete_2018_2022_observations_no_zero_fill
VANCOUVER,BALACLAVA ST,W 35TH AVE,84e64ed6-0d67-5786-91ef-87046e58d3a4,"BALACLAVA ST & W 35TH AVE, VANCOUVER",49.240443,-123.175774,incomplete_2018_2022_observations_no_zero_fill
VANCOUVER,BALACLAVA ST,W 36TH AVE,a6f42372-5420-5615-9fde-55fd6afb6b27,"BALACLAVA ST & W 36TH AVE, VANCOUVER",49.239471,-123.175778,incomplete_2018_2022_observations_no_zero_fill
VANCOUVER,BALACLAVA ST,W 38TH AVE,b5a65afd-d900-54a4-a0d4-d9c46ed48dbb,"BALACLAVA ST & W 38TH AVE, VANCOUVER",49.237585,-123.175821,incomplete_2018_2022_observations_no_zero_fill
VANCOUVER,BALACLAVA ST,W 39TH AVE,628d2759-f192-599f-a058-8980345e66d2,"BALACLAVA ST & W 39TH AVE, VANCOUVER",49.23663,-123.176717,incomplete_2018_2022_observations_no_zero_fill
VANCOUVER,BALACLAVA ST,W 3RD AVE,6c6d728b-f113-5e17-af31-5b62cb6f8621,"BALACLAVA ST & W 3RD AVE, VANCOUVER",49.269336,-123.173771,incomplete_2018_2022_observations_no_zero_fill
VANCOUVER,BALACLAVA ST,W 42ND AVE,7d9c0180-49c0-5bdb-8e2b-e2ad1962be4b,"BALACLAVA ST & W 42ND AVE, VANCOUVER",49.233766,-123.175775,incomplete_2018_2022_observations_no_zero_fill
VANCOUVER,BALACLAVA ST,W 43RD AVE,c799d758-e4d0-556c-8b1b-d15fc37897a0,"BALACLAVA ST & W 43RD AVE, VANCOUVER",49.232788,-123.175801,incomplete_2018_2022_observations_no_zero_fill
VANCOUVER,BALACLAVA ST,W 49TH AVE,d18987bf-bf4b-5758-9f9f-9ffcf6511b9e,"BALACLAVA ST & W 49TH AVE, VANCOUVER",49.22741,-123.175873,incomplete_2018_2022_observations_no_zero_fill
VANCOUVER,BALACLAVA ST,W 51ST AVE,a8c0769f-392d-59b3-9728-033f06198502,"BALACLAVA ST & W 51ST AVE, VANCOUVER",49.2254,-123.175927,incomplete_2018_2022_observations_no_zero_fill
VANCOUVER,BALACLAVA ST,W 53RD AVE,f6fefc7f-68d6-579c-9955-472ce11d93cb,"BALACLAVA ST & W 53RD AVE, VANCOUVER",49.223422,-123.17599,incomplete_2018_2022_observations_no_zero_fill
VANCOUVER,BALACLAVA ST,W 55TH AVE,bf433396-a452-52f3-a837-3b178c8bffa0,"BALACLAVA ST & W 55TH AVE, VANCOUVER",49.221435,-123.176099,incomplete_2018_2022_observations_no_zero_fill
VANCOUVER,BALACLAVA ST,W 5TH AVE,b61e655d-865e-5b10-a6c1-5798ebe97374,"BALACLAVA ST & W 5TH AVE, VANCOUVER",49.267555,-123.17387,incomplete_2018_2022_observations_no_zero_fill
VANCOUVER,BALACLAVA ST,W 6TH AVE,58c0ada2-b9bd-55c8-92cf-15f11ba67459,"BALACLAVA ST & W 6TH AVE, VANCOUVER",49.266723,-123.173899,incomplete_2018_2022_observations_no_zero_fill
VANCOUVER,BALACLAVA ST,W 8TH AVE,63d77897-b1e5-5411-9325-1170d7795656,"BALACLAVA ST & W 8TH AVE, VANCOUVER",49.265053,-123.17396,incomplete_2018_2022_observations_no_zero_fill
VANCOUVER,BALACLAVA ST,W 9TH AVE,1ad0c7ab-99f9-5ac5-ac91-6cdcb3b734bd,"BALACLAVA ST & W 9TH AVE, VANCOUVER",49.264173,-123.173993,incomplete_2018_2022_observations_no_zero_fill
VANCOUVER,BALACLAVA ST,W KING EDWARD AVE,1ebc3d74-321c-514b-bdaf-1d5930358deb,"BALACLAVA ST & W KING EDWARD AVE, VANCOUVER",49.250018,-123.175677,incomplete_2018_2022_observations_no_zero_fill
VANCOUVER,BALDWIN ST,BROCK ST,cf1d8d72-40fb-5830-bed9-f46a06d9319e,"BALDWIN ST & BROCK ST, VANCOUVER",49.243985,-123.057893,incomplete_2018_2022_observations_no_zero_fill
VANCOUVER,BALDWIN ST,E 30TH AVE,00dc3d6c-dbeb-52ad-bf2e-868df2dd8fe0,"BALDWIN ST & E 30TH AVE, VANCOUVER",49.241518,-123.06014,incomplete_2018_2022_observations_no_zero_fill
VANCOUVER,BALDWIN ST,E 32ND AVE,4ebb58f2-0b06-5acf-8077-5d6de22ae386,"BALDWIN ST & E 32ND AVE, VANCOUVER",49.241518,-123.06014,incomplete_2018_2022_observations_no_zero_fill
VANCOUVER,BALDWIN ST,GALT ST,c4719d8c-f4c9-54da-a7d1-00e49c707dcd,"BALDWIN ST & GALT ST, VANCOUVER",49.243113,-123.058452,incomplete_2018_2022_observations_no_zero_fill
VANCOUVER,BALFOUR AVE,HWY 99,e23fea29-fdcb-5148-b7ee-a3ac9d2dd576,"BALFOUR AVE & HWY 99, VANCOUVER",49.251905,-123.139024,incomplete_2018_2022_observations_no_zero_fill
VANCOUVER,BALFOUR AVE,OAK ST,68fb0dba-3382-5e55-92f6-f777afe739df,"BALFOUR AVE & OAK ST, VANCOUVER",49.251719,-123.127448,incomplete_2018_2022_observations_no_zero_fill
VANCOUVER,BALFOUR AVE,OSLER ST,854ae6d5-2f34-5601-a72b-9bf4c8e7b0a0,"BALFOUR AVE & OSLER ST, VANCOUVER",49.251971,-123.129868,incomplete_2018_2022_observations_no_zero_fill
VANCOUVER,BALKAN ST,E 26TH AVE,1db57444-b765-5f4e-ba7b-4133aeaae8ce,"BALKAN ST & E 26TH AVE, VANCOUVER",49.247365,-123.095475,incomplete_2018_2022_observations_no_zero_fill
VANCOUVER,BALMORAL ST,E 53RD AVE,5020f28c-ab16-5e4e-80e3-d729643d575f,"BALMORAL ST & E 53RD AVE, VANCOUVER",49.221832,-123.068413,incomplete_2018_2022_observations_no_zero_fill
VANCOUVER,BALMORAL ST,E 55TH AVE,dade6c47-4b5f-5bdf-8b80-b3e784cbd802,"BALMORAL ST & E 55TH AVE, VANCOUVER",49.220334,-123.068454,incomplete_2018_2022_observations_no_zero_fill
VANCOUVER,BALMORAL ST,E 56TH AVE,b440ac07-4f1c-5720-b4a3-731ab5ef9cb8,"BALMORAL ST & E 56TH AVE, VANCOUVER",49.219618,-123.068477,incomplete_2018_2022_observations_no_zero_fill
VANCOUVER,BALSAM ST,POINT GREY RD,7b06bd14-c094-5675-8faa-feff2a6c7afe,"BALSAM ST & POINT GREY RD, VANCOUVER",49.273486,-123.159868,incomplete_2018_2022_observations_no_zero_fill
VANCOUVER,BALSAM ST,SW MARINE DR,17a0dbcd-67b1-5efd-b3ed-b7350b22fd5f,"BALSAM ST & SW MARINE DR, VANCOUVER",49.222529,-123.161595,incomplete_2018_2022_observations_no_zero_fill
VANCOUVER,BALSAM ST,W 10TH AVE,51017b8c-1fb2-5008-936f-9d3dcaf9b4b3,"BALSAM ST & W 10TH AVE, VANCOUVER",49.262984,-123.160043,incomplete_2018_2022_observations_no_zero_fill
VANCOUVER,BALSAM ST,W 16TH AVE,31960b38-5bb2-55a1-83b4-c670434480ae,"BALSAM ST & W 16TH AVE, VANCOUVER",49.257398,-123.160285,incomplete_2018_2022_observations_no_zero_fill
VANCOUVER,BALSAM ST,W 19TH AVE,e804b74e-9015-5de4-89e9-bfe3db5bdc66,"BALSAM ST & W 19TH AVE, VANCOUVER",49.255401,-123.160359,incomplete_2018_2022_observations_no_zero_fill
VANCOUVER,BALSAM ST,W 1ST AVE,2697606b-5510-5377-9773-10fa5ca16666,"BALSAM ST & W 1ST AVE, VANCOUVER",49.270898,-123.159758,incomplete_2018_2022_observations_no_zero_fill
VANCOUVER,BALSAM ST,W 21ST AVE,9401e81a-67fa-52f8-b9f3-6e8774a93dc2,"BALSAM ST & W 21ST AVE, VANCOUVER",49.253605,-123.160425,incomplete_2018_2022_observations_no_zero_fill
VANCOUVER,BALSAM ST,W 37TH AVE,a52e05f4-537e-5e25-8cc0-7b91c3084c12,"BALSAM ST & W 37TH AVE, VANCOUVER",49.238395,-123.161218,incomplete_2018_2022_observations_no_zero_fill
VANCOUVER,BALSAM ST,W 39TH AVE,a1ab6302-4483-5df4-979d-3a199c92d222,"BALSAM ST & W 39TH AVE, VANCOUVER",49.236518,-123.161281,incomplete_2018_2022_observations_no_zero_fill
VANCOUVER,BALSAM ST,W 3RD AVE,49ae271e-300a-5b39-b475-c35bfc4aa47d,"BALSAM ST & W 3RD AVE, VANCOUVER",49.269125,-123.159823,incomplete_2018_2022_observations_no_zero_fill
VANCOUVER,BALSAM ST,W 45TH AVE,8c527a46-c899-5bde-b3e9-8d751d127be3,"BALSAM ST & W 45TH AVE, VANCOUVER",49.230953,-123.161491,incomplete_2018_2022_observations_no_zero_fill
VANCOUVER,BALSAM ST,W 49TH AVE,fff4f1a7-e704-52fa-bfe6-7ab2ab29ccdf,"BALSAM ST & W 49TH AVE, VANCOUVER",49.227236,-123.161294,incomplete_2018_2022_observations_no_zero_fill
VANCOUVER,BALSAM ST,W 5TH AVE,57272a1a-ca11-5c34-9b9f-ae279b29c8b2,"BALSAM ST & W 5TH AVE, VANCOUVER",49.267381,-123.159905,incomplete_2018_2022_observations_no_zero_fill
VANCOUVER,BALSAM ST,W 7TH AVE,8dd10e39-feca-50c1-ab90-39c34925eb13,"BALSAM ST & W 7TH AVE, VANCOUVER",49.265688,-123.159947,incomplete_2018_2022_observations_no_zero_fill
VANCOUVER,BALSAM ST,YORK AVE,5f11dd5a-a48d-529b-866c-fc8fe8300e2a,"BALSAM ST & YORK AVE, VANCOUVER",49.271782,-123.159727,incomplete_2018_2022_observations_no_zero_fill
VANCOUVER,BARCLAY ST,BIDWELL ST,454f07ef-4e0a-5e27-8366-c7dea5bc147c,"BARCLAY ST & BIDWELL ST, VANCOUVER",49.289058,-123.135977,incomplete_2018_2022_observations_no_zero_fill
VANCOUVER,BARCLAY ST,BUTE ST,ca66a7f3-fc93-58d1-b697-320773513ab7,"BARCLAY ST & BUTE ST, VANCOUVER",49.284639,-123.129096,incomplete_2018_2022_observations_no_zero_fill
VANCOUVER,BARCLAY ST,CARDERO ST,c7616c8a-ee0a-56db-8ef8-cf736e28ffb7,"BARCLAY ST & CARDERO ST, VANCOUVER",49.288018,-123.13437,incomplete_2018_2022_observations_no_zero_fill
VANCOUVER,BARCLAY ST,GILFORD ST,d50c6e6f-de08-5194-82d1-3fdae328c30d,"BARCLAY ST & GILFORD ST, VANCOUVER",49.291082,-123.139129,incomplete_2018_2022_observations_no_zero_fill
VANCOUVER,BARCLAY ST,JERVIS ST,44c94a4a-fbe2-581a-87d5-8c1a0728193c,"BARCLAY ST & JERVIS ST, VANCOUVER",49.285613,-123.130633,incomplete_2018_2022_observations_no_zero_fill
VANCOUVER,BARCLAY ST,LAGOON DR,c4fb9ed0-cc2b-5e37-ae31-6ad30dcb754f,"BARCLAY ST & LAGOON DR, VANCOUVER",49.292934,-123.14184,incomplete_2018_2022_observations_no_zero_fill
VANCOUVER,BARCLAY ST,NICOLA ST,245bd895-748c-583d-8e27-baaa12199622,"BARCLAY ST & NICOLA ST, VANCOUVER",49.287279,-123.133214,incomplete_2018_2022_observations_no_zero_fill
VANCOUVER,BARNARD ST,W 75TH AVE,69f17c44-6dba-538b-8321-25125162fb94,"BARNARD ST & W 75TH AVE, VANCOUVER",49.205836,-123.145848,incomplete_2018_2022_observations_no_zero_fill
VANCOUVER,BATTISON ST,E 43RD AVE,61386160-8bda-5368-b0e7-2c3da0ea1498,"BATTISON ST & E 43RD AVE, VANCOUVER",49.230826,-123.03059,incomplete_2018_2022_observations_no_zero_fill
VANCOUVER,BATTISON ST,E 45TH AVE,212066b2-4694-5862-ad3d-7204a9c8d30b,"BATTISON ST & E 45TH AVE, VANCOUVER",49.229245,-123.030509,incomplete_2018_2022_observations_no_zero_fill
VANCOUVER,BATTISON ST,E 47TH AVE,01529b75-759f-5c8a-a137-a3584bba08ff,"BATTISON ST & E 47TH AVE, VANCOUVER",49.226399,-123.030594,incomplete_2018_2022_observations_no_zero_fill
VANCOUVER,BAUER ST,E 5TH AVE,a99fc3c5-f8e2-5e3a-9825-67e1a2345dea,"BAUER ST & E 5TH AVE, VANCOUVER",49.265755,-123.067485,incomplete_2018_2022_observations_no_zero_fill
VANCOUVER,BAUER ST,MCSPADDEN AVE,0eaf77c6-fa36-5f30-8ba8-0b2d35c6e929,"BAUER ST & MCSPADDEN AVE, VANCOUVER",49.266398,-123.067394,incomplete_2018_2022_observations_no_zero_fill
VANCOUVER,BAYSHORE DR,DENMAN ST,48b82ebc-069b-5ca6-a2e1-2395d6b81e20,"BAYSHORE DR & DENMAN ST, VANCOUVER",49.293048,-123.133094,incomplete_2018_2022_observations_no_zero_fill
VANCOUVER,BAYSHORE DR,MENCHIONS MEWS,247b7661-bcf4-50bc-a6f7-b92d55a73195,"BAYSHORE DR & MENCHIONS MEWS, VANCOUVER",49.292183,-123.130611,incomplete_2018_2022_observations_no_zero_fill
VANCOUVER,BAYSWATER ST,POINT GREY RD,88865cf2-7636-546f-91d5-49766ea09f08,"BAYSWATER ST & POINT GREY RD, VANCOUVER",49.271078,-123.170986,incomplete_2018_2022_observations_no_zero_fill
VANCOUVER,BAYSWATER ST,W 2ND AVE,4b8216ed-abee-581f-b2e4-11d2600f2be7,"BAYSWATER ST & W 2ND AVE, VANCOUVER",49.270208,-123.171028,incomplete_2018_2022_observations_no_zero_fill
VANCOUVER,BAYSWATER ST,W 5TH AVE,bae7712b-ad6b-51a0-9787-8d9af0dd1b2f,"BAYSWATER ST & W 5TH AVE, VANCOUVER",49.267491,-123.171115,incomplete_2018_2022_observations_no_zero_fill
VANCOUVER,BAYSWATER ST,W 6TH AVE,9bef58c3-e61a-5ac4-b7f0-b22c8012df8c,"BAYSWATER ST & W 6TH AVE, VANCOUVER",49.266676,-123.171145,incomplete_2018_2022_observations_no_zero_fill
VANCOUVER,BAYSWATER ST,W 7TH AVE,0e444a15-7527-5b2e-a4b4-3442f35e403c,"BAYSWATER ST & W 7TH AVE, VANCOUVER",49.26583,-123.171178,incomplete_2018_2022_observations_no_zero_fill
VANCOUVER,BAYSWATER ST,W 9TH AVE,d4c055f1-b21f-5cdb-9a4c-4bfe39775725,"BAYSWATER ST & W 9TH AVE, VANCOUVER",49.264126,-123.171241,incomplete_2018_2022_observations_no_zero_fill
VANCOUVER,BEACH AVE,BEACH CRES,59e44305-b3b8-57b6-9b35-d7384fd8c118,"BEACH AVE & BEACH CRES, VANCOUVER",49.274115,-123.130809,incomplete_2018_2022_observations_no_zero_fill
VANCOUVER,BEACH AVE,BIDWELL ST,93490667-a98c-59db-a95b-eb62e6ee8347,"BEACH AVE & BIDWELL ST, VANCOUVER",49.284569,-123.142724,incomplete_2018_2022_observations_no_zero_fill
VANCOUVER,BEACH AVE,BURNABY ST,4b6751d8-a74d-598a-8fb6-690dc34dbf2b,"BEACH AVE & BURNABY ST, VANCOUVER",49.286283,-123.14249,incomplete_2018_2022_observations_no_zero_fill
VANCOUVER,BEACH AVE,BURRARD ST BRIDGE,86b8aa03-0949-547d-bb2b-1b9086c77514,"BEACH AVE & BURRARD ST BRIDGE, VANCOUVER",49.276325,-123.134146,incomplete_2018_2022_observations_no_zero_fill
VANCOUVER,BEACH AVE,CHILCO ST,5fcff323-ccb5-5b8b-8642-fee70b666cc2,"BEACH AVE & CHILCO ST, VANCOUVER",49.289487,-123.144272,incomplete_2018_2022_observations_no_zero_fill
VANCOUVER,BEACH AVE,DAVIE ST,95b94f33-c72c-520b-8774-17ce2bd3ef81,"BEACH AVE & DAVIE ST, VANCOUVER",49.28768,-123.142371,incomplete_2018_2022_observations_no_zero_fill
VANCOUVER,BEACH AVE,GILFORD ST,c47ee1b2-7d8d-536b-8f33-cd9b7f972eea,"BEACH AVE & GILFORD ST, VANCOUVER",49.288597,-123.142911,incomplete_2018_2022_observations_no_zero_fill
VANCOUVER,BEACH AVE,GRANVILLE ST BRIDGE,dcef39cd-a186-5dd2-bc1b-5f9acf832880,"BEACH AVE & GRANVILLE ST BRIDGE, VANCOUVER",49.274147,-123.130857,incomplete_2018_2022_observations_no_zero_fill
VANCOUVER,BEACH AVE,HWY 99,fd75fb41-1884-5ed7-b879-9a0e3693b038,"BEACH AVE & HWY 99, VANCOUVER",49.274147,-123.130857,incomplete_2018_2022_observations_no_zero_fill
VANCOUVER,BEACH AVE,JERVIS ST,271f977d-91b4-5011-b21c-ef80242cec0c,"BEACH AVE & JERVIS ST, VANCOUVER",49.280513,-123.138363,incomplete_2018_2022_observations_no_zero_fill
VANCOUVER,BEACH AVE,MORTON AVE,d374dc9c-c7c2-544d-bcfb-514029ebfa2c,"BEACH AVE & MORTON AVE, VANCOUVER",49.288203,-123.142413,incomplete_2018_2022_observations_no_zero_fill
VANCOUVER,BEACH AVE,PACIFIC ST,c30737d9-58e8-50c7-89a0-987c62830b86,"BEACH AVE & PACIFIC ST, VANCOUVER",49.281282,-123.139058,incomplete_2018_2022_observations_no_zero_fill
VANCOUVER,BEACH AVE,PANTAGES LANE,d6b02dc1-313f-5de3-af18-86b58d6d2e1d,"BEACH AVE & PANTAGES LANE, VANCOUVER",49.286911,-123.142346,incomplete_2018_2022_observations_no_zero_fill
VANCOUVER,BEACH AVE,PARK LANE,a6b5d4de-41cb-598f-93a0-1431c26b4f97,"BEACH AVE & PARK LANE, VANCOUVER",49.290766,-123.146722,incomplete_2018_2022_observations_no_zero_fill
VANCOUVER,BEACH CRES,GRANVILLE ST,6341c4cc-2012-5d50-a776-6dea14576a93,"BEACH CRES & GRANVILLE ST, VANCOUVER",49.274115,-123.130809,incomplete_2018_2022_observations_no_zero_fill
VANCOUVER,BEACH CRES,HOMER MEWS,2b191dc4-287d-5bb6-a208-e281ba7a4d01,"BEACH CRES & HOMER MEWS, VANCOUVER",49.271597,-123.126866,incomplete_2018_2022_observations_no_zero_fill
VANCOUVER,BEACH CRES,HOMER ST,ad020f61-cdff-508a-9889-84f9b73e276c,"BEACH CRES & HOMER ST, VANCOUVER",49.271597,-123.126866,incomplete_2018_2022_observations_no_zero_fill
VANCOUVER,BEACH CRES,HWY 99,b7f9a86b-5803-5481-bf70-f3c11270b200,"BEACH CRES & HWY 99, VANCOUVER",49.274015,-123.130688,incomplete_2018_2022_observations_no_zero_fill
VANCOUVER,BEACH CRES,RICHARDS ST,48f9aa21-2867-52f9-9ac8-1394b5a3a6d6,"BEACH CRES & RICHARDS ST, VANCOUVER",49.273182,-123.128341,incomplete_2018_2022_observations_no_zero_fill
VANCOUVER,BEACH CRES,SEYMOUR MEWS,544cc800-2d53-5a0d-9e14-bb864a6ee1ff,"BEACH CRES & SEYMOUR MEWS, VANCOUVER",49.273439,-123.129816,incomplete_2018_2022_observations_no_zero_fill
VANCOUVER,BEACH CRES,STRATHMORE MEWS,4dacad9e-da2d-5dce-b793-ad991ead4d64,"BEACH CRES & STRATHMORE MEWS, VANCOUVER",49.27228,-123.128012,incomplete_2018_2022_observations_no_zero_fill
VANCOUVER,BEATRICE ST,E 22ND AVE,f09ff6cd-1d0d-5cd8-96df-fcff3c4c2e04,"BEATRICE ST & E 22ND AVE, VANCOUVER",49.250296,-123.066945,incomplete_2018_2022_observations_no_zero_fill
VANCOUVER,BEATRICE ST,E 31ST AVE,142e1613-7db8-513c-af97-bd8d7722a8cd,"BEATRICE ST & E 31ST AVE, VANCOUVER",49.242871,-123.066617,incomplete_2018_2022_observations_no_zero_fill
VANCOUVER,BEATRICE ST,E 33RD AVE,73475f9a-30e3-53e3-a98e-5936582e5bce,"BEATRICE ST & E 33RD AVE, VANCOUVER",49.240092,-123.066598,incomplete_2018_2022_observations_no_zero_fill
VANCOUVER,BEATRICE ST,E 47TH AVE,8fc38284-a193-5ba0-b7e7-ea601002865a,"BEATRICE ST & E 47TH AVE, VANCOUVER",49.227625,-123.067033,incomplete_2018_2022_observations_no_zero_fill
VANCOUVER,BEATRICE ST,E 49TH AVE,2ea93574-28c5-5c1d-9479-98c0cf5b47bc,"BEATRICE ST & E 49TH AVE, VANCOUVER",49.225178,-123.067091,incomplete_2018_2022_observations_no_zero_fill
VANCOUVER,BEATRICE ST,E 53RD AVE,f7572999-7c84-5e7e-bbec-be7d533d29cf,"BEATRICE ST & E 53RD AVE, VANCOUVER",49.221807,-123.067149,incomplete_2018_2022_observations_no_zero_fill
VANCOUVER,BEATRICE ST,ISLAND AVE,e4b42db6-7792-5e1c-a9c3-923ccb0e48b3,"BEATRICE ST & ISLAND AVE, VANCOUVER",49.20906,-123.067803,incomplete_2018_2022_observations_no_zero_fill
VANCOUVER,BEATRICE ST,STAINSBURY AVE,13cc7ee5-d85a-5753-855c-874ade428fa4,"BEATRICE ST & STAINSBURY AVE, VANCOUVER",49.251922,-123.066695,incomplete_2018_2022_observations_no_zero_fill
VANCOUVER,BEATTY ST,CAMBIE ST,d221f3ed-9daa-5153-9ded-ecf276a8fc06,"BEATTY ST & CAMBIE ST, VANCOUVER",49.27549,-123.117162,incomplete_2018_2022_observations_no_zero_fill
VANCOUVER,BEATTY ST,CAMBIE ST BRIDGE,cd9f2277-9b65-52f2-b478-71f381bcca14,"BEATTY ST & CAMBIE ST BRIDGE, VANCOUVER",49.27549,-123.117162,incomplete_2018_2022_observations_no_zero_fill
VANCOUVER,BEATTY ST,HWY 1A,b665882d-841e-5c53-baab-2f5d5948501d,"BEATTY ST & HWY 1A, VANCOUVER",49.28122,-123.108459,incomplete_2018_2022_observations_no_zero_fill
VANCOUVER,BEATTY WALK,CAMBIE ST,120942d0-dd6e-51d4-a9ed-fab5f4c6b9af,"BEATTY WALK & CAMBIE ST, VANCOUVER",49.274554,-123.119271,incomplete_2018_2022_observations_no_zero_fill
VANCOUVER,BEATTY WALK,EXPO BLVD,acb429e0-996d-5a87-a650-2cb2335b5a3a,"BEATTY WALK & EXPO BLVD, VANCOUVER",49.274554,-123.119271,incomplete_2018_2022_observations_no_zero_fill
VANCOUVER,BEATTY WALK,PACIFIC BLVD,5de5cf1e-3cf4-5122-8377-ac5ef960839c,"BEATTY WALK & PACIFIC BLVD, VANCOUVER",49.274554,-123.119271,incomplete_2018_2022_observations_no_zero_fill
VANCOUVER,BEECHWOOD ST,W 49TH AVE,aff6a0fd-7caa-576c-8c45-f35b62577af6,"BEECHWOOD ST & W 49TH AVE, VANCOUVER",49.227182,-123.156331,incomplete_2018_2022_observations_no_zero_fill
VANCOUVER,BEECHWOOD ST,W 51ST AVE,578017c0-7054-5dc7-9890-eed9f344f864,"BEECHWOOD ST & W 51ST AVE, VANCOUVER",49.225005,-123.157016,incomplete_2018_2022_observations_no_zero_fill
VANCOUVER,BEECHWOOD ST,W 54TH AVE,ade36d13-5d88-5779-a372-6a005f5bc046,"BEECHWOOD ST & W 54TH AVE, VANCOUVER",49.221953,-123.156359,incomplete_2018_2022_observations_no_zero_fill
VANCOUVER,BEECHWOOD ST,W 57TH AVE,ab2b89f5-c726-567e-ad51-1bf1d8d38680,"BEECHWOOD ST & W 57TH AVE, VANCOUVER",49.219555,-123.156462,incomplete_2018_2022_observations_no_zero_fill
VANCOUVER,BEGG ST,EVANS AVE,900f0963-b248-52de-b88a-7c498bf0dc3f,"BEGG ST & EVANS AVE, VANCOUVER",49.271748,-123.087058,incomplete_2018_2022_observations_no_zero_fill
VANCOUVER,BELLA-VISTA ST,E 20TH AVE,2f170025-8280-5374-b5b3-d753f1ee7b7a,"BELLA-VISTA ST & E 20TH AVE, VANCOUVER",49.25251,-123.070501,incomplete_2018_2022_observations_no_zero_fill
VANCOUVER,BELLEVUE DR,BELMONT AVE,c04f45e5-9063-5d59-9e2f-1223aa4eabac,"BELLEVUE DR & BELMONT AVE, VANCOUVER",49.273784,-123.214842,incomplete_2018_2022_observations_no_zero_fill
VANCOUVER,BELMONT AVE,BLANCA ST,4f8dfd38-4ea3-5a64-a196-e19774dcfc34,"BELMONT AVE & BLANCA ST, VANCOUVER",49.273784,-123.214842,incomplete_2018_2022_observations_no_zero_fill
VANCOUVER,BELMONT AVE,NW MARINE DR,1cae3c93-87de-54a4-8e29-b62102049a66,"BELMONT AVE & NW MARINE DR, VANCOUVER",49.273585,-123.205692,incomplete_2018_2022_observations_no_zero_fill
VANCOUVER,BELMONT AVE,TOLMIE ST,b73fce05-e637-56eb-af3c-fef37b2c6606,"BELMONT AVE & TOLMIE ST, VANCOUVER",49.273736,-123.211767,incomplete_2018_2022_observations_no_zero_fill
VANCOUVER,BENTALL ST,CORNETT RD,bbb8b52b-e4b8-503e-94ae-11b98a1c0fa0,"BENTALL ST & CORNETT RD, VANCOUVER",49.259752,-123.032008,incomplete_2018_2022_observations_no_zero_fill
VANCOUVER,BENTLEY ST,W 75TH AVE,7bed1f34-cb11-5d39-ba7a-67b3617ea960,"BENTLEY ST & W 75TH AVE, VANCOUVER",49.204342,-123.142578,incomplete_2018_2022_observations_no_zero_fill
VANCOUVER,BERKELEY ST,E 45TH AVE,83be446a-45fa-5f31-8d88-d18b777371be,"BERKELEY ST & E 45TH AVE, VANCOUVER",49.229396,-123.057934,incomplete_2018_2022_observations_no_zero_fill
VANCOUVER,BERKELEY ST,E 49TH AVE,48dbf91a-3e2f-52e2-bcf4-434defe6fca0,"BERKELEY ST & E 49TH AVE, VANCOUVER",49.224891,-123.057671,incomplete_2018_2022_observations_no_zero_fill
VANCOUVER,BERKELEY ST,E 54TH AVE,28670939-16bf-5570-8a43-3aea2d6ef706,"BERKELEY ST & E 54TH AVE, VANCOUVER",49.220196,-123.057894,incomplete_2018_2022_observations_no_zero_fill
VANCOUVER,BERKELEY ST,UPLAND DR,c70ef030-2186-51fc-b79d-add30d3a58e8,"BERKELEY ST & UPLAND DR, VANCOUVER",49.217967,-123.057869,incomplete_2018_2022_observations_no_zero_fill
VANCOUVER,BIDWELL ST,BURNABY ST,ac1ab74e-b166-5b69-965b-4d14f2edeb96,"BIDWELL ST & BURNABY ST, VANCOUVER",49.285508,-123.141328,incomplete_2018_2022_observations_no_zero_fill
VANCOUVER,BIDWELL ST,HARO ST,2e4fb029-9deb-55cf-bccf-6503f9fcb5db,"BIDWELL ST & HARO ST, VANCOUVER",49.289762,-123.134926,incomplete_2018_2022_observations_no_zero_fill
VANCOUVER,BIDWELL ST,HARWOOD ST,f05b2266-dc53-5810-a660-400c55911a41,"BIDWELL ST & HARWOOD ST, VANCOUVER",49.28481,-123.142368,incomplete_2018_2022_observations_no_zero_fill
VANCOUVER,BIDWELL ST,HENSHAW LANE,116c3bc7-27b3-516f-8ed7-6d63bbdf9801,"BIDWELL ST & HENSHAW LANE, VANCOUVER",49.28801,-123.137547,incomplete_2018_2022_observations_no_zero_fill
VANCOUVER,BIDWELL ST,HWY 99,904719fd-06a5-5caf-8d58-8edd2c8d83ee,"BIDWELL ST & HWY 99, VANCOUVER",49.291606,-123.132114,incomplete_2018_2022_observations_no_zero_fill
VANCOUVER,BIDWELL ST,JEPSON-YOUNG LANE,a9d863e5-7c7b-5806-b734-b68c35d4d520,"BIDWELL ST & JEPSON-YOUNG LANE, VANCOUVER",49.287285,-123.138638,incomplete_2018_2022_observations_no_zero_fill
VANCOUVER,BIDWELL ST,MAXINE LANE,9c95ad81-194c-5fc8-ac6e-83350f8beb4e,"BIDWELL ST & MAXINE LANE, VANCOUVER",49.285216,-123.141763,incomplete_2018_2022_observations_no_zero_fill
VANCOUVER,BIDWELL ST,PANTAGES LANE,cd0cbca1-4cbf-5b3e-acf5-d3f48fdde162,"BIDWELL ST & PANTAGES LANE, VANCOUVER",49.285911,-123.140728,incomplete_2018_2022_observations_no_zero_fill
VANCOUVER,BIDWELL ST,PENDRELL ST,32f82d26-8890-5cd1-9894-903ed40830d8,"BIDWELL ST & PENDRELL ST, VANCOUVER",49.286927,-123.139177,incomplete_2018_2022_observations_no_zero_fill
VANCOUVER,BIDWELL ST,ROSEMARY BROWN LANE,b0190eb7-3f35-5313-9059-a1345437f4e5,"BIDWELL ST & ROSEMARY BROWN LANE, VANCOUVER",49.290093,-123.134434,incomplete_2018_2022_observations_no_zero_fill
VANCOUVER,BIDWELL ST,SEE-EM-IA LANE,8e2ebda9-d7a5-5efa-bab9-e998faded41c,"BIDWELL ST & SEE-EM-IA LANE, VANCOUVER",49.286609,-123.139696,incomplete_2018_2022_observations_no_zero_fill
VANCOUVER,BIRCH ST,PARK DR,2af76702-bc82-5b98-b8e1-07e39a045efa,"BIRCH ST & PARK DR, VANCOUVER",49.216206,-123.136242,incomplete_2018_2022_observations_no_zero_fill
VANCOUVER,BIRCH ST,W 10TH AVE,e47719bc-a317-57bf-8a0c-daa97aed1628,"BIRCH ST & W 10TH AVE, VANCOUVER",49.262555,-123.133753,incomplete_2018_2022_observations_no_zero_fill
VANCOUVER,BIRCH ST,W 11TH AVE,9355b37d-05c4-5293-8ee3-2e655cfc5a15,"BIRCH ST & W 11TH AVE, VANCOUVER",49.261623,-123.133793,incomplete_2018_2022_observations_no_zero_fill
VANCOUVER,BIRCH ST,W 13TH AVE,e5386b07-67ad-582e-a68a-5cee71833a04,"BIRCH ST & W 13TH AVE, VANCOUVER",49.259747,-123.13387,incomplete_2018_2022_observations_no_zero_fill
VANCOUVER,BIRCH ST,W 14TH AVE,ecffccb8-922c-561d-b0e3-acbd0102949b,"BIRCH ST & W 14TH AVE, VANCOUVER",49.258834,-123.133908,incomplete_2018_2022_observations_no_zero_fill
VANCOUVER,BIRCH ST,W 15TH AVE,25b6586e-aa78-54f3-b142-0cfc08f420a4,"BIRCH ST & W 15TH AVE, VANCOUVER",49.257854,-123.133919,incomplete_2018_2022_observations_no_zero_fill
VANCOUVER,BIRCH ST,W 4TH AVE,3df5a447-2cd9-51b9-9f6b-1ab2036b57b9,"BIRCH ST & W 4TH AVE, VANCOUVER",49.266184,-123.133618,incomplete_2018_2022_observations_no_zero_fill
VANCOUVER,BIRCH ST,W 64TH AVE,4a0c940a-ab3b-562e-85fd-75411444e79d,"BIRCH ST & W 64TH AVE, VANCOUVER",49.21309,-123.136287,incomplete_2018_2022_observations_no_zero_fill
VANCOUVER,BIRCH ST,W 8TH AVE,ba5e739a-c110-5b66-b00e-385221a3e8fb,"BIRCH ST & W 8TH AVE, VANCOUVER",49.264424,-123.133691,incomplete_2018_2022_observations_no_zero_fill
VANCOUVER,BLAKE ST,CHAMPLAIN CRES,b6abb904-59f9-5402-bc62-c563d4664ce8,"BLAKE ST & CHAMPLAIN CRES, VANCOUVER",49.216675,-123.031151,incomplete_2018_2022_observations_no_zero_fill
VANCOUVER,BLAKE ST,GARIBALDI DR,b88c0e4c-30c0-52b1-9325-47aa0ad038a2,"BLAKE ST & GARIBALDI DR, VANCOUVER",49.21818,-123.028944,incomplete_2018_2022_observations_no_zero_fill
VANCOUVER,BLAKE ST,MATHESON CRES,76fe83dc-2a51-550d-bf73-1169017b564d,"BLAKE ST & MATHESON CRES, VANCOUVER",49.218798,-123.028177,incomplete_2018_2022_observations_no_zero_fill
VANCOUVER,BLANCA ST,CHANCELLOR BLVD,2d89368b-c4e4-58f5-9200-fed621518e1f,"BLANCA ST & CHANCELLOR BLVD, VANCOUVER",49.265674,-123.215105,incomplete_2018_2022_observations_no_zero_fill
VANCOUVER,BLANCA ST,SIMPSON AVE,290d81b5-112a-52cd-9fb8-e7b151cd679c,"BLANCA ST & SIMPSON AVE, VANCOUVER",49.274373,-123.214841,incomplete_2018_2022_observations_no_zero_fill
VANCOUVER,BLANCA ST,UNIVERSITY BLVD,753e9ca5-1bc5-54d8-a2a5-f61e39681ac1,"BLANCA ST & UNIVERSITY BLVD, VANCOUVER",49.263927,-123.215243,incomplete_2018_2022_observations_no_zero_fill
VANCOUVER,BLANCA ST,W 11TH AVE,2cf81ef2-4376-5f6c-adc3-5e85f4292133,"BLANCA ST & W 11TH AVE, VANCOUVER",49.262986,-123.215266,incomplete_2018_2022_observations_no_zero_fill
VANCOUVER,BLANCA ST,W 13TH AVE,4fb51f67-7929-5942-8b1d-7cd553aec9ff,"BLANCA ST & W 13TH AVE, VANCOUVER",49.261196,-123.215312,incomplete_2018_2022_observations_no_zero_fill
VANCOUVER,BLANCA ST,W 15TH AVE,caa10537-62fc-5ead-9cd9-5de303ad8e5a,"BLANCA ST & W 15TH AVE, VANCOUVER",49.259388,-123.215368,incomplete_2018_2022_observations_no_zero_fill
VANCOUVER,BLANCA ST,W 3RD AVE,28a71143-271a-59e8-8952-5c002fafa84e,"BLANCA ST & W 3RD AVE, VANCOUVER",49.270263,-123.214976,incomplete_2018_2022_observations_no_zero_fill
VANCOUVER,BLANCA ST,W 6TH AVE,34ac0edd-bf86-5592-8128-879fdecd1bed,"BLANCA ST & W 6TH AVE, VANCOUVER",49.267368,-123.21504,incomplete_2018_2022_observations_no_zero_fill
VANCOUVER,BLANCA ST,W 8TH AVE,484255dd-286a-5a7e-b134-e52482c99309,"BLANCA ST & W 8TH AVE, VANCOUVER",49.265674,-123.215105,incomplete_2018_2022_observations_no_zero_fill
VANCOUVER,BLANCA ST,W 9TH AVE,1eaebbc6-5848-509d-9ce1-23ccbbf92107,"BLANCA ST & W 9TH AVE, VANCOUVER",49.264807,-123.215189,incomplete_2018_2022_observations_no_zero_fill
VANCOUVER,BLANCHE ST,E KENT AVE N,3e83aca0-b761-50ce-9e29-6e3aa0659d09,"BLANCHE ST & E KENT AVE N, VANCOUVER",49.206082,-123.052352,incomplete_2018_2022_observations_no_zero_fill
VANCOUVER,BLENHEIM ST,CELTIC AVE,c24edfc3-08aa-5e79-9d84-ff39ff9edc18,"BLENHEIM ST & CELTIC AVE, VANCOUVER",49.218616,-123.178961,incomplete_2018_2022_observations_no_zero_fill
VANCOUVER,BLENHEIM ST,MAYFAIR AVE,ee404172-2288-58a6-97d8-49587f808860,"BLENHEIM ST & MAYFAIR AVE, VANCOUVER",49.236851,-123.178687,incomplete_2018_2022_observations_no_zero_fill
VANCOUVER,BLENHEIM ST,POINT GREY RD,3ce8dfb9-4aa9-543e-9206-137dd3717df0,"BLENHEIM ST & POINT GREY RD, VANCOUVER",49.271537,-123.177612,incomplete_2018_2022_observations_no_zero_fill
VANCOUVER,BLENHEIM ST,PUGET DR,5b58215a-9280-5255-82c9-e34d18775f2c,"BLENHEIM ST & PUGET DR, VANCOUVER",49.257233,-123.178188,incomplete_2018_2022_observations_no_zero_fill
VANCOUVER,BLENHEIM ST,QUESNEL DR,d0124ffc-2008-5908-9427-cf92f87486ad,"BLENHEIM ST & QUESNEL DR, VANCOUVER",49.256383,-123.178539,incomplete_2018_2022_observations_no_zero_fill
VANCOUVER,BLENHEIM ST,W 11TH AVE,bfb9c642-d8e6-5d1b-a9c8-8b74c5176e0e,"BLENHEIM ST & W 11TH AVE, VANCOUVER",49.262426,-123.177881,incomplete_2018_2022_observations_no_zero_fill
VANCOUVER,BLENHEIM ST,W 12TH AVE,59cf029b-f384-5780-bdea-fe7c828cbb8b,"BLENHEIM ST & W 12TH AVE, VANCOUVER",49.261529,-123.177919,incomplete_2018_2022_observations_no_zero_fill
VANCOUVER,BLENHEIM ST,W 13TH AVE,79a43a39-952c-586a-813f-4799572afbe9,"BLENHEIM ST & W 13TH AVE, VANCOUVER",49.260632,-123.177962,incomplete_2018_2022_observations_no_zero_fill
VANCOUVER,BLENHEIM ST,W 14TH AVE,5c873e39-d730-5aa3-9aad-d86faf60977f,"BLENHEIM ST & W 14TH AVE, VANCOUVER",49.259722,-123.178004,incomplete_2018_2022_observations_no_zero_fill
VANCOUVER,BLENHEIM ST,W 15TH AVE,acf9a5f5-8508-550d-bda3-3e45d6db87a0,"BLENHEIM ST & W 15TH AVE, VANCOUVER",49.25881,-123.178046,incomplete_2018_2022_observations_no_zero_fill
VANCOUVER,BLENHEIM ST,W 20TH AVE,9932350f-6637-55ce-b256-3d1d54473e3d,"BLENHEIM ST & W 20TH AVE, VANCOUVER",49.254644,-123.178549,incomplete_2018_2022_observations_no_zero_fill
VANCOUVER,BLENHEIM ST,W 21ST AVE,a4460f21-16b5-5a82-aa7d-98e759788609,"BLENHEIM ST & W 21ST AVE, VANCOUVER",49.253732,-123.178558,incomplete_2018_2022_observations_no_zero_fill
VANCOUVER,BLENHEIM ST,W 22ND AVE,9da9c719-2e72-5f24-aa52-6f7c781ce177,"BLENHEIM ST & W 22ND AVE, VANCOUVER",49.252833,-123.17857,incomplete_2018_2022_observations_no_zero_fill
VANCOUVER,BLENHEIM ST,W 23RD AVE,c1a8f588-8558-5aec-89b7-e74192b43149,"BLENHEIM ST & W 23RD AVE, VANCOUVER",49.251924,-123.178581,incomplete_2018_2022_observations_no_zero_fill
VANCOUVER,BLENHEIM ST,W 24TH AVE,7fb6582a-9b67-5c20-bca5-86a3e12d8b71,"BLENHEIM ST & W 24TH AVE, VANCOUVER",49.251029,-123.17859,incomplete_2018_2022_observations_no_zero_fill
VANCOUVER,BLENHEIM ST,W 25TH AVE,bdcfb355-a1cf-5b07-a38a-747b24e51191,"BLENHEIM ST & W 25TH AVE, VANCOUVER",49.250036,-123.178634,incomplete_2018_2022_observations_no_zero_fill
VANCOUVER,BLENHEIM ST,W 26TH AVE,c7d22ef6-5823-5eec-8e15-00f1f25dfda3,"BLENHEIM ST & W 26TH AVE, VANCOUVER",49.248988,-123.178577,incomplete_2018_2022_observations_no_zero_fill
VANCOUVER,BLENHEIM ST,W 27TH AVE,4a512fe5-c170-5936-976e-b6a1f77cb48c,"BLENHEIM ST & W 27TH AVE, VANCOUVER",49.248033,-123.178608,incomplete_2018_2022_observations_no_zero_fill
VANCOUVER,BLENHEIM ST,W 28TH AVE,69199d51-9676-5f59-b33f-d932de9be214,"BLENHEIM ST & W 28TH AVE, VANCOUVER",49.247068,-123.178584,incomplete_2018_2022_observations_no_zero_fill
VANCOUVER,BLENHEIM ST,W 29TH AVE,f0b620ff-48b8-5cf5-93e1-f89c6370be4b,"BLENHEIM ST & W 29TH AVE, VANCOUVER",49.246153,-123.178596,incomplete_2018_2022_observations_no_zero_fill
VANCOUVER,BLENHEIM ST,W 2ND AVE,e627f344-b84b-51cf-8f7c-217b1997fe3b,"BLENHEIM ST & W 2ND AVE, VANCOUVER",49.27031,-123.177644,incomplete_2018_2022_observations_no_zero_fill
VANCOUVER,BLENHEIM ST,W 30TH AVE,78ffdaff-8ee8-523b-b1a3-e5ccef445d16,"BLENHEIM ST & W 30TH AVE, VANCOUVER",49.245192,-123.178609,incomplete_2018_2022_observations_no_zero_fill
VANCOUVER,BLENHEIM ST,W 31ST AVE,705b1f47-cae1-5e3e-8461-71c4655fe6c8,"BLENHEIM ST & W 31ST AVE, VANCOUVER",49.244255,-123.178629,incomplete_2018_2022_observations_no_zero_fill
VANCOUVER,BLENHEIM ST,W 32ND AVE,893be813-5651-50c0-bc92-b53081bdf7fc,"BLENHEIM ST & W 32ND AVE, VANCOUVER",49.243293,-123.178667,incomplete_2018_2022_observations_no_zero_fill
VANCOUVER,BLENHEIM ST,W 34TH AVE,4929e887-6323-59c5-b168-89de77b9d15a,"BLENHEIM ST & W 34TH AVE, VANCOUVER",49.241392,-123.178645,incomplete_2018_2022_observations_no_zero_fill
VANCOUVER,BLENHEIM ST,W 35TH AVE,4b4369e7-d192-56cf-9a87-99be21ecd334,"BLENHEIM ST & W 35TH AVE, VANCOUVER",49.240455,-123.178656,incomplete_2018_2022_observations_no_zero_fill
VANCOUVER,BLENHEIM ST,W 36TH AVE,15241730-8377-52ef-b838-3a70222cc9b4,"BLENHEIM ST & W 36TH AVE, VANCOUVER",49.239504,-123.178663,incomplete_2018_2022_observations_no_zero_fill
VANCOUVER,BLENHEIM ST,W 38TH AVE,552d186b-628b-5b8c-9f4b-1eb9005e3a06,"BLENHEIM ST & W 38TH AVE, VANCOUVER",49.237652,-123.178676,incomplete_2018_2022_observations_no_zero_fill
VANCOUVER,BLENHEIM ST,W 39TH AVE,edad6dab-a7ac-5b01-a7d5-f6de6fd4c5f1,"BLENHEIM ST & W 39TH AVE, VANCOUVER",49.236518,-123.178693,incomplete_2018_2022_observations_no_zero_fill
VANCOUVER,BLENHEIM ST,W 3RD AVE,244fa93d-4362-576b-bf44-0c4a79b9b5ce,"BLENHEIM ST & W 3RD AVE, VANCOUVER",49.269399,-123.177652,incomplete_2018_2022_observations_no_zero_fill
VANCOUVER,BLENHEIM ST,W 40TH AVE,1a534d57-0819-5dab-bd05-7957d7cc603a,"BLENHEIM ST & W 40TH AVE, VANCOUVER",49.235682,-123.178706,incomplete_2018_2022_observations_no_zero_fill
VANCOUVER,BLENHEIM ST,W 43RD AVE,4ad121f6-6ca0-5f4d-b928-632dadac9548,"BLENHEIM ST & W 43RD AVE, VANCOUVER",49.232847,-123.178697,incomplete_2018_2022_observations_no_zero_fill
VANCOUVER,BLENHEIM ST,W 44TH AVE,2ea59db0-93ed-5687-b141-55ce895f6205,"BLENHEIM ST & W 44TH AVE, VANCOUVER",49.232139,-123.17874,incomplete_2018_2022_observations_no_zero_fill
VANCOUVER,BLENHEIM ST,W 49TH AVE,97b55126-11a6-5443-8d53-d83f1506e497,"BLENHEIM ST & W 49TH AVE, VANCOUVER",49.227469,-123.178743,incomplete_2018_2022_observations_no_zero_fill
VANCOUVER,BLENHEIM ST,W 53RD AVE,ebb50294-4b33-5a4f-9db5-732f83a340b3,"BLENHEIM ST & W 53RD AVE, VANCOUVER",49.223433,-123.178899,incomplete_2018_2022_observations_no_zero_fill
VANCOUVER,BLENHEIM ST,W 5TH AVE,aa3f9b52-a780-5093-8381-7a0f438b9c54,"BLENHEIM ST & W 5TH AVE, VANCOUVER",49.267631,-123.177681,incomplete_2018_2022_observations_no_zero_fill
VANCOUVER,BLENHEIM ST,W 6TH AVE,afd6f740-e536-589e-ad4a-b677e8104c04,"BLENHEIM ST & W 6TH AVE, VANCOUVER",49.2668,-123.177745,incomplete_2018_2022_observations_no_zero_fill
VANCOUVER,BLENHEIM ST,W 7TH AVE,7d07f884-4cb4-5814-b657-e8927fa04678,"BLENHEIM ST & W 7TH AVE, VANCOUVER",49.265928,-123.177789,incomplete_2018_2022_observations_no_zero_fill
VANCOUVER,BLUE JAY CRES,HUMMINGBIRD PL,49fed10d-3e74-5a0e-8a78-5e451deb6f77,"BLUE JAY CRES & HUMMINGBIRD PL, VANCOUVER",49.212765,-123.02739,incomplete_2018_2022_observations_no_zero_fill
VANCOUVER,BOATHOUSE MEWS,MARINASIDE CRES,a0bab659-5436-503c-ba51-d2f0cc30efa9,"BOATHOUSE MEWS & MARINASIDE CRES, VANCOUVER",49.273412,-123.117293,incomplete_2018_2022_observations_no_zero_fill
VANCOUVER,BOATLIFT LANE,DURANLEAU ST,c0aa4588-c0a9-56b3-b55e-1b4efb595e66,"BOATLIFT LANE & DURANLEAU ST, VANCOUVER",49.271798,-123.135963,incomplete_2018_2022_observations_no_zero_fill
VANCOUVER,BOBOLINK AVE,ELLIOTT ST,c878e432-53b6-5635-b3f3-334966e072ef,"BOBOLINK AVE & ELLIOTT ST, VANCOUVER",49.2149,-123.054397,incomplete_2018_2022_observations_no_zero_fill
VANCOUVER,BOBOLINK AVE,MUIRFIELD DR,930986cb-32a5-5a19-abc0-0a71287f00eb,"BOBOLINK AVE & MUIRFIELD DR, VANCOUVER",49.21443,-123.056276,incomplete_2018_2022_observations_no_zero_fill
VANCOUVER,BONACCORD DR,BURQUITLAM DR,1f7ab396-6c66-560e-9344-fcbcfeb0caf5,"BONACCORD DR & BURQUITLAM DR, VANCOUVER",49.210562,-123.062075,incomplete_2018_2022_observations_no_zero_fill
VANCOUVER,BONACCORD DR,HARRISON DR,7c6fed42-bf73-5657-938a-2c6c509149ee,"BONACCORD DR & HARRISON DR, VANCOUVER",49.211396,-123.056666,incomplete_2018_2022_observations_no_zero_fill
VANCOUVER,BONNYVALE AVE,STIRLING ST,065c5716-3d74-5fe0-91fb-15f52bacdfca,"BONNYVALE AVE & STIRLING ST, VANCOUVER",49.217104,-123.06069,incomplete_2018_2022_observations_no_zero_fill
VANCOUVER,BONSAI ST,W 16TH AVE,52f6faba-ab80-531c-9b8f-904fd3538a16,"BONSAI ST & W 16TH AVE, VANCOUVER",49.257579,-123.16773,incomplete_2018_2022_observations_no_zero_fill
VANCOUVER,BONSAI ST,W 17TH AVE,fae19230-9bca-5dc6-9ad9-d4c2c5f26bd7,"BONSAI ST & W 17TH AVE, VANCOUVER",49.257076,-123.167736,incomplete_2018_2022_observations_no_zero_fill
VANCOUVER,BORDEN ST,E 60TH AVE,25052c78-3e57-59db-9b7e-213c17952067,"BORDEN ST & E 60TH AVE, VANCOUVER",49.215448,-123.074024,incomplete_2018_2022_observations_no_zero_fill
VANCOUVER,BORDEN ST,E 61ST AVE,e0666120-a26f-515d-800b-0c26d9c734a1,"BORDEN ST & E 61ST AVE, VANCOUVER",49.214598,-123.074037,incomplete_2018_2022_observations_no_zero_fill
VANCOUVER,BORDEN ST,E 62ND AVE,38c5fb53-77b7-59ed-b09e-53f89294c883,"BORDEN ST & E 62ND AVE, VANCOUVER",49.213752,-123.074049,incomplete_2018_2022_observations_no_zero_fill
VANCOUVER,BORDEN ST,E 63RD AVE,b0c157a5-c77c-53df-8cd1-5e32b773f493,"BORDEN ST & E 63RD AVE, VANCOUVER",49.212869,-123.074061,incomplete_2018_2022_observations_no_zero_fill
VANCOUVER,BORDEN ST,E KENT AVE N,1c15b4a9-42ab-5145-af8e-fc9ba8a40372,"BORDEN ST & E KENT AVE N, VANCOUVER",49.209533,-123.073999,incomplete_2018_2022_observations_no_zero_fill
VANCOUVER,BORDEN ST,E KENT AVE S,0d91aa5b-e74a-5639-92c6-72d7f9241a79,"BORDEN ST & E KENT AVE S, VANCOUVER",49.20926,-123.074021,incomplete_2018_2022_observations_no_zero_fill
VANCOUVER,BORHAM CRES,MATHESON CRES,6bf6fee4-a28a-5609-b3e6-16d13b3a84ee,"BORHAM CRES & MATHESON CRES, VANCOUVER",49.215848,-123.025293,incomplete_2018_2022_observations_no_zero_fill
VANCOUVER,BOUNDARY LOOP,LOUGHEED HWY,f09b7d98-e9c6-5bd1-9a9d-c8cfa4733c91,"BOUNDARY LOOP & LOUGHEED HWY, VANCOUVER",49.265326,-123.024926,incomplete_2018_2022_observations_no_zero_fill
VANCOUVER,BOUNDARY RD,BOUNDARY RD OFFRAMP,fc2cf8b2-6d84-5778-a259-993d7ba03276,"BOUNDARY RD & BOUNDARY RD OFFRAMP, VANCOUVER",49.261007,-123.023626,incomplete_2018_2022_observations_no_zero_fill
VANCOUVER,BOUNDARY RD,BOUNDARY RD ONRAMP,eed3e319-cd24-5dbd-a8ef-755a80a24305,"BOUNDARY RD & BOUNDARY RD ONRAMP, VANCOUVER",49.261007,-123.023626,incomplete_2018_2022_observations_no_zero_fill
VANCOUVER,BOUNDARY RD,COQUIHALLA DR,8ea5fc5f-60b5-5001-9139-b153029eb853,"BOUNDARY RD & COQUIHALLA DR, VANCOUVER",49.223252,-123.023494,incomplete_2018_2022_observations_no_zero_fill
VANCOUVER,BOUNDARY RD,E 26TH AVE,6d8cb28e-a44e-5567-b8dd-e61b44fa4996,"BOUNDARY RD & E 26TH AVE, VANCOUVER",49.247046,-123.023696,incomplete_2018_2022_observations_no_zero_fill
VANCOUVER,BOUNDARY RD,E 27TH AVE,40029169-e8a8-549b-b6a5-ab49f70e99b1,"BOUNDARY RD & E 27TH AVE, VANCOUVER",49.24618,-123.023687,incomplete_2018_2022_observations_no_zero_fill
VANCOUVER,BOUNDARY RD,E 28TH AVE,dd0ecb40-3871-53aa-906b-47b0c99120c6,"BOUNDARY RD & E 28TH AVE, VANCOUVER",49.245341,-123.023793,incomplete_2018_2022_observations_no_zero_fill
VANCOUVER,BOUNDARY RD,E 48TH AVE,7087b460-ec7e-5c82-9b19-09b0ef162dad,"BOUNDARY RD & E 48TH AVE, VANCOUVER",49.225198,-123.023479,incomplete_2018_2022_observations_no_zero_fill
VANCOUVER,BOUNDARY RD,E KENT AVE N,5fa740a3-5e66-503b-94de-1309a2cf31c3,"BOUNDARY RD & E KENT AVE N, VANCOUVER",49.204288,-123.023425,incomplete_2018_2022_observations_no_zero_fill
VANCOUVER,BOUNDARY RD,E KENT AVE S,aa369cbd-6cc0-59f2-bee5-ee0cb262dd5e,"BOUNDARY RD & E KENT AVE S, VANCOUVER",49.203932,-123.023401,incomplete_2018_2022_observations_no_zero_fill
VANCOUVER,BOUNDARY RD,FRANKLIN ST,93d48912-be29-56a1-82b8-00723e6664aa,"BOUNDARY RD & FRANKLIN ST, VANCOUVER",49.282048,-123.023492,incomplete_2018_2022_observations_no_zero_fill
VANCOUVER,BOUNDARY RD,GRANDVIEW HWY ONRAMP,741f24a8-7dd1-5329-92aa-367572793c1d,"BOUNDARY RD & GRANDVIEW HWY ONRAMP, VANCOUVER",49.258209,-123.023636,incomplete_2018_2022_observations_no_zero_fill
VANCOUVER,BOUNDARY RD,HURST AVE,8a8bee74-b4a6-5086-a358-468f73b2ce4c,"BOUNDARY RD & HURST AVE, VANCOUVER",49.220139,-123.023802,incomplete_2018_2022_observations_no_zero_fill
VANCOUVER,BOUNDARY RD,HWY 1,9cdf2b72-8a8d-5ab7-be95-a3748fe7d3cb,"BOUNDARY RD & HWY 1, VANCOUVER",49.261007,-123.023626,incomplete_2018_2022_observations_no_zero_fill
VANCOUVER,BOUNDARY RD,MONMOUTH AVE,4c2b32b6-9ac8-582c-8236-62632d431eaa,"BOUNDARY RD & MONMOUTH AVE, VANCOUVER",49.239569,-123.023583,incomplete_2018_2022_observations_no_zero_fill
VANCOUVER,BOUNDARY RD,PRICE ST,e3d72c41-f43f-5c33-8b27-0704aa6ccabb,"BOUNDARY RD & PRICE ST, VANCOUVER",49.240351,-123.023687,incomplete_2018_2022_observations_no_zero_fill
VANCOUVER,BOUNDARY RD,RAE AVE,f99a5161-806e-5e86-b034-2622708566a9,"BOUNDARY RD & RAE AVE, VANCOUVER",49.236212,-123.023513,incomplete_2018_2022_observations_no_zero_fill
VANCOUVER,BOUNDARY RD,SE MARINE DR,376798c3-408c-514b-a7ce-acb3d04f661b,"BOUNDARY RD & SE MARINE DR, VANCOUVER",49.208167,-123.023671,incomplete_2018_2022_observations_no_zero_fill
VANCOUVER,BOUNDARY RD,TANNER ST,4b3fe032-981d-524c-a0f7-ca843d589f0e,"BOUNDARY RD & TANNER ST, VANCOUVER",49.241523,-123.023705,incomplete_2018_2022_observations_no_zero_fill
VANCOUVER,BOUNDARY RD,TRIUMPH ST,9dffe33e-f96a-5c15-96f5-b72a88b689a8,"BOUNDARY RD & TRIUMPH ST, VANCOUVER",49.283857,-123.023461,incomplete_2018_2022_observations_no_zero_fill
VANCOUVER,BOUNDARY RD,TURNER ST,25bdf4c6-73b4-5c63-8b6c-29786c4694e4,"BOUNDARY RD & TURNER ST, VANCOUVER",49.279054,-123.023523,incomplete_2018_2022_observations_no_zero_fill
VANCOUVER,BOUNDARY RD,UNION ST,b7550af4-2490-5293-b505-5d14a2fdc629,"BOUNDARY RD & UNION ST, VANCOUVER",49.277492,-123.023519,incomplete_2018_2022_observations_no_zero_fill
VANCOUVER,BOUNDARY RD OFFRAMP,TRANS-CANADA HWY,41d5c337-8dc3-5b5b-8970-99795757b6dd,"BOUNDARY RD OFFRAMP & TRANS-CANADA HWY, VANCOUVER",49.261007,-123.023626,incomplete_2018_2022_observations_no_zero_fill
VANCOUVER,BOUNDARY RD ONRAMP,TRANS-CANADA HWY,412c2b9a-a4f1-56ea-87b4-f6c1eb722357,"BOUNDARY RD ONRAMP & TRANS-CANADA HWY, VANCOUVER",49.261007,-123.023626,incomplete_2018_2022_observations_no_zero_fill
VANCOUVER,BOYD DIVERS,E 22ND AVE,5f61839a-43a6-5698-a2d7-4288683df239,"BOYD DIVERS & E 22ND AVE, VANCOUVER",49.250627,-123.044181,incomplete_2018_2022_observations_no_zero_fill
VANCOUVER,BOYD DIVERS,NOOTKA ST,d7eb5057-af02-559d-bd05-d3261dc8ae88,"BOYD DIVERS & NOOTKA ST, VANCOUVER",49.249183,-123.04178,incomplete_2018_2022_observations_no_zero_fill
VANCOUVER,BOYD DIVERS,RENFREW ST,43bf3350-70e5-5a59-8b74-806974975a90,"BOYD DIVERS & RENFREW ST, VANCOUVER",49.250627,-123.044181,incomplete_2018_2022_observations_no_zero_fill
VANCOUVER,BRAEBURN ST,E 56TH AVE,599511e1-2bf2-5862-8483-300732708ee4,"BRAEBURN ST & E 56TH AVE, VANCOUVER",49.219096,-123.069829,incomplete_2018_2022_observations_no_zero_fill
VANCOUVER,BRAEBURN ST,NASSAU DR,027ab9ea-ec92-5cf6-b52e-78c8afc49d3b,"BRAEBURN ST & NASSAU DR, VANCOUVER",49.218704,-123.069473,incomplete_2018_2022_observations_no_zero_fill
VANCOUVER,BRAEBURN ST,UPLAND DR,117c0b48-d198-55b7-825c-1ff1d5b4efd5,"BRAEBURN ST & UPLAND DR, VANCOUVER",49.21792,-123.068891,incomplete_2018_2022_observations_no_zero_fill
VANCOUVER,BRAKENRIDGE ST,EDDINGTON DR,69c233e4-2149-5cc8-8f41-0c8ac58fcec0,"BRAKENRIDGE ST & EDDINGTON DR, VANCOUVER",49.245583,-123.159202,incomplete_2018_2022_observations_no_zero_fill
VANCOUVER,BRAKENRIDGE ST,MCBAIN AVE,d748bb74-d734-5630-9458-d6cb085e9ad5,"BRAKENRIDGE ST & MCBAIN AVE, VANCOUVER",49.247718,-123.161509,incomplete_2018_2022_observations_no_zero_fill
VANCOUVER,BRANDYWINE PL,GARIBALDI DR,47447625-1437-5ed3-b717-ef3b3930ab62,"BRANDYWINE PL & GARIBALDI DR, VANCOUVER",49.216816,-123.029479,incomplete_2018_2022_observations_no_zero_fill
VANCOUVER,BRANT ST,E 24TH AVE,5c4f4a52-61e3-5f44-b4bd-f3c30e1ca24b,"BRANT ST & E 24TH AVE, VANCOUVER",49.248915,-123.057992,incomplete_2018_2022_observations_no_zero_fill
VANCOUVER,BRANT ST,E 25TH AVE,cda077c2-6de5-5719-8dcc-c2348a993a4c,"BRANT ST & E 25TH AVE, VANCOUVER",49.248104,-123.058012,incomplete_2018_2022_observations_no_zero_fill
VANCOUVER,BRANT ST,E 27TH AVE,9d5991d6-6515-589d-ae82-32a3e048bf68,"BRANT ST & E 27TH AVE, VANCOUVER",49.246708,-123.058043,incomplete_2018_2022_observations_no_zero_fill
VANCOUVER,BRANT ST,VANNESS AVE,81d9a49e-d530-583e-805b-c17998211006,"BRANT ST & VANNESS AVE, VANCOUVER",49.248915,-123.057992,incomplete_2018_2022_observations_no_zero_fill
VANCOUVER,BRIDGEWAY,HWY 1,ef033b51-f723-54e0-be3d-67e0fca49097,"BRIDGEWAY & HWY 1, VANCOUVER",49.283771,-123.032033,incomplete_2018_2022_observations_no_zero_fill
VANCOUVER,BRIDGEWAY,MCGILL ST,fadd6a8c-b697-52b2-89a0-3797398b41bb,"BRIDGEWAY & MCGILL ST, VANCOUVER",49.287032,-123.031028,incomplete_2018_2022_observations_no_zero_fill
VANCOUVER,BRIDGEWAY,MCGILL ST ONRAMP,7a8ca97e-60e7-5f6a-90c3-13d756a6ee89,"BRIDGEWAY & MCGILL ST ONRAMP, VANCOUVER",49.287489,-123.033603,incomplete_2018_2022_observations_no_zero_fill
VANCOUVER,BRIDGEWAY,N SKEENA ST,26ff5892-11d9-5949-b30c-dc760d44b59f,"BRIDGEWAY & N SKEENA ST, VANCOUVER",49.290475,-123.028512,incomplete_2018_2022_observations_no_zero_fill
VANCOUVER,BRIDGEWAY ST,CASSIAR CONNECTOR,e0deef62-8d91-566e-a14a-29671523e309,"BRIDGEWAY ST & CASSIAR CONNECTOR, VANCOUVER",49.287032,-123.031028,incomplete_2018_2022_observations_no_zero_fill
VANCOUVER,BRIDGEWAY ST,CASSIAR TUNNEL,c638fafb-6b9f-5f67-afd2-212918e6c8fd,"BRIDGEWAY ST & CASSIAR TUNNEL, VANCOUVER",49.283771,-123.032033,incomplete_2018_2022_observations_no_zero_fill
VANCOUVER,BRIDGEWAY ST,E HASTINGS ST OFFRAMP,30ab3e2b-b9f0-58f5-8cce-0bfc4214f3b8,"BRIDGEWAY ST & E HASTINGS ST OFFRAMP, VANCOUVER",49.287032,-123.031028,incomplete_2018_2022_observations_no_zero_fill
VANCOUVER,BRIDGEWAY ST,HWY 1,7d940eaf-d0e8-5e10-bc63-86f847b1bcd4,"BRIDGEWAY ST & HWY 1, VANCOUVER",49.283771,-123.032033,incomplete_2018_2022_observations_no_zero_fill
VANCOUVER,BRIDGEWAY ST,MCGILL ST,3ab76176-1d8f-5520-8e15-85b6097d6469,"BRIDGEWAY ST & MCGILL ST, VANCOUVER",49.287032,-123.031028,incomplete_2018_2022_observations_no_zero_fill
VANCOUVER,BRIDGEWAY ST,MCGILL ST ONRAMP,06864989-3265-5456-b4fa-d9a204dc2837,"BRIDGEWAY ST & MCGILL ST ONRAMP, VANCOUVER",49.287489,-123.033603,incomplete_2018_2022_observations_no_zero_fill
VANCOUVER,BRIDGEWAY ST,MILLER DR,05642fb6-9f8c-571d-b21f-49035645bb1d,"BRIDGEWAY ST & MILLER DR, VANCOUVER",49.285875,-123.03294,incomplete_2018_2022_observations_no_zero_fill
VANCOUVER,BRIDGEWAY ST,N SKEENA ST,50e84c03-b1de-5caa-a1f4-6ae7a2585422,"BRIDGEWAY ST & N SKEENA ST, VANCOUVER",49.290475,-123.028512,incomplete_2018_2022_observations_no_zero_fill
VANCOUVER,BRIGADOON AVE,DUFF ST,0adb1560-6f19-55fa-a20d-20b5d098abd7,"BRIGADOON AVE & DUFF ST, VANCOUVER",49.216599,-123.064689,incomplete_2018_2022_observations_no_zero_fill
VANCOUVER,BRIGADOON AVE,GLADSTONE ST,226b3f28-30ad-5684-818e-e3ef9d014360,"BRIGADOON AVE & GLADSTONE ST, VANCOUVER",49.216559,-123.062083,incomplete_2018_2022_observations_no_zero_fill
VANCOUVER,BRIGADOON AVE,HUMM ST,8a9a08ed-1839-563c-83dd-733d22d2bd51,"BRIGADOON AVE & HUMM ST, VANCOUVER",49.216578,-123.063396,incomplete_2018_2022_observations_no_zero_fill
VANCOUVER,BRIGADOON AVE,VICTORIA DR,a9c68651-a811-50d2-bcaa-f358525e82ac,"BRIGADOON AVE & VICTORIA DR, VANCOUVER",49.216618,-123.065971,incomplete_2018_2022_observations_no_zero_fill
VANCOUVER,BRIGHTWOOD PL,VIVIAN DR,fe8fa2d8-71fc-506c-809a-642ba917ab12,"BRIGHTWOOD PL & VIVIAN DR, VANCOUVER",49.214973,-123.052265,incomplete_2018_2022_observations_no_zero_fill
VANCOUVER,BROCK ST,CLARENDON ST,d36868ed-3150-5887-9f8b-d4db1fac63e7,"BROCK ST & CLARENDON ST, VANCOUVER",49.243712,-123.053484,incomplete_2018_2022_observations_no_zero_fill
VANCOUVER,BROCK ST,WENONAH ST,aa21096c-c9af-5123-b81e-543a596ba7b6,"BROCK ST & WENONAH ST, VANCOUVER",49.243997,-123.05865,incomplete_2018_2022_observations_no_zero_fill
VANCOUVER,BROOKS ST,E 47TH AVE,1450005d-19b4-58c3-accd-f8c76ee4849d,"BROOKS ST & E 47TH AVE, VANCOUVER",49.226416,-123.035107,incomplete_2018_2022_observations_no_zero_fill
VANCOUVER,BROOKS ST,E 54TH AVE,21021b9c-a943-512d-b75d-86b49c5261f4,"BROOKS ST & E 54TH AVE, VANCOUVER",49.220136,-123.035277,incomplete_2018_2022_observations_no_zero_fill
VANCOUVER,BROUGHTON ST,BURNABY ST,a99aaf86-63fd-5b54-b6ae-a5514f73a685,"BROUGHTON ST & BURNABY ST, VANCOUVER",49.282982,-123.137393,incomplete_2018_2022_observations_no_zero_fill
VANCOUVER,BROUGHTON ST,EIHU LANE,167ed75d-76e1-5b00-8536-84d2078edefc,"BROUGHTON ST & EIHU LANE, VANCOUVER",49.288294,-123.129344,incomplete_2018_2022_observations_no_zero_fill
VANCOUVER,BROUGHTON ST,HARO ST,0a3c56b3-d4a1-59d8-8d9d-895acf642658,"BROUGHTON ST & HARO ST, VANCOUVER",49.287206,-123.131009,incomplete_2018_2022_observations_no_zero_fill
VANCOUVER,BROUGHTON ST,HARWOOD ST,e18542ff-bc72-5c45-85f3-40df2e3aa80b,"BROUGHTON ST & HARWOOD ST, VANCOUVER",49.28233,-123.138434,incomplete_2018_2022_observations_no_zero_fill
VANCOUVER,BROUGHTON ST,HENSHAW LANE,304069f6-dfb2-5a5c-b09c-2cc0624f6fe5,"BROUGHTON ST & HENSHAW LANE, VANCOUVER",49.285454,-123.133654,incomplete_2018_2022_observations_no_zero_fill
VANCOUVER,BROUGHTON ST,HWY 1A,101a8f4f-d790-569a-82f6-1a7eaff88351,"BROUGHTON ST & HWY 1A, VANCOUVER",49.289005,-123.128224,incomplete_2018_2022_observations_no_zero_fill
VANCOUVER,BROUGHTON ST,HWY 99,3844db0a-a730-5bc7-90df-807a8f79006d,"BROUGHTON ST & HWY 99, VANCOUVER",49.289005,-123.128224,incomplete_2018_2022_observations_no_zero_fill
VANCOUVER,BROUGHTON ST,JEPSON-YOUNG LANE,686a0062-5e7c-5f07-ace1-f19296cdb73e,"BROUGHTON ST & JEPSON-YOUNG LANE, VANCOUVER",49.284722,-123.134761,incomplete_2018_2022_observations_no_zero_fill
VANCOUVER,BROUGHTON ST,JUNG LANE,fbbf7ad1-fc68-5e5d-8d4e-385579d1954a,"BROUGHTON ST & JUNG LANE, VANCOUVER",49.281957,-123.138936,incomplete_2018_2022_observations_no_zero_fill
VANCOUVER,BROUGHTON ST,MAXINE LANE,cb6413c6-cf1b-5e0d-acad-412a1b9f07b5,"BROUGHTON ST & MAXINE LANE, VANCOUVER",49.282668,-123.137852,incomplete_2018_2022_observations_no_zero_fill
VANCOUVER,BROUGHTON ST,NELSON ST,b8ccc339-039a-5bd7-af83-f646798f1072,"BROUGHTON ST & NELSON ST, VANCOUVER",49.285787,-123.133114,incomplete_2018_2022_observations_no_zero_fill
VANCOUVER,BROUGHTON ST,PANTAGES LANE,099ca1e4-939b-53ee-a17b-9673ff900868,"BROUGHTON ST & PANTAGES LANE, VANCOUVER",49.283363,-123.136824,incomplete_2018_2022_observations_no_zero_fill
VANCOUVER,BROUGHTON ST,ROSEMARY BROWN LANE,1eb012ec-c23f-54d8-b11a-e9abccccf654,"BROUGHTON ST & ROSEMARY BROWN LANE, VANCOUVER",49.287566,-123.130473,incomplete_2018_2022_observations_no_zero_fill
VANCOUVER,BROUGHTON ST,SEE-EM-IA LANE,ba525466-9b2c-5773-8e6b-71911a526dd6,"BROUGHTON ST & SEE-EM-IA LANE, VANCOUVER",49.284068,-123.135756,incomplete_2018_2022_observations_no_zero_fill
VANCOUVER,BROUGHTON ST,STOVOLD LANE,b9238426-f26f-5f91-94a1-0673389f936f,"BROUGHTON ST & STOVOLD LANE, VANCOUVER",49.286862,-123.13153,incomplete_2018_2022_observations_no_zero_fill
VANCOUVER,BROUGHTON ST,TED NORTHE LANE,1e5c6cd7-30c7-5688-b993-30579bb9331f,"BROUGHTON ST & TED NORTHE LANE, VANCOUVER",49.286158,-123.132574,incomplete_2018_2022_observations_no_zero_fill
VANCOUVER,BRUCE ST,E 32ND AVE,1ef759a9-da43-581a-9a90-de8a4a984f76,"BRUCE ST & E 32ND AVE, VANCOUVER",49.241566,-123.06945,incomplete_2018_2022_observations_no_zero_fill
VANCOUVER,BRUCE ST,E 37TH AVE,eb2c5b2f-f658-5226-b93c-5bd813f019d3,"BRUCE ST & E 37TH AVE, VANCOUVER",49.236744,-123.070011,incomplete_2018_2022_observations_no_zero_fill
VANCOUVER,BRUCE ST,E 45TH AVE,0f190376-04b4-5ec4-865c-dfc8dad435a4,"BRUCE ST & E 45TH AVE, VANCOUVER",49.228982,-123.069788,incomplete_2018_2022_observations_no_zero_fill
VANCOUVER,BRUCE ST,E 47TH AVE,f38b06d5-bc2d-597a-ad5b-0bb61973d2e4,"BRUCE ST & E 47TH AVE, VANCOUVER",49.227663,-123.06984,incomplete_2018_2022_observations_no_zero_fill
VANCOUVER,BRUNSWICK ST,E 5TH AVE,77f3228d-0499-5813-856f-c5a108f1950f,"BRUNSWICK ST & E 5TH AVE, VANCOUVER",49.266331,-123.096765,incomplete_2018_2022_observations_no_zero_fill
VANCOUVER,BRUNSWICK ST,E 6TH AVE,260dbeda-55e9-53ff-8f83-83eb81c49d63,"BRUNSWICK ST & E 6TH AVE, VANCOUVER",49.265432,-123.096932,incomplete_2018_2022_observations_no_zero_fill
VANCOUVER,BRUNSWICK ST,E 7TH AVE,523dc64d-47be-5350-9c8c-b9ca5b7518af,"BRUNSWICK ST & E 7TH AVE, VANCOUVER",49.264548,-123.096969,incomplete_2018_2022_observations_no_zero_fill
VANCOUVER,BRUNSWICK ST,E 8TH AVE,468da42b-d756-59ee-9dff-756d0b29df99,"BRUNSWICK ST & E 8TH AVE, VANCOUVER",49.263633,-123.09699,incomplete_2018_2022_observations_no_zero_fill
VANCOUVER,BRUNSWICK ST,HWY 7,eb28ba16-7122-5f15-ae84-abefff89dcb8,"BRUNSWICK ST & HWY 7, VANCOUVER",49.262785,-123.097017,incomplete_2018_2022_observations_no_zero_fill
VANCOUVER,BUCKETWHEEL,MOBERLY RD,4ad0d519-34b2-54f9-8826-efc86b42251a,"BUCKETWHEEL & MOBERLY RD, VANCOUVER",49.267871,-123.117465,incomplete_2018_2022_observations_no_zero_fill
VANCOUVER,BURNABY ST,BUTE ST,1ddd67cf-0e7b-50d0-886f-6fd5331518a4,"BURNABY ST & BUTE ST, VANCOUVER",49.281071,-123.134457,incomplete_2018_2022_observations_no_zero_fill
VANCOUVER,BURNABY ST,CARDERO ST,7300424f-8d32-5d91-815b-bd1ebaff19f3,"BURNABY ST & CARDERO ST, VANCOUVER",49.284497,-123.139739,incomplete_2018_2022_observations_no_zero_fill
VANCOUVER,BURNABY ST,NICOLA ST,504de5bd-ab61-533b-81ed-167583575b5c,"BURNABY ST & NICOLA ST, VANCOUVER",49.283741,-123.138562,incomplete_2018_2022_observations_no_zero_fill
VANCOUVER,BURQUITLAM DR,FRASERVIEW DR,d2139236-c603-51d1-9644-b821c1115d40,"BURQUITLAM DR & FRASERVIEW DR, VANCOUVER",49.211783,-123.064695,incomplete_2018_2022_observations_no_zero_fill
VANCOUVER,BURQUITLAM DR,HARRISON DR,4043c8f1-2462-5ee0-854f-26962fd86100,"BURQUITLAM DR & HARRISON DR, VANCOUVER",49.209758,-123.057035,incomplete_2018_2022_observations_no_zero_fill
VANCOUVER,BURRARD ST,CANADA PL,f418776d-6ad5-55c0-a16f-a19c7d534b33,"BURRARD ST & CANADA PL, VANCOUVER",49.288095,-123.115505,incomplete_2018_2022_observations_no_zero_fill
VANCOUVER,BURRARD ST,EIHU LANE,e84f8f1c-bee2-5b31-926c-f40eaf90babc,"BURRARD ST & EIHU LANE, VANCOUVER",49.283645,-123.122239,incomplete_2018_2022_observations_no_zero_fill
VANCOUVER,BURRARD ST,HENSHAW LANE,1567f924-c927-5aa8-b952-1815978a7fed,"BURRARD ST & HENSHAW LANE, VANCOUVER",49.28086,-123.126524,incomplete_2018_2022_observations_no_zero_fill
VANCOUVER,BURRARD ST,JUNG LANE,6d86d46b-6d9d-5275-bd88-1ff1a72dedb3,"BURRARD ST & JUNG LANE, VANCOUVER",49.27736,-123.131816,incomplete_2018_2022_observations_no_zero_fill
VANCOUVER,BURRARD ST,MAXINE LANE,7f754050-2ab7-51e6-bd42-ba17b5741ba9,"BURRARD ST & MAXINE LANE, VANCOUVER",49.278036,-123.130786,incomplete_2018_2022_observations_no_zero_fill
VANCOUVER,BURRARD ST,PACIFIC ST OFFRAMP,692bce1d-10e8-5941-8198-96979c2619ff,"BURRARD ST & PACIFIC ST OFFRAMP, VANCOUVER",49.276971,-123.132435,incomplete_2018_2022_observations_no_zero_fill
VANCOUVER,BURRARD ST,PACIFIC ST ONRAMP,313d0e71-3aa3-5f36-ab85-d745c34095a8,"BURRARD ST & PACIFIC ST ONRAMP, VANCOUVER",49.276971,-123.132435,incomplete_2018_2022_observations_no_zero_fill
VANCOUVER,BURRARD ST,PANTAGES LANE,de58a78a-38e8-5ef6-a1e4-481ec5e3292f,"BURRARD ST & PANTAGES LANE, VANCOUVER",49.278739,-123.129703,incomplete_2018_2022_observations_no_zero_fill
VANCOUVER,BURRARD ST,ROSEMARY BROWN LANE,52eb0d1b-6515-56e6-a8ae-68a4b0bc4b38,"BURRARD ST & ROSEMARY BROWN LANE, VANCOUVER",49.282918,-123.123359,incomplete_2018_2022_observations_no_zero_fill
VANCOUVER,BURRARD ST,SEE-EM-IA LANE,90c73397-cfd3-590a-a6d3-1069ebdbfe81,"BURRARD ST & SEE-EM-IA LANE, VANCOUVER",49.279434,-123.128647,incomplete_2018_2022_observations_no_zero_fill
VANCOUVER,BURRARD ST,TED NORTHE LANE,ee8c890a-8a86-54cf-85f3-4eb512a79da1,"BURRARD ST & TED NORTHE LANE, VANCOUVER",49.281584,-123.12543,incomplete_2018_2022_observations_no_zero_fill
VANCOUVER,BURRARD ST,W 13TH AVE,f5d1f0da-66a9-5d4d-82ea-f3bd49fe4edf,"BURRARD ST & W 13TH AVE, VANCOUVER",49.25994,-123.145903,incomplete_2018_2022_observations_no_zero_fill
VANCOUVER,BURRARD ST,W 15TH AVE,b3e6998f-dd66-5c35-ac01-ad0ff0f4954b,"BURRARD ST & W 15TH AVE, VANCOUVER",49.258096,-123.145972,incomplete_2018_2022_observations_no_zero_fill
VANCOUVER,BURRARD ST,W 7TH AVE,3d9dfabb-494d-5324-ad10-da451904b8d0,"BURRARD ST & W 7TH AVE, VANCOUVER",49.265454,-123.145708,incomplete_2018_2022_observations_no_zero_fill
VANCOUVER,BURRARD ST,W 9TH AVE,ad8f83ee-9ddd-588c-a77d-f4413d699a7c,"BURRARD ST & W 9TH AVE, VANCOUVER",49.263701,-123.145756,incomplete_2018_2022_observations_no_zero_fill
VANCOUVER,BURRARD ST BRIDGE,CORNWALL AVE OFFRAMP,c0f6aca9-eee2-543f-b890-fce32c3bb124,"BURRARD ST BRIDGE & CORNWALL AVE OFFRAMP, VANCOUVER",49.272406,-123.145229,incomplete_2018_2022_observations_no_zero_fill
VANCOUVER,BURRARD ST BRIDGE,CORNWALL AVE ONRAMP,dd4f97a1-870b-5896-b1f5-4b4f0fec4548,"BURRARD ST BRIDGE & CORNWALL AVE ONRAMP, VANCOUVER",49.272406,-123.145229,incomplete_2018_2022_observations_no_zero_fill
VANCOUVER,BURRARD ST BRIDGE,PACIFIC ST OFFRAMP,75a90d8a-84a0-5d98-8440-77d31b5100d9,"BURRARD ST BRIDGE & PACIFIC ST OFFRAMP, VANCOUVER",49.276971,-123.132435,incomplete_2018_2022_observations_no_zero_fill
VANCOUVER,BURRARD ST BRIDGE,PACIFIC ST ONRAMP,553fcd80-dccc-51e5-980a-09eea138bb1f,"BURRARD ST BRIDGE & PACIFIC ST ONRAMP, VANCOUVER",49.276971,-123.132435,incomplete_2018_2022_observations_no_zero_fill
VANCOUVER,BURSILL ST,HORLEY ST,c41734a5-47c6-544a-a500-fd0acb013079,"BURSILL ST & HORLEY ST, VANCOUVER",49.23798,-123.042435,incomplete_2018_2022_observations_no_zero_fill
VANCOUVER,BURSILL ST,KINGSWAY,420bf768-39e9-597b-b4f1-07b2aee16982,"BURSILL ST & KINGSWAY, VANCOUVER",49.236056,-123.044366,incomplete_2018_2022_observations_no_zero_fill
VANCOUVER,BUSCOMBE ST,E 63RD AVE,b88048fe-738c-5746-a8e6-7845090dea11,"BUSCOMBE ST & E 63RD AVE, VANCOUVER",49.213269,-123.095341,incomplete_2018_2022_observations_no_zero_fill
VANCOUVER,BUSCOMBE ST,E 64TH AVE,eb3d9a2f-827e-5e36-b173-6e11579d91cc,"BUSCOMBE ST & E 64TH AVE, VANCOUVER",49.212163,-123.095345,incomplete_2018_2022_observations_no_zero_fill
VANCOUVER,BUTE ST,EIHU LANE,73a57bea-50c1-509a-be46-22f4105d1d62,"BUTE ST & EIHU LANE, VANCOUVER",49.286371,-123.126425,incomplete_2018_2022_observations_no_zero_fill
VANCOUVER,BUTE ST,HENSHAW LANE,965c4dae-f910-53e7-91e3-47706b90c7a5,"BUTE ST & HENSHAW LANE, VANCOUVER",49.283547,-123.130714,incomplete_2018_2022_observations_no_zero_fill
VANCOUVER,BUTE ST,HWY 99,3ec45902-a79c-5d20-9dd6-2e8987f0948c,"BUTE ST & HWY 99, VANCOUVER",49.287135,-123.12533,incomplete_2018_2022_observations_no_zero_fill
VANCOUVER,BUTE ST,JUNG LANE,38450eb1-a0fe-518b-ae34-2bb22b04a2da,"BUTE ST & JUNG LANE, VANCOUVER",49.280024,-123.136025,incomplete_2018_2022_observations_no_zero_fill
VANCOUVER,BUTE ST,MAXINE LANE,54e5e6ce-84d4-5fcc-b1ff-1d7e5d3e18f9,"BUTE ST & MAXINE LANE, VANCOUVER",49.280742,-123.13495,incomplete_2018_2022_observations_no_zero_fill
VANCOUVER,BUTE ST,PANTAGES LANE,17b86f33-da4c-5b08-b953-3270459cfe6b,"BUTE ST & PANTAGES LANE, VANCOUVER",49.281425,-123.133919,incomplete_2018_2022_observations_no_zero_fill
VANCOUVER,BUTE ST,PENDRELL ST,f750bb03-34a5-53c8-8823-a718074b3b57,"BUTE ST & PENDRELL ST, VANCOUVER",49.282527,-123.132325,incomplete_2018_2022_observations_no_zero_fill
VANCOUVER,BUTE ST,ROSEMARY BROWN LANE,a7031f1a-e28b-5fa2-959e-b787f8afbcc0,"BUTE ST & ROSEMARY BROWN LANE, VANCOUVER",49.285633,-123.127523,incomplete_2018_2022_observations_no_zero_fill
VANCOUVER,BUTE ST,SEE-EM-IA LANE,0866c430-8a93-5287-b7e6-cb1d2c36ea11,"BUTE ST & SEE-EM-IA LANE, VANCOUVER",49.282148,-123.132811,incomplete_2018_2022_observations_no_zero_fill
VANCOUVER,BUTE ST,STOVOLD LANE,293ebc66-be75-5f27-b819-62ecc0f3698b,"BUTE ST & STOVOLD LANE, VANCOUVER",49.284952,-123.128613,incomplete_2018_2022_observations_no_zero_fill
VANCOUVER,BUTE ST,TED NORTHE LANE,e89054b7-acda-5b9a-935e-687c43edc5cc,"BUTE ST & TED NORTHE LANE, VANCOUVER",49.284271,-123.129635,incomplete_2018_2022_observations_no_zero_fill
VANCOUVER,BUTLER ST,E 47TH AVE,03f5a1c3-cf23-5b38-bd88-41578478349c,"BUTLER ST & E 47TH AVE, VANCOUVER",49.226411,-123.033675,incomplete_2018_2022_observations_no_zero_fill
VANCOUVER,BUTLER ST,E 54TH AVE,07e9982d-08c9-5f39-8a1c-7564f5e97b1b,"BUTLER ST & E 54TH AVE, VANCOUVER",49.220128,-123.033843,incomplete_2018_2022_observations_no_zero_fill
VANCOUVER,BUTLER ST,E 62ND AVE,1282c7e4-15b6-5834-a1d6-b0d8e55d579c,"BUTLER ST & E 62ND AVE, VANCOUVER",49.214033,-123.033265,incomplete_2018_2022_observations_no_zero_fill
VANCOUVER,BUTLER ST,MAQUINNA DR,ec4f4337-b19d-5925-a1fc-ec4b6bc7ede5,"BUTLER ST & MAQUINNA DR, VANCOUVER",49.215663,-123.033735,incomplete_2018_2022_observations_no_zero_fill
VANCOUVER,BUTLER ST,ROSEMONT DR,fad1fc30-9b9e-57fa-aa20-ca421fffb695,"BUTLER ST & ROSEMONT DR, VANCOUVER",49.21643,-123.034811,incomplete_2018_2022_observations_no_zero_fill
VANCOUVER,CAMBIE ST,CAMBIE ST BRIDGE,0b1d894d-09c4-5417-be3f-82506edc3f4f,"CAMBIE ST & CAMBIE ST BRIDGE, VANCOUVER",49.27315,-123.114704,incomplete_2018_2022_observations_no_zero_fill
VANCOUVER,CAMBIE ST,HWY 1A,966aa227-39d3-597b-a7c7-56165460bcb4,"CAMBIE ST & HWY 1A, VANCOUVER",49.28156,-123.110066,incomplete_2018_2022_observations_no_zero_fill
VANCOUVER,CAMBIE ST,HWY 7A,e2480295-4700-54e4-b6cb-1f192ab8d7ea,"CAMBIE ST & HWY 7A, VANCOUVER",49.282555,-123.109609,incomplete_2018_2022_observations_no_zero_fill
VANCOUVER,CAMBIE ST,MARINASIDE CRES,aa4d8b77-b596-550e-bebe-88a7270e27bf,"CAMBIE ST & MARINASIDE CRES, VANCOUVER",49.273521,-123.114899,incomplete_2018_2022_observations_no_zero_fill
VANCOUVER,CAMBIE ST,MCGUIGAN AVE,f7a7d989-1d29-5add-87f2-6e85f180ede2,"CAMBIE ST & MCGUIGAN AVE, VANCOUVER",49.240397,-123.118341,incomplete_2018_2022_observations_no_zero_fill
VANCOUVER,CAMBIE ST,PACIFIC BLVD OFFRAMP,4d88d747-55a1-5426-827d-3fbc99ac488d,"CAMBIE ST & PACIFIC BLVD OFFRAMP, VANCOUVER",49.27315,-123.114704,incomplete_2018_2022_observations_no_zero_fill
VANCOUVER,CAMBIE ST,W 1ST AVE,2a515be6-fb6f-5522-8672-901898f0a269,"CAMBIE ST & W 1ST AVE, VANCOUVER",49.268172,-123.114706,incomplete_2018_2022_observations_no_zero_fill
VANCOUVER,CAMBIE ST,W 26TH AVE,caedcfc5-f214-5721-bb63-d784d3f782d8,"CAMBIE ST & W 26TH AVE, VANCOUVER",49.247959,-123.115236,incomplete_2018_2022_observations_no_zero_fill
VANCOUVER,CAMBIE ST,W 28TH AVE,3628b7c0-b5c0-5c13-8756-6b0b0f5a4ac0,"CAMBIE ST & W 28TH AVE, VANCOUVER",49.246112,-123.115738,incomplete_2018_2022_observations_no_zero_fill
VANCOUVER,CAMBIE ST,W 2ND AVE OFFRAMP,caa0d685-9bf1-5eaa-897c-f8d3f19cd608,"CAMBIE ST & W 2ND AVE OFFRAMP, VANCOUVER",49.266629,-123.114844,incomplete_2018_2022_observations_no_zero_fill
VANCOUVER,CAMBIE ST,W 31ST AVE,6b69a530-aea0-5512-980a-3a613d2bff65,"CAMBIE ST & W 31ST AVE, VANCOUVER",49.24323,-123.117922,incomplete_2018_2022_observations_no_zero_fill
VANCOUVER,CAMBIE ST,W 46TH AVE,37313dce-d7c5-584c-a7a9-061e1c65d2c8,"CAMBIE ST & W 46TH AVE, VANCOUVER",49.228809,-123.116407,incomplete_2018_2022_observations_no_zero_fill
VANCOUVER,CAMBIE ST,W 58TH AVE,c415ff57-6ce0-583b-b3f0-a5c7e513500c,"CAMBIE ST & W 58TH AVE, VANCOUVER",49.217807,-123.11671,incomplete_2018_2022_observations_no_zero_fill
VANCOUVER,CAMBIE ST,W 9TH AVE,1dda26d6-aac3-53e7-8793-f5602866c889,"CAMBIE ST & W 9TH AVE, VANCOUVER",49.263205,-123.114853,incomplete_2018_2022_observations_no_zero_fill
VANCOUVER,CAMBIE ST BRIDGE,COMMODORE RD,832dc265-981e-5f6f-a0de-157533344735,"CAMBIE ST BRIDGE & COMMODORE RD, VANCOUVER",49.268135,-123.114866,incomplete_2018_2022_observations_no_zero_fill
VANCOUVER,CAMBIE ST BRIDGE,COOPERAGE WAY,cfabca32-4ec0-5bc8-9bb1-a5c44d25633a,"CAMBIE ST BRIDGE & COOPERAGE WAY, VANCOUVER",49.27362,-123.114701,incomplete_2018_2022_observations_no_zero_fill
VANCOUVER,CAMBIE ST BRIDGE,MARINASIDE CRES,8feb3a4f-0f2e-5b64-bd6c-26165854cb1e,"CAMBIE ST BRIDGE & MARINASIDE CRES, VANCOUVER",49.273521,-123.114899,incomplete_2018_2022_observations_no_zero_fill
VANCOUVER,CAMBRIDGE ST,N CASSIAR ST,91dfb2fc-2df0-5f47-8f87-7b088f1d36b4,"CAMBRIDGE ST & N CASSIAR ST, VANCOUVER",49.286657,-123.030041,incomplete_2018_2022_observations_no_zero_fill
VANCOUVER,CAMBRIDGE ST,N GARDEN DR,e7ae56d7-f468-5bf1-a8e9-12690d9e658b,"CAMBRIDGE ST & N GARDEN DR, VANCOUVER",49.286601,-123.057745,incomplete_2018_2022_observations_no_zero_fill
VANCOUVER,CAMBRIDGE ST,N KASLO ST,d624d149-2650-518e-be8f-2f524f5699b2,"CAMBRIDGE ST & N KASLO ST, VANCOUVER",49.286721,-123.046696,incomplete_2018_2022_observations_no_zero_fill
VANCOUVER,CAMBRIDGE ST,N KOOTENAY ST,03abbc48-1c6e-5499-828c-2b4ac99d39d6,"CAMBRIDGE ST & N KOOTENAY ST, VANCOUVER",49.286695,-123.025702,incomplete_2018_2022_observations_no_zero_fill
VANCOUVER,CAMBRIDGE ST,N RENFREW ST,a155b451-35c7-57ee-9b0a-8d0d896c4aec,"CAMBRIDGE ST & N RENFREW ST, VANCOUVER",49.286716,-123.044061,incomplete_2018_2022_observations_no_zero_fill
VANCOUVER,CAMBRIDGE ST,N SKEENA ST,a472f62f-7206-5d29-b40f-92370da72295,"CAMBRIDGE ST & N SKEENA ST, VANCOUVER",49.286695,-123.028311,incomplete_2018_2022_observations_no_zero_fill
VANCOUVER,CAMBRIDGE ST,N SLOCAN ST,6c38106e-7b1a-5ae2-aee7-5550c7d9caf3,"CAMBRIDGE ST & N SLOCAN ST, VANCOUVER",49.286725,-123.049312,incomplete_2018_2022_observations_no_zero_fill
VANCOUVER,CAMOSUN ST,CROWN CRES,02936837-222e-5afb-8a68-cb023765d305,"CAMOSUN ST & CROWN CRES, VANCOUVER",49.264593,-123.196913,incomplete_2018_2022_observations_no_zero_fill
VANCOUVER,CAMOSUN ST,SW MARINE DR,bcf920b8-7dba-58e1-bcf8-7a9291211a01,"CAMOSUN ST & SW MARINE DR, VANCOUVER",49.234777,-123.19622,incomplete_2018_2022_observations_no_zero_fill
VANCOUVER,CAMOSUN ST,W 11TH AVE,2cadab26-9c3f-5dde-bf82-f21e11864269,"CAMOSUN ST & W 11TH AVE, VANCOUVER",49.262741,-123.197008,incomplete_2018_2022_observations_no_zero_fill
VANCOUVER,CAMOSUN ST,W 12TH AVE,83a66f86-d544-5164-b317-5bfe02e9897e,"CAMOSUN ST & W 12TH AVE, VANCOUVER",49.261842,-123.196999,incomplete_2018_2022_observations_no_zero_fill
VANCOUVER,CAMOSUN ST,W 13TH AVE,7629f7a2-2bae-57fa-a9ea-3584a2f7462a,"CAMOSUN ST & W 13TH AVE, VANCOUVER",49.260921,-123.197041,incomplete_2018_2022_observations_no_zero_fill
VANCOUVER,CAMOSUN ST,W 14TH AVE,1ab2fd69-8a54-5bdd-9f40-c2a05ce352c1,"CAMOSUN ST & W 14TH AVE, VANCOUVER",49.260017,-123.197077,incomplete_2018_2022_observations_no_zero_fill
VANCOUVER,CAMOSUN ST,W 15TH AVE,bf2eb8c8-5141-5abb-a77b-9b48cc6c6e24,"CAMOSUN ST & W 15TH AVE, VANCOUVER",49.25907,-123.197116,incomplete_2018_2022_observations_no_zero_fill
VANCOUVER,CAMOSUN ST,W 17TH AVE,7a3e0449-2861-5c37-8100-bafc68df417c,"CAMOSUN ST & W 17TH AVE, VANCOUVER",49.257523,-123.196553,incomplete_2018_2022_observations_no_zero_fill
VANCOUVER,CAMOSUN ST,W 18TH AVE,ca02eb74-7ac8-5ace-a17c-b757c804dbdb,"CAMOSUN ST & W 18TH AVE, VANCOUVER",49.256523,-123.196545,incomplete_2018_2022_observations_no_zero_fill
VANCOUVER,CAMOSUN ST,W 19TH AVE,5c3d41d8-bf60-57ce-8d44-382379d194e2,"CAMOSUN ST & W 19TH AVE, VANCOUVER",49.255616,-123.196538,incomplete_2018_2022_observations_no_zero_fill
VANCOUVER,CAMOSUN ST,W 28TH AVE,ff86e446-f47f-5785-8d63-593f2b9e149a,"CAMOSUN ST & W 28TH AVE, VANCOUVER",49.24717,-123.196746,incomplete_2018_2022_observations_no_zero_fill
VANCOUVER,CAMOSUN ST,W 29TH AVE,c82f728b-2e6a-5a9f-8803-b9755d524982,"CAMOSUN ST & W 29TH AVE, VANCOUVER",49.24622,-123.196752,incomplete_2018_2022_observations_no_zero_fill
VANCOUVER,CAMOSUN ST,W 34TH AVE,0d8b7420-f563-59dd-ac5d-fe981b2a8957,"CAMOSUN ST & W 34TH AVE, VANCOUVER",49.241474,-123.196799,incomplete_2018_2022_observations_no_zero_fill
VANCOUVER,CAMOSUN ST,W 37TH AVE,034a0683-a635-5a5b-9805-2f13545b9f8c,"CAMOSUN ST & W 37TH AVE, VANCOUVER",49.238639,-123.196822,incomplete_2018_2022_observations_no_zero_fill
VANCOUVER,CAMOSUN ST,W 38TH AVE,c65beeed-27d5-521e-a197-3acd5542a106,"CAMOSUN ST & W 38TH AVE, VANCOUVER",49.237629,-123.196841,incomplete_2018_2022_observations_no_zero_fill
VANCOUVER,CAMOSUN ST,W 39TH AVE,7151c6d0-51f7-5a94-a692-032e8fc663b0,"CAMOSUN ST & W 39TH AVE, VANCOUVER",49.23648,-123.196835,incomplete_2018_2022_observations_no_zero_fill
VANCOUVER,CAMOSUN ST,W 40TH AVE,17ea4c07-1af3-5921-a997-2893a597d696,"CAMOSUN ST & W 40TH AVE, VANCOUVER",49.235638,-123.196831,incomplete_2018_2022_observations_no_zero_fill
VANCOUVER,CAMPBELL AVE,E GEORGIA ST,ff651d9c-687a-5186-aa37-e147a392bd24,"CAMPBELL AVE & E GEORGIA ST, VANCOUVER",49.278299,-123.084919,incomplete_2018_2022_observations_no_zero_fill
VANCOUVER,CAMPBELL AVE,E PENDER ST,d0b23378-bbf6-546a-8596-ab6368dfdc8e,"CAMPBELL AVE & E PENDER ST, VANCOUVER",49.280107,-123.084839,incomplete_2018_2022_observations_no_zero_fill
VANCOUVER,CAMPBELL AVE,UNION ST,9e4b9264-83c3-5167-a262-092f022ab15e,"CAMPBELL AVE & UNION ST, VANCOUVER",49.277399,-123.084959,incomplete_2018_2022_observations_no_zero_fill
VANCOUVER,CAMPBELL AVE,VENABLES ST,c7f47c7e-d075-5c5f-b4ac-fd6a732d3914,"CAMPBELL AVE & VENABLES ST, VANCOUVER",49.276493,-123.084998,incomplete_2018_2022_observations_no_zero_fill
VANCOUVER,CANADA PL,HOWE ST,f7f3ffba-8ff4-576a-9b91-b48b4f0193a5,"CANADA PL & HOWE ST, VANCOUVER",49.287359,-123.113083,incomplete_2018_2022_observations_no_zero_fill
VANCOUVER,CANADA PL,THURLOW ST,d9975c04-a366-5d87-93c8-6eabfb4f76a4,"CANADA PL & THURLOW ST, VANCOUVER",49.288851,-123.118279,incomplete_2018_2022_observations_no_zero_fill
VANCOUVER,CANADA PL,WATERFRONT RD,bd9313c8-9632-53c2-950d-c71edaad6cae,"CANADA PL & WATERFRONT RD, VANCOUVER",49.288851,-123.118279,incomplete_2018_2022_observations_no_zero_fill
VANCOUVER,CARDERO ST,COAL HARBOUR QUAY,369c431e-90c2-5173-97c8-a10b96e2f180,"CARDERO ST & COAL HARBOUR QUAY, VANCOUVER",49.291811,-123.128641,incomplete_2018_2022_observations_no_zero_fill
VANCOUVER,CARDERO ST,COMOX ST,849fa70a-b7e6-5962-88ce-ca99d9cf2a00,"CARDERO ST & COMOX ST, VANCOUVER",49.286612,-123.136536,incomplete_2018_2022_observations_no_zero_fill
VANCOUVER,CARDERO ST,HARO ST,affb7ecb-cf13-50df-b172-2078d4a9029b,"CARDERO ST & HARO ST, VANCOUVER",49.288787,-123.13334,incomplete_2018_2022_observations_no_zero_fill
VANCOUVER,CARDERO ST,HARWOOD ST,1e7ec699-d6e4-55e6-9cd2-85df9649faa9,"CARDERO ST & HARWOOD ST, VANCOUVER",49.283787,-123.140782,incomplete_2018_2022_observations_no_zero_fill
VANCOUVER,CARDERO ST,HENSHAW LANE,5d577a21-7228-5cf7-936b-92c17600ddeb,"CARDERO ST & HENSHAW LANE, VANCOUVER",49.286965,-123.135984,incomplete_2018_2022_observations_no_zero_fill
VANCOUVER,CARDERO ST,MAXINE LANE,d6e8c952-1fbd-5947-8c09-dec3e12a0ac0,"CARDERO ST & MAXINE LANE, VANCOUVER",49.284178,-123.140208,incomplete_2018_2022_observations_no_zero_fill
VANCOUVER,CARDERO ST,NELSON ST,93a428ab-41a7-52fd-a37c-496c20ea3169,"CARDERO ST & NELSON ST, VANCOUVER",49.287297,-123.135466,incomplete_2018_2022_observations_no_zero_fill
VANCOUVER,CARDERO ST,PANTAGES LANE,8a7bed2b-4995-5959-950d-63deefca929b,"CARDERO ST & PANTAGES LANE, VANCOUVER",49.284884,-123.139193,incomplete_2018_2022_observations_no_zero_fill
VANCOUVER,CARDERO ST,PENDRELL ST,216aacc4-f177-5c12-bd15-ada8cf9913f4,"CARDERO ST & PENDRELL ST, VANCOUVER",49.285932,-123.137571,incomplete_2018_2022_observations_no_zero_fill
VANCOUVER,CARDERO ST,ROSEMARY BROWN LANE,94064dba-1f4b-5619-ac9d-df34f71b80fb,"CARDERO ST & ROSEMARY BROWN LANE, VANCOUVER",49.289065,-123.13284,incomplete_2018_2022_observations_no_zero_fill
VANCOUVER,CARDERO ST,SEE-EM-IA LANE,b637bfe5-f90f-54ec-ab22-d53c5a945321,"CARDERO ST & SEE-EM-IA LANE, VANCOUVER",49.285584,-123.13811,incomplete_2018_2022_observations_no_zero_fill
VANCOUVER,CARDERO ST,STOVOLD LANE,4d0f0dba-515b-5fe8-99e5-4530cc890a57,"CARDERO ST & STOVOLD LANE, VANCOUVER",49.288354,-123.133873,incomplete_2018_2022_observations_no_zero_fill
VANCOUVER,CARDERO ST,TED NORTHE LANE,8347f6fc-47d3-5215-ba3b-f4ad9173f53b,"CARDERO ST & TED NORTHE LANE, VANCOUVER",49.287664,-123.134908,incomplete_2018_2022_observations_no_zero_fill
VANCOUVER,CARDERO ST,W HASTINGS ST,2a9f9409-9db4-5c3a-99b9-578747ba9d9e,"CARDERO ST & W HASTINGS ST, VANCOUVER",49.291075,-123.129818,incomplete_2018_2022_observations_no_zero_fill
VANCOUVER,CARIBOO ST,E 29TH AVE,9f51aff7-50d8-5292-9c5a-25619e9e6b5e,"CARIBOO ST & E 29TH AVE, VANCOUVER",49.244472,-123.027371,incomplete_2018_2022_observations_no_zero_fill
VANCOUVER,CARLISLE ST,RENFREW ST,1207812a-3ac6-5bf3-b67d-ef1c26668eef,"CARLISLE ST & RENFREW ST, VANCOUVER",49.279624,-123.044085,incomplete_2018_2022_observations_no_zero_fill
VANCOUVER,CARNARVON ST,PUGET DR,4f2cfe09-9975-5e0b-bfa2-bbb5b2c35043,"CARNARVON ST & PUGET DR, VANCOUVER",49.252416,-123.172897,incomplete_2018_2022_observations_no_zero_fill
VANCOUVER,CARNARVON ST,W 10TH AVE,7ba6549a-9a8d-52e3-ad30-d3b6776d96b4,"CARNARVON ST & W 10TH AVE, VANCOUVER",49.263266,-123.17209,incomplete_2018_2022_observations_no_zero_fill
VANCOUVER,CARNARVON ST,W 11TH AVE,dcc73fff-2bcd-525d-9752-2b5b10e92f5b,"CARNARVON ST & W 11TH AVE, VANCOUVER",49.262337,-123.172119,incomplete_2018_2022_observations_no_zero_fill
VANCOUVER,CARNARVON ST,W 12TH AVE,49bdbacf-360d-51e7-8171-328b70101243,"CARNARVON ST & W 12TH AVE, VANCOUVER",49.261448,-123.172153,incomplete_2018_2022_observations_no_zero_fill
VANCOUVER,CARNARVON ST,W 14TH AVE,ae7755b1-50ba-547f-b9ff-f4a7f13b173b,"CARNARVON ST & W 14TH AVE, VANCOUVER",49.259647,-123.172215,incomplete_2018_2022_observations_no_zero_fill
VANCOUVER,CARNARVON ST,W 16TH AVE,9f93da2a-11e4-55e5-a964-d9e131433b49,"CARNARVON ST & W 16TH AVE, VANCOUVER",49.257812,-123.172276,incomplete_2018_2022_observations_no_zero_fill
VANCOUVER,CARNARVON ST,W 19TH AVE,624fb131-fe87-56db-a13c-9f4b83db48ec,"CARNARVON ST & W 19TH AVE, VANCOUVER",49.25553,-123.172868,incomplete_2018_2022_observations_no_zero_fill
VANCOUVER,CARNARVON ST,W 20TH AVE,714a6e1c-2645-5273-9e90-e7f8ae78b749,"CARNARVON ST & W 20TH AVE, VANCOUVER",49.254624,-123.172878,incomplete_2018_2022_observations_no_zero_fill
VANCOUVER,CARNARVON ST,W 22ND AVE,05ab2be6-4ce4-5911-b2ec-4221c46d93a4,"CARNARVON ST & W 22ND AVE, VANCOUVER",49.252811,-123.172894,incomplete_2018_2022_observations_no_zero_fill
VANCOUVER,CARNARVON ST,W 28TH AVE,312c8c30-ddd5-5a47-8848-41476dedfba7,"CARNARVON ST & W 28TH AVE, VANCOUVER",49.247073,-123.172947,incomplete_2018_2022_observations_no_zero_fill
VANCOUVER,CARNARVON ST,W 30TH AVE,2c1c3b71-2827-519b-ac45-fa2961b951b6,"CARNARVON ST & W 30TH AVE, VANCOUVER",49.245179,-123.172986,incomplete_2018_2022_observations_no_zero_fill
VANCOUVER,CARNARVON ST,W 31ST AVE,6d43b075-af46-5817-9685-aa3322857c1a,"CARNARVON ST & W 31ST AVE, VANCOUVER",49.244228,-123.172994,incomplete_2018_2022_observations_no_zero_fill
VANCOUVER,CARNARVON ST,W 32ND AVE,88b63311-ae77-5380-a75f-d7a209af8e4c,"CARNARVON ST & W 32ND AVE, VANCOUVER",49.243271,-123.173001,incomplete_2018_2022_observations_no_zero_fill
VANCOUVER,CARNARVON ST,W 33RD AVE,6d20bde5-eb51-58d7-8fed-525be4e6b88c,"CARNARVON ST & W 33RD AVE, VANCOUVER",49.242334,-123.173002,incomplete_2018_2022_observations_no_zero_fill
VANCOUVER,CARNARVON ST,W 34TH AVE,7e64f36f-45b8-5497-accb-fa2a7a128609,"CARNARVON ST & W 34TH AVE, VANCOUVER",49.241366,-123.172996,incomplete_2018_2022_observations_no_zero_fill
VANCOUVER,CARNARVON ST,W 35TH AVE,0b7b6938-0b8b-54b4-9fc6-19b051620b55,"CARNARVON ST & W 35TH AVE, VANCOUVER",49.240437,-123.173002,incomplete_2018_2022_observations_no_zero_fill
VANCOUVER,CARNARVON ST,W 37TH AVE,37e10fda-0835-542f-acd6-61a54cfd6875,"CARNARVON ST & W 37TH AVE, VANCOUVER",49.238546,-123.17302,incomplete_2018_2022_observations_no_zero_fill
VANCOUVER,CARNARVON ST,W 38TH AVE,50bca78d-816a-5adc-b6d4-60f03118b51e,"CARNARVON ST & W 38TH AVE, VANCOUVER",49.237579,-123.173051,incomplete_2018_2022_observations_no_zero_fill
VANCOUVER,CARNARVON ST,W 39TH AVE,ca590378-d9c3-5340-85b3-1170593d7a37,"CARNARVON ST & W 39TH AVE, VANCOUVER",49.236612,-123.173052,incomplete_2018_2022_observations_no_zero_fill
VANCOUVER,CARNARVON ST,W 40TH AVE,29ed27c0-4b2e-5459-a39a-9069f85e0fe1,"CARNARVON ST & W 40TH AVE, VANCOUVER",49.235687,-123.173056,incomplete_2018_2022_observations_no_zero_fill
VANCOUVER,CARNARVON ST,W 42ND AVE,a67b9d4f-74a0-5cdb-b312-9dfc531717ae,"CARNARVON ST & W 42ND AVE, VANCOUVER",49.233761,-123.173057,incomplete_2018_2022_observations_no_zero_fill
VANCOUVER,CARNARVON ST,W 43RD AVE,06a7aefe-1723-52ac-8a73-4a3f72f995fd,"CARNARVON ST & W 43RD AVE, VANCOUVER",49.232779,-123.173069,incomplete_2018_2022_observations_no_zero_fill
VANCOUVER,CARNARVON ST,W 44TH AVE,3e9e2e51-ca1a-50bd-8f6e-23a980fb836b,"CARNARVON ST & W 44TH AVE, VANCOUVER",49.231909,-123.173081,incomplete_2018_2022_observations_no_zero_fill
VANCOUVER,CARNARVON ST,W 45TH AVE,86c9ee38-82c0-568c-b84b-30d7f1d18b69,"CARNARVON ST & W 45TH AVE, VANCOUVER",49.231013,-123.173126,incomplete_2018_2022_observations_no_zero_fill
VANCOUVER,CARNARVON ST,W 55TH AVE,6666e1c8-3d05-5231-bf43-431a157e3fd9,"CARNARVON ST & W 55TH AVE, VANCOUVER",49.221396,-123.173055,incomplete_2018_2022_observations_no_zero_fill
VANCOUVER,CAROLINA ST,E 11TH AVE,6af7a527-f05f-5763-9ace-51147e280d08,"CAROLINA ST & E 11TH AVE, VANCOUVER",49.260635,-123.091091,incomplete_2018_2022_observations_no_zero_fill
VANCOUVER,CAROLINA ST,E 13TH AVE,d484ee05-7d80-5cad-99f2-0e0c73d31cd0,"CAROLINA ST & E 13TH AVE, VANCOUVER",49.258836,-123.091128,incomplete_2018_2022_observations_no_zero_fill
VANCOUVER,CAROLINA ST,E 14TH AVE,7a5cb4f6-392d-50b5-b94a-8ac8fb2ce72a,"CAROLINA ST & E 14TH AVE, VANCOUVER",49.257951,-123.091118,incomplete_2018_2022_observations_no_zero_fill
VANCOUVER,CAROLINA ST,E 15TH AVE,a2d1cf36-4e94-5e96-a0cc-30d0971c5c13,"CAROLINA ST & E 15TH AVE, VANCOUVER",49.257326,-123.091813,incomplete_2018_2022_observations_no_zero_fill
VANCOUVER,CAROLINA ST,E 17TH AVE,632d0827-72a3-520e-963c-340ac109d23f,"CAROLINA ST & E 17TH AVE, VANCOUVER",49.255565,-123.091869,incomplete_2018_2022_observations_no_zero_fill
VANCOUVER,CAROLINA ST,E 18TH AVE,fd86c597-1b37-5298-ad7c-dd61ec85687e,"CAROLINA ST & E 18TH AVE, VANCOUVER",49.254654,-123.091915,incomplete_2018_2022_observations_no_zero_fill
VANCOUVER,CAROLINA ST,E 19TH AVE,0d6776cd-91dc-504e-86c8-b6ddd651a402,"CAROLINA ST & E 19TH AVE, VANCOUVER",49.253745,-123.091951,incomplete_2018_2022_observations_no_zero_fill
VANCOUVER,CAROLINA ST,E 1ST AVE,9a5e915f-aec7-5b81-ae81-339c9189045d,"CAROLINA ST & E 1ST AVE, VANCOUVER",49.267948,-123.090873,incomplete_2018_2022_observations_no_zero_fill
VANCOUVER,CAROLINA ST,E 20TH AVE,b4e02214-8533-5e03-8613-6c17e7bc8dca,"CAROLINA ST & E 20TH AVE, VANCOUVER",49.252848,-123.091987,incomplete_2018_2022_observations_no_zero_fill
VANCOUVER,CAROLINA ST,E 21ST AVE,e89ef5a9-3fbf-5000-b617-54e0323a622f,"CAROLINA ST & E 21ST AVE, VANCOUVER",49.251932,-123.092024,incomplete_2018_2022_observations_no_zero_fill
VANCOUVER,CAROLINA ST,E 22ND AVE,73271442-54de-5bc4-aac8-1b01ca3eafe4,"CAROLINA ST & E 22ND AVE, VANCOUVER",49.25104,-123.092053,incomplete_2018_2022_observations_no_zero_fill
VANCOUVER,CAROLINA ST,E 23RD AVE,a947e167-5564-575a-aeca-a622772095ad,"CAROLINA ST & E 23RD AVE, VANCOUVER",49.25014,-123.092088,incomplete_2018_2022_observations_no_zero_fill
VANCOUVER,CAROLINA ST,E 5TH AVE,1b46c73b-4099-5132-abbb-d6322025a5af,"CAROLINA ST & E 5TH AVE, VANCOUVER",49.266161,-123.091005,incomplete_2018_2022_observations_no_zero_fill
VANCOUVER,CAROLINA ST,E 6TH AVE,953b9f01-d731-5233-8afe-5e26e94263fe,"CAROLINA ST & E 6TH AVE, VANCOUVER",49.265252,-123.091007,incomplete_2018_2022_observations_no_zero_fill
VANCOUVER,CAROLINA ST,E 7TH AVE,855afd83-0c77-5ee0-a82c-868cc32a6a33,"CAROLINA ST & E 7TH AVE, VANCOUVER",49.264343,-123.091055,incomplete_2018_2022_observations_no_zero_fill
VANCOUVER,CAROLINA ST,E 8TH AVE,b96acecd-5e13-5f22-9b86-3bea7502e78e,"CAROLINA ST & E 8TH AVE, VANCOUVER",49.263448,-123.091056,incomplete_2018_2022_observations_no_zero_fill
VANCOUVER,CAROLINA ST,E KING EDWARD AVE,86e0093b-70c5-5ab4-8ac8-1a5bd09e20c8,"CAROLINA ST & E KING EDWARD AVE, VANCOUVER",49.248665,-123.092139,incomplete_2018_2022_observations_no_zero_fill
VANCOUVER,CAROLINA ST,EVANS AVE,34529ab6-0307-5d11-8d44-c6364ebc2856,"CAROLINA ST & EVANS AVE, VANCOUVER",49.272105,-123.08908,incomplete_2018_2022_observations_no_zero_fill
VANCOUVER,CAROLINA ST,HWY 99A,33abdc60-5c63-53da-a2c0-585adc472c60,"CAROLINA ST & HWY 99A, VANCOUVER",49.257326,-123.091813,incomplete_2018_2022_observations_no_zero_fill
VANCOUVER,CAROLINA ST,TERMINAL AVE,a70f2ba6-aa34-56a8-838d-b0311f81b0c3,"CAROLINA ST & TERMINAL AVE, VANCOUVER",49.270949,-123.089574,incomplete_2018_2022_observations_no_zero_fill
VANCOUVER,CARRALL ST,DUNSMUIR VIADUCT,a4d8cea8-e03e-5970-890f-04356cdbfa20,"CARRALL ST & DUNSMUIR VIADUCT, VANCOUVER",49.277677,-123.106316,incomplete_2018_2022_observations_no_zero_fill
VANCOUVER,CARRALL ST,KEEFER PL,77b4cfee-c464-57e4-9444-3872aa24aad5,"CARRALL ST & KEEFER PL, VANCOUVER",49.279226,-123.104464,incomplete_2018_2022_observations_no_zero_fill
VANCOUVER,CARRINGTON ST,DEERING ISLAND PL,eb50baae-35cb-5579-9d6f-d092414ac74e,"CARRINGTON ST & DEERING ISLAND PL, VANCOUVER",49.218214,-123.184139,incomplete_2018_2022_observations_no_zero_fill
VANCOUVER,CARRINGTON ST,W 55TH AVE,39fd93a9-356a-5f2f-8e92-bc2e19a07c94,"CARRINGTON ST & W 55TH AVE, VANCOUVER",49.221517,-123.182751,incomplete_2018_2022_observations_no_zero_fill
VANCOUVER,CARTIER PL,W 70TH AVE,133544ad-efdb-593a-ae32-62e0b092e7e1,"CARTIER PL & W 70TH AVE, VANCOUVER",49.208582,-123.137121,incomplete_2018_2022_observations_no_zero_fill
VANCOUVER,CARTIER ST,LAURIER AVE,bdbfd71f-1ae5-58fe-96d7-adebae865e73,"CARTIER ST & LAURIER AVE, VANCOUVER",49.250791,-123.136636,incomplete_2018_2022_observations_no_zero_fill
VANCOUVER,CARTIER ST,NANTON AVE,448e4669-a43f-5f8a-9254-763265f62296,"CARTIER ST & NANTON AVE, VANCOUVER",49.247368,-123.136777,incomplete_2018_2022_observations_no_zero_fill
VANCOUVER,CARTIER ST,PARK DR,497508d3-3ff4-573c-aa78-6ed1d47114e3,"CARTIER ST & PARK DR, VANCOUVER",49.216576,-123.137557,incomplete_2018_2022_observations_no_zero_fill
VANCOUVER,CARTIER ST,W 25TH AVE,450021cc-94fd-5c65-a052-10a5f4420c7b,"CARTIER ST & W 25TH AVE, VANCOUVER",49.249357,-123.136705,incomplete_2018_2022_observations_no_zero_fill
VANCOUVER,CARTIER ST,W 37TH AVE,749e1630-8bde-5835-be38-4f3b1f9e5d84,"CARTIER ST & W 37TH AVE, VANCOUVER",49.237981,-123.137088,incomplete_2018_2022_observations_no_zero_fill
VANCOUVER,CARTIER ST,W 38TH AVE,9cb9f4c5-70ec-5b2d-9ecc-a3191806312b,"CARTIER ST & W 38TH AVE, VANCOUVER",49.237039,-123.137119,incomplete_2018_2022_observations_no_zero_fill
VANCOUVER,CARTIER ST,W 39TH AVE,bc9a24e6-cf99-53cf-b11d-ac3984f3f6f8,"CARTIER ST & W 39TH AVE, VANCOUVER",49.236163,-123.137147,incomplete_2018_2022_observations_no_zero_fill
VANCOUVER,CARTIER ST,W 40TH AVE,ac8aa16f-1a52-52d4-a307-5f2de738fbb7,"CARTIER ST & W 40TH AVE, VANCOUVER",49.235275,-123.137177,incomplete_2018_2022_observations_no_zero_fill
VANCOUVER,CARTIER ST,W 41ST AVE,5d41590c-2801-556b-a77f-da4a7fad68ce,"CARTIER ST & W 41ST AVE, VANCOUVER",49.234282,-123.137993,incomplete_2018_2022_observations_no_zero_fill
VANCOUVER,CARTIER ST,W 43RD AVE,e95d9b5e-978b-504a-9c37-373a1df9b4cf,"CARTIER ST & W 43RD AVE, VANCOUVER",49.232405,-123.138061,incomplete_2018_2022_observations_no_zero_fill
VANCOUVER,CARTIER ST,W 47TH AVE,921fe53a-1000-58d1-8057-3a79cff68cfc,"CARTIER ST & W 47TH AVE, VANCOUVER",49.228699,-123.137401,incomplete_2018_2022_observations_no_zero_fill
VANCOUVER,CARTIER ST,W 48TH AVE,4499ce63-f761-52c1-b3e3-56207c41af88,"CARTIER ST & W 48TH AVE, VANCOUVER",49.227801,-123.137429,incomplete_2018_2022_observations_no_zero_fill
VANCOUVER,CARTIER ST,W 49TH AVE,3952716a-2bbd-57b1-9cc5-6e567e59ad83,"CARTIER ST & W 49TH AVE, VANCOUVER",49.22688,-123.137452,incomplete_2018_2022_observations_no_zero_fill
VANCOUVER,CARTIER ST,W 50TH AVE,ad4c6686-1078-5c13-8b87-781c894c83ef,"CARTIER ST & W 50TH AVE, VANCOUVER",49.225812,-123.137493,incomplete_2018_2022_observations_no_zero_fill
VANCOUVER,CARTIER ST,W 51ST AVE,63d27971-f609-551e-916e-798ed6e51bad,"CARTIER ST & W 51ST AVE, VANCOUVER",49.224937,-123.137526,incomplete_2018_2022_observations_no_zero_fill
VANCOUVER,CARTIER ST,W 53RD AVE,c5780a4d-f380-5c9f-afec-4be1ab60fc48,"CARTIER ST & W 53RD AVE, VANCOUVER",49.222583,-123.137627,incomplete_2018_2022_observations_no_zero_fill
VANCOUVER,CARTIER ST,W 54TH AVE,17f7e219-2da9-5cb4-8b16-80fdb324f45a,"CARTIER ST & W 54TH AVE, VANCOUVER",49.221671,-123.137655,incomplete_2018_2022_observations_no_zero_fill
VANCOUVER,CARTIER ST,W 57TH AVE,f6aea80f-fe01-535f-9c0b-e10b246db49a,"CARTIER ST & W 57TH AVE, VANCOUVER",49.219322,-123.137746,incomplete_2018_2022_observations_no_zero_fill
VANCOUVER,CARTIER ST,W 59TH AVE,0ca31c2b-7d0f-5ec0-8cac-47b4f8c6afa2,"CARTIER ST & W 59TH AVE, VANCOUVER",49.217347,-123.137677,incomplete_2018_2022_observations_no_zero_fill
VANCOUVER,CARTIER ST,W 62ND AVE,9b427df8-b594-5790-841c-24e72310c5a5,"CARTIER ST & W 62ND AVE, VANCOUVER",49.214998,-123.13761,incomplete_2018_2022_observations_no_zero_fill
VANCOUVER,CARTIER ST,W 67TH AVE,b5cf99e7-293e-5273-aebe-e7861dcb0719,"CARTIER ST & W 67TH AVE, VANCOUVER",49.210839,-123.137736,incomplete_2018_2022_observations_no_zero_fill
VANCOUVER,CARTIER ST,W 70TH AVE,ebe282ad-f7ce-5744-a44e-633f0139a572,"CARTIER ST & W 70TH AVE, VANCOUVER",49.208593,-123.13774,incomplete_2018_2022_observations_no_zero_fill
VANCOUVER,CARTIER ST,W 71ST AVE,84868c47-c307-543b-802b-9fc4b2ff65af,"CARTIER ST & W 71ST AVE, VANCOUVER",49.207025,-123.137714,incomplete_2018_2022_observations_no_zero_fill
VANCOUVER,CARTIER ST,W 72ND AVE,50337eaa-9846-547a-9eae-fbb3de4a351e,"CARTIER ST & W 72ND AVE, VANCOUVER",49.205751,-123.137752,incomplete_2018_2022_observations_no_zero_fill
VANCOUVER,CARTIER ST,W 73RD AVE,570bdea9-af81-58ea-9c45-7585eb6097c2,"CARTIER ST & W 73RD AVE, VANCOUVER",49.205045,-123.137775,incomplete_2018_2022_observations_no_zero_fill
VANCOUVER,CARTIER ST,W KING EDWARD AVE,f5074ca9-9fcb-56e2-8f9e-86c419e0fd9f,"CARTIER ST & W KING EDWARD AVE, VANCOUVER",49.249357,-123.136705,incomplete_2018_2022_observations_no_zero_fill
VANCOUVER,CARTWRIGHT ST,DURANLEAU ST,6a925a4d-df65-53a8-ae0d-f65a9363eda9,"CARTWRIGHT ST & DURANLEAU ST, VANCOUVER",49.270629,-123.136053,incomplete_2018_2022_observations_no_zero_fill
VANCOUVER,CARTWRIGHT ST,HWY 99,559183a6-f20f-5ba5-8242-038030106a94,"CARTWRIGHT ST & HWY 99, VANCOUVER",49.270594,-123.136,incomplete_2018_2022_observations_no_zero_fill
VANCOUVER,CASSIAR CONNECTR,CASSIAR TUNNEL,c41da942-50ef-501b-b944-9f7c7231a34d,"CASSIAR CONNECTR & CASSIAR TUNNEL, VANCOUVER",49.281228,-123.031485,incomplete_2018_2022_observations_no_zero_fill
VANCOUVER,CASSIAR CONNECTR,MCGILL ST OFFRAMP,9f4bc825-985d-5cf2-808c-2db53fcbba25,"CASSIAR CONNECTR & MCGILL ST OFFRAMP, VANCOUVER",49.287032,-123.031028,incomplete_2018_2022_observations_no_zero_fill
VANCOUVER,CASSIAR CONNECTR,MCGILL ST ONRAMP,c7ebb3dd-0063-572a-ab00-66649ca6a0f6,"CASSIAR CONNECTR & MCGILL ST ONRAMP, VANCOUVER",49.287088,-123.031371,incomplete_2018_2022_observations_no_zero_fill
VANCOUVER,CASSIAR ST,E 22ND AVE,301cf3ca-ff14-50f7-8816-8073c6cf025c,"CASSIAR ST & E 22ND AVE, VANCOUVER",49.250608,-123.031068,incomplete_2018_2022_observations_no_zero_fill
VANCOUVER,CASSIAR ST,E 24TH AVE,ae334786-10cd-55a3-acc4-2588c1d6ab2f,"CASSIAR ST & E 24TH AVE, VANCOUVER",49.248785,-123.031065,incomplete_2018_2022_observations_no_zero_fill
VANCOUVER,CASSIAR ST,E 25TH AVE,71e813ba-012f-5c32-877e-7b86dfed249c,"CASSIAR ST & E 25TH AVE, VANCOUVER",49.247883,-123.031064,incomplete_2018_2022_observations_no_zero_fill
VANCOUVER,CASSIAR ST,E 26TH AVE,9fb394ee-a1e8-55d5-80f4-ff382b081679,"CASSIAR ST & E 26TH AVE, VANCOUVER",49.247073,-123.031061,incomplete_2018_2022_observations_no_zero_fill
VANCOUVER,CASSIAR ST,E 2ND AVE,91437f26-6087-58b9-adbd-28875f0fc9b6,"CASSIAR ST & E 2ND AVE, VANCOUVER",49.268455,-123.030991,incomplete_2018_2022_observations_no_zero_fill
VANCOUVER,CASSIAR ST,E 3RD AVE,96d53cce-8419-5994-968b-c781c5f50155,"CASSIAR ST & E 3RD AVE, VANCOUVER",49.26755,-123.030991,incomplete_2018_2022_observations_no_zero_fill
VANCOUVER,CASSIAR ST,E 4TH AVE,9c64856e-5f5e-568f-a3b1-b546ae7edeaa,"CASSIAR ST & E 4TH AVE, VANCOUVER",49.266628,-123.030998,incomplete_2018_2022_observations_no_zero_fill
VANCOUVER,CASSIAR ST,E 5TH AVE,dac5dcec-8244-5896-9f16-8e6f9ba50fde,"CASSIAR ST & E 5TH AVE, VANCOUVER",49.265644,-123.031003,incomplete_2018_2022_observations_no_zero_fill
VANCOUVER,CASSIAR ST,E 6TH AVE,10141153-ee76-588a-8912-a5e638bb1254,"CASSIAR ST & E 6TH AVE, VANCOUVER",49.264699,-123.031008,incomplete_2018_2022_observations_no_zero_fill
VANCOUVER,CASSIAR ST,E 8TH AVE,10516b88-31c5-54c3-af62-1836b1458eae,"CASSIAR ST & E 8TH AVE, VANCOUVER",49.262895,-123.03102,incomplete_2018_2022_observations_no_zero_fill
VANCOUVER,CASSIAR ST,E PENDER ST,f773b2b1-2652-5e45-9f49-d138bfcddcc0,"CASSIAR ST & E PENDER ST, VANCOUVER",49.280215,-123.030838,incomplete_2018_2022_observations_no_zero_fill
VANCOUVER,CASSIAR ST,FRANKLIN ST,958e5e3f-7b48-5770-83eb-ed2eb76f56a4,"CASSIAR ST & FRANKLIN ST, VANCOUVER",49.282069,-123.03083,incomplete_2018_2022_observations_no_zero_fill
VANCOUVER,CASSIAR ST,HERMON DR,dbdd498a-ed54-59ee-848f-2716224046a7,"CASSIAR ST & HERMON DR, VANCOUVER",49.26309,-123.031018,incomplete_2018_2022_observations_no_zero_fill
VANCOUVER,CASSIAR ST,LOUGHEED HWY,55e5dcfd-c23f-5f7e-9865-9f84474b262c,"CASSIAR ST & LOUGHEED HWY, VANCOUVER",49.262113,-123.031026,incomplete_2018_2022_observations_no_zero_fill
VANCOUVER,CASSIAR ST,NAPIER ST,bda0b9fb-fd5f-57c4-b392-e859e2c6495d,"CASSIAR ST & NAPIER ST, VANCOUVER",49.274957,-123.030735,incomplete_2018_2022_observations_no_zero_fill
VANCOUVER,CASSIAR ST,TURNER ST,44f41b72-9566-55a9-9d94-ab4d54bcd908,"CASSIAR ST & TURNER ST, VANCOUVER",49.279077,-123.030863,incomplete_2018_2022_observations_no_zero_fill
VANCOUVER,CASSIAR ST,WILLIAM ST,9aea95d3-4202-5779-b910-1ea0c09e0c00,"CASSIAR ST & WILLIAM ST, VANCOUVER",49.274123,-123.030909,incomplete_2018_2022_observations_no_zero_fill
VANCOUVER,CASSIAR TUNNEL,E HASTINGS ST,376eee12-327b-55a7-bc18-ca131fc15535,"CASSIAR TUNNEL & E HASTINGS ST, VANCOUVER",49.281193,-123.031483,incomplete_2018_2022_observations_no_zero_fill
VANCOUVER,CASSIAR TUNNEL,E HASTINGS ST ONRAMP,739b4436-b12c-5f50-91f8-98413790c97d,"CASSIAR TUNNEL & E HASTINGS ST ONRAMP, VANCOUVER",49.281377,-123.031789,incomplete_2018_2022_observations_no_zero_fill
VANCOUVER,CASSIAR TUNNEL,HWY 7A,6c7e8873-e67d-5ac3-b5a1-10f5f3a8dbfd,"CASSIAR TUNNEL & HWY 7A, VANCOUVER",49.281228,-123.031485,incomplete_2018_2022_observations_no_zero_fill
VANCOUVER,CECIL ST,EUCLID AVE,f9b97dd8-88df-5e6c-afaa-b07da4c1ff37,"CECIL ST & EUCLID AVE, VANCOUVER",49.236859,-123.034696,incomplete_2018_2022_observations_no_zero_fill
VANCOUVER,CECIL ST,KINGSWAY,6806f99f-d263-57df-9742-608eac5b187f,"CECIL ST & KINGSWAY, VANCOUVER",49.234623,-123.036889,incomplete_2018_2022_observations_no_zero_fill
VANCOUVER,CEDAR COTTAGE MEWS,E KING EDWARD AVE,de939fc5-7e18-5e03-abc1-8074709965b6,"CEDAR COTTAGE MEWS & E KING EDWARD AVE, VANCOUVER",49.248505,-123.074945,incomplete_2018_2022_observations_no_zero_fill
VANCOUVER,CEDAR COTTAGE MEWS,KNIGHT ST,d3e44464-6522-53e1-9b36-3eb3d1ec0c3d,"CEDAR COTTAGE MEWS & KNIGHT ST, VANCOUVER",49.249263,-123.076025,incomplete_2018_2022_observations_no_zero_fill
VANCOUVER,CEDAR CRES,PINE ST,fcc3f3d6-d5fc-5d79-a86d-fdb2c9a9d841,"CEDAR CRES & PINE ST, VANCOUVER",49.256184,-123.143679,incomplete_2018_2022_observations_no_zero_fill
VANCOUVER,CEDAR CRES,W 17TH AVE,606b24df-ec42-578e-8eac-96bf77aa6cda,"CEDAR CRES & W 17TH AVE, VANCOUVER",49.256226,-123.146007,incomplete_2018_2022_observations_no_zero_fill
VANCOUVER,CEDARHURST ST,SW MARINE DR,d2e0f85a-b54a-5162-bb9d-0131794985ae,"CEDARHURST ST & SW MARINE DR, VANCOUVER",49.227367,-123.171556,incomplete_2018_2022_observations_no_zero_fill
VANCOUVER,CELISTA DR,MATHESON CRES,dcd58776-3eb2-5011-874e-334f62d8a3d8,"CELISTA DR & MATHESON CRES, VANCOUVER",49.21887,-123.026633,incomplete_2018_2022_observations_no_zero_fill
VANCOUVER,CENTENNIAL RD,HEATLEY AVE,03baa00f-cd86-5e2f-bd3e-580281e4ccfe,"CENTENNIAL RD & HEATLEY AVE, VANCOUVER",49.285052,-123.08949,incomplete_2018_2022_observations_no_zero_fill
VANCOUVER,CENTENNIAL RD,ROGERS ST,a6607bc3-222d-56b6-9927-19c647b8026f,"CENTENNIAL RD & ROGERS ST, VANCOUVER",49.283348,-123.079981,incomplete_2018_2022_observations_no_zero_fill
VANCOUVER,CENTENNIAL RD,STEWART ST,26418ef6-a9c7-5cde-bd98-45f45aa36c80,"CENTENNIAL RD & STEWART ST, VANCOUVER",49.283348,-123.079981,incomplete_2018_2022_observations_no_zero_fill
VANCOUVER,CENTRAL ST,MAIN ST,b8a94071-cb7c-52e3-9300-15f4f6831c40,"CENTRAL ST & MAIN ST, VANCOUVER",49.271594,-123.100337,incomplete_2018_2022_observations_no_zero_fill
VANCOUVER,CENTRAL ST,QUEBEC ST,fecdcd32-bf02-597d-9be1-3e6ff52eb805,"CENTRAL ST & QUEBEC ST, VANCOUVER",49.271882,-123.101817,incomplete_2018_2022_observations_no_zero_fill
VANCOUVER,CENTRAL ST,STATION ST,f2a28b95-f688-551f-bf2c-5d20cef19eeb,"CENTRAL ST & STATION ST, VANCOUVER",49.271029,-123.098065,incomplete_2018_2022_observations_no_zero_fill
VANCOUVER,CHAMBERS ST,E 34TH AVE,ffe2801d-f1f7-5c3a-b646-a0fcff3c513f,"CHAMBERS ST & E 34TH AVE, VANCOUVER",49.238882,-123.053005,incomplete_2018_2022_observations_no_zero_fill
VANCOUVER,CHAMBERS ST,E 37TH AVE,4771deaf-1a6f-547e-85f1-fe8c4972e621,"CHAMBERS ST & E 37TH AVE, VANCOUVER",49.237387,-123.053008,incomplete_2018_2022_observations_no_zero_fill
VANCOUVER,CHAMPLAIN CRES,E 54TH AVE,67e7d4a0-3df2-5cbb-9f4e-65ab8d80daab,"CHAMPLAIN CRES & E 54TH AVE, VANCOUVER",49.220122,-123.03239,incomplete_2018_2022_observations_no_zero_fill
VANCOUVER,CHAMPLAIN CRES,FLAGSTAFF PL,7917d1d2-2f3b-53a3-9fd0-41b98be543fa,"CHAMPLAIN CRES & FLAGSTAFF PL, VANCOUVER",49.211315,-123.029312,incomplete_2018_2022_observations_no_zero_fill
VANCOUVER,CHAMPLAIN CRES,LANGFORD AVE,1859ce0a-1e2d-537c-9faa-d459c0e7a998,"CHAMPLAIN CRES & LANGFORD AVE, VANCOUVER",49.215019,-123.029988,incomplete_2018_2022_observations_no_zero_fill
VANCOUVER,CHAMPLAIN CRES,LAVAL PL,ff877b6e-a432-5c4a-8dfb-47988887a822,"CHAMPLAIN CRES & LAVAL PL, VANCOUVER",49.211471,-123.029444,incomplete_2018_2022_observations_no_zero_fill
VANCOUVER,CHAMPLAIN CRES,MAQUINNA DR,24ec7e18-df6d-506f-9819-e8602b09a5a8,"CHAMPLAIN CRES & MAQUINNA DR, VANCOUVER",49.215644,-123.030279,incomplete_2018_2022_observations_no_zero_fill
VANCOUVER,CHAMPLAIN CRES,MARQUETTE CRES,b02df5a3-b8d6-5de0-a09b-3d5740c9faf9,"CHAMPLAIN CRES & MARQUETTE CRES, VANCOUVER",49.212726,-123.029713,incomplete_2018_2022_observations_no_zero_fill
VANCOUVER,CHAMPLAIN CRES,MATHESON CRES,f9f9a9a8-b996-5375-8e23-48c766f5815f,"CHAMPLAIN CRES & MATHESON CRES, VANCOUVER",49.210558,-123.027277,incomplete_2018_2022_observations_no_zero_fill
VANCOUVER,CHAMPLAIN CRES,RIEL PL,08dd3aba-370a-54c0-bec8-04ccd0c84b92,"CHAMPLAIN CRES & RIEL PL, VANCOUVER",49.210905,-123.028579,incomplete_2018_2022_observations_no_zero_fill
VANCOUVER,CHAMPLAIN CRES,SWANSACRE,c6c14fc1-59e4-59f9-aa4f-539e88bcd016,"CHAMPLAIN CRES & SWANSACRE, VANCOUVER",49.212177,-123.029726,incomplete_2018_2022_observations_no_zero_fill
VANCOUVER,CHAMPLAIN CRES,TOLBOOTH,407bd08b-044a-50d3-85ef-8d643608527a,"CHAMPLAIN CRES & TOLBOOTH, VANCOUVER",49.212726,-123.029713,incomplete_2018_2022_observations_no_zero_fill
VANCOUVER,CHAMPLAIN CRES,TYNE ST,22162adf-5ffa-576d-aae4-62e55b7d21e6,"CHAMPLAIN CRES & TYNE ST, VANCOUVER",49.220122,-123.03239,incomplete_2018_2022_observations_no_zero_fill
VANCOUVER,CHAMPLAIN MALL,KERR ST,db14781a-a734-53da-9ece-2628b7a31bb9,"CHAMPLAIN MALL & KERR ST, VANCOUVER",49.219127,-123.041357,incomplete_2018_2022_observations_no_zero_fill
VANCOUVER,CHANDLERY PL,E KENT AVE N,4bb5d5c0-b0b5-53c6-978c-e86e9724c04e,"CHANDLERY PL & E KENT AVE N, VANCOUVER",49.206248,-123.050445,incomplete_2018_2022_observations_no_zero_fill
VANCOUVER,CHARLES ST,COTTON DR,f8726e28-2aa4-5534-b6b5-311a9f05fa88,"CHARLES ST & COTTON DR, VANCOUVER",49.273078,-123.071517,incomplete_2018_2022_observations_no_zero_fill
VANCOUVER,CHARLES ST,GARDEN DR,c801c470-021e-58c9-ace2-3232b137bb03,"CHARLES ST & GARDEN DR, VANCOUVER",49.272951,-123.057968,incomplete_2018_2022_observations_no_zero_fill
VANCOUVER,CHARLES ST,KAMLOOPS ST,8ab2fea6-5ede-5817-9e4b-5eb8cc5ce0bf,"CHARLES ST & KAMLOOPS ST, VANCOUVER",49.273275,-123.054684,incomplete_2018_2022_observations_no_zero_fill
VANCOUVER,CHARLES ST,KASLO ST,6e9f0bb3-23a8-5f14-a10b-7df9fde8ac8a,"CHARLES ST & KASLO ST, VANCOUVER",49.273264,-123.04686,incomplete_2018_2022_observations_no_zero_fill
VANCOUVER,CHARLES ST,KELOWNA ST,9f65a8f6-5b71-51e2-81d1-4060517e7c01,"CHARLES ST & KELOWNA ST, VANCOUVER",49.273256,-123.042744,incomplete_2018_2022_observations_no_zero_fill
VANCOUVER,CHARLES ST,LEROI ST,9aeccf31-7f2d-574d-af71-7b7a1d346067,"CHARLES ST & LEROI ST, VANCOUVER",49.273252,-123.040161,incomplete_2018_2022_observations_no_zero_fill
VANCOUVER,CHARLES ST,LILLOOET ST,a063a664-691f-5350-8b11-6bd892fb4a8b,"CHARLES ST & LILLOOET ST, VANCOUVER",49.273249,-123.038912,incomplete_2018_2022_observations_no_zero_fill
VANCOUVER,CHARLES ST,MCLEAN DR,55ea3549-6451-5fe6-88df-53238defbf3c,"CHARLES ST & MCLEAN DR, VANCOUVER",49.27307,-123.074477,incomplete_2018_2022_observations_no_zero_fill
VANCOUVER,CHARLES ST,NOOTKA ST,d932a718-aab7-5508-a5d7-0555b713c38b,"CHARLES ST & NOOTKA ST, VANCOUVER",49.273254,-123.041429,incomplete_2018_2022_observations_no_zero_fill
VANCOUVER,CHARLES ST,ODLUM DR,f247e1e4-32c2-59a4-9b56-090eb70b5ff6,"CHARLES ST & ODLUM DR, VANCOUVER",49.2731,-123.075933,incomplete_2018_2022_observations_no_zero_fill
VANCOUVER,CHARLES ST,PENTICTON ST,5e42c2b4-8434-59ab-918c-c2971e6ca68f,"CHARLES ST & PENTICTON ST, VANCOUVER",49.273274,-123.05204,incomplete_2018_2022_observations_no_zero_fill
VANCOUVER,CHARLES ST,ROSSLAND ST,2528b9f2-0654-5e26-8f9c-28f837d9eb9f,"CHARLES ST & ROSSLAND ST, VANCOUVER",49.273257,-123.045576,incomplete_2018_2022_observations_no_zero_fill
VANCOUVER,CHARLES ST,RUPERT ST,0460e1f5-baf4-52d9-b560-61fd49457dfa,"CHARLES ST & RUPERT ST, VANCOUVER",49.273239,-123.033635,incomplete_2018_2022_observations_no_zero_fill
VANCOUVER,CHARLES ST,SALSBURY DR,bfa884a1-d85f-52db-967e-3f6d4e29f1c6,"CHARLES ST & SALSBURY DR, VANCOUVER",49.273027,-123.067623,incomplete_2018_2022_observations_no_zero_fill
VANCOUVER,CHARLES ST,SLOCAN ST,4098790f-9f55-5fe5-b4ad-267939ff143b,"CHARLES ST & SLOCAN ST, VANCOUVER",49.273269,-123.049398,incomplete_2018_2022_observations_no_zero_fill
VANCOUVER,CHARLES ST,TEMPLETON DR,83476436-5d3f-5fd7-8611-c7dcef5a340a,"CHARLES ST & TEMPLETON DR, VANCOUVER",49.272948,-123.059896,incomplete_2018_2022_observations_no_zero_fill
VANCOUVER,CHARLES ST,VERNON DR,41b033e2-ce11-5c1b-b3a0-f44ec43af03a,"CHARLES ST & VERNON DR, VANCOUVER",49.27316,-123.078683,incomplete_2018_2022_observations_no_zero_fill
VANCOUVER,CHARLES ST,VICTORIA DR,ecbc7eaa-fe12-5f0b-b765-f5d73951fb52,"CHARLES ST & VICTORIA DR, VANCOUVER",49.273012,-123.065693,incomplete_2018_2022_observations_no_zero_fill
VANCOUVER,CHARLES ST,WINDERMERE ST,2d071276-aff9-588f-bca7-9880f8838ded,"CHARLES ST & WINDERMERE ST, VANCOUVER",49.273244,-123.03638,incomplete_2018_2022_observations_no_zero_fill
VANCOUVER,CHARLES ST,WOODLAND DR,0339076a-9bf7-5554-956b-f7aa5b231063,"CHARLES ST & WOODLAND DR, VANCOUVER",49.273046,-123.073434,incomplete_2018_2022_observations_no_zero_fill
VANCOUVER,CHARLESON,MOBERLY RD,1ee80e1f-1d4f-516c-9a2a-ecfbbb841d57,"CHARLESON & MOBERLY RD, VANCOUVER",49.266251,-123.120538,incomplete_2018_2022_observations_no_zero_fill
VANCOUVER,CHATHAM ST,EUCLID AVE,0b49422c-52f0-5b2a-ba2c-c9ecac2b706c,"CHATHAM ST & EUCLID AVE, VANCOUVER",49.239242,-123.040583,incomplete_2018_2022_observations_no_zero_fill
VANCOUVER,CHATHAM ST,HORLEY ST,45385688-56e7-539a-889f-7d35d0c959f2,"CHATHAM ST & HORLEY ST, VANCOUVER",49.237795,-123.041977,incomplete_2018_2022_observations_no_zero_fill
VANCOUVER,CHATHAM ST,VANNESS AVE,0cff9c60-9a8a-5ff0-99ff-e98dc2db4626,"CHATHAM ST & VANNESS AVE, VANCOUVER",49.241115,-123.038778,incomplete_2018_2022_observations_no_zero_fill
VANCOUVER,CHERRY ST,JOYCE ST,3d3a4485-0ec3-5d07-92c5-b8e526b2fe94,"CHERRY ST & JOYCE ST, VANCOUVER",49.235433,-123.03459,incomplete_2018_2022_observations_no_zero_fill
VANCOUVER,CHERRY ST,STAMFORD ST,b2b7a1d7-8138-594a-b66e-b9124bdff060,"CHERRY ST & STAMFORD ST, VANCOUVER",49.233963,-123.030955,incomplete_2018_2022_observations_no_zero_fill
VANCOUVER,CHESS ST,MALKIN AVE,0d3ff8b6-60d4-522d-8744-74a6ee1cf16f,"CHESS ST & MALKIN AVE, VANCOUVER",49.274182,-123.086071,incomplete_2018_2022_observations_no_zero_fill
VANCOUVER,CHESS ST,NATIONAL AVE,2d225c2e-3df1-5093-9073-baf79b5b3aba,"CHESS ST & NATIONAL AVE, VANCOUVER",49.272584,-123.086744,incomplete_2018_2022_observations_no_zero_fill
VANCOUVER,CHESTER ST,E 33RD AVE,4d56bfd3-4e82-5161-877d-e8f9f74d9a59,"CHESTER ST & E 33RD AVE, VANCOUVER",49.240279,-123.089144,incomplete_2018_2022_observations_no_zero_fill
VANCOUVER,CHESTER ST,E 35TH AVE,db0108a5-08e0-549f-9ae1-f6bfefe9e3a5,"CHESTER ST & E 35TH AVE, VANCOUVER",49.238312,-123.089192,incomplete_2018_2022_observations_no_zero_fill
VANCOUVER,CHESTER ST,E 37TH AVE,29ec61ed-d92b-53f2-b9c5-475efcb629b5,"CHESTER ST & E 37TH AVE, VANCOUVER",49.236535,-123.089241,incomplete_2018_2022_observations_no_zero_fill
VANCOUVER,CHESTER ST,E 39TH AVE,ec966732-302e-5247-a553-dc36deed7335,"CHESTER ST & E 39TH AVE, VANCOUVER",49.234751,-123.089232,incomplete_2018_2022_observations_no_zero_fill
VANCOUVER,CHESTER ST,E 41ST AVE,05514a06-5dbf-568e-838c-e97829902825,"CHESTER ST & E 41ST AVE, VANCOUVER",49.232891,-123.089294,incomplete_2018_2022_observations_no_zero_fill
VANCOUVER,CHESTER ST,E 43RD AVE,a05f20a9-4d26-5872-879f-f4e1679b0774,"CHESTER ST & E 43RD AVE, VANCOUVER",49.230981,-123.089228,incomplete_2018_2022_observations_no_zero_fill
VANCOUVER,CHESTER ST,E 47TH AVE,dcf89799-9acb-575f-a33c-a6eef970f339,"CHESTER ST & E 47TH AVE, VANCOUVER",49.227359,-123.089346,incomplete_2018_2022_observations_no_zero_fill
VANCOUVER,CHESTER ST,E 63RD AVE,eb6276ff-2812-5e66-b467-2f44820cdf75,"CHESTER ST & E 63RD AVE, VANCOUVER",49.212982,-123.089526,incomplete_2018_2022_observations_no_zero_fill
VANCOUVER,CHESTER ST,E KENT AVE N,801e593b-2961-54ee-b142-2d85dd2d9bf3,"CHESTER ST & E KENT AVE N, VANCOUVER",49.208346,-123.089265,incomplete_2018_2022_observations_no_zero_fill
VANCOUVER,CHESTNUT ST,CORNWALL AVE,c8df1a8e-9a90-5422-b0ca-dbd7d1f82a53,"CHESTNUT ST & CORNWALL AVE, VANCOUVER",49.272444,-123.14634,incomplete_2018_2022_observations_no_zero_fill
VANCOUVER,CHESTNUT ST,CORNWALL AVE OFFRAMP,4c035484-6583-5022-ab69-35160e3a176f,"CHESTNUT ST & CORNWALL AVE OFFRAMP, VANCOUVER",49.272406,-123.145229,incomplete_2018_2022_observations_no_zero_fill
VANCOUVER,CHESTNUT ST,CREELMAN AVE,6cc8b3ea-94da-5f67-b749-80983140f2e6,"CHESTNUT ST & CREELMAN AVE, VANCOUVER",49.274426,-123.146255,incomplete_2018_2022_observations_no_zero_fill
VANCOUVER,CHESTNUT ST,GREER AVE,d998144a-ad6c-5b2b-80e4-2d29ba3cfc3b,"CHESTNUT ST & GREER AVE, VANCOUVER",49.273554,-123.146322,incomplete_2018_2022_observations_no_zero_fill
VANCOUVER,CHESTNUT ST,MCNICOLL AVE,de6bb11f-1afb-57ac-b19d-a1ac9908d333,"CHESTNUT ST & MCNICOLL AVE, VANCOUVER",49.276086,-123.146192,incomplete_2018_2022_observations_no_zero_fill
VANCOUVER,CHESTNUT ST,OGDEN AVE,e8b26665-8027-5426-80a5-887281cfdf5e,"CHESTNUT ST & OGDEN AVE, VANCOUVER",49.276777,-123.146165,incomplete_2018_2022_observations_no_zero_fill
VANCOUVER,CHESTNUT ST,W 1ST AVE,bf1d5ec7-643d-58f8-9e8b-a5bad04f0354,"CHESTNUT ST & W 1ST AVE, VANCOUVER",49.270681,-123.146403,incomplete_2018_2022_observations_no_zero_fill
VANCOUVER,CHESTNUT ST,YORK AVE,90e5fe01-7209-5f10-9289-340230bf4339,"CHESTNUT ST & YORK AVE, VANCOUVER",49.27155,-123.146401,incomplete_2018_2022_observations_no_zero_fill
VANCOUVER,CHEYENNE AVE,DUCHESS ST,b6bab389-28b6-590c-bded-f6dea7e554b2,"CHEYENNE AVE & DUCHESS ST, VANCOUVER",49.241808,-123.049588,incomplete_2018_2022_observations_no_zero_fill
VANCOUVER,CHEYENNE AVE,EARLES ST,bdbf5552-0126-55c7-b00c-6a7b7f6182a8,"CHEYENNE AVE & EARLES ST, VANCOUVER",49.240409,-123.046128,incomplete_2018_2022_observations_no_zero_fill
VANCOUVER,CHICKADEE PL,MATHESON CRES,e410f697-9036-55f3-b3da-8018faa6dc67,"CHICKADEE PL & MATHESON CRES, VANCOUVER",49.212686,-123.025083,incomplete_2018_2022_observations_no_zero_fill
VANCOUVER,CHILCO ST,COMOX ST,c84ded4f-fd45-527c-bb35-ec1dc18e97a4,"CHILCO ST & COMOX ST, VANCOUVER",49.29056,-123.142627,incomplete_2018_2022_observations_no_zero_fill
VANCOUVER,CHILCO ST,HARO ST,4b5b742d-0228-5d38-b9b6-3f4632a6f8a6,"CHILCO ST & HARO ST, VANCOUVER",49.292672,-123.139443,incomplete_2018_2022_observations_no_zero_fill
VANCOUVER,CHILCO ST,HENSHAW LANE,9ab7b071-0e5c-562b-a00d-949bd8c9f189,"CHILCO ST & HENSHAW LANE, VANCOUVER",49.290929,-123.142077,incomplete_2018_2022_observations_no_zero_fill
VANCOUVER,CHILCO ST,JEPSON-YOUNG LANE,2a70b7d2-18b3-511d-b695-30a7dd3520bd,"CHILCO ST & JEPSON-YOUNG LANE, VANCOUVER",49.290236,-123.143111,incomplete_2018_2022_observations_no_zero_fill
VANCOUVER,CHILCO ST,LAGOON DR,dc20a8ff-2b11-5dc6-8fab-6bdf5c490ae8,"CHILCO ST & LAGOON DR, VANCOUVER",49.293406,-123.138362,incomplete_2018_2022_observations_no_zero_fill
VANCOUVER,CHILCO ST,NELSON ST,904f1f2d-337a-5150-b9be-5762e3e2c738,"CHILCO ST & NELSON ST, VANCOUVER",49.291271,-123.141568,incomplete_2018_2022_observations_no_zero_fill
VANCOUVER,CHILCO ST,PENDRELL ST,5290249b-843b-5018-ae8e-c262a1618dc2,"CHILCO ST & PENDRELL ST, VANCOUVER",49.289862,-123.143669,incomplete_2018_2022_observations_no_zero_fill
VANCOUVER,CHILCO ST,ROBSON ST,3d09b635-a948-55d3-b30e-46285f188b39,"CHILCO ST & ROBSON ST, VANCOUVER",49.293406,-123.138362,incomplete_2018_2022_observations_no_zero_fill
VANCOUVER,CHILCO ST,ROSEMARY BROWN LANE,5d209add-ace3-5bd9-8267-73766718232f,"CHILCO ST & ROSEMARY BROWN LANE, VANCOUVER",49.293036,-123.138907,incomplete_2018_2022_observations_no_zero_fill
VANCOUVER,CHILCO ST,STOVOLD LANE,95bea204-f083-50a0-88c1-c29252060c8f,"CHILCO ST & STOVOLD LANE, VANCOUVER",49.292318,-123.139983,incomplete_2018_2022_observations_no_zero_fill
VANCOUVER,CHILCO ST,TED NORTHE LANE,43440652-3c6c-5061-aa2b-5c9ea57b2cd4,"CHILCO ST & TED NORTHE LANE, VANCOUVER",49.291641,-123.14101,incomplete_2018_2022_observations_no_zero_fill
VANCOUVER,CHURCHILL ST,CONNAUGHT DR,8d51f948-30f4-59be-8959-f6a3f6276378,"CHURCHILL ST & CONNAUGHT DR, VANCOUVER",49.236841,-123.140694,incomplete_2018_2022_observations_no_zero_fill
VANCOUVER,CHURCHILL ST,W 43RD AVE,9786d64b-fdd5-5303-9f1d-b16793c863ec,"CHURCHILL ST & W 43RD AVE, VANCOUVER",49.232493,-123.141484,incomplete_2018_2022_observations_no_zero_fill
VANCOUVER,CHURCHILL ST,W 45TH AVE,9cb04bf1-6062-5844-91f2-8ae99af87e36,"CHURCHILL ST & W 45TH AVE, VANCOUVER",49.230648,-123.141535,incomplete_2018_2022_observations_no_zero_fill
VANCOUVER,CHURCHILL ST,W 47TH AVE,9e108cf4-e0c8-5ad4-ba96-7fd5f87151bb,"CHURCHILL ST & W 47TH AVE, VANCOUVER",49.228795,-123.141574,incomplete_2018_2022_observations_no_zero_fill
VANCOUVER,CHURCHILL ST,W 49TH AVE,96bfb43d-0c12-5844-bb52-535a265cdb36,"CHURCHILL ST & W 49TH AVE, VANCOUVER",49.227001,-123.141634,incomplete_2018_2022_observations_no_zero_fill
VANCOUVER,CHURCHILL ST,W 52ND AVE,eb10a7fc-c875-5bd8-b3a0-2b99cca2dabc,"CHURCHILL ST & W 52ND AVE, VANCOUVER",49.224113,-123.141757,incomplete_2018_2022_observations_no_zero_fill
VANCOUVER,CHURCHILL ST,W 54TH AVE,2a8cebda-6ba5-535c-97f1-452ce9b922c0,"CHURCHILL ST & W 54TH AVE, VANCOUVER",49.221725,-123.141838,incomplete_2018_2022_observations_no_zero_fill
VANCOUVER,CITADEL PARADE,DUNSMUIR VIADUCT,ae070dcf-fca1-5953-9356-b60a905ffde0,"CITADEL PARADE & DUNSMUIR VIADUCT, VANCOUVER",49.279462,-123.11004,incomplete_2018_2022_observations_no_zero_fill
VANCOUVER,CITADEL PARADE,GEORGIA VIADUCT,ee217c60-9a44-5d7b-a463-32cc6e0a2eda,"CITADEL PARADE & GEORGIA VIADUCT, VANCOUVER",49.278416,-123.111703,incomplete_2018_2022_observations_no_zero_fill
VANCOUVER,CITADEL PARADE,REGIMENT SQ,7aa13708-1cf6-5e68-a95e-a5913b02db31,"CITADEL PARADE & REGIMENT SQ, VANCOUVER",49.278958,-123.11084,incomplete_2018_2022_observations_no_zero_fill
VANCOUVER,CITY EDGE PL,SE MARINE DR,e61df7fd-f6a4-566c-896e-cf5b2b86fd6f,"CITY EDGE PL & SE MARINE DR, VANCOUVER",49.207969,-123.0261,incomplete_2018_2022_observations_no_zero_fill
VANCOUVER,CLARENDON ST,E 29TH AVE,0a506a92-9360-5a9f-aefd-bb0d23db9e77,"CLARENDON ST & E 29TH AVE, VANCOUVER",49.244619,-123.052614,incomplete_2018_2022_observations_no_zero_fill
VANCOUVER,CLARENDON ST,E 39TH AVE,3cdef1c1-bdba-5967-9b5d-7bf6c3f99605,"CLARENDON ST & E 39TH AVE, VANCOUVER",49.234871,-123.055511,incomplete_2018_2022_observations_no_zero_fill
VANCOUVER,CLARENDON ST,E 40TH AVE,0d1c5e88-0c15-55c7-907a-05eb4495ee23,"CLARENDON ST & E 40TH AVE, VANCOUVER",49.233859,-123.055528,incomplete_2018_2022_observations_no_zero_fill
VANCOUVER,CLARENDON ST,E 42ND AVE,c01cd7a5-76db-524e-bbec-b0aaada6f54c,"CLARENDON ST & E 42ND AVE, VANCOUVER",49.231787,-123.05522,incomplete_2018_2022_observations_no_zero_fill
VANCOUVER,CLARENDON ST,E 43RD AVE,8320cbb8-d1ba-5364-8564-aa76a454b88f,"CLARENDON ST & E 43RD AVE, VANCOUVER",49.230867,-123.055203,incomplete_2018_2022_observations_no_zero_fill
VANCOUVER,CLARENDON ST,E 48TH AVE,24c317fd-230a-5707-b7f7-4f9c40f4d43c,"CLARENDON ST & E 48TH AVE, VANCOUVER",49.225748,-123.056083,incomplete_2018_2022_observations_no_zero_fill
VANCOUVER,CLARENDON ST,E 54TH AVE,88d95cba-95a2-534a-88a1-bb4e813bdce7,"CLARENDON ST & E 54TH AVE, VANCOUVER",49.220189,-123.056439,incomplete_2018_2022_observations_no_zero_fill
VANCOUVER,CLARENDON ST,GALT ST,8b2e833e-ca30-5678-ac3b-e57f49fed9d5,"CLARENDON ST & GALT ST, VANCOUVER",49.241166,-123.05453,incomplete_2018_2022_observations_no_zero_fill
VANCOUVER,CLARENDON ST,WAVERLEY AVE,0a48aaf4-a49e-533a-96b1-58a3c7c158da,"CLARENDON ST & WAVERLEY AVE, VANCOUVER",49.226867,-123.056019,incomplete_2018_2022_observations_no_zero_fill
VANCOUVER,CLARK DR,E 13TH AVE,5a567e0b-61cb-59a9-b187-87b9a4b17613,"CLARK DR & E 13TH AVE, VANCOUVER",49.258737,-123.077586,incomplete_2018_2022_observations_no_zero_fill
VANCOUVER,CLARK DR,E 14TH AVE,53baa1e7-6037-5569-9680-e22ca8165513,"CLARK DR & E 14TH AVE, VANCOUVER",49.25782,-123.077118,incomplete_2018_2022_observations_no_zero_fill
VANCOUVER,CLARK DR,E 15TH AVE,bacb3666-d5fc-526c-bc95-f5671cfcc2ef,"CLARK DR & E 15TH AVE, VANCOUVER",49.256691,-123.077721,incomplete_2018_2022_observations_no_zero_fill
VANCOUVER,CLARK DR,E 16TH AVE,acedbe6c-cded-5071-8551-441c49bfcc6b,"CLARK DR & E 16TH AVE, VANCOUVER",49.256248,-123.077839,incomplete_2018_2022_observations_no_zero_fill
VANCOUVER,CLARK DR,E 17TH AVE,5317e270-0036-59df-b56a-63631032e707,"CLARK DR & E 17TH AVE, VANCOUVER",49.255337,-123.077868,incomplete_2018_2022_observations_no_zero_fill
VANCOUVER,CLARK DR,E 18TH AVE,c86d4a22-0206-5633-a6ee-a6bb2452b3df,"CLARK DR & E 18TH AVE, VANCOUVER",49.254433,-123.077898,incomplete_2018_2022_observations_no_zero_fill
VANCOUVER,CLARK DR,E 19TH AVE,fb3aba51-673e-5232-b237-939f5b525ff3,"CLARK DR & E 19TH AVE, VANCOUVER",49.253524,-123.077932,incomplete_2018_2022_observations_no_zero_fill
VANCOUVER,CLARK DR,E 21ST AVE,cdd21492-36d2-53ed-a6f0-66d08b9de497,"CLARK DR & E 21ST AVE, VANCOUVER",49.251711,-123.077991,incomplete_2018_2022_observations_no_zero_fill
VANCOUVER,CLARK DR,E 22ND AVE,a93ece26-a0ed-55b2-b768-7b9e021903b7,"CLARK DR & E 22ND AVE, VANCOUVER",49.250837,-123.078022,incomplete_2018_2022_observations_no_zero_fill
VANCOUVER,CLARK DR,E 23RD AVE,5809af39-8edf-5df4-a0fd-a11ce6cb393c,"CLARK DR & E 23RD AVE, VANCOUVER",49.249926,-123.078044,incomplete_2018_2022_observations_no_zero_fill
VANCOUVER,CLARK DR,E 24TH AVE,f6908704-3893-58a6-91a9-24c6f5c2ee4e,"CLARK DR & E 24TH AVE, VANCOUVER",49.249015,-123.078074,incomplete_2018_2022_observations_no_zero_fill
VANCOUVER,CLARK DR,E 25TH AVE,f5e070a7-3587-5eee-a1c8-bb4b2048a8ac,"CLARK DR & E 25TH AVE, VANCOUVER",49.248534,-123.078088,incomplete_2018_2022_observations_no_zero_fill
VANCOUVER,CLARK DR,E KING EDWARD AVE,4da74c00-f448-5528-8520-197d4eaa5627,"CLARK DR & E KING EDWARD AVE, VANCOUVER",49.248534,-123.078088,incomplete_2018_2022_observations_no_zero_fill
VANCOUVER,CLARK DR,GRANDVIEW VIADUCT,7ab7edc1-5633-5fa6-a0f8-e7611aa0fa69,"CLARK DR & GRANDVIEW VIADUCT, VANCOUVER",49.269649,-123.077365,incomplete_2018_2022_observations_no_zero_fill
VANCOUVER,CLARK DR,KNIGHT ST,2b77ace7-ba61-5bfb-b15d-b2034d2db9cb,"CLARK DR & KNIGHT ST, VANCOUVER",49.25782,-123.077118,incomplete_2018_2022_observations_no_zero_fill
VANCOUVER,CLIVE AVE,MCHARDY ST,bba565ec-e695-577e-b085-0ca02c7d98ed,"CLIVE AVE & MCHARDY ST, VANCOUVER",49.239003,-123.035103,incomplete_2018_2022_observations_no_zero_fill
VANCOUVER,COAL HARBOUR QUAY,NICOLA ST,094b7390-aeeb-5358-b51b-a1575aea52bd,"COAL HARBOUR QUAY & NICOLA ST, VANCOUVER",49.2911,-123.127533,incomplete_2018_2022_observations_no_zero_fill
VANCOUVER,COLLEGE ST,E 41ST AVE,101e60cf-830d-5fe1-bc49-7af9218b1dfb,"COLLEGE ST & E 41ST AVE, VANCOUVER",49.232947,-123.044505,incomplete_2018_2022_observations_no_zero_fill
VANCOUVER,COLLEGE ST,SCHOOL AVE,98e26527-5d9e-5058-a366-5aa1d19fa0c8,"COLLEGE ST & SCHOOL AVE, VANCOUVER",49.236056,-123.044366,incomplete_2018_2022_observations_no_zero_fill
VANCOUVER,COLLINGWOOD PL,COLLINGWOOD ST,fb3cb6d0-9c43-59a4-86df-9caf516c7b82,"COLLINGWOOD PL & COLLINGWOOD ST, VANCOUVER",49.231684,-123.182065,incomplete_2018_2022_observations_no_zero_fill
VANCOUVER,COLLINGWOOD ST,POINT GREY RD,d8de884c-5cf1-5e99-ab95-20785c619ad5,"COLLINGWOOD ST & POINT GREY RD, VANCOUVER",49.271966,-123.181598,incomplete_2018_2022_observations_no_zero_fill
VANCOUVER,COLLINGWOOD ST,SW MARINE DR,b4fb0c38-1c21-5c7b-98fc-1f3d7a1ebf64,"COLLINGWOOD ST & SW MARINE DR, VANCOUVER",49.230144,-123.182012,incomplete_2018_2022_observations_no_zero_fill
VANCOUVER,COLLINGWOOD ST,W 10TH AVE,777efd2d-3aea-50e8-9276-77924371ddd5,"COLLINGWOOD ST & W 10TH AVE, VANCOUVER",49.26342,-123.181884,incomplete_2018_2022_observations_no_zero_fill
VANCOUVER,COLLINGWOOD ST,W 11TH AVE,d3f496af-d304-5825-82a8-dc62069aa07e,"COLLINGWOOD ST & W 11TH AVE, VANCOUVER",49.262487,-123.181916,incomplete_2018_2022_observations_no_zero_fill
VANCOUVER,COLLINGWOOD ST,W 12TH AVE,ee022058-17f5-5fdc-97a4-79c7af809e30,"COLLINGWOOD ST & W 12TH AVE, VANCOUVER",49.261615,-123.181958,incomplete_2018_2022_observations_no_zero_fill
VANCOUVER,COLLINGWOOD ST,W 13TH AVE,d550fd04-3330-598b-8784-90e3302a6cf6,"COLLINGWOOD ST & W 13TH AVE, VANCOUVER",49.260699,-123.181976,incomplete_2018_2022_observations_no_zero_fill
VANCOUVER,COLLINGWOOD ST,W 15TH AVE,743d95d6-b652-536f-9e20-7e6405911d4c,"COLLINGWOOD ST & W 15TH AVE, VANCOUVER",49.258869,-123.182037,incomplete_2018_2022_observations_no_zero_fill
VANCOUVER,COLLINGWOOD ST,W 16TH AVE,920d778e-403e-5e0e-ae29-d06f5bbb3954,"COLLINGWOOD ST & W 16TH AVE, VANCOUVER",49.257963,-123.18207,incomplete_2018_2022_observations_no_zero_fill
VANCOUVER,COLLINGWOOD ST,W 18TH AVE,08a93ae3-c8b3-5a72-80b8-18b007b4ba37,"COLLINGWOOD ST & W 18TH AVE, VANCOUVER",49.256471,-123.181832,incomplete_2018_2022_observations_no_zero_fill
VANCOUVER,COLLINGWOOD ST,W 19TH AVE,aba14fec-c7ea-5619-aaef-a8952544b5cb,"COLLINGWOOD ST & W 19TH AVE, VANCOUVER",49.255565,-123.181842,incomplete_2018_2022_observations_no_zero_fill
VANCOUVER,COLLINGWOOD ST,W 1ST AVE,5f1a1d48-5415-53ee-bce2-409d9db8b32e,"COLLINGWOOD ST & W 1ST AVE, VANCOUVER",49.271252,-123.181624,incomplete_2018_2022_observations_no_zero_fill
VANCOUVER,COLLINGWOOD ST,W 20TH AVE,d181658b-66e1-54ef-9945-3d6132436813,"COLLINGWOOD ST & W 20TH AVE, VANCOUVER",49.254661,-123.181851,incomplete_2018_2022_observations_no_zero_fill
VANCOUVER,COLLINGWOOD ST,W 21ST AVE,92c94d83-edcd-57d4-890b-5d1ee715f8f8,"COLLINGWOOD ST & W 21ST AVE, VANCOUVER",49.253748,-123.181863,incomplete_2018_2022_observations_no_zero_fill
VANCOUVER,COLLINGWOOD ST,W 23RD AVE,217ba67e-c510-5f1f-8271-449b4e21afce,"COLLINGWOOD ST & W 23RD AVE, VANCOUVER",49.251933,-123.18186,incomplete_2018_2022_observations_no_zero_fill
VANCOUVER,COLLINGWOOD ST,W 24TH AVE,505436fc-aa96-5ef5-b89c-111309eea425,"COLLINGWOOD ST & W 24TH AVE, VANCOUVER",49.25104,-123.181858,incomplete_2018_2022_observations_no_zero_fill
VANCOUVER,COLLINGWOOD ST,W 25TH AVE,bea4a8c7-72e4-5e58-9a3d-64f9d5cc53c5,"COLLINGWOOD ST & W 25TH AVE, VANCOUVER",49.250047,-123.181839,incomplete_2018_2022_observations_no_zero_fill
VANCOUVER,COLLINGWOOD ST,W 27TH AVE,d887510b-03f7-5453-a24e-1f31ddcd28a9,"COLLINGWOOD ST & W 27TH AVE, VANCOUVER",49.248059,-123.18184,incomplete_2018_2022_observations_no_zero_fill
VANCOUVER,COLLINGWOOD ST,W 28TH AVE,f0d70e79-cee8-5bd8-8387-f4771cd08415,"COLLINGWOOD ST & W 28TH AVE, VANCOUVER",49.247114,-123.181911,incomplete_2018_2022_observations_no_zero_fill
VANCOUVER,COLLINGWOOD ST,W 29TH AVE,00c27d0d-df28-5cde-a373-172b2c4acf8a,"COLLINGWOOD ST & W 29TH AVE, VANCOUVER",49.246162,-123.181936,incomplete_2018_2022_observations_no_zero_fill
VANCOUVER,COLLINGWOOD ST,W 2ND AVE,af496816-ed2b-5378-b568-25200451d5fc,"COLLINGWOOD ST & W 2ND AVE, VANCOUVER",49.270348,-123.181644,incomplete_2018_2022_observations_no_zero_fill
VANCOUVER,COLLINGWOOD ST,W 30TH AVE,b34d60c5-46d5-5fc4-9691-11e27be75186,"COLLINGWOOD ST & W 30TH AVE, VANCOUVER",49.245194,-123.181947,incomplete_2018_2022_observations_no_zero_fill
VANCOUVER,COLLINGWOOD ST,W 31ST AVE,98f28c1d-4c1a-5fd9-9e43-0ad03cb1f010,"COLLINGWOOD ST & W 31ST AVE, VANCOUVER",49.244258,-123.181958,incomplete_2018_2022_observations_no_zero_fill
VANCOUVER,COLLINGWOOD ST,W 32ND AVE,b7ad2afe-2264-5b11-8459-b5ca2bc29f1c,"COLLINGWOOD ST & W 32ND AVE, VANCOUVER",49.243307,-123.18193,incomplete_2018_2022_observations_no_zero_fill
VANCOUVER,COLLINGWOOD ST,W 34TH AVE,b4e58460-f9f4-5fb4-8db5-9bee39d059aa,"COLLINGWOOD ST & W 34TH AVE, VANCOUVER",49.241407,-123.181956,incomplete_2018_2022_observations_no_zero_fill
VANCOUVER,COLLINGWOOD ST,W 35TH AVE,e417bc81-537f-5f4e-8282-1a02342a4a7e,"COLLINGWOOD ST & W 35TH AVE, VANCOUVER",49.240466,-123.181965,incomplete_2018_2022_observations_no_zero_fill
VANCOUVER,COLLINGWOOD ST,W 36TH AVE,2c372251-8813-54af-bb1b-9594992d79ec,"COLLINGWOOD ST & W 36TH AVE, VANCOUVER",49.239514,-123.181981,incomplete_2018_2022_observations_no_zero_fill
VANCOUVER,COLLINGWOOD ST,W 37TH AVE,58a50509-8f86-5823-9c54-95ba38a35a87,"COLLINGWOOD ST & W 37TH AVE, VANCOUVER",49.238593,-123.181991,incomplete_2018_2022_observations_no_zero_fill
VANCOUVER,COLLINGWOOD ST,W 39TH AVE,2401e9a5-b92f-5ab7-8198-47a8690467c1,"COLLINGWOOD ST & W 39TH AVE, VANCOUVER",49.236439,-123.182017,incomplete_2018_2022_observations_no_zero_fill
VANCOUVER,COLLINGWOOD ST,W 3RD AVE,8a5d6dfe-001d-556e-908f-85a1158c80b2,"COLLINGWOOD ST & W 3RD AVE, VANCOUVER",49.269461,-123.181678,incomplete_2018_2022_observations_no_zero_fill
VANCOUVER,COLLINGWOOD ST,W 40TH AVE,910627d7-ae1d-58ad-8e12-f609b119efa6,"COLLINGWOOD ST & W 40TH AVE, VANCOUVER",49.235694,-123.182028,incomplete_2018_2022_observations_no_zero_fill
VANCOUVER,COLLINGWOOD ST,W 42ND AVE,18276055-8b00-526b-a2ab-61d10ba1c6c1,"COLLINGWOOD ST & W 42ND AVE, VANCOUVER",49.23381,-123.182032,incomplete_2018_2022_observations_no_zero_fill
VANCOUVER,COLLINGWOOD ST,W 43RD AVE,850534c7-a6a3-5024-b6e8-fbabc4c602db,"COLLINGWOOD ST & W 43RD AVE, VANCOUVER",49.232882,-123.182067,incomplete_2018_2022_observations_no_zero_fill
VANCOUVER,COLLINGWOOD ST,W 48TH AVE,a1951485-dfdf-5374-9d28-bb30e6b5dcac,"COLLINGWOOD ST & W 48TH AVE, VANCOUVER",49.228544,-123.182102,incomplete_2018_2022_observations_no_zero_fill
VANCOUVER,COLLINGWOOD ST,W 49TH AVE,2e85bb68-bce7-5400-9c72-715c11e76e19,"COLLINGWOOD ST & W 49TH AVE, VANCOUVER",49.227455,-123.182164,incomplete_2018_2022_observations_no_zero_fill
VANCOUVER,COLLINGWOOD ST,W 5TH AVE,7b0eba38-c5cd-516b-9874-ed9767942b4e,"COLLINGWOOD ST & W 5TH AVE, VANCOUVER",49.267688,-123.181741,incomplete_2018_2022_observations_no_zero_fill
VANCOUVER,COLLINGWOOD ST,W 7TH AVE,937950b9-763b-57f7-8864-2ab3b9d99970,"COLLINGWOOD ST & W 7TH AVE, VANCOUVER",49.265994,-123.181799,incomplete_2018_2022_observations_no_zero_fill
VANCOUVER,COLLINGWOOD ST,W 8TH AVE,76968cba-3d16-5101-8bf3-d1e942e29d6e,"COLLINGWOOD ST & W 8TH AVE, VANCOUVER",49.265177,-123.181828,incomplete_2018_2022_observations_no_zero_fill
VANCOUVER,COLUMBIA ST,E CORDOVA ST,767fd1db-a0b8-5b12-9aa3-d7f3aa7ac821,"COLUMBIA ST & E CORDOVA ST, VANCOUVER",49.282345,-123.102224,incomplete_2018_2022_observations_no_zero_fill
VANCOUVER,COLUMBIA ST,QUEBEC ST,99bc36d6-d4a1-56b2-b97b-ce4c3981b490,"COLUMBIA ST & QUEBEC ST, VANCOUVER",49.279286,-123.102155,incomplete_2018_2022_observations_no_zero_fill
VANCOUVER,COLUMBIA ST,W 10TH AVE,7499fa81-d20e-5be6-9de2-3a69f00584d4,"COLUMBIA ST & W 10TH AVE, VANCOUVER",49.26215,-123.109491,incomplete_2018_2022_observations_no_zero_fill
VANCOUVER,COLUMBIA ST,W 11TH AVE,9e3adcf6-e395-509f-9347-a003353af8f9,"COLUMBIA ST & W 11TH AVE, VANCOUVER",49.261238,-123.109525,incomplete_2018_2022_observations_no_zero_fill
VANCOUVER,COLUMBIA ST,W 13TH AVE,3d658ced-9aef-51d8-8607-46fa437aa1ec,"COLUMBIA ST & W 13TH AVE, VANCOUVER",49.259397,-123.109606,incomplete_2018_2022_observations_no_zero_fill
VANCOUVER,COLUMBIA ST,W 14TH AVE,051a8456-2958-511f-b231-cd255cfdbb0f,"COLUMBIA ST & W 14TH AVE, VANCOUVER",49.258592,-123.109609,incomplete_2018_2022_observations_no_zero_fill
VANCOUVER,COLUMBIA ST,W 15TH AVE,55df9a26-37cf-535a-9bad-815b5e1cd892,"COLUMBIA ST & W 15TH AVE, VANCOUVER",49.25767,-123.109639,incomplete_2018_2022_observations_no_zero_fill
VANCOUVER,COLUMBIA ST,W 16TH AVE,9b1cf6c9-9076-57da-a9a4-e875b86b650d,"COLUMBIA ST & W 16TH AVE, VANCOUVER",49.256753,-123.109699,incomplete_2018_2022_observations_no_zero_fill
VANCOUVER,COLUMBIA ST,W 17TH AVE,7e3dc6b1-47b4-5f00-9291-7cd768b50a9d,"COLUMBIA ST & W 17TH AVE, VANCOUVER",49.255746,-123.109744,incomplete_2018_2022_observations_no_zero_fill
VANCOUVER,COLUMBIA ST,W 19TH AVE,cf008805-305e-568e-aa89-1e8d182fcff9,"COLUMBIA ST & W 19TH AVE, VANCOUVER",49.253851,-123.109834,incomplete_2018_2022_observations_no_zero_fill
VANCOUVER,COLUMBIA ST,W 22ND AVE,fad6b910-5d4a-5668-9758-7176bfd1cb36,"COLUMBIA ST & W 22ND AVE, VANCOUVER",49.251041,-123.109911,incomplete_2018_2022_observations_no_zero_fill
VANCOUVER,COLUMBIA ST,W 23RD AVE,945233da-e8da-54cb-af73-1f3fda9ba716,"COLUMBIA ST & W 23RD AVE, VANCOUVER",49.250014,-123.109961,incomplete_2018_2022_observations_no_zero_fill
VANCOUVER,COLUMBIA ST,W 25TH AVE,892162f9-a051-5368-a97d-76e70ea92ef8,"COLUMBIA ST & W 25TH AVE, VANCOUVER",49.248956,-123.11001,incomplete_2018_2022_observations_no_zero_fill
VANCOUVER,COLUMBIA ST,W 26TH AVE,c592dd9a-a515-5689-9bf2-a1cc5b97d53d,"COLUMBIA ST & W 26TH AVE, VANCOUVER",49.247761,-123.110048,incomplete_2018_2022_observations_no_zero_fill
VANCOUVER,COLUMBIA ST,W 37TH AVE,6859e62d-5969-53d9-95cc-9c5fd9e8643a,"COLUMBIA ST & W 37TH AVE, VANCOUVER",49.237172,-123.110593,incomplete_2018_2022_observations_no_zero_fill
VANCOUVER,COLUMBIA ST,W 3RD AVE,56df2d8b-e134-522b-bd37-738ecdde5813,"COLUMBIA ST & W 3RD AVE, VANCOUVER",49.26839,-123.109434,incomplete_2018_2022_observations_no_zero_fill
VANCOUVER,COLUMBIA ST,W 42ND AVE,1b119b95-cc78-58ca-ba04-fb84efa2cf92,"COLUMBIA ST & W 42ND AVE, VANCOUVER",49.232353,-123.110802,incomplete_2018_2022_observations_no_zero_fill
VANCOUVER,COLUMBIA ST,W 43RD AVE,d38b02f6-f40a-5fa3-805d-5653929be572,"COLUMBIA ST & W 43RD AVE, VANCOUVER",49.231432,-123.110833,incomplete_2018_2022_observations_no_zero_fill
VANCOUVER,COLUMBIA ST,W 44TH AVE,088fcc71-a8cb-5a80-ac44-b2f4e91a3679,"COLUMBIA ST & W 44TH AVE, VANCOUVER",49.23056,-123.110867,incomplete_2018_2022_observations_no_zero_fill
VANCOUVER,COLUMBIA ST,W 45TH AVE,27cdfdfa-f2b1-589e-991c-ad476321f112,"COLUMBIA ST & W 45TH AVE, VANCOUVER",49.229622,-123.11086,incomplete_2018_2022_observations_no_zero_fill
VANCOUVER,COLUMBIA ST,W 47TH AVE,8d2db8d5-54d6-5343-8758-60449561aa4c,"COLUMBIA ST & W 47TH AVE, VANCOUVER",49.227735,-123.110788,incomplete_2018_2022_observations_no_zero_fill
VANCOUVER,COLUMBIA ST,W 48TH AVE,9b79e347-7c59-563d-a6b2-9e319ede8e24,"COLUMBIA ST & W 48TH AVE, VANCOUVER",49.226851,-123.110771,incomplete_2018_2022_observations_no_zero_fill
VANCOUVER,COLUMBIA ST,W 59TH AVE,4d7b291e-bce8-5523-b67b-70d15ba8552f,"COLUMBIA ST & W 59TH AVE, VANCOUVER",49.216889,-123.112629,incomplete_2018_2022_observations_no_zero_fill
VANCOUVER,COLUMBIA ST,W 63RD AVE,64bdd365-e218-5001-ac8e-cc9940a968a4,"COLUMBIA ST & W 63RD AVE, VANCOUVER",49.213363,-123.112749,incomplete_2018_2022_observations_no_zero_fill
VANCOUVER,COLUMBIA ST,W 64TH AVE,a09d13ce-c1bc-589f-a3ed-446804c68193,"COLUMBIA ST & W 64TH AVE, VANCOUVER",49.212565,-123.112776,incomplete_2018_2022_observations_no_zero_fill
VANCOUVER,COLUMBIA ST,W WOODSTOCK AVE,c54ba8ac-ddcd-581a-8002-d503fe903365,"COLUMBIA ST & W WOODSTOCK AVE, VANCOUVER",49.233867,-123.110726,incomplete_2018_2022_observations_no_zero_fill
VANCOUVER,COLUMBIA ST,WALTER HARDWICK AVE,d298e96a-8e9f-5476-9e07-362241ce0bbd,"COLUMBIA ST & WALTER HARDWICK AVE, VANCOUVER",49.270977,-123.109397,incomplete_2018_2022_observations_no_zero_fill
VANCOUVER,COMMERCIAL DIVERS N,COMMERCIAL DR,c600956c-9fbc-5bfd-aa41-4de8f4d19768,"COMMERCIAL DIVERS N & COMMERCIAL DR, VANCOUVER",49.27801,-123.07042,incomplete_2018_2022_observations_no_zero_fill
VANCOUVER,COMMERCIAL DIVERS N,VENABLES ST,061c9e1f-2ac9-52b8-b39c-9906f65f8a78,"COMMERCIAL DIVERS N & VENABLES ST, VANCOUVER",49.276656,-123.06947,incomplete_2018_2022_observations_no_zero_fill
VANCOUVER,COMMERCIAL DR,COMMERCIAL ST,0c23eb83-842f-5dc3-b4da-ed4591f4baa8,"COMMERCIAL DR & COMMERCIAL ST, VANCOUVER",49.254248,-123.067997,incomplete_2018_2022_observations_no_zero_fill
VANCOUVER,COMMERCIAL DR,E 15TH AVE,e1bbc212-7544-5ed4-9b6a-f4f4f2c1809f,"COMMERCIAL DR & E 15TH AVE, VANCOUVER",49.256845,-123.069877,incomplete_2018_2022_observations_no_zero_fill
VANCOUVER,COMMERCIAL DR,E 9TH AVE,3ccbe174-dbe9-53a5-90f5-2b47238f8f75,"COMMERCIAL DR & E 9TH AVE, VANCOUVER",49.262326,-123.069794,incomplete_2018_2022_observations_no_zero_fill
VANCOUVER,COMMERCIAL DR,FINDLAY ST,cd1ffc4a-b06b-56e0-8c10-51cae1c96be9,"COMMERCIAL DR & FINDLAY ST, VANCOUVER",49.254248,-123.067997,incomplete_2018_2022_observations_no_zero_fill
VANCOUVER,COMMERCIAL DR,PANDORA ST,ca6113a4-b90e-577e-97d8-e01b58ffb0c4,"COMMERCIAL DR & PANDORA ST, VANCOUVER",49.283083,-123.070348,incomplete_2018_2022_observations_no_zero_fill
VANCOUVER,COMMERCIAL ST,E 18TH AVE,046d8c7b-afb7-5a0d-8f6a-9f6e86b60cb9,"COMMERCIAL ST & E 18TH AVE, VANCOUVER",49.254248,-123.067997,incomplete_2018_2022_observations_no_zero_fill
VANCOUVER,COMMERCIAL ST,E 28TH AVE,0fcd115a-022e-5a36-b95b-6aeb98605339,"COMMERCIAL ST & E 28TH AVE, VANCOUVER",49.245,-123.067888,incomplete_2018_2022_observations_no_zero_fill
VANCOUVER,COMMERCIAL ST,E 29TH AVE,34193ce7-67d4-502b-932f-971d0f696a01,"COMMERCIAL ST & E 29TH AVE, VANCOUVER",49.243975,-123.067955,incomplete_2018_2022_observations_no_zero_fill
VANCOUVER,COMMERCIAL ST,E 32ND AVE,f67d3191-0017-538d-a159-e98991813300,"COMMERCIAL ST & E 32ND AVE, VANCOUVER",49.241554,-123.068006,incomplete_2018_2022_observations_no_zero_fill
VANCOUVER,COMMERCIAL ST,E 34TH AVE,8f0dedf5-d641-58dd-9d01-a285d922c79b,"COMMERCIAL ST & E 34TH AVE, VANCOUVER",49.239269,-123.068534,incomplete_2018_2022_observations_no_zero_fill
VANCOUVER,COMMERCIAL ST,E 35TH AVE,46b795fd-f941-5e21-a8b4-546d9d9098f3,"COMMERCIAL ST & E 35TH AVE, VANCOUVER",49.238376,-123.068571,incomplete_2018_2022_observations_no_zero_fill
VANCOUVER,COMMERCIAL ST,E 36TH AVE,a5d26037-4d7e-55ad-89f7-e8b236b40429,"COMMERCIAL ST & E 36TH AVE, VANCOUVER",49.237551,-123.068598,incomplete_2018_2022_observations_no_zero_fill
VANCOUVER,COMMERCIAL ST,E 38TH AVE,47b49004-8881-5a09-a677-5a5747afb005,"COMMERCIAL ST & E 38TH AVE, VANCOUVER",49.23527,-123.068642,incomplete_2018_2022_observations_no_zero_fill
VANCOUVER,COMMERCIAL ST,E 40TH AVE,b95e100a-6d7b-5554-ad95-4c4a956a87aa,"COMMERCIAL ST & E 40TH AVE, VANCOUVER",49.233617,-123.068666,incomplete_2018_2022_observations_no_zero_fill
VANCOUVER,COMMERCIAL ST,E 43RD AVE,20524675-7676-576c-8f22-d1e8eda16aa5,"COMMERCIAL ST & E 43RD AVE, VANCOUVER",49.230535,-123.068781,incomplete_2018_2022_observations_no_zero_fill
VANCOUVER,COMMERCIAL ST,E 45TH AVE,65ea3a27-3b05-5409-b340-95c6b127921d,"COMMERCIAL ST & E 45TH AVE, VANCOUVER",49.228978,-123.068319,incomplete_2018_2022_observations_no_zero_fill
VANCOUVER,COMMERCIAL ST,E 47TH AVE,7576ba21-3fa3-5823-acf9-b0f983cb068f,"COMMERCIAL ST & E 47TH AVE, VANCOUVER",49.227644,-123.068355,incomplete_2018_2022_observations_no_zero_fill
VANCOUVER,COMMERCIAL ST,E 50TH AVE,8faf35d1-d0b8-50c7-b90d-99d70eb81041,"COMMERCIAL ST & E 50TH AVE, VANCOUVER",49.224294,-123.069035,incomplete_2018_2022_observations_no_zero_fill
VANCOUVER,COMMERCIAL ST,E 51ST AVE,264ce6f8-6df6-50a0-af7c-c7786332a07a,"COMMERCIAL ST & E 51ST AVE, VANCOUVER",49.223472,-123.069069,incomplete_2018_2022_observations_no_zero_fill
VANCOUVER,COMMERCIAL ST,E 53RD AVE,002a249a-75ac-5443-9ae0-3ad9e871e064,"COMMERCIAL ST & E 53RD AVE, VANCOUVER",49.221841,-123.069133,incomplete_2018_2022_observations_no_zero_fill
VANCOUVER,COMMERCIAL ST,E 55TH AVE,c45cfb45-4fc6-5fc4-ab89-6bb3744b3843,"COMMERCIAL ST & E 55TH AVE, VANCOUVER",49.220327,-123.069192,incomplete_2018_2022_observations_no_zero_fill
VANCOUVER,COMMERCIAL ST,FINDLAY ST,c17554d1-5a38-5696-952e-6ffab2c7a778,"COMMERCIAL ST & FINDLAY ST, VANCOUVER",49.254248,-123.067997,incomplete_2018_2022_observations_no_zero_fill
VANCOUVER,COMMERCIAL ST,STAINSBURY AVE,6af83865-af85-50c5-bae1-ce96fb3d1c91,"COMMERCIAL ST & STAINSBURY AVE, VANCOUVER",49.252409,-123.068048,incomplete_2018_2022_observations_no_zero_fill
VANCOUVER,COMMERCIAL ST,VICTORIA DIVERS,18f2c40f-2782-5d3d-b654-ae30b577e6e4,"COMMERCIAL ST & VICTORIA DIVERS, VANCOUVER",49.254248,-123.067997,incomplete_2018_2022_observations_no_zero_fill
VANCOUVER,COMMISSIONER ST,NEW BRIGHTON RD,cde3daa8-e62e-5a0b-ad75-488f8a664394,"COMMISSIONER ST & NEW BRIGHTON RD, VANCOUVER",49.290852,-123.041402,incomplete_2018_2022_observations_no_zero_fill
VANCOUVER,COMMISSIONER ST,STEWART ST,b947d9a2-767c-5f55-9465-4a47e5f4852d,"COMMISSIONER ST & STEWART ST, VANCOUVER",49.285484,-123.065517,incomplete_2018_2022_observations_no_zero_fill
VANCOUVER,COMMODORE RD,SPYGLASS PL,5bf7e0d9-6f9c-5f14-8ab7-f8df7c77328d,"COMMODORE RD & SPYGLASS PL, VANCOUVER",49.267917,-123.115317,incomplete_2018_2022_observations_no_zero_fill
VANCOUVER,COMOX ST,GILFORD ST,d9f76516-bf7e-5919-87e0-46e42f508a6e,"COMOX ST & GILFORD ST, VANCOUVER",49.289694,-123.141267,incomplete_2018_2022_observations_no_zero_fill
VANCOUVER,CONNAUGHT DR,HUDSON ST,436af4b2-941b-5fec-8c44-c77b2b9b8a90,"CONNAUGHT DR & HUDSON ST, VANCOUVER",49.244988,-123.13537,incomplete_2018_2022_observations_no_zero_fill
VANCOUVER,CONNAUGHT DR,W 32ND AVE,add71bf2-2a15-5ed5-b710-3cf29fc91270,"CONNAUGHT DR & W 32ND AVE, VANCOUVER",49.242975,-123.142112,incomplete_2018_2022_observations_no_zero_fill
VANCOUVER,CONNAUGHT DR,W 34TH AVE,9e62c302-c8fb-57f1-b66b-6710d5af9f83,"CONNAUGHT DR & W 34TH AVE, VANCOUVER",49.240909,-123.142439,incomplete_2018_2022_observations_no_zero_fill
VANCOUVER,CONNAUGHT DR,W 35TH AVE,16dbc41a-1c35-5330-a28d-9343ed9d0830,"CONNAUGHT DR & W 35TH AVE, VANCOUVER",49.240021,-123.142482,incomplete_2018_2022_observations_no_zero_fill
VANCOUVER,CONNAUGHT DR,W 36TH AVE,f1b3ae19-6361-57f4-be8d-67ebb14741d6,"CONNAUGHT DR & W 36TH AVE, VANCOUVER",49.239075,-123.142545,incomplete_2018_2022_observations_no_zero_fill
VANCOUVER,CONNAUGHT DR,W 37TH AVE,df21b75c-c902-512b-b609-a1f25c25836a,"CONNAUGHT DR & W 37TH AVE, VANCOUVER",49.238082,-123.142029,incomplete_2018_2022_observations_no_zero_fill
VANCOUVER,CONTINENTAL ST,GRANVILLE BRIDGE,dfeb76f5-40cf-533d-96e3-4b11bc23011c,"CONTINENTAL ST & GRANVILLE BRIDGE, VANCOUVER",49.27437,-123.130523,incomplete_2018_2022_observations_no_zero_fill
VANCOUVER,COOK ST,W 1ST AVE,ddc44428-e6bf-5a6e-b469-c3b1fef9422d,"COOK ST & W 1ST AVE, VANCOUVER",49.26985,-123.110893,incomplete_2018_2022_observations_no_zero_fill
VANCOUVER,COOPERAGE WAY,MARINASIDE CRES,c654d568-a30a-508c-a8b9-297c01b82371,"COOPERAGE WAY & MARINASIDE CRES, VANCOUVER",49.273583,-123.114882,incomplete_2018_2022_observations_no_zero_fill
VANCOUVER,COOPERAGE WAY,SMITHE MEWS,d34e80bd-1de4-5f37-b50d-195f93f8b0f7,"COOPERAGE WAY & SMITHE MEWS, VANCOUVER",49.274504,-123.11252,incomplete_2018_2022_observations_no_zero_fill
VANCOUVER,COOPERATIVE WAY,SLOCAN ST,3ba9da9f-2ff4-5f20-9f1a-ed7976d2abd7,"COOPERATIVE WAY & SLOCAN ST, VANCOUVER",49.257409,-123.049558,incomplete_2018_2022_observations_no_zero_fill
VANCOUVER,COPLEY ST,E 15TH AVE,b59142c4-d8cd-53cc-b74f-a4893222fefa,"COPLEY ST & E 15TH AVE, VANCOUVER",49.256607,-123.055007,incomplete_2018_2022_observations_no_zero_fill
VANCOUVER,COPLEY ST,E 17TH AVE,83c7a3e7-890c-5d71-a72b-68577cf76d41,"COPLEY ST & E 17TH AVE, VANCOUVER",49.25486,-123.055253,incomplete_2018_2022_observations_no_zero_fill
VANCOUVER,COPLEY ST,E 18TH AVE,1e17eb63-1d84-5d1a-814d-2ce9f9499f1d,"COPLEY ST & E 18TH AVE, VANCOUVER",49.25405,-123.055781,incomplete_2018_2022_observations_no_zero_fill
VANCOUVER,COPLEY ST,E 19TH AVE,ac763f4a-343d-5f6a-a2ce-5f6a9195532c,"COPLEY ST & E 19TH AVE, VANCOUVER",49.253441,-123.056177,incomplete_2018_2022_observations_no_zero_fill
VANCOUVER,COQUIHALLA DR,E 49TH AVE,cb6f61bc-9690-5e4a-af3b-014b7da04ab9,"COQUIHALLA DR & E 49TH AVE, VANCOUVER",49.222503,-123.026867,incomplete_2018_2022_observations_no_zero_fill
VANCOUVER,CORAL REEF PL,PORTSIDE DR,05a60b75-b15d-5a5c-b8a6-716d8a37b664,"CORAL REEF PL & PORTSIDE DR, VANCOUVER",49.206584,-123.061431,incomplete_2018_2022_observations_no_zero_fill
VANCOUVER,CORDIALE DR,MATHESON CRES,765a354a-d589-54d4-ad65-e03640c38206,"CORDIALE DR & MATHESON CRES, VANCOUVER",49.210051,-123.027682,incomplete_2018_2022_observations_no_zero_fill
VANCOUVER,CORDOVA DIVERS,E CORDOVA ST,a7573282-e523-571c-8529-4a02862361a1,"CORDOVA DIVERS & E CORDOVA ST, VANCOUVER",49.282047,-123.087109,incomplete_2018_2022_observations_no_zero_fill
VANCOUVER,CORDOVA DIVERS,HAWKS AVE,9016c32d-7078-5dc4-b6e4-80c1fa75d639,"CORDOVA DIVERS & HAWKS AVE, VANCOUVER",49.282047,-123.087109,incomplete_2018_2022_observations_no_zero_fill
VANCOUVER,CORNETT RD,SKEENA ST,be2d2722-b022-573c-8fe8-0617ddd38421,"CORNETT RD & SKEENA ST, VANCOUVER",49.261181,-123.028505,incomplete_2018_2022_observations_no_zero_fill
VANCOUVER,CORNISH ST,SW MARINE DR,4d9b73e9-4d6c-526f-9ff5-e657d95fe606,"CORNISH ST & SW MARINE DR, VANCOUVER",49.208553,-123.142154,incomplete_2018_2022_observations_no_zero_fill
VANCOUVER,CORNISH ST,W 68TH AVE,ca67cc68-7a85-5217-873d-74afd3b32bd3,"CORNISH ST & W 68TH AVE, VANCOUVER",49.210541,-123.142039,incomplete_2018_2022_observations_no_zero_fill
VANCOUVER,CORNISH ST,W 70TH AVE,588b09c7-ddb4-5779-a7bf-5fc8287f3d61,"CORNISH ST & W 70TH AVE, VANCOUVER",49.208553,-123.142154,incomplete_2018_2022_observations_no_zero_fill
VANCOUVER,CORNWALL AVE,LABURNUM ST,14e7213c-7ac7-57a6-8baa-709181bc1472,"CORNWALL AVE & LABURNUM ST, VANCOUVER",49.272531,-123.151417,incomplete_2018_2022_observations_no_zero_fill
VANCOUVER,CORNWALL AVE,POINT GREY RD,52d9f5b0-e935-597f-9135-bf2df0ed687a,"CORNWALL AVE & POINT GREY RD, VANCOUVER",49.272717,-123.164369,incomplete_2018_2022_observations_no_zero_fill
VANCOUVER,CORNWALL AVE,TRAFALGAR ST,25067b29-4770-5303-b46d-38d6229ef2c2,"CORNWALL AVE & TRAFALGAR ST, VANCOUVER",49.272717,-123.164369,incomplete_2018_2022_observations_no_zero_fill
VANCOUVER,CORSICA WAY,SE MARINE DR,be85ac4b-27e1-5dcf-ac09-43bf3d050eb8,"CORSICA WAY & SE MARINE DR, VANCOUVER",49.207936,-123.029309,incomplete_2018_2022_observations_no_zero_fill
VANCOUVER,COTTON DR,E 2ND AVE,17b5dba1-9dc9-5cee-bbb5-0ab84eb3e39e,"COTTON DR & E 2ND AVE, VANCOUVER",49.268715,-123.071589,incomplete_2018_2022_observations_no_zero_fill
VANCOUVER,COTTON DR,E 3RD AVE,ca6b90a9-8ca3-5a52-90cb-758a4087d6fa,"COTTON DR & E 3RD AVE, VANCOUVER",49.267808,-123.071605,incomplete_2018_2022_observations_no_zero_fill
VANCOUVER,COTTON DR,GRANT ST,dbcbe906-7f11-5e1b-b360-5651248680ea,"COTTON DR & GRANT ST, VANCOUVER",49.271429,-123.071545,incomplete_2018_2022_observations_no_zero_fill
VANCOUVER,COTTON DR,KITCHENER ST,dd882e4d-bf7a-514a-ad0d-5ef47c0fb2bd,"COTTON DR & KITCHENER ST, VANCOUVER",49.272147,-123.071526,incomplete_2018_2022_observations_no_zero_fill
VANCOUVER,COTTON DR,VENABLES ST,a327679a-0dbd-54ca-857a-c740b972d8ac,"COTTON DR & VENABLES ST, VANCOUVER",49.276683,-123.071416,incomplete_2018_2022_observations_no_zero_fill
VANCOUVER,COURTENAY ST,W 10TH AVE,a20b1fae-f059-586f-8f9c-24fa93e89d29,"COURTENAY ST & W 10TH AVE, VANCOUVER",49.263699,-123.200081,incomplete_2018_2022_observations_no_zero_fill
VANCOUVER,COURTENAY ST,W 11TH AVE,fd6566fd-d5bd-5fab-843a-0ad138a7a8f9,"COURTENAY ST & W 11TH AVE, VANCOUVER",49.262787,-123.200017,incomplete_2018_2022_observations_no_zero_fill
VANCOUVER,COURTENAY ST,W 12TH AVE,a8b01294-6ace-5238-9c21-b7b4a9008b3f,"COURTENAY ST & W 12TH AVE, VANCOUVER",49.261883,-123.200046,incomplete_2018_2022_observations_no_zero_fill
VANCOUVER,COURTENAY ST,W 13TH AVE,4e6a9b9d-a41f-5ad6-9689-a9c418a5ff0c,"COURTENAY ST & W 13TH AVE, VANCOUVER",49.260969,-123.200078,incomplete_2018_2022_observations_no_zero_fill
VANCOUVER,COURTENAY ST,W 15TH AVE,4460ff19-1189-5677-a579-711a1af846cc,"COURTENAY ST & W 15TH AVE, VANCOUVER",49.259142,-123.20014,incomplete_2018_2022_observations_no_zero_fill
VANCOUVER,COURTENAY ST,W 16TH AVE,92c95245-8270-5663-a82b-7e0558394611,"COURTENAY ST & W 16TH AVE, VANCOUVER",49.258157,-123.200152,incomplete_2018_2022_observations_no_zero_fill
VANCOUVER,COURTENAY ST,W 8TH AVE,6bfb292f-b819-5587-8dac-c58e68709b62,"COURTENAY ST & W 8TH AVE, VANCOUVER",49.265444,-123.201381,incomplete_2018_2022_observations_no_zero_fill
VANCOUVER,COURTENAY ST,W 9TH AVE,587f7d27-f10b-5981-b4d4-23f30be50dba,"COURTENAY ST & W 9TH AVE, VANCOUVER",49.264585,-123.201199,incomplete_2018_2022_observations_no_zero_fill
VANCOUVER,CRANBERRY DR,SALAL DR,77ced3b3-9917-524e-9f4a-bbd977482377,"CRANBERRY DR & SALAL DR, VANCOUVER",49.261535,-123.15374,incomplete_2018_2022_observations_no_zero_fill
VANCOUVER,CRANBERRY DR,W 10TH AVE,31f8f1c3-3d01-50ce-9953-e2f739640ccf,"CRANBERRY DR & W 10TH AVE, VANCOUVER",49.262873,-123.1538,incomplete_2018_2022_observations_no_zero_fill
VANCOUVER,CRANBERRY DR,W 11TH AVE,b3604fee-9727-5edb-b597-0a1c315d8f59,"CRANBERRY DR & W 11TH AVE, VANCOUVER",49.261952,-123.153643,incomplete_2018_2022_observations_no_zero_fill
VANCOUVER,CREE ST,E 41ST AVE,bba64e65-34ca-5f34-bbff-95addf336f05,"CREE ST & E 41ST AVE, VANCOUVER",49.233034,-123.100002,incomplete_2018_2022_observations_no_zero_fill
VANCOUVER,CREEKSIDE DR,PENNYFARTHING DR,9823d241-3576-5d64-89cf-5b3c2f63d641,"CREEKSIDE DR & PENNYFARTHING DR, VANCOUVER",49.272778,-123.140908,incomplete_2018_2022_observations_no_zero_fill
VANCOUVER,CREELMAN AVE,CYPRESS ST,7d9acb53-2444-5290-8f5a-6aeeb4ab8017,"CREELMAN AVE & CYPRESS ST, VANCOUVER",49.274462,-123.147747,incomplete_2018_2022_observations_no_zero_fill
VANCOUVER,CREELMAN AVE,LABURNUM ST,5744c4be-c0ae-58c1-a489-41a515ce03a0,"CREELMAN AVE & LABURNUM ST, VANCOUVER",49.274512,-123.15134,incomplete_2018_2022_observations_no_zero_fill
VANCOUVER,CREELMAN AVE,WALNUT ST,924d5bb7-7618-5d04-8051-1fe60bd554fb,"CREELMAN AVE & WALNUT ST, VANCOUVER",49.274471,-123.148901,incomplete_2018_2022_observations_no_zero_fill
VANCOUVER,CROMPTON ST,E 66TH AVE,e4bfc472-a36c-5cf2-9789-b981a19fe791,"CROMPTON ST & E 66TH AVE, VANCOUVER",49.210129,-123.080737,incomplete_2018_2022_observations_no_zero_fill
VANCOUVER,CROMPTON ST,E KENT AVE S,72d9772f-90eb-53ac-a882-2af44e74734d,"CROMPTON ST & E KENT AVE S, VANCOUVER",49.208804,-123.080804,incomplete_2018_2022_observations_no_zero_fill
VANCOUVER,CROWLEY DR,GASTON ST,8d910eb0-6a02-5a4a-9846-06b224cf7084,"CROWLEY DR & GASTON ST, VANCOUVER",49.236631,-123.030641,incomplete_2018_2022_observations_no_zero_fill
VANCOUVER,CROWLEY DR,MELBOURNE ST,f71c4ca1-74eb-5d8d-82fa-c4137a0aa861,"CROWLEY DR & MELBOURNE ST, VANCOUVER",49.235852,-123.028877,incomplete_2018_2022_observations_no_zero_fill
VANCOUVER,CROWLEY DR,OBEN ST,2f1a61e4-66b6-5bc2-9d8b-f322a59191ba,"CROWLEY DR & OBEN ST, VANCOUVER",49.235017,-123.026985,incomplete_2018_2022_observations_no_zero_fill
VANCOUVER,CROWLEY DR,TYNE ST,5a03fd31-1427-5539-80a0-9edae306272c,"CROWLEY DR & TYNE ST, VANCOUVER",49.236224,-123.02976,incomplete_2018_2022_observations_no_zero_fill
VANCOUVER,CROWN CRES,W 8TH AVE,414777ab-7570-5cd2-b598-d7a0197eb736,"CROWN CRES & W 8TH AVE, VANCOUVER",49.265416,-123.199799,incomplete_2018_2022_observations_no_zero_fill
VANCOUVER,CROWN ST,STAUTLO AVE,f9c08fe4-6488-551c-b4f1-a9eefedc60f7,"CROWN ST & STAUTLO AVE, VANCOUVER",49.229467,-123.195163,incomplete_2018_2022_observations_no_zero_fill
VANCOUVER,CROWN ST,W 11TH AVE,2895efac-6b87-577d-8d87-f2cf72892a7e,"CROWN ST & W 11TH AVE, VANCOUVER",49.26266,-123.193942,incomplete_2018_2022_observations_no_zero_fill
VANCOUVER,CROWN ST,W 12TH AVE,2c89f8e9-13e1-5386-844c-82aeb81497d6,"CROWN ST & W 12TH AVE, VANCOUVER",49.261786,-123.193981,incomplete_2018_2022_observations_no_zero_fill
VANCOUVER,CROWN ST,W 13TH AVE,00120fed-cd03-5154-a2cd-c8437fb84ae7,"CROWN ST & W 13TH AVE, VANCOUVER",49.260875,-123.194036,incomplete_2018_2022_observations_no_zero_fill
VANCOUVER,CROWN ST,W 15TH AVE,6137623d-d1b3-567c-9689-c26c2888df27,"CROWN ST & W 15TH AVE, VANCOUVER",49.259022,-123.194094,incomplete_2018_2022_observations_no_zero_fill
VANCOUVER,CROWN ST,W 17TH AVE,b46ca365-eba8-5c4f-b625-689f89109dd0,"CROWN ST & W 17TH AVE, VANCOUVER",49.257479,-123.193563,incomplete_2018_2022_observations_no_zero_fill
VANCOUVER,CROWN ST,W 18TH AVE,3e90b09e-9aa1-5ff8-bd41-16b6f61fd55d,"CROWN ST & W 18TH AVE, VANCOUVER",49.25651,-123.193569,incomplete_2018_2022_observations_no_zero_fill
VANCOUVER,CROWN ST,W 19TH AVE,b71507e1-3a0a-5133-847c-4449089f9e41,"CROWN ST & W 19TH AVE, VANCOUVER",49.255599,-123.193576,incomplete_2018_2022_observations_no_zero_fill
VANCOUVER,CROWN ST,W 20TH AVE,9868ca50-09fc-5349-8e5d-af9dcfa27e4e,"CROWN ST & W 20TH AVE, VANCOUVER",49.254716,-123.193581,incomplete_2018_2022_observations_no_zero_fill
VANCOUVER,CROWN ST,W 21ST AVE,06e135c1-363b-5dd1-b095-9a26b8e0f0f8,"CROWN ST & W 21ST AVE, VANCOUVER",49.2538,-123.193586,incomplete_2018_2022_observations_no_zero_fill
VANCOUVER,CROWN ST,W 23RD AVE,1c680f0b-0c97-502e-bd03-6c9ed4756421,"CROWN ST & W 23RD AVE, VANCOUVER",49.252006,-123.193617,incomplete_2018_2022_observations_no_zero_fill
VANCOUVER,CROWN ST,W 24TH AVE,c5bbc41a-bf74-51e1-8adf-93538ff738fc,"CROWN ST & W 24TH AVE, VANCOUVER",49.251086,-123.193622,incomplete_2018_2022_observations_no_zero_fill
VANCOUVER,CROWN ST,W 27TH AVE,0c6cc25c-4027-56a6-a4ad-ab91c352e3fe,"CROWN ST & W 27TH AVE, VANCOUVER",49.24811,-123.193624,incomplete_2018_2022_observations_no_zero_fill
VANCOUVER,CROWN ST,W 28TH AVE,93571f23-96d4-5fc2-b3a7-1c1c523ac4a2,"CROWN ST & W 28TH AVE, VANCOUVER",49.247158,-123.193627,incomplete_2018_2022_observations_no_zero_fill
VANCOUVER,CROWN ST,W 29TH AVE,cc7054c3-dd51-5260-89ec-c865708f8576,"CROWN ST & W 29TH AVE, VANCOUVER",49.246205,-123.193639,incomplete_2018_2022_observations_no_zero_fill
VANCOUVER,CROWN ST,W 30TH AVE,cea82b2f-ed63-5840-98e2-ee87b3c83935,"CROWN ST & W 30TH AVE, VANCOUVER",49.245254,-123.193652,incomplete_2018_2022_observations_no_zero_fill
VANCOUVER,CROWN ST,W 32ND AVE,7de064f4-e861-5eae-8992-641ba337117c,"CROWN ST & W 32ND AVE, VANCOUVER",49.243355,-123.193667,incomplete_2018_2022_observations_no_zero_fill
VANCOUVER,CROWN ST,W 33RD AVE,d0279293-ce1d-5c26-a4ad-59c2bdb25282,"CROWN ST & W 33RD AVE, VANCOUVER",49.242424,-123.193672,incomplete_2018_2022_observations_no_zero_fill
VANCOUVER,CROWN ST,W 36TH AVE,b361ed31-6eb0-544d-9beb-9e71dd081ed9,"CROWN ST & W 36TH AVE, VANCOUVER",49.239564,-123.193685,incomplete_2018_2022_observations_no_zero_fill
VANCOUVER,CROWN ST,W 38TH AVE,b54307c4-93a0-5e7f-b901-2a9fe693252d,"CROWN ST & W 38TH AVE, VANCOUVER",49.237615,-123.193705,incomplete_2018_2022_observations_no_zero_fill
VANCOUVER,CROWN ST,W 39TH AVE,5fec8c32-b3bd-5289-8b22-b594cec843c2,"CROWN ST & W 39TH AVE, VANCOUVER",49.236452,-123.193711,incomplete_2018_2022_observations_no_zero_fill
VANCOUVER,CROWN ST,W 40TH AVE,3a2880c2-4c32-5938-9e75-1f9179bbd08f,"CROWN ST & W 40TH AVE, VANCOUVER",49.235622,-123.193717,incomplete_2018_2022_observations_no_zero_fill
VANCOUVER,CROWN ST,W KING EDWARD AVE,250070b0-8cd5-566f-bd05-e3481c183b7b,"CROWN ST & W KING EDWARD AVE, VANCOUVER",49.250083,-123.193612,incomplete_2018_2022_observations_no_zero_fill
VANCOUVER,CULLODEN ST,E 29TH AVE,7922f7a8-d992-5225-8aa1-433cb92dc092,"CULLODEN ST & E 29TH AVE, VANCOUVER",49.244582,-123.078879,incomplete_2018_2022_observations_no_zero_fill
VANCOUVER,CULLODEN ST,E 31ST AVE,624b74d8-f665-5773-9576-c5b456607866,"CULLODEN ST & E 31ST AVE, VANCOUVER",49.242516,-123.078941,incomplete_2018_2022_observations_no_zero_fill
VANCOUVER,CULLODEN ST,E 36TH AVE,f2d0fde2-afd1-5f22-b75f-944b46413c7c,"CULLODEN ST & E 36TH AVE, VANCOUVER",49.237727,-123.079094,incomplete_2018_2022_observations_no_zero_fill
VANCOUVER,CULLODEN ST,E 37TH AVE,35bd6e71-dedc-5231-97c1-a5d90e5a4f38,"CULLODEN ST & E 37TH AVE, VANCOUVER",49.236868,-123.079122,incomplete_2018_2022_observations_no_zero_fill
VANCOUVER,CULLODEN ST,E 39TH AVE,98c0deec-22a1-5569-a666-24597d467a6f,"CULLODEN ST & E 39TH AVE, VANCOUVER",49.234807,-123.078344,incomplete_2018_2022_observations_no_zero_fill
VANCOUVER,CULLODEN ST,E 43RD AVE,170c3c36-5987-5512-bf1b-4dfad8bc7d7a,"CULLODEN ST & E 43RD AVE, VANCOUVER",49.230743,-123.078483,incomplete_2018_2022_observations_no_zero_fill
VANCOUVER,CULLODEN ST,E 45TH AVE,a0615613-42a7-565d-9a5a-f36caec61e60,"CULLODEN ST & E 45TH AVE, VANCOUVER",49.229024,-123.078541,incomplete_2018_2022_observations_no_zero_fill
VANCOUVER,CULLODEN ST,E 51ST AVE,8810b199-7717-53c8-ab06-2ff96217045f,"CULLODEN ST & E 51ST AVE, VANCOUVER",49.223408,-123.07875,incomplete_2018_2022_observations_no_zero_fill
VANCOUVER,CULLODEN ST,E 53RD AVE,d2e5e6c0-d065-5ab4-88a0-dcb12fb83710,"CULLODEN ST & E 53RD AVE, VANCOUVER",49.221816,-123.078809,incomplete_2018_2022_observations_no_zero_fill
VANCOUVER,CULLODEN ST,E 54TH AVE,8d871cb2-c6cc-5db2-9c3a-1d621dc9f0b8,"CULLODEN ST & E 54TH AVE, VANCOUVER",49.220462,-123.078859,incomplete_2018_2022_observations_no_zero_fill
VANCOUVER,CULLODEN ST,E 55TH AVE,4492d159-92cc-519f-aa49-3d454f451ee8,"CULLODEN ST & E 55TH AVE, VANCOUVER",49.219584,-123.078714,incomplete_2018_2022_observations_no_zero_fill
VANCOUVER,CULLODEN ST,E 59TH AVE,56f9ad73-e9fc-5103-817c-2c3c2e7faad8,"CULLODEN ST & E 59TH AVE, VANCOUVER",49.216404,-123.07858,incomplete_2018_2022_observations_no_zero_fill
VANCOUVER,CYPRESS CRES,CYPRESS ST,a66ea34c-089b-5db1-a85b-ae4ca4e1580e,"CYPRESS CRES & CYPRESS ST, VANCOUVER",49.249673,-123.148797,incomplete_2018_2022_observations_no_zero_fill
VANCOUVER,CYPRESS ST,GREER AVE,d25eda9a-8fd9-53ab-b25f-c6b62f657e31,"CYPRESS ST & GREER AVE, VANCOUVER",49.273519,-123.147767,incomplete_2018_2022_observations_no_zero_fill
VANCOUVER,CYPRESS ST,MAPLE CRES,1d6f86c0-a512-5680-93b3-12a79d560aff,"CYPRESS ST & MAPLE CRES, VANCOUVER",49.246276,-123.148915,incomplete_2018_2022_observations_no_zero_fill
VANCOUVER,CYPRESS ST,MATTHEWS AVE,25c01391-70ee-548f-a54f-e98df4e26462,"CYPRESS ST & MATTHEWS AVE, VANCOUVER",49.251133,-123.148658,incomplete_2018_2022_observations_no_zero_fill
VANCOUVER,CYPRESS ST,MCNICOLL AVE,8d07680c-7ee4-5c12-9f1d-d8422a708b74,"CYPRESS ST & MCNICOLL AVE, VANCOUVER",49.27622,-123.147678,incomplete_2018_2022_observations_no_zero_fill
VANCOUVER,CYPRESS ST,NANTON AVE,204035ae-d315-5482-ae83-4f2b474e2529,"CYPRESS ST & NANTON AVE, VANCOUVER",49.247568,-123.148895,incomplete_2018_2022_observations_no_zero_fill
VANCOUVER,CYPRESS ST,W 10TH AVE,00e3c24a-397b-5267-9ed1-5b0395d47bbc,"CYPRESS ST & W 10TH AVE, VANCOUVER",49.262787,-123.14818,incomplete_2018_2022_observations_no_zero_fill
VANCOUVER,CYPRESS ST,W 11TH AVE,dd6bbc82-ed14-5d30-b386-fbe0d4261956,"CYPRESS ST & W 11TH AVE, VANCOUVER",49.261866,-123.148213,incomplete_2018_2022_observations_no_zero_fill
VANCOUVER,CYPRESS ST,W 13TH AVE,720d51a1-4de8-5fa1-b9e0-f1a4d69e4ca0,"CYPRESS ST & W 13TH AVE, VANCOUVER",49.259969,-123.148287,incomplete_2018_2022_observations_no_zero_fill
VANCOUVER,CYPRESS ST,W 14TH AVE,90f6adfc-2aec-5b41-ab4f-19fb835bcc53,"CYPRESS ST & W 14TH AVE, VANCOUVER",49.259096,-123.148334,incomplete_2018_2022_observations_no_zero_fill
VANCOUVER,CYPRESS ST,W 15TH AVE,e67ac6d2-b556-5b3e-8a64-5cec12025269,"CYPRESS ST & W 15TH AVE, VANCOUVER",49.258122,-123.148356,incomplete_2018_2022_observations_no_zero_fill
VANCOUVER,CYPRESS ST,W 18TH AVE,d8c3e6c8-8706-5fcc-87d2-94860b26bd9c,"CYPRESS ST & W 18TH AVE, VANCOUVER",49.25531,-123.14845,incomplete_2018_2022_observations_no_zero_fill
VANCOUVER,CYPRESS ST,W 2ND AVE,9978dd19-5eb0-524b-91b4-439632d3d531,"CYPRESS ST & W 2ND AVE, VANCOUVER",49.269825,-123.147908,incomplete_2018_2022_observations_no_zero_fill
VANCOUVER,CYPRESS ST,W 33RD AVE,76b158fa-bb8e-58a9-9fe3-7f2c35472705,"CYPRESS ST & W 33RD AVE, VANCOUVER",49.242052,-123.149436,incomplete_2018_2022_observations_no_zero_fill
VANCOUVER,CYPRESS ST,W 36TH AVE,af2d5562-9b5f-5160-b613-80fe2badfcbb,"CYPRESS ST & W 36TH AVE, VANCOUVER",49.239089,-123.148771,incomplete_2018_2022_observations_no_zero_fill
VANCOUVER,CYPRESS ST,W 37TH AVE,dcedb458-d3d6-50a2-ab6f-7fe6c9b75109,"CYPRESS ST & W 37TH AVE, VANCOUVER",49.23819,-123.148948,incomplete_2018_2022_observations_no_zero_fill
VANCOUVER,CYPRESS ST,W 42ND AVE,5333d110-229a-5f4f-972a-41303c38ad9d,"CYPRESS ST & W 42ND AVE, VANCOUVER",49.23345,-123.149265,incomplete_2018_2022_observations_no_zero_fill
VANCOUVER,CYPRESS ST,W 43RD AVE,8a545fb9-5828-5ead-88b3-965eda9bc4b2,"CYPRESS ST & W 43RD AVE, VANCOUVER",49.232608,-123.149295,incomplete_2018_2022_observations_no_zero_fill
VANCOUVER,CYPRESS ST,W 45TH AVE,e3aabb2c-096f-5807-a38d-9a68497dc9e7,"CYPRESS ST & W 45TH AVE, VANCOUVER",49.23077,-123.14936,incomplete_2018_2022_observations_no_zero_fill
VANCOUVER,CYPRESS ST,W 47TH AVE,43504f91-4e76-5476-b26b-093d127c4227,"CYPRESS ST & W 47TH AVE, VANCOUVER",49.22891,-123.149426,incomplete_2018_2022_observations_no_zero_fill
VANCOUVER,CYPRESS ST,W 49TH AVE,15c88b85-6bcb-5b79-8553-183c49020501,"CYPRESS ST & W 49TH AVE, VANCOUVER",49.227092,-123.149489,incomplete_2018_2022_observations_no_zero_fill
VANCOUVER,CYPRESS ST,W 50TH AVE,28578d8a-affb-57d5-9d53-55c625ed46c2,"CYPRESS ST & W 50TH AVE, VANCOUVER",49.225771,-123.149527,incomplete_2018_2022_observations_no_zero_fill
VANCOUVER,CYPRESS ST,W 54TH AVE,e809c3b5-ce2d-5c89-9a8f-8db570ea780a,"CYPRESS ST & W 54TH AVE, VANCOUVER",49.221816,-123.149636,incomplete_2018_2022_observations_no_zero_fill
VANCOUVER,CYPRESS ST,W 7TH AVE,f0d29f58-b735-583f-ae99-65c79278e428,"CYPRESS ST & W 7TH AVE, VANCOUVER",49.265501,-123.148076,incomplete_2018_2022_observations_no_zero_fill
VANCOUVER,CYPRESS ST,W 8TH AVE,d20f2b68-624e-5d05-bdc1-793cee59abd2,"CYPRESS ST & W 8TH AVE, VANCOUVER",49.264677,-123.148102,incomplete_2018_2022_observations_no_zero_fill
VANCOUVER,DARTMOOR PL,LYNMOOR PL,6231b278-5957-5b03-873a-8592b21da856,"DARTMOOR PL & LYNMOOR PL, VANCOUVER",49.209807,-123.028512,incomplete_2018_2022_observations_no_zero_fill
VANCOUVER,DAWSON ST,E 49TH AVE,0b49bfc9-f033-5bb3-ab2b-39d4b2acc49b,"DAWSON ST & E 49TH AVE, VANCOUVER",49.224764,-123.048777,incomplete_2018_2022_observations_no_zero_fill
VANCOUVER,DAWSON ST,E 51ST AVE,19c32a06-923c-5dde-a81b-5ed95e73ecec,"DAWSON ST & E 51ST AVE, VANCOUVER",49.222766,-123.048884,incomplete_2018_2022_observations_no_zero_fill
VANCOUVER,DAWSON ST,E 54TH AVE,101ccdcf-7ac8-53f2-9cc6-128b130393b8,"DAWSON ST & E 54TH AVE, VANCOUVER",49.220213,-123.049025,incomplete_2018_2022_observations_no_zero_fill
VANCOUVER,DENMAN ST,HENSHAW LANE,840694c6-5d54-5849-ad44-05e2f1bf6234,"DENMAN ST & HENSHAW LANE, VANCOUVER",49.289052,-123.139117,incomplete_2018_2022_observations_no_zero_fill
VANCOUVER,DENMAN ST,HWY 1A,6eebfe28-70c7-58d1-845e-f4eb468ff1f9,"DENMAN ST & HWY 1A, VANCOUVER",49.292623,-123.133718,incomplete_2018_2022_observations_no_zero_fill
VANCOUVER,DENMAN ST,HWY 99,e4536f4a-b400-5245-a3df-b5b31ef1eaf3,"DENMAN ST & HWY 99, VANCOUVER",49.292623,-123.133718,incomplete_2018_2022_observations_no_zero_fill
VANCOUVER,DENMAN ST,JEPSON-YOUNG LANE,66d47411-4756-5c15-96cd-303a6690851d,"DENMAN ST & JEPSON-YOUNG LANE, VANCOUVER",49.288306,-123.140247,incomplete_2018_2022_observations_no_zero_fill
VANCOUVER,DENMAN ST,PANTAGES LANE,b6b20d64-e400-5775-a383-157662a6f691,"DENMAN ST & PANTAGES LANE, VANCOUVER",49.286911,-123.142346,incomplete_2018_2022_observations_no_zero_fill
VANCOUVER,DENMAN ST,ROSEMARY BROWN LANE,64f03c1c-7ea1-58c1-a474-98d4719835bb,"DENMAN ST & ROSEMARY BROWN LANE, VANCOUVER",49.291126,-123.136005,incomplete_2018_2022_observations_no_zero_fill
VANCOUVER,DENMAN ST,SEE-EM-IA LANE,b8363946-2523-51d0-b073-64cf84df496c,"DENMAN ST & SEE-EM-IA LANE, VANCOUVER",49.287572,-123.141361,incomplete_2018_2022_observations_no_zero_fill
VANCOUVER,DENMAN ST,STOVOLD LANE,fc730d1a-1ef4-5ee1-ab34-85d21bb3e916,"DENMAN ST & STOVOLD LANE, VANCOUVER",49.29041,-123.137057,incomplete_2018_2022_observations_no_zero_fill
VANCOUVER,DENMAN ST,TED NORTHE LANE,fc4594da-2f88-5a15-be8e-df45aee489af,"DENMAN ST & TED NORTHE LANE, VANCOUVER",49.289751,-123.138042,incomplete_2018_2022_observations_no_zero_fill
VANCOUVER,DEVONSHIRE CRES,GRANVILLE ST,3dafc651-80c8-5387-8735-5f9da3ebc2ef,"DEVONSHIRE CRES & GRANVILLE ST, VANCOUVER",49.246482,-123.139173,incomplete_2018_2022_observations_no_zero_fill
VANCOUVER,DEVONSHIRE CRES,HUDSON ST,7c10c0ad-9259-556c-8f1e-cf164ef8787f,"DEVONSHIRE CRES & HUDSON ST, VANCOUVER",49.24577,-123.134484,incomplete_2018_2022_observations_no_zero_fill
VANCOUVER,DEVONSHIRE CRES,SELKIRK ST,a3aa391c-e35a-55e2-a1cc-28658b62ead2,"DEVONSHIRE CRES & SELKIRK ST, VANCOUVER",49.245297,-123.132206,incomplete_2018_2022_observations_no_zero_fill
VANCOUVER,DEVONSHIRE CRES,W 29TH AVE,d7654096-61ac-5834-82e2-043601fb7c7e,"DEVONSHIRE CRES & W 29TH AVE, VANCOUVER",49.245297,-123.132206,incomplete_2018_2022_observations_no_zero_fill
VANCOUVER,DIEPPE DR,DIEPPE PL,62a25157-9e9a-55d1-99c0-a64202bf49f5,"DIEPPE DR & DIEPPE PL, VANCOUVER",49.25645,-123.026704,incomplete_2018_2022_observations_no_zero_fill
VANCOUVER,DIEPPE DR,E 18TH AVE,11283ef1-154d-5087-a983-719117cf695e,"DIEPPE DR & E 18TH AVE, VANCOUVER",49.254202,-123.024634,incomplete_2018_2022_observations_no_zero_fill
VANCOUVER,DIEPPE DR,FALAISE AVE,909c06ba-eda9-5007-922e-84cee4af5233,"DIEPPE DR & FALAISE AVE, VANCOUVER",49.256895,-123.027392,incomplete_2018_2022_observations_no_zero_fill
VANCOUVER,DIEPPE DR,HAIDA DR,c5888b7a-bb71-5bd3-b5da-2964c7184975,"DIEPPE DR & HAIDA DR, VANCOUVER",49.253581,-123.024632,incomplete_2018_2022_observations_no_zero_fill
VANCOUVER,DIEPPE DR,MALTA AVE,b70573ab-0f4e-5e8d-8ec2-774b9d7b868f,"DIEPPE DR & MALTA AVE, VANCOUVER",49.255767,-123.025679,incomplete_2018_2022_observations_no_zero_fill
VANCOUVER,DIEPPE DR,MATAPAN CRES,f2b23b91-9d72-5fd6-a02e-bce8f86f098f,"DIEPPE DR & MATAPAN CRES, VANCOUVER",49.257269,-123.027808,incomplete_2018_2022_observations_no_zero_fill
VANCOUVER,DIEPPE DR,NORMANDY DR,53f3cf7b-1352-5241-8092-be2f4b32d9bd,"DIEPPE DR & NORMANDY DR, VANCOUVER",49.251507,-123.024627,incomplete_2018_2022_observations_no_zero_fill
VANCOUVER,DIEPPE DR,VIMY CRES,f84183bd-086c-5e2d-ae2c-7ce20620ed1b,"DIEPPE DR & VIMY CRES, VANCOUVER",49.257269,-123.027808,incomplete_2018_2022_observations_no_zero_fill
VANCOUVER,DIEPPE LANE,W 4TH AVE,d411dc0e-1706-5ac5-b57f-c5b0d100ca69,"DIEPPE LANE & W 4TH AVE, VANCOUVER",49.268714,-123.19345,incomplete_2018_2022_observations_no_zero_fill
VANCOUVER,DINMONT AVE,MIDLOTHIAN AVE,df69850c-c0f7-52a0-b3c3-78e16b1fd176,"DINMONT AVE & MIDLOTHIAN AVE, VANCOUVER",49.244821,-123.111359,incomplete_2018_2022_observations_no_zero_fill
VANCOUVER,DINMONT AVE,NIGEL AVE,7d3bbe3d-2b3e-59ee-a0ca-11a7544894f8,"DINMONT AVE & NIGEL AVE, VANCOUVER",49.245448,-123.110104,incomplete_2018_2022_observations_no_zero_fill
VANCOUVER,DINMONT AVE,PEVERIL AVE,d3c5408f-171b-5fdd-baa8-1d5e9429895d,"DINMONT AVE & PEVERIL AVE, VANCOUVER",49.246555,-123.107876,incomplete_2018_2022_observations_no_zero_fill
VANCOUVER,DINMONT AVE,TALISMAN AVE,0a98b0d4-7daf-54b6-8a1e-e9fc992db9c4,"DINMONT AVE & TALISMAN AVE, VANCOUVER",49.24602,-123.10895,incomplete_2018_2022_observations_no_zero_fill
VANCOUVER,DISCOVERY ST,NW MARINE DR,6a84e5e7-f3a9-5b54-8575-263d7bb88f1a,"DISCOVERY ST & NW MARINE DR, VANCOUVER",49.271694,-123.202684,incomplete_2018_2022_observations_no_zero_fill
VANCOUVER,DISCOVERY ST,W 11TH AVE,65c86aea-a974-5a7b-9b00-4d153fdabe60,"DISCOVERY ST & W 11TH AVE, VANCOUVER",49.262807,-123.203047,incomplete_2018_2022_observations_no_zero_fill
VANCOUVER,DISCOVERY ST,W 12TH AVE,195eabe7-4ebe-5957-a0d2-cf09dee6ba97,"DISCOVERY ST & W 12TH AVE, VANCOUVER",49.261925,-123.20308,incomplete_2018_2022_observations_no_zero_fill
VANCOUVER,DISCOVERY ST,W 13TH AVE,b1936094-adad-52c9-9795-694f21695689,"DISCOVERY ST & W 13TH AVE, VANCOUVER",49.261014,-123.203114,incomplete_2018_2022_observations_no_zero_fill
VANCOUVER,DISCOVERY ST,W 14TH AVE,9bb276e4-6e4c-5bbe-9064-dac8b5bb7919,"DISCOVERY ST & W 14TH AVE, VANCOUVER",49.26011,-123.203148,incomplete_2018_2022_observations_no_zero_fill
VANCOUVER,DISCOVERY ST,W 15TH AVE,66791e5a-603c-5fac-9e43-1ed2145bde7c,"DISCOVERY ST & W 15TH AVE, VANCOUVER",49.25919,-123.203183,incomplete_2018_2022_observations_no_zero_fill
VANCOUVER,DISCOVERY ST,W 2ND AVE,a2925470-b704-51ef-aff8-a5a912aed92e,"DISCOVERY ST & W 2ND AVE, VANCOUVER",49.27126,-123.202759,incomplete_2018_2022_observations_no_zero_fill
VANCOUVER,DISCOVERY ST,W 8TH AVE,33378f9e-f5fd-51e4-a89c-3d85706ed1de,"DISCOVERY ST & W 8TH AVE, VANCOUVER",49.265472,-123.202945,incomplete_2018_2022_observations_no_zero_fill
VANCOUVER,DISCOVERY ST,W 9TH AVE,c03764dd-da3e-545b-afa5-ff38f79b3c76,"DISCOVERY ST & W 9TH AVE, VANCOUVER",49.264615,-123.20299,incomplete_2018_2022_observations_no_zero_fill
VANCOUVER,DOGWOOD AVE,GRANVILLE ST,573d8392-d55a-54be-919e-032a1176f3a5,"DOGWOOD AVE & GRANVILLE ST, VANCOUVER",49.223515,-123.139947,incomplete_2018_2022_observations_no_zero_fill
VANCOUVER,DOMAN ST,E 46TH AVE,48437346-0902-5f89-95a5-f2c2996e1c62,"DOMAN ST & E 46TH AVE, VANCOUVER",49.22843,-123.036468,incomplete_2018_2022_observations_no_zero_fill
VANCOUVER,DOMAN ST,E 47TH AVE,d40f7cfa-be8b-5546-b021-46fa5268f91c,"DOMAN ST & E 47TH AVE, VANCOUVER",49.227686,-123.036501,incomplete_2018_2022_observations_no_zero_fill
VANCOUVER,DOMAN ST,E 48TH AVE,dc994230-8ed7-56de-8c8a-c17f1452656c,"DOMAN ST & E 48TH AVE, VANCOUVER",49.225443,-123.03661,incomplete_2018_2022_observations_no_zero_fill
VANCOUVER,DOMAN ST,E 51ST AVE,8b92bef4-4f34-58e7-ade4-42d66f85c2b3,"DOMAN ST & E 51ST AVE, VANCOUVER",49.222844,-123.036731,incomplete_2018_2022_observations_no_zero_fill
VANCOUVER,DOMAN ST,E 53RD AVE,bfadb304-b665-589b-bf77-da9492e8fd0c,"DOMAN ST & E 53RD AVE, VANCOUVER",49.221262,-123.03677,incomplete_2018_2022_observations_no_zero_fill
VANCOUVER,DOMAN ST,E 54TH AVE,bf19ab53-6d2f-5711-a884-ad2e43f4f0e5,"DOMAN ST & E 54TH AVE, VANCOUVER",49.220145,-123.036825,incomplete_2018_2022_observations_no_zero_fill
VANCOUVER,DOMAN ST,WAVERLEY AVE,bd65c5f8-2c9c-5179-b2e5-2b7bad0631fd,"DOMAN ST & WAVERLEY AVE, VANCOUVER",49.226952,-123.036537,incomplete_2018_2022_observations_no_zero_fill
VANCOUVER,DOUGLAS CRES,WOLFE AVE,38f928bd-d9ce-5490-9eb5-a041ce6b105e,"DOUGLAS CRES & WOLFE AVE, VANCOUVER",49.254785,-123.129271,incomplete_2018_2022_observations_no_zero_fill
VANCOUVER,DRAKE ST,HAMILTON ST,e455c78f-845e-5045-9a4f-01052e8a3ef5,"DRAKE ST & HAMILTON ST, VANCOUVER",49.273819,-123.124273,incomplete_2018_2022_observations_no_zero_fill
VANCOUVER,DRAKE ST,HOMER ST,94e6d546-5f82-54d6-9500-e8e795b36f34,"DRAKE ST & HOMER ST, VANCOUVER",49.274205,-123.124853,incomplete_2018_2022_observations_no_zero_fill
VANCOUVER,DRAKE ST,HWY 99,259e1006-7db9-581c-a7e3-02a21abda7c3,"DRAKE ST & HWY 99, VANCOUVER",49.276755,-123.128786,incomplete_2018_2022_observations_no_zero_fill
VANCOUVER,DRAKE ST,ROLSTON ST,be5cddd0-e018-5f39-8d4e-c06a90eff08c,"DRAKE ST & ROLSTON ST, VANCOUVER",49.275728,-123.127206,incomplete_2018_2022_observations_no_zero_fill
VANCOUVER,DRAKE ST,ROUNDHOUSE MEWS,16388a87-34c6-5a0b-af36-b14e0dcd05eb,"DRAKE ST & ROUNDHOUSE MEWS, VANCOUVER",49.272832,-123.122682,incomplete_2018_2022_observations_no_zero_fill
VANCOUVER,DRUMMOND DR,W 4TH AVE,460fccd2-4ae2-5e63-869d-6f810d8be606,"DRUMMOND DR & W 4TH AVE, VANCOUVER",49.268979,-123.219598,incomplete_2018_2022_observations_no_zero_fill
VANCOUVER,DUCHESS ST,DUKE ST,636055c5-6021-5fcc-b9fa-f06b9f3ca22c,"DUCHESS ST & DUKE ST, VANCOUVER",49.239952,-123.051938,incomplete_2018_2022_observations_no_zero_fill
VANCOUVER,DUCHESS ST,EUCLID AVE,21c84500-e60b-5632-bed1-4c103b0e3dd8,"DUCHESS ST & EUCLID AVE, VANCOUVER",49.242488,-123.048911,incomplete_2018_2022_observations_no_zero_fill
VANCOUVER,DUCHESS ST,HORLEY ST,28d054ba-b9d9-53b0-9b60-81f80a2b224c,"DUCHESS ST & HORLEY ST, VANCOUVER",49.241133,-123.050278,incomplete_2018_2022_observations_no_zero_fill
VANCOUVER,DUCHESS ST,WARD ST,539703bf-ffb2-5088-a69a-2e57b9d60e4a,"DUCHESS ST & WARD ST, VANCOUVER",49.240714,-123.051091,incomplete_2018_2022_observations_no_zero_fill
VANCOUVER,DUFF ST,E 54TH AVE,e77b5a80-0aa6-598a-bf46-be6240db9ef4,"DUFF ST & E 54TH AVE, VANCOUVER",49.220254,-123.064567,incomplete_2018_2022_observations_no_zero_fill
VANCOUVER,DUFF ST,SE MARINE DR,f243cccb-6927-57a3-a35c-ec6faff85b1e,"DUFF ST & SE MARINE DR, VANCOUVER",49.209103,-123.064377,incomplete_2018_2022_observations_no_zero_fill
VANCOUVER,DUFF ST,SOUTHSIDE DR,6156c3c7-8c4a-5a97-91d2-8bc03bae63c7,"DUFF ST & SOUTHSIDE DR, VANCOUVER",49.20851,-123.064391,incomplete_2018_2022_observations_no_zero_fill
VANCOUVER,DUFF ST,UPLAND DR,a4599515-3ed2-5fae-97d9-599e6d4acdb7,"DUFF ST & UPLAND DR, VANCOUVER",49.218036,-123.06464,incomplete_2018_2022_observations_no_zero_fill
VANCOUVER,DUKE ST,EARLES ST,ba226d8c-e513-5689-bbdc-5f4d6f230417,"DUKE ST & EARLES ST, VANCOUVER",49.238361,-123.048075,incomplete_2018_2022_observations_no_zero_fill
VANCOUVER,DUMFRIES ST,E 18TH AVE,0bb70a6b-1219-53b9-bf92-532dfbc48d72,"DUMFRIES ST & E 18TH AVE, VANCOUVER",49.254365,-123.072911,incomplete_2018_2022_observations_no_zero_fill
VANCOUVER,DUMFRIES ST,E 19TH AVE,fc389d54-3c1e-57b8-bdfd-d31f1a8d2b04,"DUMFRIES ST & E 19TH AVE, VANCOUVER",49.253468,-123.072929,incomplete_2018_2022_observations_no_zero_fill
VANCOUVER,DUMFRIES ST,E 20TH AVE,82c7334a-f628-5d0e-a25c-38ae5d9c002a,"DUMFRIES ST & E 20TH AVE, VANCOUVER",49.25255,-123.072955,incomplete_2018_2022_observations_no_zero_fill
VANCOUVER,DUMFRIES ST,E 21ST AVE,ba6c0bb5-fd86-57f6-aa0e-2ba1719e2c2c,"DUMFRIES ST & E 21ST AVE, VANCOUVER",49.251657,-123.07328,incomplete_2018_2022_observations_no_zero_fill
VANCOUVER,DUMFRIES ST,E 22ND AVE,44717213-f8c9-5c2e-ab5d-f8cae8b391e1,"DUMFRIES ST & E 22ND AVE, VANCOUVER",49.250394,-123.073312,incomplete_2018_2022_observations_no_zero_fill
VANCOUVER,DUMFRIES ST,E 26TH AVE,6e6bca76-ab75-5496-890c-2cf9d8861d4c,"DUMFRIES ST & E 26TH AVE, VANCOUVER",49.247848,-123.073387,incomplete_2018_2022_observations_no_zero_fill
VANCOUVER,DUMFRIES ST,E 27TH AVE,691667e7-8052-52c1-b1e4-50b149cf0726,"DUMFRIES ST & E 27TH AVE, VANCOUVER",49.246399,-123.073433,incomplete_2018_2022_observations_no_zero_fill
VANCOUVER,DUMFRIES ST,E 30TH AVE,6f2ff536-ab92-5bea-8dac-15991bad8087,"DUMFRIES ST & E 30TH AVE, VANCOUVER",49.24364,-123.073525,incomplete_2018_2022_observations_no_zero_fill
VANCOUVER,DUMFRIES ST,E 31ST AVE,bdf53b11-ddc2-5631-884c-1cdbb6064f39,"DUMFRIES ST & E 31ST AVE, VANCOUVER",49.243022,-123.073547,incomplete_2018_2022_observations_no_zero_fill
VANCOUVER,DUMFRIES ST,E 32ND AVE,d90516dc-c7ad-5ae1-b0ed-49868a284e83,"DUMFRIES ST & E 32ND AVE, VANCOUVER",49.241629,-123.073591,incomplete_2018_2022_observations_no_zero_fill
VANCOUVER,DUMFRIES ST,E 34TH AVE,fc81793c-8dc1-58a1-af48-fa508116a540,"DUMFRIES ST & E 34TH AVE, VANCOUVER",49.239349,-123.074062,incomplete_2018_2022_observations_no_zero_fill
VANCOUVER,DUMFRIES ST,E 35TH AVE,9ff786f0-10aa-51e1-9f18-fd4098c39e50,"DUMFRIES ST & E 35TH AVE, VANCOUVER",49.238511,-123.074092,incomplete_2018_2022_observations_no_zero_fill
VANCOUVER,DUMFRIES ST,E 36TH AVE,7b416587-f469-5cf3-b3b0-510866a015d4,"DUMFRIES ST & E 36TH AVE, VANCOUVER",49.237689,-123.074123,incomplete_2018_2022_observations_no_zero_fill
VANCOUVER,DUMFRIES ST,E 37TH AVE,83bd603b-5539-5560-ad34-733404a1c9ad,"DUMFRIES ST & E 37TH AVE, VANCOUVER",49.236799,-123.074154,incomplete_2018_2022_observations_no_zero_fill
VANCOUVER,DUMFRIES ST,E 39TH AVE,90a8d324-e941-5ee1-a640-b9b06df214fb,"DUMFRIES ST & E 39TH AVE, VANCOUVER",49.234762,-123.074214,incomplete_2018_2022_observations_no_zero_fill
VANCOUVER,DUMFRIES ST,E 43RD AVE,752b39e1-1000-5526-b7f9-179bc51a7dab,"DUMFRIES ST & E 43RD AVE, VANCOUVER",49.230601,-123.074346,incomplete_2018_2022_observations_no_zero_fill
VANCOUVER,DUMFRIES ST,E 47TH AVE,ae21f6f0-faa5-5781-85ef-edaab52a1b6b,"DUMFRIES ST & E 47TH AVE, VANCOUVER",49.227157,-123.074471,incomplete_2018_2022_observations_no_zero_fill
VANCOUVER,DUMFRIES ST,E 51ST AVE,36a12c06-4554-5654-9b2c-c3e5d0430867,"DUMFRIES ST & E 51ST AVE, VANCOUVER",49.223348,-123.074615,incomplete_2018_2022_observations_no_zero_fill
VANCOUVER,DUMFRIES ST,E 53RD AVE,ef296b79-ff8e-5bcd-919d-8f0804dba723,"DUMFRIES ST & E 53RD AVE, VANCOUVER",49.22177,-123.07467,incomplete_2018_2022_observations_no_zero_fill
VANCOUVER,DUMFRIES ST,E 54TH AVE,78a20027-def1-50d5-ba60-1a6092d9d047,"DUMFRIES ST & E 54TH AVE, VANCOUVER",49.220395,-123.074721,incomplete_2018_2022_observations_no_zero_fill
VANCOUVER,DUMFRIES ST,E 55TH AVE,80c23ec6-bb4e-578b-a0db-6e57b286bcd2,"DUMFRIES ST & E 55TH AVE, VANCOUVER",49.219563,-123.075462,incomplete_2018_2022_observations_no_zero_fill
VANCOUVER,DUMFRIES ST,E 57TH AVE,7eed8d6a-f498-5deb-9b7b-3a2cf501ca5c,"DUMFRIES ST & E 57TH AVE, VANCOUVER",49.218124,-123.0755,incomplete_2018_2022_observations_no_zero_fill
VANCOUVER,DUMFRIES ST,E 58TH AVE,afa880d9-e385-5e16-8040-e49fc90c7eac,"DUMFRIES ST & E 58TH AVE, VANCOUVER",49.21725,-123.075521,incomplete_2018_2022_observations_no_zero_fill
VANCOUVER,DUMFRIES ST,E 59TH AVE,7fe3888f-7cfd-5c77-9964-42976ee88a30,"DUMFRIES ST & E 59TH AVE, VANCOUVER",49.216382,-123.075544,incomplete_2018_2022_observations_no_zero_fill
VANCOUVER,DUNBAR LOOP,W 41ST AVE,9485af9c-77b4-5598-9886-905a1a9047a7,"DUNBAR LOOP & W 41ST AVE, VANCOUVER",49.234773,-123.185877,incomplete_2018_2022_observations_no_zero_fill
VANCOUVER,DUNBAR ST,MAYFAIR AVE,4963ca81-67b5-578e-86de-ff643b53bd17,"DUNBAR ST & MAYFAIR AVE, VANCOUVER",49.2369,-123.185265,incomplete_2018_2022_observations_no_zero_fill
VANCOUVER,DUNBAR ST,POINT GREY RD,140bf984-e886-55d3-bebf-30fc3f3ff464,"DUNBAR ST & POINT GREY RD, VANCOUVER",49.272165,-123.183505,incomplete_2018_2022_observations_no_zero_fill
VANCOUVER,DUNBAR ST,W 10TH AVE,d207b44f-f07b-545d-b850-d50975c8c37a,"DUNBAR ST & W 10TH AVE, VANCOUVER",49.26345,-123.183815,incomplete_2018_2022_observations_no_zero_fill
VANCOUVER,DUNBAR ST,W 11TH AVE,7d147601-e393-5660-91e3-703248ce37cc,"DUNBAR ST & W 11TH AVE, VANCOUVER",49.262515,-123.183844,incomplete_2018_2022_observations_no_zero_fill
VANCOUVER,DUNBAR ST,W 12TH AVE,7376b8d5-f6d7-5b0d-b1fb-74c3a88d327e,"DUNBAR ST & W 12TH AVE, VANCOUVER",49.261633,-123.183925,incomplete_2018_2022_observations_no_zero_fill
VANCOUVER,DUNBAR ST,W 15TH AVE,81598847-3652-503f-844b-08d21f68a894,"DUNBAR ST & W 15TH AVE, VANCOUVER",49.2589,-123.184013,incomplete_2018_2022_observations_no_zero_fill
VANCOUVER,DUNBAR ST,W 1ST AVE,b1ee41d7-d8c8-5c40-bc9d-3b953021632d,"DUNBAR ST & W 1ST AVE, VANCOUVER",49.271284,-123.183532,incomplete_2018_2022_observations_no_zero_fill
VANCOUVER,DUNBAR ST,W 21ST AVE,604ff5a7-0fe9-5168-9639-557d7ae52c26,"DUNBAR ST & W 21ST AVE, VANCOUVER",49.253762,-123.185165,incomplete_2018_2022_observations_no_zero_fill
VANCOUVER,DUNBAR ST,W 22ND AVE,fc7beace-94de-58be-baa4-a7cbbae77033,"DUNBAR ST & W 22ND AVE, VANCOUVER",49.252857,-123.185172,incomplete_2018_2022_observations_no_zero_fill
VANCOUVER,DUNBAR ST,W 23RD AVE,6e149738-188d-52be-88c3-29c12e5b0122,"DUNBAR ST & W 23RD AVE, VANCOUVER",49.251944,-123.185175,incomplete_2018_2022_observations_no_zero_fill
VANCOUVER,DUNBAR ST,W 32ND AVE,a0a2fa4b-c2ce-5658-8f2c-244118b54aea,"DUNBAR ST & W 32ND AVE, VANCOUVER",49.243323,-123.185245,incomplete_2018_2022_observations_no_zero_fill
VANCOUVER,DUNBAR ST,W 34TH AVE,38a17a78-7323-52cd-92b2-8b8ab03cc4d4,"DUNBAR ST & W 34TH AVE, VANCOUVER",49.241419,-123.185245,incomplete_2018_2022_observations_no_zero_fill
VANCOUVER,DUNBAR ST,W 35TH AVE,e9799a0a-eb38-598e-9889-6783953416c1,"DUNBAR ST & W 35TH AVE, VANCOUVER",49.240469,-123.185246,incomplete_2018_2022_observations_no_zero_fill
VANCOUVER,DUNBAR ST,W 36TH AVE,68290c00-3c73-5290-9ca7-9b8b2b7de18d,"DUNBAR ST & W 36TH AVE, VANCOUVER",49.239518,-123.185246,incomplete_2018_2022_observations_no_zero_fill
VANCOUVER,DUNBAR ST,W 37TH AVE,2ee6f6ce-9053-544a-b0c1-71c702cae338,"DUNBAR ST & W 37TH AVE, VANCOUVER",49.238574,-123.185249,incomplete_2018_2022_observations_no_zero_fill
VANCOUVER,DUNBAR ST,W 3RD AVE,c2fcf800-0f8d-51ad-b57e-594b11db3864,"DUNBAR ST & W 3RD AVE, VANCOUVER",49.269494,-123.183602,incomplete_2018_2022_observations_no_zero_fill
VANCOUVER,DUNBAR ST,W 42ND AVE,34bb8bb3-f387-5c2b-8dba-0430d0593dd6,"DUNBAR ST & W 42ND AVE, VANCOUVER",49.233797,-123.185335,incomplete_2018_2022_observations_no_zero_fill
VANCOUVER,DUNBAR ST,W 43RD AVE,71e3f034-e031-50d1-8b26-64a4d52f434b,"DUNBAR ST & W 43RD AVE, VANCOUVER",49.232846,-123.185358,incomplete_2018_2022_observations_no_zero_fill
VANCOUVER,DUNBAR ST,W 48TH AVE,4468baef-84b6-5dcb-ac0d-a73d3e8f80ee,"DUNBAR ST & W 48TH AVE, VANCOUVER",49.228431,-123.185467,incomplete_2018_2022_observations_no_zero_fill
VANCOUVER,DUNBAR ST,W 49TH AVE,0cef7758-8f69-53f6-86ff-0d2a7702a32c,"DUNBAR ST & W 49TH AVE, VANCOUVER",49.227479,-123.185489,incomplete_2018_2022_observations_no_zero_fill
VANCOUVER,DUNBAR ST,W 50TH AVE,9ff9e4ba-14cd-5d21-b2ef-fb6fa5445854,"DUNBAR ST & W 50TH AVE, VANCOUVER",49.226501,-123.185468,incomplete_2018_2022_observations_no_zero_fill
VANCOUVER,DUNBAR ST,W 5TH AVE,aca9e122-160a-5d52-8c02-b942f2c17fe0,"DUNBAR ST & W 5TH AVE, VANCOUVER",49.267715,-123.183673,incomplete_2018_2022_observations_no_zero_fill
VANCOUVER,DUNBAR ST,W 7TH AVE,ff29bd21-4f90-5ac9-a71f-a6a04bafa8f1,"DUNBAR ST & W 7TH AVE, VANCOUVER",49.266025,-123.183727,incomplete_2018_2022_observations_no_zero_fill
VANCOUVER,DUNBAR ST,W 8TH AVE,b2c34c56-17d9-517d-a577-67cafc9b5f85,"DUNBAR ST & W 8TH AVE, VANCOUVER",49.265209,-123.183753,incomplete_2018_2022_observations_no_zero_fill
VANCOUVER,DUNBAR ST,W 9TH AVE,9019d9c0-704f-58be-96eb-62fa87045b87,"DUNBAR ST & W 9TH AVE, VANCOUVER",49.264336,-123.183784,incomplete_2018_2022_observations_no_zero_fill
VANCOUVER,DUNDAS ST,KAMLOOPS ST,3781cdce-01a1-5d3f-8fd7-2b9b77c52d4d,"DUNDAS ST & KAMLOOPS ST, VANCOUVER",49.284772,-123.054583,incomplete_2018_2022_observations_no_zero_fill
VANCOUVER,DUNDAS ST,KASLO ST,9456dcd4-82c1-5366-88bc-49cfa209e9dc,"DUNDAS ST & KASLO ST, VANCOUVER",49.284775,-123.0467,incomplete_2018_2022_observations_no_zero_fill
VANCOUVER,DUNDAS ST,N GARDEN DR,6d0f79d9-0797-5116-8b1b-f55b0c0c73b2,"DUNDAS ST & N GARDEN DR, VANCOUVER",49.284791,-123.057767,incomplete_2018_2022_observations_no_zero_fill
VANCOUVER,DUNDAS ST,N KAMLOOPS ST,f20b17ee-a255-570b-ae29-c3694b403ed6,"DUNDAS ST & N KAMLOOPS ST, VANCOUVER",49.284772,-123.054583,incomplete_2018_2022_observations_no_zero_fill
VANCOUVER,DUNDAS ST,N LAKEWOOD DR,60de9db1-29b2-5f14-9fe7-11d137645a96,"DUNDAS ST & N LAKEWOOD DR, VANCOUVER",49.284799,-123.061616,incomplete_2018_2022_observations_no_zero_fill
VANCOUVER,DUNDAS ST,N NANAIMO ST,afc13841-3b22-5dc7-af0e-c3f914c184c2,"DUNDAS ST & N NANAIMO ST, VANCOUVER",49.284779,-123.056525,incomplete_2018_2022_observations_no_zero_fill
VANCOUVER,DUNDAS ST,N PENTICTON ST,97f0b1eb-5a78-5f09-8ed9-8895972f3e6a,"DUNDAS ST & N PENTICTON ST, VANCOUVER",49.28478,-123.051971,incomplete_2018_2022_observations_no_zero_fill
VANCOUVER,DUNDAS ST,N RENFREW ST,3b49dcbf-ac80-5321-9b24-4610dbe73b80,"DUNDAS ST & N RENFREW ST, VANCOUVER",49.284775,-123.044002,incomplete_2018_2022_observations_no_zero_fill
VANCOUVER,DUNDAS ST,N TEMPLETON DR,9fe2aebe-4361-5314-a906-88a4799ce221,"DUNDAS ST & N TEMPLETON DR, VANCOUVER",49.284805,-123.059708,incomplete_2018_2022_observations_no_zero_fill
VANCOUVER,DUNDAS ST,PENTICTON ST,5d44e3c0-47c9-5351-bdfb-618505786eaf,"DUNDAS ST & PENTICTON ST, VANCOUVER",49.28478,-123.051971,incomplete_2018_2022_observations_no_zero_fill
VANCOUVER,DUNDAS ST,POWELL ST,3107fe35-caa0-5351-81db-83211724f930,"DUNDAS ST & POWELL ST, VANCOUVER",49.284806,-123.063552,incomplete_2018_2022_observations_no_zero_fill
VANCOUVER,DUNDAS ST,SLOCAN ST,242dbdd0-9f0c-5bf4-8411-3a3e90101034,"DUNDAS ST & SLOCAN ST, VANCOUVER",49.284774,-123.049322,incomplete_2018_2022_observations_no_zero_fill
VANCOUVER,DUNDEE ST,E 40TH AVE,84dbf311-952e-588f-9e57-9f5d0d725aec,"DUNDEE ST & E 40TH AVE, VANCOUVER",49.234049,-123.047402,incomplete_2018_2022_observations_no_zero_fill
VANCOUVER,DUNDEE ST,KINGSWAY,d4fed19a-e6b4-5ee5-b15a-db527cefd8d5,"DUNDEE ST & KINGSWAY, VANCOUVER",49.237064,-123.047628,incomplete_2018_2022_observations_no_zero_fill
VANCOUVER,DUNKIRK ST,W 26TH AVE,89ea5125-65bb-56cc-9350-48b723287692,"DUNKIRK ST & W 26TH AVE, VANCOUVER",49.249016,-123.183464,incomplete_2018_2022_observations_no_zero_fill
VANCOUVER,DUNKIRK ST,W 27TH AVE,bd4ee3e6-5555-5d30-b628-37f42b41fdf3,"DUNKIRK ST & W 27TH AVE, VANCOUVER",49.248067,-123.183478,incomplete_2018_2022_observations_no_zero_fill
VANCOUVER,DUNKIRK ST,W KING EDWARD AVE,83d009a7-939a-5caf-9102-4fe594514f00,"DUNKIRK ST & W KING EDWARD AVE, VANCOUVER",49.250041,-123.183453,incomplete_2018_2022_observations_no_zero_fill
VANCOUVER,DUNLEVY AVE,RAILWAY ST,07741d09-9d6c-536d-9c2a-8e33c548dfad,"DUNLEVY AVE & RAILWAY ST, VANCOUVER",49.284865,-123.09525,incomplete_2018_2022_observations_no_zero_fill
VANCOUVER,DUNLEVY AVE,UNION ST,c64a3c5d-67fb-57b2-8346-d05c4267156e,"DUNLEVY AVE & UNION ST, VANCOUVER",49.277592,-123.095534,incomplete_2018_2022_observations_no_zero_fill
VANCOUVER,DUNSMUIR ST,DUNSMUIR VIADUCT,be2c7e9e-b633-5878-a3f8-7c995f3f0f68,"DUNSMUIR ST & DUNSMUIR VIADUCT, VANCOUVER",49.279839,-123.110537,incomplete_2018_2022_observations_no_zero_fill
VANCOUVER,DUNSMUIR ST,HAILSTONE ST,b83fbbb2-be96-5d1a-8466-28ba5a16499b,"DUNSMUIR ST & HAILSTONE ST, VANCOUVER",49.286089,-123.121124,incomplete_2018_2022_observations_no_zero_fill
VANCOUVER,DUNSMUIR ST,ST REGIS LANE,51b09403-ba9c-5882-9906-b39d967df129,"DUNSMUIR ST & ST REGIS LANE, VANCOUVER",49.283308,-123.115894,incomplete_2018_2022_observations_no_zero_fill
VANCOUVER,DUNSMUIR VIADUCT,GORE AVE,c8522e84-3b4e-5107-9be2-dd22e9897a31,"DUNSMUIR VIADUCT & GORE AVE, VANCOUVER",49.276744,-123.096883,incomplete_2018_2022_observations_no_zero_fill
VANCOUVER,DUNSMUIR VIADUCT,HWY 1A,d043eae1-0cd2-521b-900d-a502e3f4b465,"DUNSMUIR VIADUCT & HWY 1A, VANCOUVER",49.277282,-123.099902,incomplete_2018_2022_observations_no_zero_fill
VANCOUVER,DUNSMUIR VIADUCT,MAIN ST ONRAMP,81177a3e-6262-55d5-ace6-92ad8d60137c,"DUNSMUIR VIADUCT & MAIN ST ONRAMP, VANCOUVER",49.277431,-123.103879,incomplete_2018_2022_observations_no_zero_fill
VANCOUVER,DUNSMUIR VIADUCT,PAT QUINN WAY,79685bb0-0308-5d75-90bb-5ed9c1511c63,"DUNSMUIR VIADUCT & PAT QUINN WAY, VANCOUVER",49.278068,-123.107638,incomplete_2018_2022_observations_no_zero_fill
VANCOUVER,DUNSMUIR VIADUCT,PRIOR ST,791b0d47-038c-5358-b13d-adccbcc6e8c8,"DUNSMUIR VIADUCT & PRIOR ST, VANCOUVER",49.276744,-123.096883,incomplete_2018_2022_observations_no_zero_fill
VANCOUVER,DURANLEAU ST,MARITIME MEWS,d8e2f0cb-ab2c-55ae-a768-e18115a3bf26,"DURANLEAU ST & MARITIME MEWS, VANCOUVER",49.271024,-123.135992,incomplete_2018_2022_observations_no_zero_fill
VANCOUVER,DURANLEAU ST,MAST TOWER RD,70a23f4e-860c-5af8-a7d8-225dea99bf3b,"DURANLEAU ST & MAST TOWER RD, VANCOUVER",49.271431,-123.135976,incomplete_2018_2022_observations_no_zero_fill
VANCOUVER,DURWARD AVE,FRASER ST,970995ae-12ff-5240-a2d3-e98331a56971,"DURWARD AVE & FRASER ST, VANCOUVER",49.24085,-123.09036,incomplete_2018_2022_observations_no_zero_fill
VANCOUVER,DURWARD AVE,PRINCE ALBERT ST,92ea479c-a5b6-5c74-9c9c-c2b8bae5920c,"DURWARD AVE & PRINCE ALBERT ST, VANCOUVER",49.240841,-123.087928,incomplete_2018_2022_observations_no_zero_fill
VANCOUVER,E 10TH AVE,GARDEN DR,ca70fa7e-ad36-590d-a996-54fea5f4137c,"E 10TH AVE & GARDEN DR, VANCOUVER",49.261282,-123.058187,incomplete_2018_2022_observations_no_zero_fill
VANCOUVER,E 10TH AVE,GRANDVIEW HWY N,18206b43-1301-5843-9591-2f292e547749,"E 10TH AVE & GRANDVIEW HWY N, VANCOUVER",49.261315,-123.063697,incomplete_2018_2022_observations_no_zero_fill
VANCOUVER,E 10TH AVE,GUELPH ST,97093675-f419-56e3-82b9-fbc6163aa1dc,"E 10TH AVE & GUELPH ST, VANCOUVER",49.261557,-123.094966,incomplete_2018_2022_observations_no_zero_fill
VANCOUVER,E 10TH AVE,KASLO ST,d279c515-bddf-5c37-809f-cbc2eb73d1eb,"E 10TH AVE & KASLO ST, VANCOUVER",49.260925,-123.047044,incomplete_2018_2022_observations_no_zero_fill
VANCOUVER,E 10TH AVE,KEITH DR,7e4c5690-ea47-5539-ae33-950454cf209d,"E 10TH AVE & KEITH DR, VANCOUVER",49.261455,-123.079479,incomplete_2018_2022_observations_no_zero_fill
VANCOUVER,E 10TH AVE,LAKEWOOD DR,270db70f-c223-5839-b888-9ff3a56bff4b,"E 10TH AVE & LAKEWOOD DR, VANCOUVER",49.261305,-123.062049,incomplete_2018_2022_observations_no_zero_fill
VANCOUVER,E 10TH AVE,PENTICTON ST,3a6395e8-2d1e-5076-b351-bf6c8620bf92,"E 10TH AVE & PENTICTON ST, VANCOUVER",49.261029,-123.053,incomplete_2018_2022_observations_no_zero_fill
VANCOUVER,E 10TH AVE,PRINCE ALBERT ST,84779e7e-8741-5097-9919-344e5fa8c16c,"E 10TH AVE & PRINCE ALBERT ST, VANCOUVER",49.261499,-123.087191,incomplete_2018_2022_observations_no_zero_fill
VANCOUVER,E 10TH AVE,PRINCE EDWARD ST,8248d8ea-77f7-57e0-95c6-8dc2ed91aae1,"E 10TH AVE & PRINCE EDWARD ST, VANCOUVER",49.261934,-123.096061,incomplete_2018_2022_observations_no_zero_fill
VANCOUVER,E 10TH AVE,ST CATHERINES ST,d10bdd94-d001-5819-97bc-7f0539d3942f,"E 10TH AVE & ST CATHERINES ST, VANCOUVER",49.261478,-123.085273,incomplete_2018_2022_observations_no_zero_fill
VANCOUVER,E 10TH AVE,TEMPLETON DR,bf639a16-b567-51e2-8332-8a4e1c30075f,"E 10TH AVE & TEMPLETON DR, VANCOUVER",49.261293,-123.06011,incomplete_2018_2022_observations_no_zero_fill
VANCOUVER,E 10TH AVE,VICTORIA DR,706bb84b-3cc9-5ddf-aec6-c164d381c108,"E 10TH AVE & VICTORIA DR, VANCOUVER",49.261382,-123.065928,incomplete_2018_2022_observations_no_zero_fill
VANCOUVER,E 10TH AVE,WATSON ST,5ad51777-b37b-5951-975e-ae07c98f737a,"E 10TH AVE & WATSON ST, VANCOUVER",49.262,-123.100337,incomplete_2018_2022_observations_no_zero_fill
VANCOUVER,E 10TH AVE,WOODLAND DR,ef5817cd-af38-5461-9649-3e685f11b6e6,"E 10TH AVE & WOODLAND DR, VANCOUVER",49.261401,-123.07366,incomplete_2018_2022_observations_no_zero_fill
VANCOUVER,E 11TH AVE,GLEN DR,ec6be022-6cb7-57ab-9214-fb615afdde6f,"E 11TH AVE & GLEN DR, VANCOUVER",49.260558,-123.081425,incomplete_2018_2022_observations_no_zero_fill
VANCOUVER,E 11TH AVE,GRANDVIEW HWY N,4d0bb230-8bb1-5aae-83a9-031e636d034d,"E 11TH AVE & GRANDVIEW HWY N, VANCOUVER",49.260414,-123.06149,incomplete_2018_2022_observations_no_zero_fill
VANCOUVER,E 11TH AVE,GUELPH ST,3ddefa6a-6cce-5868-960c-3be58fc3b6b4,"E 11TH AVE & GUELPH ST, VANCOUVER",49.260671,-123.095065,incomplete_2018_2022_observations_no_zero_fill
VANCOUVER,E 11TH AVE,PENTICTON ST,46615c9d-9769-5b84-b141-647c9af56385,"E 11TH AVE & PENTICTON ST, VANCOUVER",49.260079,-123.052998,incomplete_2018_2022_observations_no_zero_fill
VANCOUVER,E 11TH AVE,PRINCE ALBERT ST,bb56ed93-ab4a-5a83-b503-0b5f21996061,"E 11TH AVE & PRINCE ALBERT ST, VANCOUVER",49.260602,-123.087194,incomplete_2018_2022_observations_no_zero_fill
VANCOUVER,E 11TH AVE,PRINCE EDWARD ST,80546257-3865-557b-a89e-f86495a51667,"E 11TH AVE & PRINCE EDWARD ST, VANCOUVER",49.26105,-123.096141,incomplete_2018_2022_observations_no_zero_fill
VANCOUVER,E 11TH AVE,QUEBEC ST,83e4c506-3ab9-5017-8048-e3f21b351958,"E 11TH AVE & QUEBEC ST, VANCOUVER",49.261142,-123.103045,incomplete_2018_2022_observations_no_zero_fill
VANCOUVER,E 11TH AVE,SEMLIN DR,3df7191a-8db4-5684-a2df-6d6d8d15436b,"E 11TH AVE & SEMLIN DR, VANCOUVER",49.260401,-123.063999,incomplete_2018_2022_observations_no_zero_fill
VANCOUVER,E 11TH AVE,ST CATHERINES ST,6ad41769-e3e7-5673-a68f-7831bce625ef,"E 11TH AVE & ST CATHERINES ST, VANCOUVER",49.260586,-123.08528,incomplete_2018_2022_observations_no_zero_fill
VANCOUVER,E 11TH AVE,ST GEORGE ST,0caf132b-0ecb-5fef-9d8e-b58df52babc9,"E 11TH AVE & ST GEORGE ST, VANCOUVER",49.260654,-123.093033,incomplete_2018_2022_observations_no_zero_fill
VANCOUVER,E 11TH AVE,TEMPLETON DR,662a24c4-0c74-5963-bbe0-8881dd2f9fc0,"E 11TH AVE & TEMPLETON DR, VANCOUVER",49.260382,-123.060127,incomplete_2018_2022_observations_no_zero_fill
VANCOUVER,E 11TH AVE,WATSON ST,5feb8214-f1fc-5b1a-8339-15a357dfe880,"E 11TH AVE & WATSON ST, VANCOUVER",49.261106,-123.100391,incomplete_2018_2022_observations_no_zero_fill
VANCOUVER,E 12TH AVE,GARDEN DR,b5eba5bc-9a20-58ac-847a-57f44fbf5a59,"E 12TH AVE & GARDEN DR, VANCOUVER",49.259469,-123.058212,incomplete_2018_2022_observations_no_zero_fill
VANCOUVER,E 12TH AVE,GRANDVIEW HWY N,37b527ca-4640-51fe-bfca-d230f28326df,"E 12TH AVE & GRANDVIEW HWY N, VANCOUVER",49.259482,-123.059163,incomplete_2018_2022_observations_no_zero_fill
VANCOUVER,E 12TH AVE,HWY 1A,80a24b8b-698e-5608-a5b9-f42b47eb071e,"E 12TH AVE & HWY 1A, VANCOUVER",49.259878,-123.096571,incomplete_2018_2022_observations_no_zero_fill
VANCOUVER,E 12TH AVE,HWY 99A,1ed7196a-7027-528b-a31e-ae59bcaca1b7,"E 12TH AVE & HWY 99A, VANCOUVER",49.259878,-123.096571,incomplete_2018_2022_observations_no_zero_fill
VANCOUVER,E 12TH AVE,PENTICTON ST,7287520d-a070-5308-9459-c2da63332c0e,"E 12TH AVE & PENTICTON ST, VANCOUVER",49.25914,-123.053003,incomplete_2018_2022_observations_no_zero_fill
VANCOUVER,E 12TH AVE,SLOCAN ST,fbee584a-c4fb-53e0-961f-4108cce1155f,"E 12TH AVE & SLOCAN ST, VANCOUVER",49.258754,-123.049549,incomplete_2018_2022_observations_no_zero_fill
VANCOUVER,E 12TH AVE,TEMPLETON DR,448de14b-441e-5d39-866d-af239aa71fbf,"E 12TH AVE & TEMPLETON DR, VANCOUVER",49.25909,-123.060191,incomplete_2018_2022_observations_no_zero_fill
VANCOUVER,E 13TH AVE,FRASER ST,4429e91d-ac30-5422-b7da-1d741bfce292,"E 13TH AVE & FRASER ST, VANCOUVER",49.258813,-123.089195,incomplete_2018_2022_observations_no_zero_fill
VANCOUVER,E 13TH AVE,GLEN DR,2688af31-732c-5ee5-958d-f30bdef10071,"E 13TH AVE & GLEN DR, VANCOUVER",49.258766,-123.081458,incomplete_2018_2022_observations_no_zero_fill
VANCOUVER,E 13TH AVE,LAKEWOOD DR,ef7e77ad-09c4-5048-9363-bf41b16a8270,"E 13TH AVE & LAKEWOOD DR, VANCOUVER",49.258611,-123.062114,incomplete_2018_2022_observations_no_zero_fill
VANCOUVER,E 13TH AVE,ONTARIO ST,6773a0d3-0728-5174-8d82-e83df86697bc,"E 13TH AVE & ONTARIO ST, VANCOUVER",49.259371,-123.105048,incomplete_2018_2022_observations_no_zero_fill
VANCOUVER,E 13TH AVE,PRINCE ALBERT ST,fb63be7f-573c-540a-8f17-f3baaab0665f,"E 13TH AVE & PRINCE ALBERT ST, VANCOUVER",49.258806,-123.087275,incomplete_2018_2022_observations_no_zero_fill
VANCOUVER,E 13TH AVE,PRINCE EDWARD ST,e2ea2602-a3d3-545a-b476-9b3c09499603,"E 13TH AVE & PRINCE EDWARD ST, VANCOUVER",49.259255,-123.096342,incomplete_2018_2022_observations_no_zero_fill
VANCOUVER,E 13TH AVE,QUEBEC ST,7bcb99b4-0904-505f-a30e-5cfa8b03e577,"E 13TH AVE & QUEBEC ST, VANCOUVER",49.259333,-123.103147,incomplete_2018_2022_observations_no_zero_fill
VANCOUVER,E 13TH AVE,SEMLIN DR,636c5143-0c50-504a-bad1-11d4485431b8,"E 13TH AVE & SEMLIN DR, VANCOUVER",49.25863,-123.064045,incomplete_2018_2022_observations_no_zero_fill
VANCOUVER,E 13TH AVE,ST CATHERINES ST,88a5f22b-adc9-5e08-9aa0-1ad01d06b0cb,"E 13TH AVE & ST CATHERINES ST, VANCOUVER",49.258792,-123.085368,incomplete_2018_2022_observations_no_zero_fill
VANCOUVER,E 13TH AVE,ST GEORGE ST,18e63968-14c6-53d3-b420-9a0e1c734520,"E 13TH AVE & ST GEORGE ST, VANCOUVER",49.259295,-123.093059,incomplete_2018_2022_observations_no_zero_fill
VANCOUVER,E 13TH AVE,TEMPLETON DR,c55f07b6-5c5b-5ffa-b7b1-7cf085c6c742,"E 13TH AVE & TEMPLETON DR, VANCOUVER",49.258589,-123.06017,incomplete_2018_2022_observations_no_zero_fill
VANCOUVER,E 13TH AVE,WATSON ST,1edb1d89-8c30-5ede-adea-06ae0fc97802,"E 13TH AVE & WATSON ST, VANCOUVER",49.259302,-123.100497,incomplete_2018_2022_observations_no_zero_fill
VANCOUVER,E 13TH AVE,WOODLAND DR,315ec0e7-726f-56bc-8a5a-b02a5a4e4320,"E 13TH AVE & WOODLAND DR, VANCOUVER",49.258693,-123.073724,incomplete_2018_2022_observations_no_zero_fill
VANCOUVER,E 14TH AVE,GLEN DR,91450b49-3c32-52ab-ab70-bc9c01832719,"E 14TH AVE & GLEN DR, VANCOUVER",49.257845,-123.081474,incomplete_2018_2022_observations_no_zero_fill
VANCOUVER,E 14TH AVE,KASLO ST,f60f0f5e-ed59-505a-ac88-f38a0ef39123,"E 14TH AVE & KASLO ST, VANCOUVER",49.257234,-123.047018,incomplete_2018_2022_observations_no_zero_fill
VANCOUVER,E 14TH AVE,KNIGHT ST,8d834fef-be5d-560b-ab9b-809548f0b06d,"E 14TH AVE & KNIGHT ST, VANCOUVER",49.25782,-123.077118,incomplete_2018_2022_observations_no_zero_fill
VANCOUVER,E 14TH AVE,LILLOOET ST,c469c1ce-85af-5216-9799-a99d30273df0,"E 14TH AVE & LILLOOET ST, VANCOUVER",49.257215,-123.039073,incomplete_2018_2022_observations_no_zero_fill
VANCOUVER,E 14TH AVE,NOOTKA ST,23a12d16-2e27-5353-a485-5daf42e659d0,"E 14TH AVE & NOOTKA ST, VANCOUVER",49.257222,-123.041566,incomplete_2018_2022_observations_no_zero_fill
VANCOUVER,E 14TH AVE,ONTARIO ST,916cc93b-793a-5cb0-afce-81fad7b472f6,"E 14TH AVE & ONTARIO ST, VANCOUVER",49.258471,-123.105104,incomplete_2018_2022_observations_no_zero_fill
VANCOUVER,E 14TH AVE,PRINCE ALBERT ST,7f26c6bd-9591-5981-bb6e-e2359e6d148a,"E 14TH AVE & PRINCE ALBERT ST, VANCOUVER",49.257927,-123.087252,incomplete_2018_2022_observations_no_zero_fill
VANCOUVER,E 14TH AVE,PRINCE EDWARD ST,23bc2466-4d20-538d-b38f-e94515237146,"E 14TH AVE & PRINCE EDWARD ST, VANCOUVER",49.25833,-123.09641,incomplete_2018_2022_observations_no_zero_fill
VANCOUVER,E 14TH AVE,QUEBEC ST,345c6ff7-12d7-5cf3-b87e-684049eb6872,"E 14TH AVE & QUEBEC ST, VANCOUVER",49.258425,-123.103184,incomplete_2018_2022_observations_no_zero_fill
VANCOUVER,E 14TH AVE,RENFREW ST,608a7bc1-cb22-55ca-8c8e-0314d7a8d21c,"E 14TH AVE & RENFREW ST, VANCOUVER",49.257222,-123.044314,incomplete_2018_2022_observations_no_zero_fill
VANCOUVER,E 14TH AVE,RUPERT ST,48da1e55-7e38-5356-ae57-af317816df04,"E 14TH AVE & RUPERT ST, VANCOUVER",49.257235,-123.033787,incomplete_2018_2022_observations_no_zero_fill
VANCOUVER,E 14TH AVE,SOPHIA ST,97a2b227-d3f9-5b04-8020-64530901e08f,"E 14TH AVE & SOPHIA ST, VANCOUVER",49.258359,-123.098374,incomplete_2018_2022_observations_no_zero_fill
VANCOUVER,E 14TH AVE,ST CATHERINES ST,9292630b-8def-5bf8-872a-312b3806b2a9,"E 14TH AVE & ST CATHERINES ST, VANCOUVER",49.257875,-123.085339,incomplete_2018_2022_observations_no_zero_fill
VANCOUVER,E 14TH AVE,VICTORIA DR,11532c4a-6870-53ee-9af0-883f56c3055c,"E 14TH AVE & VICTORIA DR, VANCOUVER",49.257722,-123.065989,incomplete_2018_2022_observations_no_zero_fill
VANCOUVER,E 14TH AVE,WINDERMERE ST,4a874641-fc7a-592a-9282-ab38b22d1eff,"E 14TH AVE & WINDERMERE ST, VANCOUVER",49.257231,-123.03654,incomplete_2018_2022_observations_no_zero_fill
VANCOUVER,E 14TH AVE,WINDSOR ST,52b3e7bc-094f-528e-9551-01087e817727,"E 14TH AVE & WINDSOR ST, VANCOUVER",49.257857,-123.083369,incomplete_2018_2022_observations_no_zero_fill
VANCOUVER,E 14TH AVE,WOODLAND DR,4a420556-f209-5f04-a0de-0cabb2f21054,"E 14TH AVE & WOODLAND DR, VANCOUVER",49.25779,-123.073714,incomplete_2018_2022_observations_no_zero_fill
VANCOUVER,E 15TH AVE,FINDLAY ST,6d0a36d4-fe61-5b59-a5ea-f40c24e1681a,"E 15TH AVE & FINDLAY ST, VANCOUVER",49.256827,-123.067865,incomplete_2018_2022_observations_no_zero_fill
VANCOUVER,E 15TH AVE,FLEMING ST,8feafb8f-7fe7-559b-a06c-418166a1111e,"E 15TH AVE & FLEMING ST, VANCOUVER",49.256444,-123.070869,incomplete_2018_2022_observations_no_zero_fill
VANCOUVER,E 15TH AVE,GARDEN DR,2cc5931c-5bfb-5b3e-be53-995e99255658,"E 15TH AVE & GARDEN DR, VANCOUVER",49.256776,-123.058277,incomplete_2018_2022_observations_no_zero_fill
VANCOUVER,E 15TH AVE,GLEN DR,4242a18a-4b3c-5efd-b576-2bd9a47950b4,"E 15TH AVE & GLEN DR, VANCOUVER",49.256848,-123.081589,incomplete_2018_2022_observations_no_zero_fill
VANCOUVER,E 15TH AVE,INVERNESS ST,39a3644c-f909-5a18-9669-51a296e1165e,"E 15TH AVE & INVERNESS ST, VANCOUVER",49.256775,-123.079781,incomplete_2018_2022_observations_no_zero_fill
VANCOUVER,E 15TH AVE,KASLO ST,6bd267b7-c89b-561b-9fde-0785a23dcb39,"E 15TH AVE & KASLO ST, VANCOUVER",49.25633,-123.047028,incomplete_2018_2022_observations_no_zero_fill
VANCOUVER,E 15TH AVE,LILLOOET ST,eaf69c27-5d95-569e-9150-0edfb4d9a4bc,"E 15TH AVE & LILLOOET ST, VANCOUVER",49.256369,-123.039079,incomplete_2018_2022_observations_no_zero_fill
VANCOUVER,E 15TH AVE,MADDAMS ST,972b0d7c-55fd-5feb-96b4-61bea45123ca,"E 15TH AVE & MADDAMS ST, VANCOUVER",49.256567,-123.075045,incomplete_2018_2022_observations_no_zero_fill
VANCOUVER,E 15TH AVE,NOOTKA ST,b83a7a5c-3da0-507d-8fc5-d1fef189e219,"E 15TH AVE & NOOTKA ST, VANCOUVER",49.256348,-123.041576,incomplete_2018_2022_observations_no_zero_fill
VANCOUVER,E 15TH AVE,ONTARIO ST,9a7917fc-fa86-5d04-876d-a8a8c413dbbd,"E 15TH AVE & ONTARIO ST, VANCOUVER",49.257566,-123.105153,incomplete_2018_2022_observations_no_zero_fill
VANCOUVER,E 15TH AVE,PRINCE ALBERT ST,e3de9bc5-4a07-5eb3-b4ac-821a6344c75e,"E 15TH AVE & PRINCE ALBERT ST, VANCOUVER",49.257079,-123.087318,incomplete_2018_2022_observations_no_zero_fill
VANCOUVER,E 15TH AVE,QUEBEC ST,86fe5719-dc6a-5573-b725-70b859489f85,"E 15TH AVE & QUEBEC ST, VANCOUVER",49.257533,-123.103185,incomplete_2018_2022_observations_no_zero_fill
VANCOUVER,E 15TH AVE,SLOCAN ST,31dfe390-acf0-5a68-9e6d-0d022efdf032,"E 15TH AVE & SLOCAN ST, VANCOUVER",49.25634,-123.049523,incomplete_2018_2022_observations_no_zero_fill
VANCOUVER,E 15TH AVE,SOPHIA ST,6059d831-ab56-5621-8650-053ff3e9becb,"E 15TH AVE & SOPHIA ST, VANCOUVER",49.25747,-123.098414,incomplete_2018_2022_observations_no_zero_fill
VANCOUVER,E 15TH AVE,ST CATHERINES ST,bbf31846-e846-5c59-8172-139dd6566eb9,"E 15TH AVE & ST CATHERINES ST, VANCOUVER",49.257003,-123.085434,incomplete_2018_2022_observations_no_zero_fill
VANCOUVER,E 15TH AVE,ST GEORGE ST,e7b09a06-8bea-5ca9-8229-cbe7cdd9ddc4,"E 15TH AVE & ST GEORGE ST, VANCOUVER",49.257325,-123.093768,incomplete_2018_2022_observations_no_zero_fill
VANCOUVER,E 15TH AVE,WATSON ST,c0f2e350-4aa5-5e1a-b199-3647e59a338d,"E 15TH AVE & WATSON ST, VANCOUVER",49.257499,-123.100607,incomplete_2018_2022_observations_no_zero_fill
VANCOUVER,E 15TH AVE,WINDERMERE ST,ac63b31d-123a-5025-a705-9c008ef91cd8,"E 15TH AVE & WINDERMERE ST, VANCOUVER",49.256389,-123.03655,incomplete_2018_2022_observations_no_zero_fill
VANCOUVER,E 15TH AVE,WINDSOR ST,7c70392a-01ee-598b-b258-235cba09519a,"E 15TH AVE & WINDSOR ST, VANCOUVER",49.256924,-123.083476,incomplete_2018_2022_observations_no_zero_fill
VANCOUVER,E 16TH AVE,FINDLAY ST,b2e67a3d-0d45-540e-9c21-314deb4cb62e,"E 16TH AVE & FINDLAY ST, VANCOUVER",49.256287,-123.067891,incomplete_2018_2022_observations_no_zero_fill
VANCOUVER,E 16TH AVE,GLEN DR,e3c61615-dcc7-5a70-8545-26099d9b74c6,"E 16TH AVE & GLEN DR, VANCOUVER",49.256302,-123.081706,incomplete_2018_2022_observations_no_zero_fill
VANCOUVER,E 16TH AVE,KASLO ST,d91a2ef3-0344-58ea-a1b1-5098b122313a,"E 16TH AVE & KASLO ST, VANCOUVER",49.255433,-123.047034,incomplete_2018_2022_observations_no_zero_fill
VANCOUVER,E 16TH AVE,KINGSWAY,7102e6e4-4c17-5cf9-84b6-a35d9c191039,"E 16TH AVE & KINGSWAY, VANCOUVER",49.256404,-123.089186,incomplete_2018_2022_observations_no_zero_fill
VANCOUVER,E 16TH AVE,NOOTKA ST,a77029ed-40a0-5479-b96e-a2905763b555,"E 16TH AVE & NOOTKA ST, VANCOUVER",49.255493,-123.041585,incomplete_2018_2022_observations_no_zero_fill
VANCOUVER,E 16TH AVE,ONTARIO ST,7ad23f57-f947-55f9-8581-8f24671a9129,"E 16TH AVE & ONTARIO ST, VANCOUVER",49.256637,-123.105058,incomplete_2018_2022_observations_no_zero_fill
VANCOUVER,E 16TH AVE,PENTICTON ST,f2638232-d095-56f2-ae46-a9f366c6700b,"E 16TH AVE & PENTICTON ST, VANCOUVER",49.25571,-123.052969,incomplete_2018_2022_observations_no_zero_fill
VANCOUVER,E 16TH AVE,PRINCE ALBERT ST,a6317d87-12ce-507e-b0b4-6d2e10bf5097,"E 16TH AVE & PRINCE ALBERT ST, VANCOUVER",49.256381,-123.087466,incomplete_2018_2022_observations_no_zero_fill
VANCOUVER,E 16TH AVE,RENFREW ST,1551776b-a1cb-55ae-8f0f-097beda3919d,"E 16TH AVE & RENFREW ST, VANCOUVER",49.255403,-123.044335,incomplete_2018_2022_observations_no_zero_fill
VANCOUVER,E 16TH AVE,RUPERT ST,5499ca99-3645-5af2-9117-56de268b859a,"E 16TH AVE & RUPERT ST, VANCOUVER",49.255564,-123.033851,incomplete_2018_2022_observations_no_zero_fill
VANCOUVER,E 16TH AVE,SLOCAN ST,f44b617f-1fc3-596b-b71a-ca26b658a148,"E 16TH AVE & SLOCAN ST, VANCOUVER",49.255448,-123.049529,incomplete_2018_2022_observations_no_zero_fill
VANCOUVER,E 16TH AVE,ST CATHERINES ST,c494068a-4e31-5aa1-8be8-fa402bbcee44,"E 16TH AVE & ST CATHERINES ST, VANCOUVER",49.256363,-123.085551,incomplete_2018_2022_observations_no_zero_fill
VANCOUVER,E 16TH AVE,VICTORIA DR,0891fdff-8717-50e7-9894-2e70e8598661,"E 16TH AVE & VICTORIA DR, VANCOUVER",49.256218,-123.066056,incomplete_2018_2022_observations_no_zero_fill
VANCOUVER,E 16TH AVE,WATSON ST,67963766-fa89-5659-b8d7-b22052ce4495,"E 16TH AVE & WATSON ST, VANCOUVER",49.256572,-123.100658,incomplete_2018_2022_observations_no_zero_fill
VANCOUVER,E 16TH AVE,WINDERMERE ST,90251e64-89b6-5292-a4ea-affcc175012a,"E 16TH AVE & WINDERMERE ST, VANCOUVER",49.255573,-123.036557,incomplete_2018_2022_observations_no_zero_fill
VANCOUVER,E 16TH AVE,WINDSOR ST,a32fdee6-d98f-519c-86af-8d73f6973f5c,"E 16TH AVE & WINDSOR ST, VANCOUVER",49.256341,-123.083609,incomplete_2018_2022_observations_no_zero_fill
VANCOUVER,E 17TH AVE,GARDEN DR,0b4a19b0-d47d-5048-b119-5b2b802ba20f,"E 17TH AVE & GARDEN DR, VANCOUVER",49.255086,-123.058283,incomplete_2018_2022_observations_no_zero_fill
VANCOUVER,E 17TH AVE,INVERNESS ST,b7c794b5-cb83-5135-905d-e20dbe782936,"E 17TH AVE & INVERNESS ST, VANCOUVER",49.255357,-123.079815,incomplete_2018_2022_observations_no_zero_fill
VANCOUVER,E 17TH AVE,LILLOOET ST,c5e7abb3-b975-5cee-93c2-20c53bcae75f,"E 17TH AVE & LILLOOET ST, VANCOUVER",49.254765,-123.039085,incomplete_2018_2022_observations_no_zero_fill
VANCOUVER,E 17TH AVE,NANAIMO ST,bda24836-6cf5-59c3-a39c-8771cab629bc,"E 17TH AVE & NANAIMO ST, VANCOUVER",49.255078,-123.056633,incomplete_2018_2022_observations_no_zero_fill
VANCOUVER,E 17TH AVE,NOOTKA ST,f5e02536-b50d-56bf-b00f-dfa70a986363,"E 17TH AVE & NOOTKA ST, VANCOUVER",49.254777,-123.041591,incomplete_2018_2022_observations_no_zero_fill
VANCOUVER,E 17TH AVE,ONTARIO ST,f9c5aaaa-a7c4-5513-8b58-f07c4267f17e,"E 17TH AVE & ONTARIO ST, VANCOUVER",49.255708,-123.104987,incomplete_2018_2022_observations_no_zero_fill
VANCOUVER,E 17TH AVE,PENTICTON ST,252e5b57-e6de-51dd-8944-be56c7d38bb9,"E 17TH AVE & PENTICTON ST, VANCOUVER",49.254499,-123.052991,incomplete_2018_2022_observations_no_zero_fill
VANCOUVER,E 17TH AVE,PRINCE EDWARD ST,425b8811-7a3a-5fc8-ba76-ee74478234c0,"E 17TH AVE & PRINCE EDWARD ST, VANCOUVER",49.255601,-123.096512,incomplete_2018_2022_observations_no_zero_fill
VANCOUVER,E 17TH AVE,QUEBEC PL,9266a9cb-ad8a-52d3-a23d-82060d417fec,"E 17TH AVE & QUEBEC PL, VANCOUVER",49.255723,-123.103935,incomplete_2018_2022_observations_no_zero_fill
VANCOUVER,E 17TH AVE,QUEBEC ST,c8a1771e-9ae2-57f3-b59a-e59c08019e84,"E 17TH AVE & QUEBEC ST, VANCOUVER",49.255708,-123.103295,incomplete_2018_2022_observations_no_zero_fill
VANCOUVER,E 17TH AVE,SLOCAN ST,64f913ab-2ac6-58b2-86cf-1dd5b3e88dca,"E 17TH AVE & SLOCAN ST, VANCOUVER",49.254479,-123.049538,incomplete_2018_2022_observations_no_zero_fill
VANCOUVER,E 17TH AVE,SOPHIA ST,51d97938-b81d-5785-adb6-8d80d64bd6c7,"E 17TH AVE & SOPHIA ST, VANCOUVER",49.255649,-123.098473,incomplete_2018_2022_observations_no_zero_fill
VANCOUVER,E 17TH AVE,ST CATHERINES ST,889c3ac7-f7e5-52a1-9294-b750e5f78dab,"E 17TH AVE & ST CATHERINES ST, VANCOUVER",49.255415,-123.08559,incomplete_2018_2022_observations_no_zero_fill
VANCOUVER,E 17TH AVE,ST GEORGE ST,55a63747-7323-569c-9ed5-bbc99a7eb86e,"E 17TH AVE & ST GEORGE ST, VANCOUVER",49.255595,-123.093806,incomplete_2018_2022_observations_no_zero_fill
VANCOUVER,E 17TH AVE,WATSON ST,89561fa7-cca8-5db4-b3aa-6d6c9bbb95ee,"E 17TH AVE & WATSON ST, VANCOUVER",49.255677,-123.100712,incomplete_2018_2022_observations_no_zero_fill
VANCOUVER,E 17TH AVE,WINDERMERE ST,778bd71d-e968-56b7-a204-9abcf9906c87,"E 17TH AVE & WINDERMERE ST, VANCOUVER",49.25475,-123.036563,incomplete_2018_2022_observations_no_zero_fill
VANCOUVER,E 17TH AVE,WINDSOR ST,66870c3f-9601-5907-bf49-aabc3b502071,"E 17TH AVE & WINDSOR ST, VANCOUVER",49.255394,-123.083634,incomplete_2018_2022_observations_no_zero_fill
VANCOUVER,E 18TH AVE,FLEMING ST,2e0b3370-82fa-56ad-9af8-76ec746b5138,"E 18TH AVE & FLEMING ST, VANCOUVER",49.25437,-123.071453,incomplete_2018_2022_observations_no_zero_fill
VANCOUVER,E 18TH AVE,GARDEN DR,3ee4713b-f08f-5a40-861f-b0ddfcd0f543,"E 18TH AVE & GARDEN DR, VANCOUVER",49.253486,-123.05829,incomplete_2018_2022_observations_no_zero_fill
VANCOUVER,E 18TH AVE,INVERNESS ST,fce63b06-edf7-5739-83e8-9d24eb1bacfb,"E 18TH AVE & INVERNESS ST, VANCOUVER",49.254461,-123.079837,incomplete_2018_2022_observations_no_zero_fill
VANCOUVER,E 18TH AVE,KAMLOOPS ST,8cdc9534-c17f-59b8-856d-3ab6d49d2bd7,"E 18TH AVE & KAMLOOPS ST, VANCOUVER",49.254045,-123.054538,incomplete_2018_2022_observations_no_zero_fill
VANCOUVER,E 18TH AVE,KASLO ST,0eacb1eb-e17a-5460-8ca3-863891d86610,"E 18TH AVE & KASLO ST, VANCOUVER",49.254027,-123.047046,incomplete_2018_2022_observations_no_zero_fill
VANCOUVER,E 18TH AVE,KINGSWAY,b6958560-805a-52a6-826d-c7d8c9d4d0a7,"E 18TH AVE & KINGSWAY, VANCOUVER",49.254545,-123.085209,incomplete_2018_2022_observations_no_zero_fill
VANCOUVER,E 18TH AVE,LILLOOET ST,b5fb89bc-81c9-59a8-96e9-acf92acc604d,"E 18TH AVE & LILLOOET ST, VANCOUVER",49.254007,-123.039089,incomplete_2018_2022_observations_no_zero_fill
VANCOUVER,E 18TH AVE,NOOTKA ST,83755d7c-d7e4-54c1-bfdd-225d022f560d,"E 18TH AVE & NOOTKA ST, VANCOUVER",49.254014,-123.041598,incomplete_2018_2022_observations_no_zero_fill
VANCOUVER,E 18TH AVE,ONTARIO ST,04725253-8e5c-5b05-a933-9bf340951d0f,"E 18TH AVE & ONTARIO ST, VANCOUVER",49.254662,-123.105029,incomplete_2018_2022_observations_no_zero_fill
VANCOUVER,E 18TH AVE,PENTICTON ST,6b45e4f3-3a55-5665-8609-c4c52529c7d9,"E 18TH AVE & PENTICTON ST, VANCOUVER",49.254041,-123.052166,incomplete_2018_2022_observations_no_zero_fill
VANCOUVER,E 18TH AVE,PRINCE ALBERT ST,59aeddac-4191-5041-8232-d39ffe71d010,"E 18TH AVE & PRINCE ALBERT ST, VANCOUVER",49.254581,-123.087565,incomplete_2018_2022_observations_no_zero_fill
VANCOUVER,E 18TH AVE,PRINCE EDWARD ST,3aba42d7-6a7e-5751-a646-96415505f923,"E 18TH AVE & PRINCE EDWARD ST, VANCOUVER",49.254728,-123.096543,incomplete_2018_2022_observations_no_zero_fill
VANCOUVER,E 18TH AVE,QUEBEC PL,0a4efaec-ee1f-54c8-9efd-b99af14eeae6,"E 18TH AVE & QUEBEC PL, VANCOUVER",49.254637,-123.104,incomplete_2018_2022_observations_no_zero_fill
VANCOUVER,E 18TH AVE,QUEBEC ST,238793c9-afb5-5f76-a062-6bf9ca5aec65,"E 18TH AVE & QUEBEC ST, VANCOUVER",49.254631,-123.103358,incomplete_2018_2022_observations_no_zero_fill
VANCOUVER,E 18TH AVE,RENFREW ST,1897e8a2-c018-5a0e-b8c4-776fc1a07d06,"E 18TH AVE & RENFREW ST, VANCOUVER",49.25402,-123.044352,incomplete_2018_2022_observations_no_zero_fill
VANCOUVER,E 18TH AVE,RUPERT ST,73d72d2a-1bba-5c99-82ea-c453febe768a,"E 18TH AVE & RUPERT ST, VANCOUVER",49.253996,-123.033859,incomplete_2018_2022_observations_no_zero_fill
VANCOUVER,E 18TH AVE,SLOCAN ST,faa79c2b-ab1d-5746-baae-ee8e08575e39,"E 18TH AVE & SLOCAN ST, VANCOUVER",49.254029,-123.049543,incomplete_2018_2022_observations_no_zero_fill
VANCOUVER,E 18TH AVE,SOPHIA ST,35461baa-17bf-59b1-bc4e-694a5b0585a7,"E 18TH AVE & SOPHIA ST, VANCOUVER",49.254759,-123.098501,incomplete_2018_2022_observations_no_zero_fill
VANCOUVER,E 18TH AVE,ST CATHERINES ST,ce60d1e5-72cc-5f7d-b5f7-0600253dae9d,"E 18TH AVE & ST CATHERINES ST, VANCOUVER",49.254552,-123.085646,incomplete_2018_2022_observations_no_zero_fill
VANCOUVER,E 18TH AVE,ST GEORGE ST,b0de67b2-4f30-51d4-8212-15e63e8c0908,"E 18TH AVE & ST GEORGE ST, VANCOUVER",49.254685,-123.093836,incomplete_2018_2022_observations_no_zero_fill
VANCOUVER,E 18TH AVE,VICTORIA DIVERS,ca7e2e2a-1a67-5cb8-9cff-18461c62b607,"E 18TH AVE & VICTORIA DIVERS, VANCOUVER",49.254248,-123.067997,incomplete_2018_2022_observations_no_zero_fill
VANCOUVER,E 18TH AVE,WATSON ST,8ab2154a-f9bd-55fd-8b6a-6353b7e5bc36,"E 18TH AVE & WATSON ST, VANCOUVER",49.254735,-123.100895,incomplete_2018_2022_observations_no_zero_fill
VANCOUVER,E 18TH AVE,WELWYN ST,2f4b69fc-0dff-5fc3-8420-497611f780bb,"E 18TH AVE & WELWYN ST, VANCOUVER",49.254294,-123.069337,incomplete_2018_2022_observations_no_zero_fill
VANCOUVER,E 18TH AVE,WINDERMERE ST,bf76b6d3-1680-5e24-9cf7-b566365dc370,"E 18TH AVE & WINDERMERE ST, VANCOUVER",49.254002,-123.036569,incomplete_2018_2022_observations_no_zero_fill
VANCOUVER,E 19TH AVE,GARDEN DR,6784aaba-c42a-5acf-bb5a-9df12556c5be,"E 19TH AVE & GARDEN DR, VANCOUVER",49.252042,-123.058581,incomplete_2018_2022_observations_no_zero_fill
VANCOUVER,E 19TH AVE,GLADSTONE ST,2e696d56-3a53-5729-a118-58dbe8dc518d,"E 19TH AVE & GLADSTONE ST, VANCOUVER",49.252168,-123.059033,incomplete_2018_2022_observations_no_zero_fill
VANCOUVER,E 19TH AVE,GLEN DR,8f0075b7-9015-5dea-a015-8414593cedc3,"E 19TH AVE & GLEN DR, VANCOUVER",49.253588,-123.081781,incomplete_2018_2022_observations_no_zero_fill
VANCOUVER,E 19TH AVE,HULL ST,2e127480-e432-5d70-858c-3f5786b4f47d,"E 19TH AVE & HULL ST, VANCOUVER",49.253486,-123.063742,incomplete_2018_2022_observations_no_zero_fill
VANCOUVER,E 19TH AVE,INVERNESS ST,48dc65f5-ceae-5047-a34f-4c60f453e594,"E 19TH AVE & INVERNESS ST, VANCOUVER",49.253557,-123.079869,incomplete_2018_2022_observations_no_zero_fill
VANCOUVER,E 19TH AVE,KAMLOOPS ST,63cecd69-6a58-52f5-b2d3-f85da6e2e8aa,"E 19TH AVE & KAMLOOPS ST, VANCOUVER",49.253209,-123.054536,incomplete_2018_2022_observations_no_zero_fill
VANCOUVER,E 19TH AVE,KASLO ST,79dd51a4-2e3c-5032-90e0-0b914b835641,"E 19TH AVE & KASLO ST, VANCOUVER",49.253183,-123.047052,incomplete_2018_2022_observations_no_zero_fill
VANCOUVER,E 19TH AVE,KINGSWAY,5e2c7b50-e8d0-5384-8dc8-bbdc59d74388,"E 19TH AVE & KINGSWAY, VANCOUVER",49.253612,-123.08321,incomplete_2018_2022_observations_no_zero_fill
VANCOUVER,E 19TH AVE,LAKEWOOD ST,84199e8e-c526-5b5d-9a6c-5173c8e89d9a,"E 19TH AVE & LAKEWOOD ST, VANCOUVER",49.252642,-123.060698,incomplete_2018_2022_observations_no_zero_fill
VANCOUVER,E 19TH AVE,LILLOOET ST,5e4dc2ac-ec5b-5729-9bde-10a2aa1b52dd,"E 19TH AVE & LILLOOET ST, VANCOUVER",49.253154,-123.039092,incomplete_2018_2022_observations_no_zero_fill
VANCOUVER,E 19TH AVE,MARSHALL ST,2a145712-3044-59e2-89bd-2c07d72f0ff5,"E 19TH AVE & MARSHALL ST, VANCOUVER",49.253029,-123.062092,incomplete_2018_2022_observations_no_zero_fill
VANCOUVER,E 19TH AVE,NOOTKA ST,9bc2fd4b-1c18-53ad-8d53-34b021aec246,"E 19TH AVE & NOOTKA ST, VANCOUVER",49.253159,-123.041605,incomplete_2018_2022_observations_no_zero_fill
VANCOUVER,E 19TH AVE,ONTARIO ST,2364f080-0b91-5626-a39d-0eea9caf7e59,"E 19TH AVE & ONTARIO ST, VANCOUVER",49.253783,-123.104803,incomplete_2018_2022_observations_no_zero_fill
VANCOUVER,E 19TH AVE,PRINCE ALBERT ST,0d2ea316-50d0-58a0-85f5-9c52a562159d,"E 19TH AVE & PRINCE ALBERT ST, VANCOUVER",49.253686,-123.087567,incomplete_2018_2022_observations_no_zero_fill
VANCOUVER,E 19TH AVE,PRINCE EDWARD ST,c2c2fcd6-48fe-500e-ba48-12e0b8fe0cfb,"E 19TH AVE & PRINCE EDWARD ST, VANCOUVER",49.253816,-123.096576,incomplete_2018_2022_observations_no_zero_fill
VANCOUVER,E 19TH AVE,QUEBEC ST,868a988a-a1a0-5ade-ba48-607d13d34db2,"E 19TH AVE & QUEBEC ST, VANCOUVER",49.253723,-123.102825,incomplete_2018_2022_observations_no_zero_fill
VANCOUVER,E 19TH AVE,RENFREW ST,b661ccec-072b-582f-8801-b8c7490c3fb1,"E 19TH AVE & RENFREW ST, VANCOUVER",49.253183,-123.044356,incomplete_2018_2022_observations_no_zero_fill
VANCOUVER,E 19TH AVE,SEAFORTH DR,7dc331de-d005-52ab-8955-85188db64374,"E 19TH AVE & SEAFORTH DR, VANCOUVER",49.253145,-123.033804,incomplete_2018_2022_observations_no_zero_fill
VANCOUVER,E 19TH AVE,SOPHIA ST,46552270-99ba-5bc2-9f7f-d8d328e9e672,"E 19TH AVE & SOPHIA ST, VANCOUVER",49.253846,-123.098532,incomplete_2018_2022_observations_no_zero_fill
VANCOUVER,E 19TH AVE,ST CATHERINES ST,d852e290-dcc4-5516-852e-db4d5e0ecda5,"E 19TH AVE & ST CATHERINES ST, VANCOUVER",49.253652,-123.08565,incomplete_2018_2022_observations_no_zero_fill
VANCOUVER,E 19TH AVE,ST GEORGE ST,357d644c-0247-58e1-bcdc-fe4496ce4456,"E 19TH AVE & ST GEORGE ST, VANCOUVER",49.253775,-123.093879,incomplete_2018_2022_observations_no_zero_fill
VANCOUVER,E 19TH AVE,WALKER ST,0391c13b-550e-533f-89d1-023d29582e11,"E 19TH AVE & WALKER ST, VANCOUVER",49.251873,-123.057931,incomplete_2018_2022_observations_no_zero_fill
VANCOUVER,E 19TH AVE,WINDERMERE ST,6cbe9968-bfdb-5d97-95bb-b2a386151bd2,"E 19TH AVE & WINDERMERE ST, VANCOUVER",49.25315,-123.036578,incomplete_2018_2022_observations_no_zero_fill
VANCOUVER,E 19TH AVE,WINDSOR ST,933fdf60-0e71-50c7-98e9-35484e1adc53,"E 19TH AVE & WINDSOR ST, VANCOUVER",49.253621,-123.083729,incomplete_2018_2022_observations_no_zero_fill
VANCOUVER,E 1ST AVE,E 1ST AVE OFFRAMP,ba62365a-697a-52fb-ad66-d5dc40a3f7ea,"E 1ST AVE & E 1ST AVE OFFRAMP, VANCOUVER",49.269452,-123.027611,incomplete_2018_2022_observations_no_zero_fill
VANCOUVER,E 1ST AVE,E 1ST AVE ONRAMP,a6f1162a-ad4c-516f-bf1f-65bfa5f48513,"E 1ST AVE & E 1ST AVE ONRAMP, VANCOUVER",49.26953,-123.027812,incomplete_2018_2022_observations_no_zero_fill
VANCOUVER,E 1ST AVE,GRANDVIEW VIADUCT,c16fcd26-03d7-51b9-ad29-f7db15d32c16,"E 1ST AVE & GRANDVIEW VIADUCT, VANCOUVER",49.269649,-123.077365,incomplete_2018_2022_observations_no_zero_fill
VANCOUVER,E 1ST AVE,HWY 1A,fab29fee-3732-59ce-b7d0-cdb1f3eea8a1,"E 1ST AVE & HWY 1A, VANCOUVER",49.270128,-123.100736,incomplete_2018_2022_observations_no_zero_fill
VANCOUVER,E 1ST AVE,LORNE ST,3cca9f09-c8c8-52f7-81ea-f3753dca8438,"E 1ST AVE & LORNE ST, VANCOUVER",49.269214,-123.098838,incomplete_2018_2022_observations_no_zero_fill
VANCOUVER,E 1ST AVE,PULLMAN PORTER ST,6fe4c32a-0ef9-5c01-9c3c-4b9f6430df83,"E 1ST AVE & PULLMAN PORTER ST, VANCOUVER",49.270183,-123.103712,incomplete_2018_2022_observations_no_zero_fill
VANCOUVER,E 1ST AVE,SCOTIA ST,c958ee8f-a160-5201-9bff-ed73f4271235,"E 1ST AVE & SCOTIA ST, VANCOUVER",49.268378,-123.097383,incomplete_2018_2022_observations_no_zero_fill
VANCOUVER,E 1ST AVE,THORNTON ST,ccaef5a2-f665-58e5-8d89-f6419adaa124,"E 1ST AVE & THORNTON ST, VANCOUVER",49.26763,-123.094902,incomplete_2018_2022_observations_no_zero_fill
VANCOUVER,E 1ST AVE,TRANS-CANADA HWY,bc7561b9-22ec-5487-8b65-4cb75cc91a9c,"E 1ST AVE & TRANS-CANADA HWY, VANCOUVER",49.26953,-123.027487,incomplete_2018_2022_observations_no_zero_fill
VANCOUVER,E 1ST AVE,VALIANT ST,5e35d8c4-9a69-5f93-bb14-46ffc0331d86,"E 1ST AVE & VALIANT ST, VANCOUVER",49.269529,-123.025406,incomplete_2018_2022_observations_no_zero_fill
VANCOUVER,E 1ST AVE,W 1ST AVE,ba0904df-20b9-5d4f-a737-5d0d0bb9d0db,"E 1ST AVE & W 1ST AVE, VANCOUVER",49.270163,-123.104627,incomplete_2018_2022_observations_no_zero_fill
VANCOUVER,E 1ST AVE OFFRAMP,TRANS-CANADA HWY,582f84f5-2966-5c66-b4fc-69c138a704be,"E 1ST AVE OFFRAMP & TRANS-CANADA HWY, VANCOUVER",49.269452,-123.027611,incomplete_2018_2022_observations_no_zero_fill
VANCOUVER,E 20TH AVE,FLEMING ST,05f4bedd-b593-59e0-8bef-4b651310b5cf,"E 20TH AVE & FLEMING ST, VANCOUVER",49.252533,-123.071965,incomplete_2018_2022_observations_no_zero_fill
VANCOUVER,E 20TH AVE,GLEN DR,52c34fc5-6eaa-5e79-ab21-aab191097f50,"E 20TH AVE & GLEN DR, VANCOUVER",49.252681,-123.081803,incomplete_2018_2022_observations_no_zero_fill
VANCOUVER,E 20TH AVE,HULL ST,084b3edc-d5dc-5a99-a236-292eb811802d,"E 20TH AVE & HULL ST, VANCOUVER",49.25268,-123.064278,incomplete_2018_2022_observations_no_zero_fill
VANCOUVER,E 20TH AVE,INVERNESS ST,6ea7daec-3db5-5fc8-bc42-26137285cb18,"E 20TH AVE & INVERNESS ST, VANCOUVER",49.252658,-123.079882,incomplete_2018_2022_observations_no_zero_fill
VANCOUVER,E 20TH AVE,KASLO ST,a5a47b2b-aacb-521c-8feb-5eeff67cb08e,"E 20TH AVE & KASLO ST, VANCOUVER",49.252358,-123.047058,incomplete_2018_2022_observations_no_zero_fill
VANCOUVER,E 20TH AVE,LILLOOET ST,046432af-abbd-5d8b-96e9-34a7f56afc10,"E 20TH AVE & LILLOOET ST, VANCOUVER",49.252335,-123.039096,incomplete_2018_2022_observations_no_zero_fill
VANCOUVER,E 20TH AVE,MARSHALL ST,aed35b7b-a154-5392-9e16-d694fb47923e,"E 20TH AVE & MARSHALL ST, VANCOUVER",49.252183,-123.062651,incomplete_2018_2022_observations_no_zero_fill
VANCOUVER,E 20TH AVE,MAXWELL ST,f04182a8-cf5e-5f2d-b2ee-351964a140cc,"E 20TH AVE & MAXWELL ST, VANCOUVER",49.252503,-123.070167,incomplete_2018_2022_observations_no_zero_fill
VANCOUVER,E 20TH AVE,NANAIMO ST,26b9621b-69db-5847-b81e-d66319eafe70,"E 20TH AVE & NANAIMO ST, VANCOUVER",49.252289,-123.056596,incomplete_2018_2022_observations_no_zero_fill
VANCOUVER,E 20TH AVE,NOOTKA ST,3a304997-f512-55a8-abf8-0835f8ac304f,"E 20TH AVE & NOOTKA ST, VANCOUVER",49.25234,-123.041613,incomplete_2018_2022_observations_no_zero_fill
VANCOUVER,E 20TH AVE,ONTARIO ST,f97cb01c-a0fa-5192-abe7-c486e7a8a8aa,"E 20TH AVE & ONTARIO ST, VANCOUVER",49.252761,-123.104815,incomplete_2018_2022_observations_no_zero_fill
VANCOUVER,E 20TH AVE,PENTICTON ST,eac4e32c-6860-5482-9cf0-526d748ffda1,"E 20TH AVE & PENTICTON ST, VANCOUVER",49.252366,-123.052181,incomplete_2018_2022_observations_no_zero_fill
VANCOUVER,E 20TH AVE,PRINCE ALBERT ST,e5dd65f4-ad19-57e8-8ed2-1911e95760ee,"E 20TH AVE & PRINCE ALBERT ST, VANCOUVER",49.252769,-123.087632,incomplete_2018_2022_observations_no_zero_fill
VANCOUVER,E 20TH AVE,PRINCE EDWARD ST,0de447c8-e3e8-5c3d-9303-403a401f9b96,"E 20TH AVE & PRINCE EDWARD ST, VANCOUVER",49.252919,-123.096611,incomplete_2018_2022_observations_no_zero_fill
VANCOUVER,E 20TH AVE,QUEBEC ST,d8c9d691-9960-59a2-8800-ca0c3ba26680,"E 20TH AVE & QUEBEC ST, VANCOUVER",49.252736,-123.102855,incomplete_2018_2022_observations_no_zero_fill
VANCOUVER,E 20TH AVE,RENFREW ST,9f2f0b8f-0e12-554c-8fa0-64c951835501,"E 20TH AVE & RENFREW ST, VANCOUVER",49.252346,-123.044365,incomplete_2018_2022_observations_no_zero_fill
VANCOUVER,E 20TH AVE,SLOCAN ST,c03b5df0-d78f-5d26-bab9-bc2eaf785d2d,"E 20TH AVE & SLOCAN ST, VANCOUVER",49.252375,-123.049603,incomplete_2018_2022_observations_no_zero_fill
VANCOUVER,E 20TH AVE,SOPHIA ST,be76f9e9-109e-5054-9d7a-f7f9aadf849c,"E 20TH AVE & SOPHIA ST, VANCOUVER",49.25295,-123.098563,incomplete_2018_2022_observations_no_zero_fill
VANCOUVER,E 20TH AVE,ST CATHERINES ST,e618d211-814e-54d7-a2f8-b0f9ca45f987,"E 20TH AVE & ST CATHERINES ST, VANCOUVER",49.252739,-123.085707,incomplete_2018_2022_observations_no_zero_fill
VANCOUVER,E 20TH AVE,WELWYN ST,fd9329e4-83d8-51f4-a5de-2325ccb47e27,"E 20TH AVE & WELWYN ST, VANCOUVER",49.25249,-123.069378,incomplete_2018_2022_observations_no_zero_fill
VANCOUVER,E 20TH AVE,WINDERMERE ST,b358c241-0443-54e3-b876-d06ad0da3fc0,"E 20TH AVE & WINDERMERE ST, VANCOUVER",49.252331,-123.036585,incomplete_2018_2022_observations_no_zero_fill
VANCOUVER,E 20TH AVE,WINDSOR ST,1d3a60e8-0c8f-5cef-9a97-af2048f7a539,"E 20TH AVE & WINDSOR ST, VANCOUVER",49.252708,-123.083742,incomplete_2018_2022_observations_no_zero_fill
VANCOUVER,E 20TH ST,KNIGHT ST,d970ba82-2176-5259-9105-5f69d9303249,"E 20TH ST & KNIGHT ST, VANCOUVER",49.252599,-123.075963,incomplete_2018_2022_observations_no_zero_fill
VANCOUVER,E 21ST AVE,GLEN DR,23a5d590-fb08-599d-8600-288006fd3108,"E 21ST AVE & GLEN DR, VANCOUVER",49.251785,-123.081825,incomplete_2018_2022_observations_no_zero_fill
VANCOUVER,E 21ST AVE,INVERNESS ST,c8dcd00d-ac02-5721-8563-6d679270c4cd,"E 21ST AVE & INVERNESS ST, VANCOUVER",49.251753,-123.0799,incomplete_2018_2022_observations_no_zero_fill
VANCOUVER,E 21ST AVE,KASLO ST,f6cb9f0a-ec8b-5d9f-b9a8-eb840d0e98f1,"E 21ST AVE & KASLO ST, VANCOUVER",49.251504,-123.047067,incomplete_2018_2022_observations_no_zero_fill
VANCOUVER,E 21ST AVE,LILLOOET ST,c18b98c7-d6a7-5a14-b39a-06f12a12f912,"E 21ST AVE & LILLOOET ST, VANCOUVER",49.25149,-123.039099,incomplete_2018_2022_observations_no_zero_fill
VANCOUVER,E 21ST AVE,NOOTKA ST,70c6e54f-7071-57b6-bae2-5307ede97e7e,"E 21ST AVE & NOOTKA ST, VANCOUVER",49.251493,-123.041624,incomplete_2018_2022_observations_no_zero_fill
VANCOUVER,E 21ST AVE,ONTARIO ST,a4ba7e53-3fc3-516d-af40-78d04dd5468e,"E 21ST AVE & ONTARIO ST, VANCOUVER",49.251877,-123.104873,incomplete_2018_2022_observations_no_zero_fill
VANCOUVER,E 21ST AVE,PENTICTON ST,aba14d1f-3d47-5ab9-a5dc-1e1692dd0c12,"E 21ST AVE & PENTICTON ST, VANCOUVER",49.25155,-123.052214,incomplete_2018_2022_observations_no_zero_fill
VANCOUVER,E 21ST AVE,PRINCE EDWARD ST,eab4e13a-01f3-50e6-b987-c38e274f2190,"E 21ST AVE & PRINCE EDWARD ST, VANCOUVER",49.25201,-123.096645,incomplete_2018_2022_observations_no_zero_fill
VANCOUVER,E 21ST AVE,QUEBEC ST,dbea2813-f4cd-5477-9a6c-5330fcb8ca9f,"E 21ST AVE & QUEBEC ST, VANCOUVER",49.251828,-123.10288,incomplete_2018_2022_observations_no_zero_fill
VANCOUVER,E 21ST AVE,RENFREW ST,f578f56c-a0f1-57c9-8f15-770c8b81092c,"E 21ST AVE & RENFREW ST, VANCOUVER",49.2515,-123.044371,incomplete_2018_2022_observations_no_zero_fill
VANCOUVER,E 21ST AVE,SLOCAN ST,0d8ad4e9-cf17-5144-87df-f7921f6f6e13,"E 21ST AVE & SLOCAN ST, VANCOUVER",49.251548,-123.049608,incomplete_2018_2022_observations_no_zero_fill
VANCOUVER,E 21ST AVE,SOPHIA ST,24a9ac6b-def2-5e1b-b88f-99d3f70a63ef,"E 21ST AVE & SOPHIA ST, VANCOUVER",49.252036,-123.098596,incomplete_2018_2022_observations_no_zero_fill
VANCOUVER,E 21ST AVE,ST CATHERINES ST,cec1fb3e-4296-537e-a7bb-a06ee28f8cdd,"E 21ST AVE & ST CATHERINES ST, VANCOUVER",49.251841,-123.085736,incomplete_2018_2022_observations_no_zero_fill
VANCOUVER,E 21ST AVE,ST GEORGE ST,93dcea55-f3b5-5ad6-9543-6b785ffe6acc,"E 21ST AVE & ST GEORGE ST, VANCOUVER",49.251973,-123.093962,incomplete_2018_2022_observations_no_zero_fill
VANCOUVER,E 21ST AVE,WELWYN ST,bfbf8ded-3ccd-50f8-bd71-8272f6369d5c,"E 21ST AVE & WELWYN ST, VANCOUVER",49.251602,-123.069403,incomplete_2018_2022_observations_no_zero_fill
VANCOUVER,E 21ST AVE,WINDERMERE ST,12a1ad0f-940c-564f-bf15-2384430ef47d,"E 21ST AVE & WINDERMERE ST, VANCOUVER",49.251486,-123.036595,incomplete_2018_2022_observations_no_zero_fill
VANCOUVER,E 22ND AVE,FLEMING ST,0a3c2a1b-a588-538e-a060-cb13ad7752bb,"E 22ND AVE & FLEMING ST, VANCOUVER",49.250378,-123.072413,incomplete_2018_2022_observations_no_zero_fill
VANCOUVER,E 22ND AVE,FRASER ST,9ef8013d-c75f-5433-9258-5fa2ba15a755,"E 22ND AVE & FRASER ST, VANCOUVER",49.251008,-123.090078,incomplete_2018_2022_observations_no_zero_fill
VANCOUVER,E 22ND AVE,GLENDALE ST,e42d4ac3-1fff-5f53-a8f0-58258c2ec3a8,"E 22ND AVE & GLENDALE ST, VANCOUVER",49.250642,-123.025373,incomplete_2018_2022_observations_no_zero_fill
VANCOUVER,E 22ND AVE,INVERNESS ST,72fe8651-b042-50bd-9b77-406b11310ab3,"E 22ND AVE & INVERNESS ST, VANCOUVER",49.250866,-123.079949,incomplete_2018_2022_observations_no_zero_fill
VANCOUVER,E 22ND AVE,KAMLOOPS ST,a2bdf847-db54-5b44-80a4-6d2e2ca2a2e5,"E 22ND AVE & KAMLOOPS ST, VANCOUVER",49.250631,-123.054583,incomplete_2018_2022_observations_no_zero_fill
VANCOUVER,E 22ND AVE,KOOTENAY ST,e2b1d52c-f0b2-5ece-bee7-97e0fe136124,"E 22ND AVE & KOOTENAY ST, VANCOUVER",49.250638,-123.026252,incomplete_2018_2022_observations_no_zero_fill
VANCOUVER,E 22ND AVE,LANARK ST,7d50fe15-809f-595e-9cbd-8cc1b2ce4a2b,"E 22ND AVE & LANARK ST, VANCOUVER",49.250411,-123.074646,incomplete_2018_2022_observations_no_zero_fill
VANCOUVER,E 22ND AVE,LILLOOET ST,3dab124d-1bec-566b-8752-31e5b0f0c7a3,"E 22ND AVE & LILLOOET ST, VANCOUVER",49.25061,-123.039103,incomplete_2018_2022_observations_no_zero_fill
VANCOUVER,E 22ND AVE,MAXWELL ST,9f800417-3d17-5082-a535-091a9f0e37bd,"E 22ND AVE & MAXWELL ST, VANCOUVER",49.250346,-123.070228,incomplete_2018_2022_observations_no_zero_fill
VANCOUVER,E 22ND AVE,ONTARIO ST,3132b90d-92fa-5886-b472-49c9b1d993fc,"E 22ND AVE & ONTARIO ST, VANCOUVER",49.25097,-123.104906,incomplete_2018_2022_observations_no_zero_fill
VANCOUVER,E 22ND AVE,PENTICTON ST,af13b0a1-9d45-5ea9-920f-6c6eb95e19f3,"E 22ND AVE & PENTICTON ST, VANCOUVER",49.250654,-123.052233,incomplete_2018_2022_observations_no_zero_fill
VANCOUVER,E 22ND AVE,PERRY ST,b56b3aae-003f-5847-a518-f8150cd66d50,"E 22ND AVE & PERRY ST, VANCOUVER",49.250361,-123.07109,incomplete_2018_2022_observations_no_zero_fill
VANCOUVER,E 22ND AVE,PRINCE ALBERT ST,db83be1f-d069-5236-80fb-36cf9bfcac97,"E 22ND AVE & PRINCE ALBERT ST, VANCOUVER",49.25098,-123.087703,incomplete_2018_2022_observations_no_zero_fill
VANCOUVER,E 22ND AVE,PRINCE EDWARD ST,c72ae655-500f-5e83-a45d-fe5096e82925,"E 22ND AVE & PRINCE EDWARD ST, VANCOUVER",49.251116,-123.096676,incomplete_2018_2022_observations_no_zero_fill
VANCOUVER,E 22ND AVE,SIDNEY ST,71ba3c64-cde1-58c8-851b-877a497f6715,"E 22ND AVE & SIDNEY ST, VANCOUVER",49.250254,-123.062566,incomplete_2018_2022_observations_no_zero_fill
VANCOUVER,E 22ND AVE,SKEENA ST,3901d179-f240-5d39-aa3f-4166cba57551,"E 22ND AVE & SKEENA ST, VANCOUVER",49.250625,-123.028522,incomplete_2018_2022_observations_no_zero_fill
VANCOUVER,E 22ND AVE,SOPHIA ST,36e46330-b637-5bd9-93a0-62be44cc280f,"E 22ND AVE & SOPHIA ST, VANCOUVER",49.251146,-123.098628,incomplete_2018_2022_observations_no_zero_fill
VANCOUVER,E 22ND AVE,ST GEORGE ST,0f1521b6-b21b-5686-9e91-70e886aed079,"E 22ND AVE & ST GEORGE ST, VANCOUVER",49.251073,-123.094,incomplete_2018_2022_observations_no_zero_fill
VANCOUVER,E 22ND AVE,WINDSOR ST,d2eb9775-0558-5b32-8507-e9c0e14dc0e2,"E 22ND AVE & WINDSOR ST, VANCOUVER",49.250922,-123.083809,incomplete_2018_2022_observations_no_zero_fill
VANCOUVER,E 23RD AVE,INVERNESS ST,57c4e20e-5fc2-5d52-a3b9-7e06b3fb139a,"E 23RD AVE & INVERNESS ST, VANCOUVER",49.249948,-123.079984,incomplete_2018_2022_observations_no_zero_fill
VANCOUVER,E 23RD AVE,KAMLOOPS ST,a97acdae-c310-52d7-9d11-922ba244aa2b,"E 23RD AVE & KAMLOOPS ST, VANCOUVER",49.249717,-123.05459,incomplete_2018_2022_observations_no_zero_fill
VANCOUVER,E 23RD AVE,KASLO ST,08dbf4b5-10ae-51bc-85b3-6b9e282a4938,"E 23RD AVE & KASLO ST, VANCOUVER",49.249689,-123.047082,incomplete_2018_2022_observations_no_zero_fill
VANCOUVER,E 23RD AVE,LILLOOET ST,ad5e3b32-cbf5-5025-b295-1fcc614f33b2,"E 23RD AVE & LILLOOET ST, VANCOUVER",49.249667,-123.039108,incomplete_2018_2022_observations_no_zero_fill
VANCOUVER,E 23RD AVE,NOOTKA ST,d5954b50-a7b1-5aaa-a354-d8c0af8c85b4,"E 23RD AVE & NOOTKA ST, VANCOUVER",49.249663,-123.04159,incomplete_2018_2022_observations_no_zero_fill
VANCOUVER,E 23RD AVE,ONTARIO ST,56cf57e6-1bec-5761-b926-048aebb32a5e,"E 23RD AVE & ONTARIO ST, VANCOUVER",49.249916,-123.104968,incomplete_2018_2022_observations_no_zero_fill
VANCOUVER,E 23RD AVE,PENTICTON ST,77651328-f6b0-546d-ab52-8ea24f5c2f1a,"E 23RD AVE & PENTICTON ST, VANCOUVER",49.249714,-123.05221,incomplete_2018_2022_observations_no_zero_fill
VANCOUVER,E 23RD AVE,PRINCE ALBERT ST,73e79c5e-6cbc-5bdf-8ecb-b96538c69716,"E 23RD AVE & PRINCE ALBERT ST, VANCOUVER",49.250071,-123.087739,incomplete_2018_2022_observations_no_zero_fill
VANCOUVER,E 23RD AVE,QUEBEC ST,b1eca57b-cbe3-5ec0-a557-79656969de9a,"E 23RD AVE & QUEBEC ST, VANCOUVER",49.250285,-123.102901,incomplete_2018_2022_observations_no_zero_fill
VANCOUVER,E 23RD AVE,RENFREW ST,f4261320-388f-53b2-ab85-acced6ef95dc,"E 23RD AVE & RENFREW ST, VANCOUVER",49.249686,-123.044405,incomplete_2018_2022_observations_no_zero_fill
VANCOUVER,E 23RD AVE,RUPERT ST,3943e18f-6516-580c-8d28-aecfd0e0d9ac,"E 23RD AVE & RUPERT ST, VANCOUVER",49.249657,-123.033813,incomplete_2018_2022_observations_no_zero_fill
VANCOUVER,E 23RD AVE,SLOCAN ST,6ce75c65-8e20-5400-810c-27c40a8d6854,"E 23RD AVE & SLOCAN ST, VANCOUVER",49.249712,-123.049626,incomplete_2018_2022_observations_no_zero_fill
VANCOUVER,E 23RD AVE,SOPHIA ST,be3c071a-62e7-526c-9e2b-7f3de6fd50ba,"E 23RD AVE & SOPHIA ST, VANCOUVER",49.250229,-123.098675,incomplete_2018_2022_observations_no_zero_fill
VANCOUVER,E 23RD AVE,VICTORIA DR,ab2df1f8-2236-55ea-a997-a62e022100de,"E 23RD AVE & VICTORIA DR, VANCOUVER",49.249387,-123.065052,incomplete_2018_2022_observations_no_zero_fill
VANCOUVER,E 23RD AVE,WINDERMERE ST,99de0b67-da8a-50cf-8e61-d1991998278d,"E 23RD AVE & WINDERMERE ST, VANCOUVER",49.249671,-123.036557,incomplete_2018_2022_observations_no_zero_fill
VANCOUVER,E 24TH AVE,GLEN DR,dae5a244-134e-5cd5-a4bd-d26c88aaa002,"E 24TH AVE & GLEN DR, VANCOUVER",49.249064,-123.081896,incomplete_2018_2022_observations_no_zero_fill
VANCOUVER,E 24TH AVE,GLENDALE ST,40e4126d-63f0-50fb-adc1-ff7c5a3973c1,"E 24TH AVE & GLENDALE ST, VANCOUVER",49.248798,-123.025368,incomplete_2018_2022_observations_no_zero_fill
VANCOUVER,E 24TH AVE,KOOTENAY ST,5ffaa5f8-aa1e-56a0-8b2d-3de9297cdfd5,"E 24TH AVE & KOOTENAY ST, VANCOUVER",49.2488,-123.026263,incomplete_2018_2022_observations_no_zero_fill
VANCOUVER,E 24TH AVE,NANAIMO STATION LOOP,f48b5a32-683c-50bb-8b3d-28be6e404522,"E 24TH AVE & NANAIMO STATION LOOP, VANCOUVER",49.248815,-123.0554,incomplete_2018_2022_observations_no_zero_fill
VANCOUVER,E 24TH AVE,NOOTKA ST,83ed80fd-39f3-50f6-b2dc-82e71080ede1,"E 24TH AVE & NOOTKA ST, VANCOUVER",49.248751,-123.041615,incomplete_2018_2022_observations_no_zero_fill
VANCOUVER,E 24TH AVE,ONTARIO ST,818d60e1-9c0d-5d9d-a40b-87c3c3d4d132,"E 24TH AVE & ONTARIO ST, VANCOUVER",49.249569,-123.104976,incomplete_2018_2022_observations_no_zero_fill
VANCOUVER,E 24TH AVE,PENTICTON ST,658ae342-c2d0-559e-867f-51625b0b3e91,"E 24TH AVE & PENTICTON ST, VANCOUVER",49.248823,-123.052233,incomplete_2018_2022_observations_no_zero_fill
VANCOUVER,E 24TH AVE,PRINCE ALBERT ST,2f0834e2-9121-5aab-9317-3a7daa950585,"E 24TH AVE & PRINCE ALBERT ST, VANCOUVER",49.249167,-123.087775,incomplete_2018_2022_observations_no_zero_fill
VANCOUVER,E 24TH AVE,PRINCE EDWARD ST,6fd19dc9-e2d2-53ac-a166-c2df9bf2dbdf,"E 24TH AVE & PRINCE EDWARD ST, VANCOUVER",49.249305,-123.096742,incomplete_2018_2022_observations_no_zero_fill
VANCOUVER,E 24TH AVE,RENFREW ST,1feee182-b3ab-591d-90d1-c95c85d42167,"E 24TH AVE & RENFREW ST, VANCOUVER",49.248795,-123.044417,incomplete_2018_2022_observations_no_zero_fill
VANCOUVER,E 24TH AVE,SKEENA ST,c418942d-c187-5f8b-a24b-62f83db4472c,"E 24TH AVE & SKEENA ST, VANCOUVER",49.248792,-123.02853,incomplete_2018_2022_observations_no_zero_fill
VANCOUVER,E 24TH AVE,SLOCAN ST,87cdc16c-ed78-59b0-810a-27e2ab6bdf95,"E 24TH AVE & SLOCAN ST, VANCOUVER",49.248802,-123.049639,incomplete_2018_2022_observations_no_zero_fill
VANCOUVER,E 24TH AVE,SOPHIA ST,fffb65c6-014c-5d5f-923a-e53d311d3607,"E 24TH AVE & SOPHIA ST, VANCOUVER",49.249328,-123.098694,incomplete_2018_2022_observations_no_zero_fill
VANCOUVER,E 24TH AVE,ST CATHERINES ST,7707a85a-5f8d-5e95-b54e-11d3fce7c3b2,"E 24TH AVE & ST CATHERINES ST, VANCOUVER",49.249134,-123.085831,incomplete_2018_2022_observations_no_zero_fill
VANCOUVER,E 24TH AVE,ST GEORGE ST,f12093c9-35c6-55a2-b84b-4a58bd9f9602,"E 24TH AVE & ST GEORGE ST, VANCOUVER",49.24927,-123.094044,incomplete_2018_2022_observations_no_zero_fill
VANCOUVER,E 24TH AVE,WINDERMERE ST,30958fde-7e12-5ac3-97eb-cd504912d7d1,"E 24TH AVE & WINDERMERE ST, VANCOUVER",49.248768,-123.036567,incomplete_2018_2022_observations_no_zero_fill
VANCOUVER,E 25TH AVE,FRASER ST,d0c29bc7-afc6-581e-b69c-af5495452b62,"E 25TH AVE & FRASER ST, VANCOUVER",49.248662,-123.090155,incomplete_2018_2022_observations_no_zero_fill
VANCOUVER,E 25TH AVE,GLADSTONE ST,ddb34ffc-a9cf-50da-92f7-95a81d249963,"E 25TH AVE & GLADSTONE ST, VANCOUVER",49.248123,-123.060508,incomplete_2018_2022_observations_no_zero_fill
VANCOUVER,E 25TH AVE,KASLO ST,635f9983-3b7e-5d57-bec9-f027ca637f15,"E 25TH AVE & KASLO ST, VANCOUVER",49.247915,-123.047096,incomplete_2018_2022_observations_no_zero_fill
VANCOUVER,E 25TH AVE,KINGSWAY,94ce2ddf-196f-57ec-b1e1-1b1dd7111b8a,"E 25TH AVE & KINGSWAY, VANCOUVER",49.248504,-123.072338,incomplete_2018_2022_observations_no_zero_fill
VANCOUVER,E 25TH AVE,LILLOOET ST,60cba128-681d-5f70-ba86-6fb6e102e08d,"E 25TH AVE & LILLOOET ST, VANCOUVER",49.247873,-123.039115,incomplete_2018_2022_observations_no_zero_fill
VANCOUVER,E 25TH AVE,NOOTKA ST,7b0800a8-7e6e-5a3b-b276-331243260f72,"E 25TH AVE & NOOTKA ST, VANCOUVER",49.24789,-123.041621,incomplete_2018_2022_observations_no_zero_fill
VANCOUVER,E 25TH AVE,SKEENA ST,fb125b02-505e-5eb6-bc98-cbefbb8ed190,"E 25TH AVE & SKEENA ST, VANCOUVER",49.247891,-123.028534,incomplete_2018_2022_observations_no_zero_fill
VANCOUVER,E 25TH AVE,SLOCAN ST,733b996d-0f8e-5e9a-8e75-d36455b9178a,"E 25TH AVE & SLOCAN ST, VANCOUVER",49.247928,-123.049639,incomplete_2018_2022_observations_no_zero_fill
VANCOUVER,E 25TH AVE,ST GEORGE ST,394d619f-1817-56ce-ba2b-0aafd27f8516,"E 25TH AVE & ST GEORGE ST, VANCOUVER",49.248686,-123.094061,incomplete_2018_2022_observations_no_zero_fill
VANCOUVER,E 25TH AVE,VICTORIA DR,fc193ea6-9ac7-51c8-895f-e23316357a36,"E 25TH AVE & VICTORIA DR, VANCOUVER",49.248503,-123.065075,incomplete_2018_2022_observations_no_zero_fill
VANCOUVER,E 26TH AVE,ELGIN ST,5411a345-68c6-5b30-9792-a28e1ce11f26,"E 26TH AVE & ELGIN ST, VANCOUVER",49.247717,-123.082681,incomplete_2018_2022_observations_no_zero_fill
VANCOUVER,E 26TH AVE,FLEMING ST,c31897a2-a622-51fd-a63b-cb1cb7d7bf77,"E 26TH AVE & FLEMING ST, VANCOUVER",49.247811,-123.072036,incomplete_2018_2022_observations_no_zero_fill
VANCOUVER,E 26TH AVE,GLEN DR,fcf675ab-6f4c-512e-bc90-b5b18e39ca33,"E 26TH AVE & GLEN DR, VANCOUVER",49.24771,-123.081921,incomplete_2018_2022_observations_no_zero_fill
VANCOUVER,E 26TH AVE,INVERNESS ST,9ec3dd3d-58bf-54d5-82f7-bd18751ea1d9,"E 26TH AVE & INVERNESS ST, VANCOUVER",49.247624,-123.080079,incomplete_2018_2022_observations_no_zero_fill
VANCOUVER,E 26TH AVE,KAMLOOPS ST,54641ff4-1057-5c5b-a560-0e575890b6d7,"E 26TH AVE & KAMLOOPS ST, VANCOUVER",49.247122,-123.054267,incomplete_2018_2022_observations_no_zero_fill
VANCOUVER,E 26TH AVE,KASLO ST,7d9b62e6-5796-55f8-bedd-d7e7a03142b8,"E 26TH AVE & KASLO ST, VANCOUVER",49.247103,-123.047102,incomplete_2018_2022_observations_no_zero_fill
VANCOUVER,E 26TH AVE,KNIGHT ST,393cf5c1-5b6f-5377-87f2-4832cdbc5866,"E 26TH AVE & KNIGHT ST, VANCOUVER",49.247501,-123.076121,incomplete_2018_2022_observations_no_zero_fill
VANCOUVER,E 26TH AVE,KOOTENAY ST,0833c7cb-1197-52e9-a6fd-f7601b56aef9,"E 26TH AVE & KOOTENAY ST, VANCOUVER",49.247034,-123.02627,incomplete_2018_2022_observations_no_zero_fill
VANCOUVER,E 26TH AVE,NOOTKA ST,92b82fea-4335-59ae-9cee-d7899bf3e0a2,"E 26TH AVE & NOOTKA ST, VANCOUVER",49.247066,-123.041622,incomplete_2018_2022_observations_no_zero_fill
VANCOUVER,E 26TH AVE,ONTARIO ST,3f1187e6-d454-5d25-a02b-7440866ebc40,"E 26TH AVE & ONTARIO ST, VANCOUVER",49.248078,-123.105034,incomplete_2018_2022_observations_no_zero_fill
VANCOUVER,E 26TH AVE,PENTICTON ST,de28ad74-941f-576f-aa6d-06d9e0365dab,"E 26TH AVE & PENTICTON ST, VANCOUVER",49.247516,-123.051894,incomplete_2018_2022_observations_no_zero_fill
VANCOUVER,E 26TH AVE,PERRY ST,9dda869d-ec37-5698-ae5c-b82e89ebb192,"E 26TH AVE & PERRY ST, VANCOUVER",49.247497,-123.07131,incomplete_2018_2022_observations_no_zero_fill
VANCOUVER,E 26TH AVE,PRINCE ALBERT ST,206c536c-2ee3-529d-b0ac-f9cb78ceadf6,"E 26TH AVE & PRINCE ALBERT ST, VANCOUVER",49.247552,-123.087759,incomplete_2018_2022_observations_no_zero_fill
VANCOUVER,E 26TH AVE,PRINCE EDWARD ST,aeab20b0-bd62-5518-8633-d41e943a605c,"E 26TH AVE & PRINCE EDWARD ST, VANCOUVER",49.247386,-123.096803,incomplete_2018_2022_observations_no_zero_fill
VANCOUVER,E 26TH AVE,QUEBEC ST,7efdc811-4a97-5f85-a98c-b0c981d16107,"E 26TH AVE & QUEBEC ST, VANCOUVER",49.248033,-123.103224,incomplete_2018_2022_observations_no_zero_fill
VANCOUVER,E 26TH AVE,SIDNEY ST,55d17e2b-4f73-562d-92d3-284b728b7764,"E 26TH AVE & SIDNEY ST, VANCOUVER",49.247618,-123.062723,incomplete_2018_2022_observations_no_zero_fill
VANCOUVER,E 26TH AVE,SKEENA ST,d68bdf5f-3b7f-55e8-a666-d2e6f14b4d5c,"E 26TH AVE & SKEENA ST, VANCOUVER",49.247052,-123.028538,incomplete_2018_2022_observations_no_zero_fill
VANCOUVER,E 26TH AVE,SLOCAN ST,6c4cec2a-ea15-5f16-91f1-7af1c23332ae,"E 26TH AVE & SLOCAN ST, VANCOUVER",49.247528,-123.049641,incomplete_2018_2022_observations_no_zero_fill
VANCOUVER,E 26TH AVE,ST GEORGE ST,c42213dc-ca46-5132-a7ab-44bc5a49713f,"E 26TH AVE & ST GEORGE ST, VANCOUVER",49.247682,-123.094077,incomplete_2018_2022_observations_no_zero_fill
VANCOUVER,E 26TH AVE,VICTORIA DR,86f97ae9-48bb-50b5-a87a-d4ac520bb454,"E 26TH AVE & VICTORIA DR, VANCOUVER",49.247627,-123.065099,incomplete_2018_2022_observations_no_zero_fill
VANCOUVER,E 26TH AVE,WATSON ST,58745c35-1f53-569b-b53b-8d62fa57521b,"E 26TH AVE & WATSON ST, VANCOUVER",49.247571,-123.100489,incomplete_2018_2022_observations_no_zero_fill
VANCOUVER,E 26TH AVE,WINDERMERE ST,723370d9-7e38-5e3b-adfa-b8841581bea8,"E 26TH AVE & WINDERMERE ST, VANCOUVER",49.247108,-123.036634,incomplete_2018_2022_observations_no_zero_fill
VANCOUVER,E 26TH AVE,WINDSOR ST,91c71af8-74df-5ac9-b8f5-546e469621ce,"E 26TH AVE & WINDSOR ST, VANCOUVER",49.247616,-123.083918,incomplete_2018_2022_observations_no_zero_fill
VANCOUVER,E 27TH AVE,GLADSTONE ST,80350a83-02eb-5612-89d8-10f0193bd93c,"E 27TH AVE & GLADSTONE ST, VANCOUVER",49.246724,-123.060408,incomplete_2018_2022_observations_no_zero_fill
VANCOUVER,E 27TH AVE,GLEN DR,3be1e426-1bb8-5790-962b-ceb7b61e896e,"E 27TH AVE & GLEN DR, VANCOUVER",49.246522,-123.081967,incomplete_2018_2022_observations_no_zero_fill
VANCOUVER,E 27TH AVE,KAMLOOPS ST,30f3a6fe-1e68-5769-b677-5d72f0d3d5f5,"E 27TH AVE & KAMLOOPS ST, VANCOUVER",49.246263,-123.054253,incomplete_2018_2022_observations_no_zero_fill
VANCOUVER,E 27TH AVE,KASLO ST,44635643-769b-56da-8527-fe11bdd3b4aa,"E 27TH AVE & KASLO ST, VANCOUVER",49.246261,-123.047108,incomplete_2018_2022_observations_no_zero_fill
VANCOUVER,E 27TH AVE,LILLOOET ST,07704f41-d88e-5fc6-b59c-d9c6bd823fce,"E 27TH AVE & LILLOOET ST, VANCOUVER",49.246223,-123.039122,incomplete_2018_2022_observations_no_zero_fill
VANCOUVER,E 27TH AVE,PRINCE ALBERT ST,9c2a1c3f-f4b8-5880-853c-f46d7841a17f,"E 27TH AVE & PRINCE ALBERT ST, VANCOUVER",49.246589,-123.08778,incomplete_2018_2022_observations_no_zero_fill
VANCOUVER,E 27TH AVE,QUEBEC ST,b9ed0146-dbaf-54a3-85d8-886af1b151e0,"E 27TH AVE & QUEBEC ST, VANCOUVER",49.247273,-123.103261,incomplete_2018_2022_observations_no_zero_fill
VANCOUVER,E 27TH AVE,ROSS ST,87c1c4da-01a5-570b-8d1d-cc6cad6eb49b,"E 27TH AVE & ROSS ST, VANCOUVER",49.246511,-123.081349,incomplete_2018_2022_observations_no_zero_fill
VANCOUVER,E 27TH AVE,SIDNEY ST,208e7cdb-8be7-5cf5-992d-113336e2059d,"E 27TH AVE & SIDNEY ST, VANCOUVER",49.246741,-123.062727,incomplete_2018_2022_observations_no_zero_fill
VANCOUVER,E 27TH AVE,SKEENA ST,40a340bc-4965-56ef-9098-212f11d59b1f,"E 27TH AVE & SKEENA ST, VANCOUVER",49.246195,-123.028542,incomplete_2018_2022_observations_no_zero_fill
VANCOUVER,E 27TH AVE,ST CATHERINES ST,cdfdd281-c4a1-5df0-acb9-1b88aaafe3a5,"E 27TH AVE & ST CATHERINES ST, VANCOUVER",49.246565,-123.085841,incomplete_2018_2022_observations_no_zero_fill
VANCOUVER,E 27TH AVE,ST GEORGE ST,bf27b1b4-9edf-5363-98ac-57e11c178adb,"E 27TH AVE & ST GEORGE ST, VANCOUVER",49.246644,-123.094113,incomplete_2018_2022_observations_no_zero_fill
VANCOUVER,E 27TH AVE,WINDERMERE ST,81c30f6e-93b0-5117-85da-c1cca9df374e,"E 27TH AVE & WINDERMERE ST, VANCOUVER",49.246256,-123.036643,incomplete_2018_2022_observations_no_zero_fill
VANCOUVER,E 27TH AVE,WINDSOR ST,71ff4aae-6400-5254-8729-96819780e00b,"E 27TH AVE & WINDSOR ST, VANCOUVER",49.246539,-123.083947,incomplete_2018_2022_observations_no_zero_fill
VANCOUVER,E 28TH AVE,ELGIN ST,fff2111f-78d2-54a1-9e63-244e561007b5,"E 28TH AVE & ELGIN ST, VANCOUVER",49.245452,-123.082734,incomplete_2018_2022_observations_no_zero_fill
VANCOUVER,E 28TH AVE,GLADSTONE ST,e2b9819b-6888-5635-9ee0-89d92400bc26,"E 28TH AVE & GLADSTONE ST, VANCOUVER",49.245798,-123.060445,incomplete_2018_2022_observations_no_zero_fill
VANCOUVER,E 28TH AVE,HARRIET ST,a8cb0db6-baa4-5783-8ca9-da40e52ca4ad,"E 28TH AVE & HARRIET ST, VANCOUVER",49.245481,-123.086605,incomplete_2018_2022_observations_no_zero_fill
VANCOUVER,E 28TH AVE,INVERNESS ST,d1ab4106-a35e-5d02-b34c-e226c9868935,"E 28TH AVE & INVERNESS ST, VANCOUVER",49.245436,-123.080137,incomplete_2018_2022_observations_no_zero_fill
VANCOUVER,E 28TH AVE,JAMES ST,60a43acb-15e3-5143-abbd-b51d1977eec8,"E 28TH AVE & JAMES ST, VANCOUVER",49.246028,-123.103913,incomplete_2018_2022_observations_no_zero_fill
VANCOUVER,E 28TH AVE,JOHN ST,5bbee516-628b-50c4-a00c-fa56b87420e7,"E 28TH AVE & JOHN ST, VANCOUVER",49.245646,-123.097368,incomplete_2018_2022_observations_no_zero_fill
VANCOUVER,E 28TH AVE,KAMLOOPS ST,3ee5af9f-7116-5d82-b0db-d5f040f30fed,"E 28TH AVE & KAMLOOPS ST, VANCOUVER",49.245433,-123.054248,incomplete_2018_2022_observations_no_zero_fill
VANCOUVER,E 28TH AVE,KASLO ST,d3cdb9aa-97a8-5b91-ad5f-918988d83702,"E 28TH AVE & KASLO ST, VANCOUVER",49.245418,-123.047115,incomplete_2018_2022_observations_no_zero_fill
VANCOUVER,E 28TH AVE,KNIGHT ST,a792c942-1fb6-5385-af7f-349a188094d7,"E 28TH AVE & KNIGHT ST, VANCOUVER",49.245411,-123.07627,incomplete_2018_2022_observations_no_zero_fill
VANCOUVER,E 28TH AVE,LILLOOET ST,35a172c1-3ee4-5ac6-b829-412a19dfcd35,"E 28TH AVE & LILLOOET ST, VANCOUVER",49.245395,-123.039127,incomplete_2018_2022_observations_no_zero_fill
VANCOUVER,E 28TH AVE,NOOTKA ST,936de68a-7538-52f4-bf08-53a623f257f3,"E 28TH AVE & NOOTKA ST, VANCOUVER",49.245405,-123.041625,incomplete_2018_2022_observations_no_zero_fill
VANCOUVER,E 28TH AVE,ONTARIO ST,c9e12e3b-0c28-50dc-beec-a16cb0822ef3,"E 28TH AVE & ONTARIO ST, VANCOUVER",49.246059,-123.105144,incomplete_2018_2022_observations_no_zero_fill
VANCOUVER,E 28TH AVE,PENTICTON ST,bdc1b1a0-7eea-5b75-bb23-c8412178b447,"E 28TH AVE & PENTICTON ST, VANCOUVER",49.245454,-123.052059,incomplete_2018_2022_observations_no_zero_fill
VANCOUVER,E 28TH AVE,PRINCE ALBERT ST,bf426127-b123-5cf5-a7d3-5debc7ef3227,"E 28TH AVE & PRINCE ALBERT ST, VANCOUVER",49.245486,-123.087806,incomplete_2018_2022_observations_no_zero_fill
VANCOUVER,E 28TH AVE,PRINCE EDWARD ST,4dc47233-b56f-5ee6-827e-970c98d0d2f4,"E 28TH AVE & PRINCE EDWARD ST, VANCOUVER",49.24564,-123.096871,incomplete_2018_2022_observations_no_zero_fill
VANCOUVER,E 28TH AVE,QUEBEC ST,7aab0890-1738-5d5c-a5ca-d5573a9ecbb6,"E 28TH AVE & QUEBEC ST, VANCOUVER",49.245992,-123.102535,incomplete_2018_2022_observations_no_zero_fill
VANCOUVER,E 28TH AVE,ROSS ST,bb11d750-4ddf-5854-b728-bb72313aa9e4,"E 28TH AVE & ROSS ST, VANCOUVER",49.245445,-123.081359,incomplete_2018_2022_observations_no_zero_fill
VANCOUVER,E 28TH AVE,RUPERT ST,2a842efd-104a-5fcb-aac6-edd6e4efd323,"E 28TH AVE & RUPERT ST, VANCOUVER",49.245358,-123.033903,incomplete_2018_2022_observations_no_zero_fill
VANCOUVER,E 28TH AVE,SIDNEY ST,ee4f0c73-9bb4-56a5-9cdb-2d59d220c9d3,"E 28TH AVE & SIDNEY ST, VANCOUVER",49.245802,-123.062769,incomplete_2018_2022_observations_no_zero_fill
VANCOUVER,E 28TH AVE,SKEENA ST,bb089fbf-2781-5cf1-ad79-24783c097934,"E 28TH AVE & SKEENA ST, VANCOUVER",49.24535,-123.028544,incomplete_2018_2022_observations_no_zero_fill
VANCOUVER,E 28TH AVE,SLOCAN ST,677a1b71-d45d-5d47-bf41-eb9df543d135,"E 28TH AVE & SLOCAN ST, VANCOUVER",49.245456,-123.049659,incomplete_2018_2022_observations_no_zero_fill
VANCOUVER,E 28TH AVE,SOPHIA ST,415c1db5-ee0a-5736-bc74-9e22dcc5e955,"E 28TH AVE & SOPHIA ST, VANCOUVER",49.245689,-123.0992,incomplete_2018_2022_observations_no_zero_fill
VANCOUVER,E 28TH AVE,ST CATHERINES ST,5ca7c18c-b74a-5911-a8fa-daaa8905c7b1,"E 28TH AVE & ST CATHERINES ST, VANCOUVER",49.245475,-123.085893,incomplete_2018_2022_observations_no_zero_fill
VANCOUVER,E 28TH AVE,ST GEORGE ST,d3eef0ca-29a9-53f0-9816-65fa29538b21,"E 28TH AVE & ST GEORGE ST, VANCOUVER",49.245619,-123.094144,incomplete_2018_2022_observations_no_zero_fill
VANCOUVER,E 28TH AVE,VICTORIA DR,1ef20e56-65ff-5999-81b8-80e55d1f6cc1,"E 28TH AVE & VICTORIA DR, VANCOUVER",49.245807,-123.065148,incomplete_2018_2022_observations_no_zero_fill
VANCOUVER,E 28TH AVE,WALDEN ST,be00df09-ea22-521f-a019-496d3b8aa978,"E 28TH AVE & WALDEN ST, VANCOUVER",49.245699,-123.099885,incomplete_2018_2022_observations_no_zero_fill
VANCOUVER,E 28TH AVE,WELWYN ST,49807c77-7d2a-596a-be40-e8ff84841b18,"E 28TH AVE & WELWYN ST, VANCOUVER",49.245087,-123.069997,incomplete_2018_2022_observations_no_zero_fill
VANCOUVER,E 28TH AVE,WINDERMERE ST,03465440-4eb6-5c38-90cc-d31bf7118da4,"E 28TH AVE & WINDERMERE ST, VANCOUVER",49.24538,-123.036651,incomplete_2018_2022_observations_no_zero_fill
VANCOUVER,E 28TH AVE,WINDSOR ST,cc329479-b424-5e12-8fa1-3652e0cd069e,"E 28TH AVE & WINDSOR ST, VANCOUVER",49.245463,-123.083976,incomplete_2018_2022_observations_no_zero_fill
VANCOUVER,E 29TH AVE,ELGIN ST,6393a213-499b-5fd5-8487-f164683f2d78,"E 29TH AVE & ELGIN ST, VANCOUVER",49.244615,-123.082746,incomplete_2018_2022_observations_no_zero_fill
VANCOUVER,E 29TH AVE,FLEMING ST,fe294657-6b83-5073-8098-dc9a3d4a8d4e,"E 29TH AVE & FLEMING ST, VANCOUVER",49.244008,-123.072132,incomplete_2018_2022_observations_no_zero_fill
VANCOUVER,E 29TH AVE,GLADSTONE ST,c520751a-0c51-53fc-b7b8-fe1b91184036,"E 29TH AVE & GLADSTONE ST, VANCOUVER",49.244857,-123.060451,incomplete_2018_2022_observations_no_zero_fill
VANCOUVER,E 29TH AVE,GOTHARD ST,659dcbbb-9113-53a8-8c6a-7cd3c5663cd7,"E 29TH AVE & GOTHARD ST, VANCOUVER",49.244613,-123.05109,incomplete_2018_2022_observations_no_zero_fill
VANCOUVER,E 29TH AVE,HOY ST,aebafc4c-05ea-5503-8833-cdf64b5da9e5,"E 29TH AVE & HOY ST, VANCOUVER",49.244464,-123.024968,incomplete_2018_2022_observations_no_zero_fill
VANCOUVER,E 29TH AVE,JOHN ST,c22682f4-ae5a-52c6-acef-73a9ccf2b0f7,"E 29TH AVE & JOHN ST, VANCOUVER",49.244398,-123.09743,incomplete_2018_2022_observations_no_zero_fill
VANCOUVER,E 29TH AVE,KAMLOOPS ST,f791d22e-a36b-52ab-b947-f4d1aa55bd67,"E 29TH AVE & KAMLOOPS ST, VANCOUVER",49.244622,-123.054243,incomplete_2018_2022_observations_no_zero_fill
VANCOUVER,E 29TH AVE,LILLOOET ST,9d755296-af1a-5a8f-b50e-04cd9cb22a0c,"E 29TH AVE & LILLOOET ST, VANCOUVER",49.24453,-123.03913,incomplete_2018_2022_observations_no_zero_fill
VANCOUVER,E 29TH AVE,MANOR ST,2e7bdd33-6675-57e7-a194-948f5ab120b1,"E 29TH AVE & MANOR ST, VANCOUVER",49.24452,-123.036981,incomplete_2018_2022_observations_no_zero_fill
VANCOUVER,E 29TH AVE,MCHARDY ST,cf547785-0cec-5b43-afbd-4b1649265356,"E 29TH AVE & MCHARDY ST, VANCOUVER",49.244494,-123.029942,incomplete_2018_2022_observations_no_zero_fill
VANCOUVER,E 29TH AVE,ONTARIO ST,01671964-eb20-58b7-a80b-ca7bf21ff714,"E 29TH AVE & ONTARIO ST, VANCOUVER",49.244527,-123.105208,incomplete_2018_2022_observations_no_zero_fill
VANCOUVER,E 29TH AVE,PRINCE ALBERT ST,c3d9c440-0514-5375-9ac7-3a4a4c615900,"E 29TH AVE & PRINCE ALBERT ST, VANCOUVER",49.244693,-123.087826,incomplete_2018_2022_observations_no_zero_fill
VANCOUVER,E 29TH AVE,PRINCE EDWARD ST,61714618-bbcc-5452-ba6f-947b7cef332b,"E 29TH AVE & PRINCE EDWARD ST, VANCOUVER",49.244776,-123.09688,incomplete_2018_2022_observations_no_zero_fill
VANCOUVER,E 29TH AVE,QUEBEC ST,69fbe426-8018-5381-92d1-9be27b86eb66,"E 29TH AVE & QUEBEC ST, VANCOUVER",49.2445,-123.102552,incomplete_2018_2022_observations_no_zero_fill
VANCOUVER,E 29TH AVE,REID ST,ab0a188b-bba1-5543-ad1b-16987c2848ae,"E 29TH AVE & REID ST, VANCOUVER",49.244512,-123.035527,incomplete_2018_2022_observations_no_zero_fill
VANCOUVER,E 29TH AVE,ROSS ST,92f06662-e236-5a01-b7ef-b855c4e67e28,"E 29TH AVE & ROSS ST, VANCOUVER",49.244605,-123.081357,incomplete_2018_2022_observations_no_zero_fill
VANCOUVER,E 29TH AVE,SIDNEY ST,8e57d890-d7a0-51e3-9d9f-612cc6eb2830,"E 29TH AVE & SIDNEY ST, VANCOUVER",49.244924,-123.062811,incomplete_2018_2022_observations_no_zero_fill
VANCOUVER,E 29TH AVE,SKEENA ST,ecc8436f-cb64-566b-8ccc-4f8ba1dd37fc,"E 29TH AVE & SKEENA ST, VANCOUVER",49.244478,-123.028549,incomplete_2018_2022_observations_no_zero_fill
VANCOUVER,E 29TH AVE,SOPHIA ST,b95d6b58-8a0a-5280-9860-bce5cb55fb9f,"E 29TH AVE & SOPHIA ST, VANCOUVER",49.244423,-123.098664,incomplete_2018_2022_observations_no_zero_fill
VANCOUVER,E 29TH AVE,ST GEORGE ST,6cdc902e-7f32-530b-b76e-0ade4fd67bce,"E 29TH AVE & ST GEORGE ST, VANCOUVER",49.244664,-123.094171,incomplete_2018_2022_observations_no_zero_fill
VANCOUVER,E 29TH AVE,WALDEN ST,83b3af69-8408-5051-a2b3-1e8f8a193d57,"E 29TH AVE & WALDEN ST, VANCOUVER",49.244447,-123.09994,incomplete_2018_2022_observations_no_zero_fill
VANCOUVER,E 29TH AVE,WELLINGTON AVE,3d7e06c5-fb42-52cc-947d-c04730bae472,"E 29TH AVE & WELLINGTON AVE, VANCOUVER",49.244541,-123.040589,incomplete_2018_2022_observations_no_zero_fill
VANCOUVER,E 29TH AVE,WELWYN ST,15d03359-751e-504c-874f-23b9fa1c2df5,"E 29TH AVE & WELWYN ST, VANCOUVER",49.243991,-123.070025,incomplete_2018_2022_observations_no_zero_fill
VANCOUVER,E 29TH AVE,WINDSOR ST,2a27fcd4-9d9a-5b99-bcc6-3b43db609ff7,"E 29TH AVE & WINDSOR ST, VANCOUVER",49.244617,-123.083979,incomplete_2018_2022_observations_no_zero_fill
VANCOUVER,E 2ND AVE,E 5TH AVE,3026d1e0-b3cd-5676-8665-cc57adac83bb,"E 2ND AVE & E 5TH AVE, VANCOUVER",49.266221,-123.095652,incomplete_2018_2022_observations_no_zero_fill
VANCOUVER,E 2ND AVE,GARDEN DR,dc585cfa-90fe-57cf-a02b-5136c320795c,"E 2ND AVE & GARDEN DR, VANCOUVER",49.268604,-123.058028,incomplete_2018_2022_observations_no_zero_fill
VANCOUVER,E 2ND AVE,GREAT NORTHERN WAY,f881d45c-dd3d-53d9-8115-8de176f7c8b6,"E 2ND AVE & GREAT NORTHERN WAY, VANCOUVER",49.266741,-123.096256,incomplete_2018_2022_observations_no_zero_fill
VANCOUVER,E 2ND AVE,HWY 99A,1b06ffdd-bbf1-59f4-89b6-ea68934fdcd1,"E 2ND AVE & HWY 99A, VANCOUVER",49.269078,-123.100707,incomplete_2018_2022_observations_no_zero_fill
VANCOUVER,E 2ND AVE,KAMLOOPS ST,2a310823-b364-55e9-9fc3-bcd7cab0bd50,"E 2ND AVE & KAMLOOPS ST, VANCOUVER",49.268484,-123.054704,incomplete_2018_2022_observations_no_zero_fill
VANCOUVER,E 2ND AVE,LAKEWOOD DR,7a3366a7-36bb-5719-906f-e19313a74096,"E 2ND AVE & LAKEWOOD DR, VANCOUVER",49.268636,-123.061894,incomplete_2018_2022_observations_no_zero_fill
VANCOUVER,E 2ND AVE,LILLOOET ST,2789df3d-0485-5089-9325-0ce3020d64cd,"E 2ND AVE & LILLOOET ST, VANCOUVER",49.268471,-123.03897,incomplete_2018_2022_observations_no_zero_fill
VANCOUVER,E 2ND AVE,MCLEAN DR,f2793a77-97cb-5501-8433-31b8c64cd0d8,"E 2ND AVE & MCLEAN DR, VANCOUVER",49.268736,-123.075442,incomplete_2018_2022_observations_no_zero_fill
VANCOUVER,E 2ND AVE,NOOTKA ST,0c87a89c-afe1-5f9a-b989-57d745134f67,"E 2ND AVE & NOOTKA ST, VANCOUVER",49.268473,-123.04149,incomplete_2018_2022_observations_no_zero_fill
VANCOUVER,E 2ND AVE,PENTICTON ST,3e9c6f6a-c5fc-5faa-8f36-ca5ce636d753,"E 2ND AVE & PENTICTON ST, VANCOUVER",49.268482,-123.052107,incomplete_2018_2022_observations_no_zero_fill
VANCOUVER,E 2ND AVE,SEMLIN DR,8153146a-77cd-5d04-b2f9-0953a9f29fc5,"E 2ND AVE & SEMLIN DR, VANCOUVER",49.268653,-123.063837,incomplete_2018_2022_observations_no_zero_fill
VANCOUVER,E 2ND AVE,SLOCAN ST,b618fbf5-db0b-516c-9a17-5dcadea02f26,"E 2ND AVE & SLOCAN ST, VANCOUVER",49.26848,-123.049466,incomplete_2018_2022_observations_no_zero_fill
VANCOUVER,E 2ND AVE,TEMPLETON DR,82836f96-7b40-5e36-8ed9-6e55679cd4a8,"E 2ND AVE & TEMPLETON DR, VANCOUVER",49.268619,-123.059971,incomplete_2018_2022_observations_no_zero_fill
VANCOUVER,E 2ND AVE,VERNON DR,912ef11c-7aa2-53e7-ae1b-e5b21d15a0e0,"E 2ND AVE & VERNON DR, VANCOUVER",49.268771,-123.07887,incomplete_2018_2022_observations_no_zero_fill
VANCOUVER,E 2ND AVE,WINDERMERE ST,f266c962-4a27-5b41-91f8-046ee8e072e7,"E 2ND AVE & WINDERMERE ST, VANCOUVER",49.26847,-123.036447,incomplete_2018_2022_observations_no_zero_fill
VANCOUVER,E 2ND AVE,WOODLAND DR,ca588ea9-f88b-5932-8406-94c83c18e7f6,"E 2ND AVE & WOODLAND DR, VANCOUVER",49.268731,-123.073522,incomplete_2018_2022_observations_no_zero_fill
VANCOUVER,E 30TH AVE,E 32ND AVE,a8e8eb72-3e4b-5180-8d3d-8b610892b870,"E 30TH AVE & E 32ND AVE, VANCOUVER",49.241518,-123.06014,incomplete_2018_2022_observations_no_zero_fill
VANCOUVER,E 30TH AVE,E 33RD AVE,f15cb9ac-0b9c-5ce7-8795-61515cc7849f,"E 30TH AVE & E 33RD AVE, VANCOUVER",49.239779,-123.056768,incomplete_2018_2022_observations_no_zero_fill
VANCOUVER,E 30TH AVE,ELDORADO MEWS,06b31583-e296-504e-b040-496835b9fc8d,"E 30TH AVE & ELDORADO MEWS, VANCOUVER",49.240646,-123.058255,incomplete_2018_2022_observations_no_zero_fill
VANCOUVER,E 30TH AVE,JAMES ST,96e35cba-c749-57f9-b4c1-9b89f22415a1,"E 30TH AVE & JAMES ST, VANCOUVER",49.24334,-123.103975,incomplete_2018_2022_observations_no_zero_fill
VANCOUVER,E 30TH AVE,NANAIMO ST,894a8676-564b-592b-ac2b-96135b9afcdb,"E 30TH AVE & NANAIMO ST, VANCOUVER",49.240878,-123.058716,incomplete_2018_2022_observations_no_zero_fill
VANCOUVER,E 30TH AVE,PRINCE ALBERT ST,80f4a2f2-bf18-5b9d-8810-9d89e7c8ebb6,"E 30TH AVE & PRINCE ALBERT ST, VANCOUVER",49.243391,-123.087878,incomplete_2018_2022_observations_no_zero_fill
VANCOUVER,E 30TH AVE,PRINCE EDWARD ST,75277aa2-5217-57bf-b8ac-1a0737db38b3,"E 30TH AVE & PRINCE EDWARD ST, VANCOUVER",49.24352,-123.096918,incomplete_2018_2022_observations_no_zero_fill
VANCOUVER,E 30TH AVE,QUEBEC ST,56a0cf4b-8df0-54f6-b1e9-b6b1558f785d,"E 30TH AVE & QUEBEC ST, VANCOUVER",49.243317,-123.102606,incomplete_2018_2022_observations_no_zero_fill
VANCOUVER,E 30TH AVE,SIDNEY ST,2af425ab-6a75-5473-8074-11817e82c7ba,"E 30TH AVE & SIDNEY ST, VANCOUVER",49.24375,-123.064524,incomplete_2018_2022_observations_no_zero_fill
VANCOUVER,E 30TH AVE,SOPHIA ST,a2409227-c401-5486-870c-426471f624d3,"E 30TH AVE & SOPHIA ST, VANCOUVER",49.243242,-123.098717,incomplete_2018_2022_observations_no_zero_fill
VANCOUVER,E 30TH AVE,ST CATHERINES ST,5da92d05-96a6-587e-a0d9-200f8b283dee,"E 30TH AVE & ST CATHERINES ST, VANCOUVER",49.243256,-123.085953,incomplete_2018_2022_observations_no_zero_fill
VANCOUVER,E 30TH AVE,ST GEORGE ST,ed87aefe-ae6f-56d0-b194-5178bf3d38ee,"E 30TH AVE & ST GEORGE ST, VANCOUVER",49.243529,-123.094184,incomplete_2018_2022_observations_no_zero_fill
VANCOUVER,E 30TH AVE,WELWYN ST,1f0bc1fd-e2b8-5b13-b589-91a25f31f5ae,"E 30TH AVE & WELWYN ST, VANCOUVER",49.243426,-123.070037,incomplete_2018_2022_observations_no_zero_fill
VANCOUVER,E 30TH AVE,WINDSOR ST,4eac3d15-fe96-568f-be86-dc59114f08d4,"E 30TH AVE & WINDSOR ST, VANCOUVER",49.243236,-123.084034,incomplete_2018_2022_observations_no_zero_fill
VANCOUVER,E 31ST AVE,ELGIN ST,f37dda18-116a-5b49-8855-2809d10e4866,"E 31ST AVE & ELGIN ST, VANCOUVER",49.242519,-123.082761,incomplete_2018_2022_observations_no_zero_fill
VANCOUVER,E 31ST AVE,GLADSTONE ST,72c5d223-936d-576e-8021-6ba4376f13bc,"E 31ST AVE & GLADSTONE ST, VANCOUVER",49.242793,-123.062644,incomplete_2018_2022_observations_no_zero_fill
VANCOUVER,E 31ST AVE,HENRY ST,a279e1b3-7678-54e6-bf3e-5d4d949cf9a7,"E 31ST AVE & HENRY ST, VANCOUVER",49.242509,-123.07766,incomplete_2018_2022_observations_no_zero_fill
VANCOUVER,E 31ST AVE,INVERNESS ST,e87235d3-cbae-539e-8f7e-3350e516985e,"E 31ST AVE & INVERNESS ST, VANCOUVER",49.242497,-123.080209,incomplete_2018_2022_observations_no_zero_fill
VANCOUVER,E 31ST AVE,JOHN ST,7cca8cec-bd8a-59f5-8514-ce715e2278b2,"E 31ST AVE & JOHN ST, VANCOUVER",49.24273,-123.097513,incomplete_2018_2022_observations_no_zero_fill
VANCOUVER,E 31ST AVE,LANARK ST,79b0c6f7-72a5-54ff-b273-67c35dbd3339,"E 31ST AVE & LANARK ST, VANCOUVER",49.243038,-123.074836,incomplete_2018_2022_observations_no_zero_fill
VANCOUVER,E 31ST AVE,LITTLE ST,18d69018-a29b-500c-b11e-021b3b75dd34,"E 31ST AVE & LITTLE ST, VANCOUVER",49.242793,-123.063983,incomplete_2018_2022_observations_no_zero_fill
VANCOUVER,E 31ST AVE,PRINCE ALBERT ST,2d72663c-248e-573e-bf41-e22c18d0440a,"E 31ST AVE & PRINCE ALBERT ST, VANCOUVER",49.242561,-123.087882,incomplete_2018_2022_observations_no_zero_fill
VANCOUVER,E 31ST AVE,PRINCE EDWARD ST,ccf94310-84c1-58fe-9186-e8cf9684ebbe,"E 31ST AVE & PRINCE EDWARD ST, VANCOUVER",49.242717,-123.09691,incomplete_2018_2022_observations_no_zero_fill
VANCOUVER,E 31ST AVE,ST CATHERINES ST,d007d602-f74a-5e96-8961-edce007254b4,"E 31ST AVE & ST CATHERINES ST, VANCOUVER",49.242539,-123.085981,incomplete_2018_2022_observations_no_zero_fill
VANCOUVER,E 31ST AVE,ST GEORGE ST,e3e8b4bf-8a2e-5932-8d8b-f6f414d45410,"E 31ST AVE & ST GEORGE ST, VANCOUVER",49.242654,-123.094243,incomplete_2018_2022_observations_no_zero_fill
VANCOUVER,E 32ND AVE,FLEMING ST,31cab2ce-4655-5023-b4cc-4da09cadd7fd,"E 32ND AVE & FLEMING ST, VANCOUVER",49.241609,-123.07219,incomplete_2018_2022_observations_no_zero_fill
VANCOUVER,E 32ND AVE,FRASER ST,d5e72c20-b778-54fd-a629-a53a5ebb8297,"E 32ND AVE & FRASER ST, VANCOUVER",49.24172,-123.090333,incomplete_2018_2022_observations_no_zero_fill
VANCOUVER,E 32ND AVE,GLADSTONE ST,8ad76a3f-1715-5a28-b24c-a899a51fe8df,"E 32ND AVE & GLADSTONE ST, VANCOUVER",49.2415,-123.062829,incomplete_2018_2022_observations_no_zero_fill
VANCOUVER,E 32ND AVE,LITTLE ST,1f71bf7b-6896-534c-8e94-2bf90036815d,"E 32ND AVE & LITTLE ST, VANCOUVER",49.241503,-123.064074,incomplete_2018_2022_observations_no_zero_fill
VANCOUVER,E 32ND AVE,PRINCE ALBERT ST,1c02904b-7f38-5f65-b211-7ed8c8ab511e,"E 32ND AVE & PRINCE ALBERT ST, VANCOUVER",49.241695,-123.087907,incomplete_2018_2022_observations_no_zero_fill
VANCOUVER,E 32ND AVE,PRINCE EDWARD ST,8de374c4-69c1-566f-8aea-b973b31e283b,"E 32ND AVE & PRINCE EDWARD ST, VANCOUVER",49.242198,-123.096849,incomplete_2018_2022_observations_no_zero_fill
VANCOUVER,E 32ND AVE,QUEBEC ST,8a357ba6-4ddb-5831-b756-3b41e35352e7,"E 32ND AVE & QUEBEC ST, VANCOUVER",49.242022,-123.102663,incomplete_2018_2022_observations_no_zero_fill
VANCOUVER,E 32ND AVE,SOPHIA ST,fa69b56f-f4e0-5b0e-8d16-167d64e298e8,"E 32ND AVE & SOPHIA ST, VANCOUVER",49.242235,-123.098749,incomplete_2018_2022_observations_no_zero_fill
VANCOUVER,E 33RD AVE,ELGIN ST,c5b8ca27-58c0-54e7-b012-6cc8899a79cc,"E 33RD AVE & ELGIN ST, VANCOUVER",49.240256,-123.083474,incomplete_2018_2022_observations_no_zero_fill
VANCOUVER,E 33RD AVE,FLEMING ST,6630c2da-9a42-59cd-9941-1fb690e058f6,"E 33RD AVE & FLEMING ST, VANCOUVER",49.240174,-123.072216,incomplete_2018_2022_observations_no_zero_fill
VANCOUVER,E 33RD AVE,HENRY ST,83fdd434-a37b-5427-9cb9-2643e649ed66,"E 33RD AVE & HENRY ST, VANCOUVER",49.240218,-123.077692,incomplete_2018_2022_observations_no_zero_fill
VANCOUVER,E 33RD AVE,JAMES ST,a5937395-2d49-5e18-8585-ce213f3dda8b,"E 33RD AVE & JAMES ST, VANCOUVER",49.240546,-123.10409,incomplete_2018_2022_observations_no_zero_fill
VANCOUVER,E 33RD AVE,LANARK ST,cf193b01-1234-50b0-a78d-e50fc6e8e63d,"E 33RD AVE & LANARK ST, VANCOUVER",49.240194,-123.074917,incomplete_2018_2022_observations_no_zero_fill
VANCOUVER,E 33RD AVE,SHERBROOKE ST,0191bc0a-b184-5b33-8ff2-268148d48d53,"E 33RD AVE & SHERBROOKE ST, VANCOUVER",49.240242,-123.081244,incomplete_2018_2022_observations_no_zero_fill
VANCOUVER,E 33RD AVE,SOMERVILLE ST,b0cbee55-dbc4-559f-8e1a-636413fc0698,"E 33RD AVE & SOMERVILLE ST, VANCOUVER",49.240272,-123.085728,incomplete_2018_2022_observations_no_zero_fill
VANCOUVER,E 33RD AVE,SOPHIA ST,22554a61-3765-5f52-bb13-37602615da2d,"E 33RD AVE & SOPHIA ST, VANCOUVER",49.240459,-123.098823,incomplete_2018_2022_observations_no_zero_fill
VANCOUVER,E 33RD AVE,WALDEN ST,727f24d8-bbed-5a13-a015-e7d175c5bed2,"E 33RD AVE & WALDEN ST, VANCOUVER",49.240484,-123.100112,incomplete_2018_2022_observations_no_zero_fill
VANCOUVER,E 34TH AVE,GLADSTONE ST,283af47b-1bb9-5037-87e5-ff6cad5e56f6,"E 34TH AVE & GLADSTONE ST, VANCOUVER",49.238937,-123.062891,incomplete_2018_2022_observations_no_zero_fill
VANCOUVER,E 34TH AVE,HIGHGATE ST,f5447d7f-3827-545c-8e2a-e6181483dcc2,"E 34TH AVE & HIGHGATE ST, VANCOUVER",49.238901,-123.057673,incomplete_2018_2022_observations_no_zero_fill
VANCOUVER,E 34TH AVE,NANAIMO ST,503576d3-0ba6-515a-8670-e29a23fa0a94,"E 34TH AVE & NANAIMO ST, VANCOUVER",49.238909,-123.058732,incomplete_2018_2022_observations_no_zero_fill
VANCOUVER,E 34TH AVE,PRINCE EDWARD ST,80ab347b-a3bf-51cb-9a74-3738fa6a8ad1,"E 34TH AVE & PRINCE EDWARD ST, VANCOUVER",49.239609,-123.09693,incomplete_2018_2022_observations_no_zero_fill
VANCOUVER,E 34TH AVE,SLOCAN ST,61366664-e7a3-5560-95d6-f326aec079f0,"E 34TH AVE & SLOCAN ST, VANCOUVER",49.238879,-123.054376,incomplete_2018_2022_observations_no_zero_fill
VANCOUVER,E 35TH AVE,ELGIN ST,03673f86-3e04-5ef1-b3dd-6a1d24e0fbd6,"E 35TH AVE & ELGIN ST, VANCOUVER",49.238235,-123.083545,incomplete_2018_2022_observations_no_zero_fill
VANCOUVER,E 35TH AVE,FRASER ST,144f6b7f-5e97-5a5e-9b6c-ac59d096ee2c,"E 35TH AVE & FRASER ST, VANCOUVER",49.238318,-123.090395,incomplete_2018_2022_observations_no_zero_fill
VANCOUVER,E 35TH AVE,GLADSTONE ST,3ba25e19-3039-5fea-b993-2e25b303042e,"E 35TH AVE & GLADSTONE ST, VANCOUVER",49.238069,-123.062099,incomplete_2018_2022_observations_no_zero_fill
VANCOUVER,E 35TH AVE,INVERNESS ST,b5902669-b0ce-552f-9476-41b70af34608,"E 35TH AVE & INVERNESS ST, VANCOUVER",49.238189,-123.080222,incomplete_2018_2022_observations_no_zero_fill
VANCOUVER,E 35TH AVE,PRINCE ALBERT ST,bb198ab6-21dc-50fc-835a-c19561884a62,"E 35TH AVE & PRINCE ALBERT ST, VANCOUVER",49.238294,-123.087998,incomplete_2018_2022_observations_no_zero_fill
VANCOUVER,E 35TH AVE,PRINCE EDWARD ST,6264ef01-2856-5912-a381-d67a9fd67917,"E 35TH AVE & PRINCE EDWARD ST, VANCOUVER",49.238849,-123.096963,incomplete_2018_2022_observations_no_zero_fill
VANCOUVER,E 35TH AVE,QUEBEC ST,436fbd6a-a210-54f1-b6e1-f1431c35d28f,"E 35TH AVE & QUEBEC ST, VANCOUVER",49.239097,-123.103469,incomplete_2018_2022_observations_no_zero_fill
VANCOUVER,E 35TH AVE,SHERBROOKE ST,9fcc2af5-f207-54d5-aef8-e1ae469309c3,"E 35TH AVE & SHERBROOKE ST, VANCOUVER",49.238205,-123.081316,incomplete_2018_2022_observations_no_zero_fill
VANCOUVER,E 35TH AVE,SOMERVILLE ST,55e3bda0-e6bb-58d2-a168-3e74c52caf04,"E 35TH AVE & SOMERVILLE ST, VANCOUVER",49.238264,-123.085772,incomplete_2018_2022_observations_no_zero_fill
VANCOUVER,E 35TH AVE,SOPHIA ST,a9f08026-e75c-5552-aab4-5e2bde9ca07f,"E 35TH AVE & SOPHIA ST, VANCOUVER",49.238916,-123.099269,incomplete_2018_2022_observations_no_zero_fill
VANCOUVER,E 35TH AVE,ST CATHERINES ST,09c833d1-4ed9-5de3-922a-7ab4523cd69f,"E 35TH AVE & ST CATHERINES ST, VANCOUVER",49.238279,-123.086865,incomplete_2018_2022_observations_no_zero_fill
VANCOUVER,E 35TH AVE,ST GEORGE ST,2d49f276-47da-5200-9606-6e1a3ed6f19b,"E 35TH AVE & ST GEORGE ST, VANCOUVER",49.23879,-123.094959,incomplete_2018_2022_observations_no_zero_fill
VANCOUVER,E 35TH AVE,WINDSOR ST,b8d9a700-34be-5de0-8625-2f8c9641bfc6,"E 35TH AVE & WINDSOR ST, VANCOUVER",49.238248,-123.08464,incomplete_2018_2022_observations_no_zero_fill
VANCOUVER,E 36TH AVE,GLADSTONE ST,3394741b-2fc9-50f4-a755-92cdccbc5271,"E 36TH AVE & GLADSTONE ST, VANCOUVER",49.237467,-123.0621,incomplete_2018_2022_observations_no_zero_fill
VANCOUVER,E 36TH AVE,MAIN ST,4ecd35f1-9268-5703-90cf-61857778bfc8,"E 36TH AVE & MAIN ST, VANCOUVER",49.238154,-123.101592,incomplete_2018_2022_observations_no_zero_fill
VANCOUVER,E 36TH AVE,PRINCE EDWARD ST,762644ba-350e-5b84-930e-04ff6d0627dd,"E 36TH AVE & PRINCE EDWARD ST, VANCOUVER",49.23805,-123.096999,incomplete_2018_2022_observations_no_zero_fill
VANCOUVER,E 36TH AVE,ST GEORGE ST,31aa96dd-7bd8-5066-a47d-cf509424a8f4,"E 36TH AVE & ST GEORGE ST, VANCOUVER",49.238008,-123.094997,incomplete_2018_2022_observations_no_zero_fill
VANCOUVER,E 36TH AVE,WALDEN ST,863570b4-3d8d-5730-935e-9d4fd31a0530,"E 36TH AVE & WALDEN ST, VANCOUVER",49.238121,-123.100218,incomplete_2018_2022_observations_no_zero_fill
VANCOUVER,E 37TH AVE,ELGIN ST,4e8983e4-de16-5c7e-9186-76abe6117a2a,"E 37TH AVE & ELGIN ST, VANCOUVER",49.236481,-123.083607,incomplete_2018_2022_observations_no_zero_fill
VANCOUVER,E 37TH AVE,FLEMING ST,b9a316d8-4c84-5cde-a917-555df8cbd881,"E 37TH AVE & FLEMING ST, VANCOUVER",49.236781,-123.072773,incomplete_2018_2022_observations_no_zero_fill
VANCOUVER,E 37TH AVE,FRASER ST,38fd5cd5-0037-52fc-81e4-729b27f2b1bd,"E 37TH AVE & FRASER ST, VANCOUVER",49.237035,-123.090444,incomplete_2018_2022_observations_no_zero_fill
VANCOUVER,E 37TH AVE,GLADSTONE ST,61ba8045-4258-5bbb-af9a-af969da37c97,"E 37TH AVE & GLADSTONE ST, VANCOUVER",49.236917,-123.062103,incomplete_2018_2022_observations_no_zero_fill
VANCOUVER,E 37TH AVE,INVERNESS ST,7780f060-ba45-51a2-b3da-56a94c3aff44,"E 37TH AVE & INVERNESS ST, VANCOUVER",49.236438,-123.08026,incomplete_2018_2022_observations_no_zero_fill
VANCOUVER,E 37TH AVE,NANAIMO ST,e6d57396-4a71-55eb-a0af-bac1e6bbc64d,"E 37TH AVE & NANAIMO ST, VANCOUVER",49.23689,-123.058747,incomplete_2018_2022_observations_no_zero_fill
VANCOUVER,E 37TH AVE,ONTARIO ST,d723d85b-32b8-5e3f-ab3a-56107c6e8862,"E 37TH AVE & ONTARIO ST, VANCOUVER",49.237333,-123.105495,incomplete_2018_2022_observations_no_zero_fill
VANCOUVER,E 37TH AVE,PRINCE ALBERT ST,60018897-a7a8-5c83-9019-6d5c0d8764d3,"E 37TH AVE & PRINCE ALBERT ST, VANCOUVER",49.23652,-123.08806,incomplete_2018_2022_observations_no_zero_fill
VANCOUVER,E 37TH AVE,PRINCE EDWARD ST,0e41b77e-4c3c-50da-82db-00772477680c,"E 37TH AVE & PRINCE EDWARD ST, VANCOUVER",49.237175,-123.097037,incomplete_2018_2022_observations_no_zero_fill
VANCOUVER,E 37TH AVE,QUEBEC ST,1494e8d7-e5d4-5d01-be42-6e9a0cf92e5e,"E 37TH AVE & QUEBEC ST, VANCOUVER",49.237296,-123.103544,incomplete_2018_2022_observations_no_zero_fill
VANCOUVER,E 37TH AVE,ROSS ST,6cb0c42c-dc0d-5d33-aee4-6f153dae1eb6,"E 37TH AVE & ROSS ST, VANCOUVER",49.236446,-123.082478,incomplete_2018_2022_observations_no_zero_fill
VANCOUVER,E 37TH AVE,SLOCAN ST,f6ee05f0-9223-5219-b8ba-8bbc8cf848cd,"E 37TH AVE & SLOCAN ST, VANCOUVER",49.23739,-123.054229,incomplete_2018_2022_observations_no_zero_fill
VANCOUVER,E 37TH AVE,SOPHIA ST,82365aa3-d249-55f8-b6c6-a29265ece7d2,"E 37TH AVE & SOPHIA ST, VANCOUVER",49.237232,-123.099336,incomplete_2018_2022_observations_no_zero_fill
VANCOUVER,E 37TH AVE,WALES ST,72d20eb4-3b4b-5197-b6a9-dfe7d82d67ac,"E 37TH AVE & WALES ST, VANCOUVER",49.237383,-123.051737,incomplete_2018_2022_observations_no_zero_fill
VANCOUVER,E 37TH AVE,WINDSOR ST,c645bb48-9086-515e-b3a3-0b7c9ede3945,"E 37TH AVE & WINDSOR ST, VANCOUVER",49.236489,-123.084726,incomplete_2018_2022_observations_no_zero_fill
VANCOUVER,E 38TH AVE,EARLES ST,2fd467b3-e59b-5b14-888c-ffa9a9380064,"E 38TH AVE & EARLES ST, VANCOUVER",49.235829,-123.048849,incomplete_2018_2022_observations_no_zero_fill
VANCOUVER,E 38TH AVE,FRASER ST,0081d309-c6f7-5e69-b223-043a5e19e028,"E 38TH AVE & FRASER ST, VANCOUVER",49.23569,-123.090494,incomplete_2018_2022_observations_no_zero_fill
VANCOUVER,E 38TH AVE,GLADSTONE ST,fa44385f-9c12-5061-8c4e-f179767fff6a,"E 38TH AVE & GLADSTONE ST, VANCOUVER",49.235928,-123.062124,incomplete_2018_2022_observations_no_zero_fill
VANCOUVER,E 38TH AVE,MAIN ST,764718f9-7123-580e-92ef-fcb5434539b4,"E 38TH AVE & MAIN ST, VANCOUVER",49.23634,-123.101665,incomplete_2018_2022_observations_no_zero_fill
VANCOUVER,E 38TH AVE,ONTARIO ST,6514cf38-dc06-5e6a-9eb0-7f26729c5b1b,"E 38TH AVE & ONTARIO ST, VANCOUVER",49.236415,-123.105528,incomplete_2018_2022_observations_no_zero_fill
VANCOUVER,E 38TH AVE,PRINCE ALBERT ST,f5ad964e-56c4-5a2c-a873-92d70d343589,"E 38TH AVE & PRINCE ALBERT ST, VANCOUVER",49.23567,-123.088087,incomplete_2018_2022_observations_no_zero_fill
VANCOUVER,E 38TH AVE,PRINCE EDWARD ST,26a6ffc6-562f-5a08-99c1-9fb7baee296b,"E 38TH AVE & PRINCE EDWARD ST, VANCOUVER",49.236246,-123.097077,incomplete_2018_2022_observations_no_zero_fill
VANCOUVER,E 38TH AVE,QUEBEC ST,327db20d-b67b-5bb1-a8d3-0e74b5275ac0,"E 38TH AVE & QUEBEC ST, VANCOUVER",49.23638,-123.103581,incomplete_2018_2022_observations_no_zero_fill
VANCOUVER,E 38TH AVE,RHODES ST,3207d1fd-a475-5a7f-b12c-4cb7949f9941,"E 38TH AVE & RHODES ST, VANCOUVER",49.235836,-123.050274,incomplete_2018_2022_observations_no_zero_fill
VANCOUVER,E 38TH AVE,SLOCAN ST,2b982bea-b74d-5fe5-90d4-c59dcae422f7,"E 38TH AVE & SLOCAN ST, VANCOUVER",49.23589,-123.05425,incomplete_2018_2022_observations_no_zero_fill
VANCOUVER,E 38TH AVE,WALES ST,5a71c4fb-b05e-59f5-8e02-40f255ba7f74,"E 38TH AVE & WALES ST, VANCOUVER",49.235864,-123.051709,incomplete_2018_2022_observations_no_zero_fill
VANCOUVER,E 38TH AVE,WINDSOR ST,f09961a2-6986-581d-961a-edc39a9f3c27,"E 38TH AVE & WINDSOR ST, VANCOUVER",49.235614,-123.084767,incomplete_2018_2022_observations_no_zero_fill
VANCOUVER,E 39TH AVE,FLEMING ST,4da540d8-de28-5fe8-b7af-fea49229509c,"E 39TH AVE & FLEMING ST, VANCOUVER",49.234746,-123.07284,incomplete_2018_2022_observations_no_zero_fill
VANCOUVER,E 39TH AVE,GLADSTONE ST,9e7a9f2b-ea6a-5b06-b057-c5a8bdbc1adc,"E 39TH AVE & GLADSTONE ST, VANCOUVER",49.234902,-123.062114,incomplete_2018_2022_observations_no_zero_fill
VANCOUVER,E 39TH AVE,INVERNESS ST,42eedbd8-9630-5144-852e-2c37f26fc1ce,"E 39TH AVE & INVERNESS ST, VANCOUVER",49.234823,-123.079738,incomplete_2018_2022_observations_no_zero_fill
VANCOUVER,E 39TH AVE,LANARK ST,5a8ecdc6-0058-59d6-9f8c-8c7eb75a3812,"E 39TH AVE & LANARK ST, VANCOUVER",49.234777,-123.075586,incomplete_2018_2022_observations_no_zero_fill
VANCOUVER,E 39TH AVE,NANAIMO ST,bd6d369c-8804-5d91-996d-8c28e0661861,"E 39TH AVE & NANAIMO ST, VANCOUVER",49.234876,-123.0588,incomplete_2018_2022_observations_no_zero_fill
VANCOUVER,E 39TH AVE,ONTARIO ST,bbe3bee9-5d0f-5027-a9dc-c8bade03b980,"E 39TH AVE & ONTARIO ST, VANCOUVER",49.235492,-123.105545,incomplete_2018_2022_observations_no_zero_fill
VANCOUVER,E 39TH AVE,PRINCE EDWARD ST,c221418d-8b4b-5412-b037-52e3f35d7262,"E 39TH AVE & PRINCE EDWARD ST, VANCOUVER",49.235342,-123.097117,incomplete_2018_2022_observations_no_zero_fill
VANCOUVER,E 39TH AVE,QUEBEC ST,435804ab-bcef-5268-a5ce-4b8535df923d,"E 39TH AVE & QUEBEC ST, VANCOUVER",49.235458,-123.103625,incomplete_2018_2022_observations_no_zero_fill
VANCOUVER,E 39TH AVE,ROSS ST,8f5ba700-8c81-54f0-b06c-83ea5680e5c2,"E 39TH AVE & ROSS ST, VANCOUVER",49.234666,-123.082527,incomplete_2018_2022_observations_no_zero_fill
VANCOUVER,E 39TH AVE,SHERBROOKE ST,432e5e62-bfb1-51c0-9de7-fdd7e0433580,"E 39TH AVE & SHERBROOKE ST, VANCOUVER",49.23484,-123.081106,incomplete_2018_2022_observations_no_zero_fill
VANCOUVER,E 39TH AVE,WINDSOR ST,0d04dcd7-0daa-5319-b329-3a0db0539fe0,"E 39TH AVE & WINDSOR ST, VANCOUVER",49.234703,-123.084776,incomplete_2018_2022_observations_no_zero_fill
VANCOUVER,E 3RD AVE,GARDEN DR,0ba4db95-f4b3-53d6-b913-0c2b099ce751,"E 3RD AVE & GARDEN DR, VANCOUVER",49.267698,-123.058047,incomplete_2018_2022_observations_no_zero_fill
VANCOUVER,E 3RD AVE,KAMLOOPS ST,697cb898-9936-5774-ad04-058de4cfb0ee,"E 3RD AVE & KAMLOOPS ST, VANCOUVER",49.267569,-123.054703,incomplete_2018_2022_observations_no_zero_fill
VANCOUVER,E 3RD AVE,KASLO ST,23ce5125-944c-5d43-931f-52b0a9af5e45,"E 3RD AVE & KASLO ST, VANCOUVER",49.267597,-123.046967,incomplete_2018_2022_observations_no_zero_fill
VANCOUVER,E 3RD AVE,LAKEWOOD DR,15e8604c-2629-538c-a82b-58ba97d01850,"E 3RD AVE & LAKEWOOD DR, VANCOUVER",49.267727,-123.061933,incomplete_2018_2022_observations_no_zero_fill
VANCOUVER,E 3RD AVE,LILLOOET ST,d6d2de8b-51dd-5baa-90da-47f370293f28,"E 3RD AVE & LILLOOET ST, VANCOUVER",49.267573,-123.038986,incomplete_2018_2022_observations_no_zero_fill
VANCOUVER,E 3RD AVE,LORNE ST,91cc3999-ce91-5193-afcb-07fd8086529b,"E 3RD AVE & LORNE ST, VANCOUVER",49.268214,-123.100178,incomplete_2018_2022_observations_no_zero_fill
VANCOUVER,E 3RD AVE,MCLEAN DR,5c47df8d-a65f-592d-afcd-04acd4ebbde7,"E 3RD AVE & MCLEAN DR, VANCOUVER",49.267841,-123.07546,incomplete_2018_2022_observations_no_zero_fill
VANCOUVER,E 3RD AVE,NANAIMO ST,9f232f37-6aa1-5f48-a4c4-43045e8d38eb,"E 3RD AVE & NANAIMO ST, VANCOUVER",49.26764,-123.056663,incomplete_2018_2022_observations_no_zero_fill
VANCOUVER,E 3RD AVE,NOOTKA ST,4aa37d97-2e43-51a6-ba69-c1d7e5f48066,"E 3RD AVE & NOOTKA ST, VANCOUVER",49.267581,-123.0415,incomplete_2018_2022_observations_no_zero_fill
VANCOUVER,E 3RD AVE,SEMLIN DR,836c56bd-71f4-5b8e-990c-dc295fcf08fe,"E 3RD AVE & SEMLIN DR, VANCOUVER",49.267743,-123.063857,incomplete_2018_2022_observations_no_zero_fill
VANCOUVER,E 3RD AVE,SLOCAN ST,845546f3-5a71-533a-bbc7-8776ef2b1102,"E 3RD AVE & SLOCAN ST, VANCOUVER",49.267589,-123.04948,incomplete_2018_2022_observations_no_zero_fill
VANCOUVER,E 3RD AVE,TEMPLETON DR,68c8700e-90c9-5e36-bf7c-e181d5ebe360,"E 3RD AVE & TEMPLETON DR, VANCOUVER",49.267714,-123.059994,incomplete_2018_2022_observations_no_zero_fill
VANCOUVER,E 3RD AVE,WINDERMERE ST,b308ba52-7ff1-5a5e-897b-408380e7d4c4,"E 3RD AVE & WINDERMERE ST, VANCOUVER",49.267567,-123.036461,incomplete_2018_2022_observations_no_zero_fill
VANCOUVER,E 3RD AVE,WOODLAND DR,c0767124-0a48-512d-a07a-188100123477,"E 3RD AVE & WOODLAND DR, VANCOUVER",49.267825,-123.073541,incomplete_2018_2022_observations_no_zero_fill
VANCOUVER,E 40TH AVE,EARLES ST,baab7ffd-754b-506e-933f-6a2b36689d8b,"E 40TH AVE & EARLES ST, VANCOUVER",49.234047,-123.048781,incomplete_2018_2022_observations_no_zero_fill
VANCOUVER,E 40TH AVE,GLADSTONE ST,2b0d4096-69f9-55fc-997b-3d599713c8d0,"E 40TH AVE & GLADSTONE ST, VANCOUVER",49.233909,-123.062117,incomplete_2018_2022_observations_no_zero_fill
VANCOUVER,E 40TH AVE,KILLARNEY ST,cb160423-5176-5f78-bfd9-f23d4c46b964,"E 40TH AVE & KILLARNEY ST, VANCOUVER",49.23405,-123.045905,incomplete_2018_2022_observations_no_zero_fill
VANCOUVER,E 40TH AVE,NANAIMO ST,672934fd-8bf8-529b-9726-9a47959d0ae5,"E 40TH AVE & NANAIMO ST, VANCOUVER",49.233878,-123.058808,incomplete_2018_2022_observations_no_zero_fill
VANCOUVER,E 40TH AVE,PRINCE EDWARD ST,2f6fbc90-4109-5f3d-ad18-b7502ff6de9e,"E 40TH AVE & PRINCE EDWARD ST, VANCOUVER",49.234447,-123.097155,incomplete_2018_2022_observations_no_zero_fill
VANCOUVER,E 40TH AVE,QUEBEC ST,12373525-8544-505e-b4bb-a1047a024f58,"E 40TH AVE & QUEBEC ST, VANCOUVER",49.234558,-123.103667,incomplete_2018_2022_observations_no_zero_fill
VANCOUVER,E 40TH AVE,RHODES ST,02dbb8b3-0b6a-544c-93a1-eb832dce81ab,"E 40TH AVE & RHODES ST, VANCOUVER",49.233869,-123.050177,incomplete_2018_2022_observations_no_zero_fill
VANCOUVER,E 40TH AVE,WALES ST,a761f2cc-016e-5f1c-887b-9ce886c1da5a,"E 40TH AVE & WALES ST, VANCOUVER",49.233848,-123.051673,incomplete_2018_2022_observations_no_zero_fill
VANCOUVER,E 40TH AVE,WINDSOR ST,6c1d0771-e74f-5774-a4d9-4f779eca9f23,"E 40TH AVE & WINDSOR ST, VANCOUVER",49.233766,-123.084768,incomplete_2018_2022_observations_no_zero_fill
VANCOUVER,E 41ST AVE,KERR ST,9aa8b0ed-b666-58f3-bd0a-54a7440af3c0,"E 41ST AVE & KERR ST, VANCOUVER",49.232932,-123.040245,incomplete_2018_2022_observations_no_zero_fill
VANCOUVER,E 41ST AVE,KILLARNEY ST,efaf32bf-3e6c-506d-a79e-7fa6138a7e45,"E 41ST AVE & KILLARNEY ST, VANCOUVER",49.232959,-123.045933,incomplete_2018_2022_observations_no_zero_fill
VANCOUVER,E 41ST AVE,MCKINNON ST,b6c3956d-60ce-5a7c-bbbe-76e67ee55305,"E 41ST AVE & MCKINNON ST, VANCOUVER",49.232933,-123.038779,incomplete_2018_2022_observations_no_zero_fill
VANCOUVER,E 41ST AVE,ONTARIO ST,d9a536d5-699d-5d8d-9ad1-5d5757b6c0ff,"E 41ST AVE & ONTARIO ST, VANCOUVER",49.233154,-123.105611,incomplete_2018_2022_observations_no_zero_fill
VANCOUVER,E 41ST AVE,RHODES ST,fa9f6900-c677-5e81-bd29-c7f6b91266ec,"E 41ST AVE & RHODES ST, VANCOUVER",49.23276,-123.050174,incomplete_2018_2022_observations_no_zero_fill
VANCOUVER,E 41ST AVE,SHERBROOKE ST,4cb95855-f934-5946-b9ee-ceba3e76abda,"E 41ST AVE & SHERBROOKE ST, VANCOUVER",49.232743,-123.081203,incomplete_2018_2022_observations_no_zero_fill
VANCOUVER,E 41ST AVE,ST CATHERINES ST,7dd2a426-30b8-548a-a4d0-b0b0bc2d871a,"E 41ST AVE & ST CATHERINES ST, VANCOUVER",49.232864,-123.086917,incomplete_2018_2022_observations_no_zero_fill
VANCOUVER,E 41ST AVE,ST MARGARETS ST,b6737581-839c-543d-a8a3-4b05b62588ab,"E 41ST AVE & ST MARGARETS ST, VANCOUVER",49.23282,-123.056593,incomplete_2018_2022_observations_no_zero_fill
VANCOUVER,E 42ND AVE,EARLES ST,5e59288b-445e-5f22-a9f6-e3628151df90,"E 42ND AVE & EARLES ST, VANCOUVER",49.232028,-123.048797,incomplete_2018_2022_observations_no_zero_fill
VANCOUVER,E 42ND AVE,GLADSTONE ST,7709098e-bb53-5e88-8775-05e912d62c0a,"E 42ND AVE & GLADSTONE ST, VANCOUVER",49.232051,-123.062081,incomplete_2018_2022_observations_no_zero_fill
VANCOUVER,E 42ND AVE,KILLARNEY ST,0d5fe6cc-a8be-5b71-b173-9a5afafa3697,"E 42ND AVE & KILLARNEY ST, VANCOUVER",49.231996,-123.04594,incomplete_2018_2022_observations_no_zero_fill
VANCOUVER,E 42ND AVE,ONTARIO ST,647f03e5-9296-5b27-aa2b-4e8c6c1a4878,"E 42ND AVE & ONTARIO ST, VANCOUVER",49.231706,-123.105653,incomplete_2018_2022_observations_no_zero_fill
VANCOUVER,E 42ND AVE,QUEBEC ST,2d32bf32-775e-5893-8afc-b22b94c9c929,"E 42ND AVE & QUEBEC ST, VANCOUVER",49.231707,-123.10366,incomplete_2018_2022_observations_no_zero_fill
VANCOUVER,E 42ND AVE,RUPERT ST,00dc800b-e2f2-5ee9-b04a-94db502e0ecf,"E 42ND AVE & RUPERT ST, VANCOUVER",49.231965,-123.043102,incomplete_2018_2022_observations_no_zero_fill
VANCOUVER,E 42ND AVE,STIRLING ST,37d0fcd2-9421-5141-bfce-f93d18851ae2,"E 42ND AVE & STIRLING ST, VANCOUVER",49.232037,-123.060465,incomplete_2018_2022_observations_no_zero_fill
VANCOUVER,E 43RD AVE,EARLES ST,a758034b-1bee-5b08-a25a-256642067a41,"E 43RD AVE & EARLES ST, VANCOUVER",49.231163,-123.048807,incomplete_2018_2022_observations_no_zero_fill
VANCOUVER,E 43RD AVE,FLEMING ST,db1912be-ed17-5cd5-9358-79a346ac68d4,"E 43RD AVE & FLEMING ST, VANCOUVER",49.230585,-123.072965,incomplete_2018_2022_observations_no_zero_fill
VANCOUVER,E 43RD AVE,GLADSTONE ST,f9d26f04-ee7e-5ca3-8385-8c9d254e3582,"E 43RD AVE & GLADSTONE ST, VANCOUVER",49.231197,-123.062032,incomplete_2018_2022_observations_no_zero_fill
VANCOUVER,E 43RD AVE,INVERNESS ST,736cfdb0-383f-53b5-b27d-77f73ea141ec,"E 43RD AVE & INVERNESS ST, VANCOUVER",49.230836,-123.079875,incomplete_2018_2022_observations_no_zero_fill
VANCOUVER,E 43RD AVE,JOYCE ST,d862b427-b827-597f-975e-5c4f491687f3,"E 43RD AVE & JOYCE ST, VANCOUVER",49.231141,-123.037434,incomplete_2018_2022_observations_no_zero_fill
VANCOUVER,E 43RD AVE,KERR ST,067a0bc2-d50b-57ab-9321-c4c47de974cd,"E 43RD AVE & KERR ST, VANCOUVER",49.231119,-123.040232,incomplete_2018_2022_observations_no_zero_fill
VANCOUVER,E 43RD AVE,KILLARNEY ST,a53fde11-039b-52dd-aae1-da0d2ccb9ddc,"E 43RD AVE & KILLARNEY ST, VANCOUVER",49.23111,-123.045948,incomplete_2018_2022_observations_no_zero_fill
VANCOUVER,E 43RD AVE,LANARK ST,fb2bb2d2-0a7d-52a4-a6c5-15d5e80ee2dc,"E 43RD AVE & LANARK ST, VANCOUVER",49.230621,-123.075742,incomplete_2018_2022_observations_no_zero_fill
VANCOUVER,E 43RD AVE,LANCASTER ST,7fdb348e-0ebd-5d3c-bff6-241e411730f2,"E 43RD AVE & LANCASTER ST, VANCOUVER",49.231085,-123.041737,incomplete_2018_2022_observations_no_zero_fill
VANCOUVER,E 43RD AVE,LATTA ST,9d6207e8-2fdd-5903-a620-732152fc39c3,"E 43RD AVE & LATTA ST, VANCOUVER",49.230973,-123.034555,incomplete_2018_2022_observations_no_zero_fill
VANCOUVER,E 43RD AVE,MCKINNON ST,98a8ffc4-be6f-548e-b036-8567e387099b,"E 43RD AVE & MCKINNON ST, VANCOUVER",49.231148,-123.038783,incomplete_2018_2022_observations_no_zero_fill
VANCOUVER,E 43RD AVE,ONTARIO ST,4b48de36-e477-51f4-b583-310d6b48d22e,"E 43RD AVE & ONTARIO ST, VANCOUVER",49.23098,-123.105675,incomplete_2018_2022_observations_no_zero_fill
VANCOUVER,E 43RD AVE,PRINCE ALBERT ST,4f776b87-47bd-5e6b-a271-3a5fddb30829,"E 43RD AVE & PRINCE ALBERT ST, VANCOUVER",49.230962,-123.087853,incomplete_2018_2022_observations_no_zero_fill
VANCOUVER,E 43RD AVE,PRINCE EDWARD ST,3bac42f2-70e1-50b4-8a5e-c40270eb1b30,"E 43RD AVE & PRINCE EDWARD ST, VANCOUVER",49.231098,-123.097314,incomplete_2018_2022_observations_no_zero_fill
VANCOUVER,E 43RD AVE,QUEBEC ST,a81ff983-903b-5c6c-a482-8b08dbdcf987,"E 43RD AVE & QUEBEC ST, VANCOUVER",49.230943,-123.103621,incomplete_2018_2022_observations_no_zero_fill
VANCOUVER,E 43RD AVE,ROSS ST,26b8c9ff-8b37-51ef-bed7-00a8b6ab4459,"E 43RD AVE & ROSS ST, VANCOUVER",49.230892,-123.082638,incomplete_2018_2022_observations_no_zero_fill
VANCOUVER,E 43RD AVE,RUPERT ST,168c8b7b-6649-5386-b91e-d96077bf8387,"E 43RD AVE & RUPERT ST, VANCOUVER",49.2311,-123.043145,incomplete_2018_2022_observations_no_zero_fill
VANCOUVER,E 43RD AVE,SHERBROOKE ST,9d04ff9a-9923-5f85-bac0-33673b921552,"E 43RD AVE & SHERBROOKE ST, VANCOUVER",49.230864,-123.081246,incomplete_2018_2022_observations_no_zero_fill
VANCOUVER,E 43RD AVE,SOPHIA ST,3491d117-4105-53ba-871a-f3c086670753,"E 43RD AVE & SOPHIA ST, VANCOUVER",49.231137,-123.09946,incomplete_2018_2022_observations_no_zero_fill
VANCOUVER,E 43RD AVE,ST GEORGE ST,573bf1ce-cc37-58de-bc2f-59cdc154bcd0,"E 43RD AVE & ST GEORGE ST, VANCOUVER",49.231054,-123.094626,incomplete_2018_2022_observations_no_zero_fill
VANCOUVER,E 43RD AVE,STIRLING ST,83ee9aa2-9ac6-5390-bd04-1fdf37f29b36,"E 43RD AVE & STIRLING ST, VANCOUVER",49.231169,-123.059847,incomplete_2018_2022_observations_no_zero_fill
VANCOUVER,E 43RD AVE,WALES ST,768bafc3-f0fd-5167-9a7f-138c9f366067,"E 43RD AVE & WALES ST, VANCOUVER",49.23114,-123.051626,incomplete_2018_2022_observations_no_zero_fill
VANCOUVER,E 44TH AVE,EARLES ST,f90790e2-4d7a-5dde-ad56-5f974c576b7a,"E 44TH AVE & EARLES ST, VANCOUVER",49.2303,-123.048821,incomplete_2018_2022_observations_no_zero_fill
VANCOUVER,E 44TH AVE,GLADSTONE ST,d9c22d9a-d142-52c6-909d-171f16b26bdb,"E 44TH AVE & GLADSTONE ST, VANCOUVER",49.23032,-123.062049,incomplete_2018_2022_observations_no_zero_fill
VANCOUVER,E 44TH AVE,JOYCE ST,0e8cc7e4-f509-5709-8091-b2924753e6a4,"E 44TH AVE & JOYCE ST, VANCOUVER",49.230256,-123.037411,incomplete_2018_2022_observations_no_zero_fill
VANCOUVER,E 44TH AVE,KILLARNEY ST,9763564e-d418-551f-aeb6-b757f78b5fd2,"E 44TH AVE & KILLARNEY ST, VANCOUVER",49.230214,-123.045953,incomplete_2018_2022_observations_no_zero_fill
VANCOUVER,E 44TH AVE,LATTA ST,adeabb17-9be3-5f6f-a829-98a0e362189c,"E 44TH AVE & LATTA ST, VANCOUVER",49.230161,-123.034556,incomplete_2018_2022_observations_no_zero_fill
VANCOUVER,E 44TH AVE,PRINCE EDWARD ST,6acabb96-c39e-5ec0-a9e4-6a8adbb3b00d,"E 44TH AVE & PRINCE EDWARD ST, VANCOUVER",49.230197,-123.097339,incomplete_2018_2022_observations_no_zero_fill
VANCOUVER,E 44TH AVE,RUPERT ST,263963d6-6df7-5703-9f05-abbe9b4df00f,"E 44TH AVE & RUPERT ST, VANCOUVER",49.230182,-123.043151,incomplete_2018_2022_observations_no_zero_fill
VANCOUVER,E 44TH AVE,SOPHIA ST,b740cf9f-d921-5ffe-afc8-93258b267e16,"E 44TH AVE & SOPHIA ST, VANCOUVER",49.230234,-123.099471,incomplete_2018_2022_observations_no_zero_fill
VANCOUVER,E 44TH AVE,ST GEORGE ST,c9789ec7-e64c-553c-b0df-e9f1a102beb3,"E 44TH AVE & ST GEORGE ST, VANCOUVER",49.230141,-123.093972,incomplete_2018_2022_observations_no_zero_fill
VANCOUVER,E 44TH AVE,STIRLING ST,59e7ff73-a762-5c7f-ac9e-8b8c630a45fc,"E 44TH AVE & STIRLING ST, VANCOUVER",49.230288,-123.05988,incomplete_2018_2022_observations_no_zero_fill
VANCOUVER,E 44TH AVE,TYNE ST,6d1c7659-d16e-5798-ad45-20205f760f6d,"E 44TH AVE & TYNE ST, VANCOUVER",49.230036,-123.032237,incomplete_2018_2022_observations_no_zero_fill
VANCOUVER,E 44TH AVE,WALES ST,04f9e593-8091-554f-9ede-5d3ae429680a,"E 44TH AVE & WALES ST, VANCOUVER",49.230292,-123.051611,incomplete_2018_2022_observations_no_zero_fill
VANCOUVER,E 45TH AVE,EARLES ST,f845e544-594a-5372-9684-d2b15d9e9063,"E 45TH AVE & EARLES ST, VANCOUVER",49.229315,-123.048832,incomplete_2018_2022_observations_no_zero_fill
VANCOUVER,E 45TH AVE,ELLIOTT ST,87ecd221-b6a3-525c-9d10-f0ec2aa2d98a,"E 45TH AVE & ELLIOTT ST, VANCOUVER",49.229376,-123.05492,incomplete_2018_2022_observations_no_zero_fill
VANCOUVER,E 45TH AVE,FLEMING ST,d00e0bf1-bdbf-546a-add9-406ca3ab2ea4,"E 45TH AVE & FLEMING ST, VANCOUVER",49.228962,-123.073023,incomplete_2018_2022_observations_no_zero_fill
VANCOUVER,E 45TH AVE,GLADSTONE ST,20505b13-f69d-573e-b3c0-e1eb817f9294,"E 45TH AVE & GLADSTONE ST, VANCOUVER",49.229433,-123.062064,incomplete_2018_2022_observations_no_zero_fill
VANCOUVER,E 45TH AVE,INVERNESS ST,79a76545-daba-56b3-b43d-699005ff3685,"E 45TH AVE & INVERNESS ST, VANCOUVER",49.229038,-123.07994,incomplete_2018_2022_observations_no_zero_fill
VANCOUVER,E 45TH AVE,JOYCE ST,8f226f39-d1be-5bc1-8f3a-facc86864c48,"E 45TH AVE & JOYCE ST, VANCOUVER",49.229265,-123.037396,incomplete_2018_2022_observations_no_zero_fill
VANCOUVER,E 45TH AVE,KERR ST,c63e55f2-b6bc-59d0-ac16-773ac9d5bce3,"E 45TH AVE & KERR ST, VANCOUVER",49.229283,-123.040287,incomplete_2018_2022_observations_no_zero_fill
VANCOUVER,E 45TH AVE,KILLARNEY ST,2cf0abf4-a618-544d-8671-008cb5ee2684,"E 45TH AVE & KILLARNEY ST, VANCOUVER",49.229289,-123.045961,incomplete_2018_2022_observations_no_zero_fill
VANCOUVER,E 45TH AVE,LANARK ST,facded71-cc1d-544f-aada-2a461b2d4e86,"E 45TH AVE & LANARK ST, VANCOUVER",49.229001,-123.075796,incomplete_2018_2022_observations_no_zero_fill
VANCOUVER,E 45TH AVE,LANCASTER ST,91bff56e-7489-5ba0-bc6d-4d530f4b7951,"E 45TH AVE & LANCASTER ST, VANCOUVER",49.229279,-123.041736,incomplete_2018_2022_observations_no_zero_fill
VANCOUVER,E 45TH AVE,LATTA ST,c838fc17-319c-5e7e-83fa-1d8c277d30a1,"E 45TH AVE & LATTA ST, VANCOUVER",49.229259,-123.034398,incomplete_2018_2022_observations_no_zero_fill
VANCOUVER,E 45TH AVE,LINCOLN ST,e9777751-9714-53b9-868a-3f9629a33cc7,"E 45TH AVE & LINCOLN ST, VANCOUVER",49.229225,-123.026427,incomplete_2018_2022_observations_no_zero_fill
VANCOUVER,E 45TH AVE,MCKINNON ST,bc0cc681-354c-5151-944c-5e322210588f,"E 45TH AVE & MCKINNON ST, VANCOUVER",49.229271,-123.038715,incomplete_2018_2022_observations_no_zero_fill
VANCOUVER,E 45TH AVE,NANAIMO ST,526d4b30-9fc1-54de-8a18-0237e8acc47f,"E 45TH AVE & NANAIMO ST, VANCOUVER",49.229406,-123.059077,incomplete_2018_2022_observations_no_zero_fill
VANCOUVER,E 45TH AVE,ONTARIO ST,ebef7080-c190-5290-be87-fb7624b456ab,"E 45TH AVE & ONTARIO ST, VANCOUVER",49.229444,-123.105741,incomplete_2018_2022_observations_no_zero_fill
VANCOUVER,E 45TH AVE,ORMIDALE ST,c91fcf6c-7a70-5098-b151-52e19a52ebd3,"E 45TH AVE & ORMIDALE ST, VANCOUVER",49.229235,-123.025035,incomplete_2018_2022_observations_no_zero_fill
VANCOUVER,E 45TH AVE,PRINCE ALBERT ST,f9710588-a50f-5c59-b39c-1ed1967af499,"E 45TH AVE & PRINCE ALBERT ST, VANCOUVER",49.229126,-123.087907,incomplete_2018_2022_observations_no_zero_fill
VANCOUVER,E 45TH AVE,PRINCE EDWARD ST,b4a4eaec-af28-555b-882e-468afc1ed9f5,"E 45TH AVE & PRINCE EDWARD ST, VANCOUVER",49.229305,-123.097375,incomplete_2018_2022_observations_no_zero_fill
VANCOUVER,E 45TH AVE,QUEBEC ST,ee9cdad5-25c9-5c36-8575-9c4ddf1f79d5,"E 45TH AVE & QUEBEC ST, VANCOUVER",49.229417,-123.103675,incomplete_2018_2022_observations_no_zero_fill
VANCOUVER,E 45TH AVE,ROSS ST,d4198517-7d77-593d-b04f-bdff6ce9c61d,"E 45TH AVE & ROSS ST, VANCOUVER",49.229065,-123.082659,incomplete_2018_2022_observations_no_zero_fill
VANCOUVER,E 45TH AVE,SOPHIA ST,25cc9e27-053b-51bb-b34b-a9dacb2b37fe,"E 45TH AVE & SOPHIA ST, VANCOUVER",49.229336,-123.099486,incomplete_2018_2022_observations_no_zero_fill
VANCOUVER,E 45TH AVE,ST CATHERINES ST,85a57036-0848-5d89-ab53-43ae0b3d79f2,"E 45TH AVE & ST CATHERINES ST, VANCOUVER",49.229111,-123.086536,incomplete_2018_2022_observations_no_zero_fill
VANCOUVER,E 45TH AVE,ST GEORGE ST,47e70951-e217-54e9-96b5-083e90ade4c1,"E 45TH AVE & ST GEORGE ST, VANCOUVER",49.22923,-123.093988,incomplete_2018_2022_observations_no_zero_fill
VANCOUVER,E 45TH AVE,ST MARGARETS ST,bba88a9f-ee0e-54a6-b2aa-b0d5d32bae10,"E 45TH AVE & ST MARGARETS ST, VANCOUVER",49.229384,-123.056528,incomplete_2018_2022_observations_no_zero_fill
VANCOUVER,E 45TH AVE,STIRLING ST,3418f798-b28a-54e7-bbd5-f8a3cc26bce6,"E 45TH AVE & STIRLING ST, VANCOUVER",49.229414,-123.059917,incomplete_2018_2022_observations_no_zero_fill
VANCOUVER,E 45TH AVE,TODERICK ST,3c2b0a6b-1c7e-543e-9291-bfa2bd9484d9,"E 45TH AVE & TODERICK ST, VANCOUVER",49.229244,-123.02915,incomplete_2018_2022_observations_no_zero_fill
VANCOUVER,E 45TH AVE,VIVIAN ST,565fc16b-d679-5f66-8006-6c06efae65bd,"E 45TH AVE & VIVIAN ST, VANCOUVER",49.229327,-123.050091,incomplete_2018_2022_observations_no_zero_fill
VANCOUVER,E 45TH AVE,WALES ST,39cbbc2c-43ae-5354-a79e-88a337f9b26b,"E 45TH AVE & WALES ST, VANCOUVER",49.22934,-123.051593,incomplete_2018_2022_observations_no_zero_fill
VANCOUVER,E 45TH AVE,WINDSOR ST,f8f04501-cc26-5d17-86ee-a61be2682b2b,"E 45TH AVE & WINDSOR ST, VANCOUVER",49.229096,-123.085146,incomplete_2018_2022_observations_no_zero_fill
VANCOUVER,E 46TH AVE,KERR ST,70090a95-09c1-5905-9e30-d07cf4db41ac,"E 46TH AVE & KERR ST, VANCOUVER",49.228448,-123.040862,incomplete_2018_2022_observations_no_zero_fill
VANCOUVER,E 46TH AVE,KILLARNEY ST,c25cb233-a512-57b6-a419-bb61c23185f8,"E 46TH AVE & KILLARNEY ST, VANCOUVER",49.228415,-123.045491,incomplete_2018_2022_observations_no_zero_fill
VANCOUVER,E 46TH AVE,KINGS LYNN ST,571ca866-3e5a-5cc1-a267-7a97e0613336,"E 46TH AVE & KINGS LYNN ST, VANCOUVER",49.2281,-123.02598,incomplete_2018_2022_observations_no_zero_fill
VANCOUVER,E 46TH AVE,KIRKLAND ST,f2e363a7-c44a-52d1-8687-bb053f38a4aa,"E 46TH AVE & KIRKLAND ST, VANCOUVER",49.22809,-123.024734,incomplete_2018_2022_observations_no_zero_fill
VANCOUVER,E 46TH AVE,NANAIMO ST,d37074c4-692f-526e-b214-d4f900188702,"E 46TH AVE & NANAIMO ST, VANCOUVER",49.22849,-123.059063,incomplete_2018_2022_observations_no_zero_fill
VANCOUVER,E 46TH AVE,ONTARIO ST,c8f61404-0a55-51fe-adb8-7545c8ef7230,"E 46TH AVE & ONTARIO ST, VANCOUVER",49.228558,-123.105849,incomplete_2018_2022_observations_no_zero_fill
VANCOUVER,E 46TH AVE,QUEBEC ST,5c181a11-a075-5904-9b7f-f988b7016fc8,"E 46TH AVE & QUEBEC ST, VANCOUVER",49.228541,-123.103706,incomplete_2018_2022_observations_no_zero_fill
VANCOUVER,E 46TH AVE,RALEIGH ST,95d20227-5807-5b0a-91b7-3abbd00d3683,"E 46TH AVE & RALEIGH ST, VANCOUVER",49.228428,-123.047594,incomplete_2018_2022_observations_no_zero_fill
VANCOUVER,E 46TH AVE,SOPHIA ST,c6243ba9-9780-5cff-9151-29e04070a966,"E 46TH AVE & SOPHIA ST, VANCOUVER",49.22843,-123.099469,incomplete_2018_2022_observations_no_zero_fill
VANCOUVER,E 46TH AVE,TYNE ST,f1c7a435-47d0-55ac-90aa-ef678b06792e,"E 46TH AVE & TYNE ST, VANCOUVER",49.228412,-123.032099,incomplete_2018_2022_observations_no_zero_fill
VANCOUVER,E 46TH AVE,VIVIAN ST,72724e5a-e21f-59ac-aa06-8177b1050b1b,"E 46TH AVE & VIVIAN ST, VANCOUVER",49.228443,-123.050137,incomplete_2018_2022_observations_no_zero_fill
VANCOUVER,E 46TH AVE,WALES ST,2a68c7d8-e74c-5dcc-9330-7b3a5fa73fae,"E 46TH AVE & WALES ST, VANCOUVER",49.228452,-123.05168,incomplete_2018_2022_observations_no_zero_fill
VANCOUVER,E 47TH AVE,ELGIN ST,625d02c8-ef2d-5121-945e-f424dbd244d9,"E 47TH AVE & ELGIN ST, VANCOUVER",49.227853,-123.083826,incomplete_2018_2022_observations_no_zero_fill
VANCOUVER,E 47TH AVE,ELLIOTT ST,6e2f809e-c8f0-5e7c-b79f-81eb328eb03d,"E 47TH AVE & ELLIOTT ST, VANCOUVER",49.227565,-123.054643,incomplete_2018_2022_observations_no_zero_fill
VANCOUVER,E 47TH AVE,FLEMING ST,2a0707fe-85b8-58da-a085-a7577e08c0bb,"E 47TH AVE & FLEMING ST, VANCOUVER",49.227142,-123.07309,incomplete_2018_2022_observations_no_zero_fill
VANCOUVER,E 47TH AVE,INVERNESS ST,f745d87c-483b-5127-b60c-498f1de4948e,"E 47TH AVE & INVERNESS ST, VANCOUVER",49.227759,-123.079989,incomplete_2018_2022_observations_no_zero_fill
VANCOUVER,E 47TH AVE,KERR ST,444b3f53-d7ed-5a36-b88c-6759159c1714,"E 47TH AVE & KERR ST, VANCOUVER",49.227716,-123.040916,incomplete_2018_2022_observations_no_zero_fill
VANCOUVER,E 47TH AVE,LANARK ST,9a0474f5-6cee-5347-a1e0-09ef41be6209,"E 47TH AVE & LANARK ST, VANCOUVER",49.227172,-123.075859,incomplete_2018_2022_observations_no_zero_fill
VANCOUVER,E 47TH AVE,NANAIMO ST,69212f02-8869-534e-9fd7-4d91e75d3c43,"E 47TH AVE & NANAIMO ST, VANCOUVER",49.227571,-123.05908,incomplete_2018_2022_observations_no_zero_fill
VANCOUVER,E 47TH AVE,PRINCE EDWARD ST,efe12d83-eaff-5694-89fa-e1e9eaa327f9,"E 47TH AVE & PRINCE EDWARD ST, VANCOUVER",49.227491,-123.097434,incomplete_2018_2022_observations_no_zero_fill
VANCOUVER,E 47TH AVE,QUEBEC ST,9239c4c6-2adb-5836-a7bc-91d7a48f5924,"E 47TH AVE & QUEBEC ST, VANCOUVER",49.227616,-123.103739,incomplete_2018_2022_observations_no_zero_fill
VANCOUVER,E 47TH AVE,SOPHIA ST,4ed25539-7913-5b91-964f-5d7d1f441126,"E 47TH AVE & SOPHIA ST, VANCOUVER",49.227514,-123.099474,incomplete_2018_2022_observations_no_zero_fill
VANCOUVER,E 47TH AVE,ST CATHERINES ST,6262853e-c481-55a1-9af6-7bebdc4126a9,"E 47TH AVE & ST CATHERINES ST, VANCOUVER",49.227323,-123.086579,incomplete_2018_2022_observations_no_zero_fill
VANCOUVER,E 47TH AVE,ST GEORGE ST,4cd24fc4-8708-5bc3-af15-b75f2711aaa9,"E 47TH AVE & ST GEORGE ST, VANCOUVER",49.227424,-123.09402,incomplete_2018_2022_observations_no_zero_fill
VANCOUVER,E 47TH AVE,VIVIAN ST,cad67ff0-debe-5d84-95dc-46e53e370bfd,"E 47TH AVE & VIVIAN ST, VANCOUVER",49.227533,-123.050187,incomplete_2018_2022_observations_no_zero_fill
VANCOUVER,E 47TH AVE,WINDSOR ST,da94314b-66bb-565c-b7b0-95e233fc1628,"E 47TH AVE & WINDSOR ST, VANCOUVER",49.227305,-123.085197,incomplete_2018_2022_observations_no_zero_fill
VANCOUVER,E 48TH AVE,FRONTENAC ST,9ee45bb6-ad09-585a-b3f5-2e98ddf83136,"E 48TH AVE & FRONTENAC ST, VANCOUVER",49.22522,-123.026013,incomplete_2018_2022_observations_no_zero_fill
VANCOUVER,E 48TH AVE,GLADSTONE ST,17c541f2-1e2e-5327-97e8-cfbae3261f88,"E 48TH AVE & GLADSTONE ST, VANCOUVER",49.226257,-123.062297,incomplete_2018_2022_observations_no_zero_fill
VANCOUVER,E 48TH AVE,INVERNESS ST,6e95c4d2-bd8e-5cae-80bb-0820296e761f,"E 48TH AVE & INVERNESS ST, VANCOUVER",49.226163,-123.080045,incomplete_2018_2022_observations_no_zero_fill
VANCOUVER,E 48TH AVE,KERR ST,1ae333e4-524b-5ee6-9e40-4e4d621a6228,"E 48TH AVE & KERR ST, VANCOUVER",49.225475,-123.04101,incomplete_2018_2022_observations_no_zero_fill
VANCOUVER,E 48TH AVE,MCKINNON ST,cf0aaf74-e587-51f7-a22f-2a621c537f8e,"E 48TH AVE & MCKINNON ST, VANCOUVER",49.225459,-123.038805,incomplete_2018_2022_observations_no_zero_fill
VANCOUVER,E 48TH AVE,NANAIMO ST,39064fdc-4e66-5e96-88c6-fb07538e5efb,"E 48TH AVE & NANAIMO ST, VANCOUVER",49.226239,-123.059134,incomplete_2018_2022_observations_no_zero_fill
VANCOUVER,E 48TH AVE,ONTARIO ST,c370a56d-0f6f-5c37-8ac0-e7a38a3eb2e4,"E 48TH AVE & ONTARIO ST, VANCOUVER",49.226745,-123.105866,incomplete_2018_2022_observations_no_zero_fill
VANCOUVER,E 48TH AVE,PRINCE EDWARD ST,57008a03-5680-52a5-8fa0-7d8cfd4f6e2c,"E 48TH AVE & PRINCE EDWARD ST, VANCOUVER",49.226629,-123.097481,incomplete_2018_2022_observations_no_zero_fill
VANCOUVER,E 48TH AVE,RALEIGH ST,7b1fd0aa-2480-5b52-976c-bd4cb9196bb5,"E 48TH AVE & RALEIGH ST, VANCOUVER",49.225898,-123.047724,incomplete_2018_2022_observations_no_zero_fill
VANCOUVER,E 48TH AVE,SOPHIA ST,dd052772-b583-520a-a396-f6ed95e59145,"E 48TH AVE & SOPHIA ST, VANCOUVER",49.226646,-123.099531,incomplete_2018_2022_observations_no_zero_fill
VANCOUVER,E 48TH AVE,ST GEORGE ST,56e2346a-6638-5ced-b4c2-f47d2c4a2bbd,"E 48TH AVE & ST GEORGE ST, VANCOUVER",49.226574,-123.094035,incomplete_2018_2022_observations_no_zero_fill
VANCOUVER,E 48TH AVE,TYNE ST,266edc57-1d56-5fcd-9427-7afa42b77c62,"E 48TH AVE & TYNE ST, VANCOUVER",49.225247,-123.032244,incomplete_2018_2022_observations_no_zero_fill
VANCOUVER,E 48TH AVE,VIVIAN ST,07ad65ee-d49b-5918-a751-872bc5328316,"E 48TH AVE & VIVIAN ST, VANCOUVER",49.225914,-123.050276,incomplete_2018_2022_observations_no_zero_fill
VANCOUVER,E 48TH AVE,WALES ST,8f98ba85-743a-537c-820e-73e606ab4c35,"E 48TH AVE & WALES ST, VANCOUVER",49.225924,-123.051799,incomplete_2018_2022_observations_no_zero_fill
VANCOUVER,E 49TH AVE,LANCASTER ST,469a2b24-a18c-541c-9a21-69ded006a28c,"E 49TH AVE & LANCASTER ST, VANCOUVER",49.224724,-123.042607,incomplete_2018_2022_observations_no_zero_fill
VANCOUVER,E 49TH AVE,ONTARIO ST,a2c29f48-1b09-5027-bcba-c74d04abcfc9,"E 49TH AVE & ONTARIO ST, VANCOUVER",49.225745,-123.105898,incomplete_2018_2022_observations_no_zero_fill
VANCOUVER,E 49TH AVE,RALEIGH ST,5a664b22-6e88-595c-bb1b-1c69178c547b,"E 49TH AVE & RALEIGH ST, VANCOUVER",49.224754,-123.047213,incomplete_2018_2022_observations_no_zero_fill
VANCOUVER,E 49TH AVE,ROSS ST,fb3a81a4-9658-594c-ac3e-c20970b39801,"E 49TH AVE & ROSS ST, VANCOUVER",49.225375,-123.082822,incomplete_2018_2022_observations_no_zero_fill
VANCOUVER,E 49TH AVE,RUPERT ST,062588e8-d04b-5348-80c5-90d5f11321ba,"E 49TH AVE & RUPERT ST, VANCOUVER",49.224733,-123.044154,incomplete_2018_2022_observations_no_zero_fill
VANCOUVER,E 49TH AVE,SHERBROOKE ST,48d7f84f-76b7-5285-b796-9dddbf24d156,"E 49TH AVE & SHERBROOKE ST, VANCOUVER",49.225352,-123.081439,incomplete_2018_2022_observations_no_zero_fill
VANCOUVER,E 49TH AVE,WALES ST,dfae6d62-62c0-5c5e-88b0-c9e5626451cc,"E 49TH AVE & WALES ST, VANCOUVER",49.224789,-123.052386,incomplete_2018_2022_observations_no_zero_fill
VANCOUVER,E 4TH AVE,GARDEN DR,cd92f494-0725-5c51-b6d1-7d655955a34f,"E 4TH AVE & GARDEN DR, VANCOUVER",49.266766,-123.058069,incomplete_2018_2022_observations_no_zero_fill
VANCOUVER,E 4TH AVE,KASLO ST,af0b2f79-9733-549b-82c0-23fbcbe269ea,"E 4TH AVE & KASLO ST, VANCOUVER",49.266665,-123.046977,incomplete_2018_2022_observations_no_zero_fill
VANCOUVER,E 4TH AVE,KOOTENAY ST,816bf789-78b0-5971-b945-4cb16b172b34,"E 4TH AVE & KOOTENAY ST, VANCOUVER",49.266645,-123.025703,incomplete_2018_2022_observations_no_zero_fill
VANCOUVER,E 4TH AVE,ONTARIO ST,d4f617fc-78c6-5d00-aa53-a532d6dec648,"E 4TH AVE & ONTARIO ST, VANCOUVER",49.267375,-123.104719,incomplete_2018_2022_observations_no_zero_fill
VANCOUVER,E 4TH AVE,PENTICTON ST,c09762aa-604c-5204-93f5-779a34eabeda,"E 4TH AVE & PENTICTON ST, VANCOUVER",49.266674,-123.05214,incomplete_2018_2022_observations_no_zero_fill
VANCOUVER,E 4TH AVE,RUPERT ST,89f5f026-c1fa-5a7d-8d0e-ba100b556b07,"E 4TH AVE & RUPERT ST, VANCOUVER",49.266635,-123.033726,incomplete_2018_2022_observations_no_zero_fill
VANCOUVER,E 4TH AVE,SCOTIA ST,f3130bb1-cc05-54f5-a5b2-c14b35395f3c,"E 4TH AVE & SCOTIA ST, VANCOUVER",49.267287,-123.09878,incomplete_2018_2022_observations_no_zero_fill
VANCOUVER,E 4TH AVE,SEMLIN DR,fefdb49f-8fe7-5d92-826c-1f781c95888b,"E 4TH AVE & SEMLIN DR, VANCOUVER",49.266838,-123.06388,incomplete_2018_2022_observations_no_zero_fill
VANCOUVER,E 4TH AVE,SKEENA ST,a9816fae-df5a-55f5-845f-079f041fb6af,"E 4TH AVE & SKEENA ST, VANCOUVER",49.266626,-123.028467,incomplete_2018_2022_observations_no_zero_fill
VANCOUVER,E 4TH AVE,SLOCAN ST,8a875627-03ff-5558-b97e-b93569b1e565,"E 4TH AVE & SLOCAN ST, VANCOUVER",49.26667,-123.049488,incomplete_2018_2022_observations_no_zero_fill
VANCOUVER,E 4TH AVE,TEMPLETON DR,f3361a4f-5365-57b9-99a5-5306044b01e7,"E 4TH AVE & TEMPLETON DR, VANCOUVER",49.26675,-123.06,incomplete_2018_2022_observations_no_zero_fill
VANCOUVER,E 4TH AVE,VERNON DR,63c782f7-79db-5020-bec7-862a7bbb0f6a,"E 4TH AVE & VERNON DR, VANCOUVER",49.266954,-123.07857,incomplete_2018_2022_observations_no_zero_fill
VANCOUVER,E 4TH AVE,VICTORIA DR,fe39e060-3eca-5499-9ab4-71b778ec2e04,"E 4TH AVE & VICTORIA DR, VANCOUVER",49.26685,-123.06582,incomplete_2018_2022_observations_no_zero_fill
VANCOUVER,E 4TH AVE,WINDERMERE ST,05d2ea17-0fae-5af0-86e1-6b69e8a430d1,"E 4TH AVE & WINDERMERE ST, VANCOUVER",49.266647,-123.036472,incomplete_2018_2022_observations_no_zero_fill
VANCOUVER,E 4TH AVE,WOODLAND DR,cb70db7c-769c-523f-946d-ba7d85eefce4,"E 4TH AVE & WOODLAND DR, VANCOUVER",49.266892,-123.073559,incomplete_2018_2022_observations_no_zero_fill
VANCOUVER,E 50TH AVE,FREDERICK ST,86b1844c-0132-5282-85ac-e4fb948f93e9,"E 50TH AVE & FREDERICK ST, VANCOUVER",49.224533,-123.09199,incomplete_2018_2022_observations_no_zero_fill
VANCOUVER,E 50TH AVE,GLADSTONE ST,0b6713dd-43fc-5525-a805-c81f697d293a,"E 50TH AVE & GLADSTONE ST, VANCOUVER",49.224001,-123.062378,incomplete_2018_2022_observations_no_zero_fill
VANCOUVER,E 50TH AVE,KERR ST,2bf352fb-1aec-537a-bd32-5dd4e328aa9a,"E 50TH AVE & KERR ST, VANCOUVER",49.22387,-123.041092,incomplete_2018_2022_observations_no_zero_fill
VANCOUVER,E 50TH AVE,MCKINNON ST,2a70349d-73b0-5727-94f4-d7dbaabf5bd3,"E 50TH AVE & MCKINNON ST, VANCOUVER",49.223759,-123.038858,incomplete_2018_2022_observations_no_zero_fill
VANCOUVER,E 50TH AVE,ONTARIO ST,1a39b4e9-61ec-58bc-8412-9fd909341f11,"E 50TH AVE & ONTARIO ST, VANCOUVER",49.224773,-123.105915,incomplete_2018_2022_observations_no_zero_fill
VANCOUVER,E 50TH AVE,PRINCE ALBERT ST,5333ca3a-57e0-5a69-8514-527db75415e5,"E 50TH AVE & PRINCE ALBERT ST, VANCOUVER",49.224499,-123.088045,incomplete_2018_2022_observations_no_zero_fill
VANCOUVER,E 50TH AVE,PRINCE EDWARD ST,a46630c9-3e59-57a9-8713-6c539d1dbac7,"E 50TH AVE & PRINCE EDWARD ST, VANCOUVER",49.224638,-123.097542,incomplete_2018_2022_observations_no_zero_fill
VANCOUVER,E 50TH AVE,QUEBEC ST,d8f20736-0062-5033-aaa9-326809e6eb33,"E 50TH AVE & QUEBEC ST, VANCOUVER",49.224752,-123.103836,incomplete_2018_2022_observations_no_zero_fill
VANCOUVER,E 50TH AVE,ROSS ST,ae8528e7-ecce-5ac7-9d15-f310d176f96a,"E 50TH AVE & ROSS ST, VANCOUVER",49.224421,-123.082852,incomplete_2018_2022_observations_no_zero_fill
VANCOUVER,E 50TH AVE,SOPHIA ST,0c883602-791d-57c2-9e7c-1f3e0ed95c07,"E 50TH AVE & SOPHIA ST, VANCOUVER",49.224676,-123.099603,incomplete_2018_2022_observations_no_zero_fill
VANCOUVER,E 50TH AVE,ST GEORGE ST,7acd728a-b538-59a3-ac52-1954e947b836,"E 50TH AVE & ST GEORGE ST, VANCOUVER",49.224578,-123.094142,incomplete_2018_2022_observations_no_zero_fill
VANCOUVER,E 50TH AVE,TODERICK ST,c97f7c72-357c-568e-9555-30ecc54fcb8a,"E 50TH AVE & TODERICK ST, VANCOUVER",49.223098,-123.030016,incomplete_2018_2022_observations_no_zero_fill
VANCOUVER,E 50TH AVE,TYNE ST,3aab157b-e034-5667-8e72-124ceeb57caf,"E 50TH AVE & TYNE ST, VANCOUVER",49.223694,-123.032295,incomplete_2018_2022_observations_no_zero_fill
VANCOUVER,E 50TH AVE,VIVIAN ST,af2f2306-7d47-51f2-9497-23c40faa9ba3,"E 50TH AVE & VIVIAN ST, VANCOUVER",49.223805,-123.050391,incomplete_2018_2022_observations_no_zero_fill
VANCOUVER,E 50TH AVE,WALES ST,3d07c2cf-7c84-5f5d-aa1a-9bbff502836d,"E 50TH AVE & WALES ST, VANCOUVER",49.223827,-123.052437,incomplete_2018_2022_observations_no_zero_fill
VANCOUVER,E 50TH AVE,WINDSOR ST,a09eef5f-0483-5adf-bf90-82f34e3a588a,"E 50TH AVE & WINDSOR ST, VANCOUVER",49.224458,-123.085289,incomplete_2018_2022_observations_no_zero_fill
VANCOUVER,E 51ST AVE,ELLIOTT ST,db9757dc-75dc-5dcd-bcbf-4a81a03a7c8a,"E 51ST AVE & ELLIOTT ST, VANCOUVER",49.223211,-123.054786,incomplete_2018_2022_observations_no_zero_fill
VANCOUVER,E 51ST AVE,GLADSTONE ST,deb67fd1-74a5-5c68-a0f3-c9c721db02e6,"E 51ST AVE & GLADSTONE ST, VANCOUVER",49.223098,-123.062494,incomplete_2018_2022_observations_no_zero_fill
VANCOUVER,E 51ST AVE,INVERNESS ST,d4a9ce72-813f-5a3b-ba93-ac1f874165df,"E 51ST AVE & INVERNESS ST, VANCOUVER",49.223427,-123.080118,incomplete_2018_2022_observations_no_zero_fill
VANCOUVER,E 51ST AVE,KERR ST,da5fdf5e-be59-5b86-8bd9-f527194ae307,"E 51ST AVE & KERR ST, VANCOUVER",49.223056,-123.041167,incomplete_2018_2022_observations_no_zero_fill
VANCOUVER,E 51ST AVE,LANCASTER ST,14a77b49-4fb1-5b9c-8d4d-327337061bf5,"E 51ST AVE & LANCASTER ST, VANCOUVER",49.223174,-123.042688,incomplete_2018_2022_observations_no_zero_fill
VANCOUVER,E 51ST AVE,NANAIMO ST,3e526200-6fc2-55fa-9c32-42be09e270c8,"E 51ST AVE & NANAIMO ST, VANCOUVER",49.223054,-123.059194,incomplete_2018_2022_observations_no_zero_fill
VANCOUVER,E 51ST AVE,ONTARIO ST,5f096c22-d631-50b8-b64d-85e0e2091baf,"E 51ST AVE & ONTARIO ST, VANCOUVER",49.223809,-123.105957,incomplete_2018_2022_observations_no_zero_fill
VANCOUVER,E 51ST AVE,PRINCE ALBERT ST,a244ffae-5f15-5f30-8fe5-97ac90a0abea,"E 51ST AVE & PRINCE ALBERT ST, VANCOUVER",49.223532,-123.088069,incomplete_2018_2022_observations_no_zero_fill
VANCOUVER,E 51ST AVE,PRINCE EDWARD ST,b2367b7b-65db-5c31-bb52-1328ca6bb068,"E 51ST AVE & PRINCE EDWARD ST, VANCOUVER",49.223669,-123.097573,incomplete_2018_2022_observations_no_zero_fill
VANCOUVER,E 51ST AVE,QUEBEC ST,baf0124e-dbd3-572f-82b8-c0e0928ca906,"E 51ST AVE & QUEBEC ST, VANCOUVER",49.223785,-123.103862,incomplete_2018_2022_observations_no_zero_fill
VANCOUVER,E 51ST AVE,RALEIGH ST,6d136689-bbf5-58e0-a3fa-b43565caf208,"E 51ST AVE & RALEIGH ST, VANCOUVER",49.223121,-123.0473,incomplete_2018_2022_observations_no_zero_fill
VANCOUVER,E 51ST AVE,RUPERT ST,45a9fd2f-be20-5c3e-9fd7-3bee1f30a7f8,"E 51ST AVE & RUPERT ST, VANCOUVER",49.223175,-123.044243,incomplete_2018_2022_observations_no_zero_fill
VANCOUVER,E 51ST AVE,SHERBROOKE ST,237d8c5a-98e8-507e-b725-e470ec760cfc,"E 51ST AVE & SHERBROOKE ST, VANCOUVER",49.223445,-123.081534,incomplete_2018_2022_observations_no_zero_fill
VANCOUVER,E 51ST AVE,SOPHIA ST,80a1f52d-bc5e-59c6-8468-61494018324d,"E 51ST AVE & SOPHIA ST, VANCOUVER",49.223708,-123.099659,incomplete_2018_2022_observations_no_zero_fill
VANCOUVER,E 51ST AVE,ST GEORGE ST,dd5d4664-dca2-5e96-abd1-07e29c7b55f4,"E 51ST AVE & ST GEORGE ST, VANCOUVER",49.223615,-123.094158,incomplete_2018_2022_observations_no_zero_fill
VANCOUVER,E 51ST AVE,VIVIAN ST,58afe6ba-3c94-51fc-bd94-9b85cf2132c6,"E 51ST AVE & VIVIAN ST, VANCOUVER",49.222709,-123.050449,incomplete_2018_2022_observations_no_zero_fill
VANCOUVER,E 51ST AVE,WALES ST,557daf30-76f5-594d-a669-314b20960b85,"E 51ST AVE & WALES ST, VANCOUVER",49.223181,-123.052471,incomplete_2018_2022_observations_no_zero_fill
VANCOUVER,E 51ST AVE,WINDSOR ST,174a80e8-cae5-59b2-920a-0e41bac1557d,"E 51ST AVE & WINDSOR ST, VANCOUVER",49.223496,-123.085315,incomplete_2018_2022_observations_no_zero_fill
VANCOUVER,E 52ND AVE,ELLIOTT ST,a88e43cd-85b8-56bd-b57a-94382e86f514,"E 52ND AVE & ELLIOTT ST, VANCOUVER",49.221968,-123.05482,incomplete_2018_2022_observations_no_zero_fill
VANCOUVER,E 52ND AVE,GLADSTONE ST,b594c0c4-a621-563a-9ccf-062c3529f568,"E 52ND AVE & GLADSTONE ST, VANCOUVER",49.222195,-123.062536,incomplete_2018_2022_observations_no_zero_fill
VANCOUVER,E 52ND AVE,KERR ST,c14727ef-faef-5c7a-8973-edc56a33e634,"E 52ND AVE & KERR ST, VANCOUVER",49.22206,-123.041181,incomplete_2018_2022_observations_no_zero_fill
VANCOUVER,E 52ND AVE,KILLARNEY ST,ffd99aa3-61eb-59c0-84f1-80980d65fabe,"E 52ND AVE & KILLARNEY ST, VANCOUVER",49.221734,-123.045858,incomplete_2018_2022_observations_no_zero_fill
VANCOUVER,E 52ND AVE,MAIN ST,4f1949f7-77b8-57a7-8a5a-b88b237386da,"E 52ND AVE & MAIN ST, VANCOUVER",49.222843,-123.101717,incomplete_2018_2022_observations_no_zero_fill
VANCOUVER,E 52ND AVE,MCKINNON ST,837bc0b1-dab4-547e-9582-07bc4e5c7a58,"E 52ND AVE & MCKINNON ST, VANCOUVER",49.222047,-123.038948,incomplete_2018_2022_observations_no_zero_fill
VANCOUVER,E 52ND AVE,NANAIMO ST,f7f9f279-4db7-5d3e-8988-349a2ae70f6c,"E 52ND AVE & NANAIMO ST, VANCOUVER",49.222157,-123.059335,incomplete_2018_2022_observations_no_zero_fill
VANCOUVER,E 52ND AVE,ONTARIO ST,f17562fb-3d3e-5fb8-b29e-7a37da972c4d,"E 52ND AVE & ONTARIO ST, VANCOUVER",49.222917,-123.105996,incomplete_2018_2022_observations_no_zero_fill
VANCOUVER,E 52ND AVE,PRINCE ALBERT ST,16168652-20d8-5c28-b247-8e8a170e9289,"E 52ND AVE & PRINCE ALBERT ST, VANCOUVER",49.222683,-123.088088,incomplete_2018_2022_observations_no_zero_fill
VANCOUVER,E 52ND AVE,QUEBEC ST,64db5300-b708-5902-95b9-3dbcf82b190d,"E 52ND AVE & QUEBEC ST, VANCOUVER",49.22291,-123.103889,incomplete_2018_2022_observations_no_zero_fill
VANCOUVER,E 52ND AVE,ROSS ST,7c3e720c-ae43-583c-a1ce-781f865ae78e,"E 52ND AVE & ROSS ST, VANCOUVER",49.222613,-123.082908,incomplete_2018_2022_observations_no_zero_fill
VANCOUVER,E 52ND AVE,RUPERT ST,7ed8b517-21cf-5a59-9116-025333438564,"E 52ND AVE & RUPERT ST, VANCOUVER",49.221729,-123.044324,incomplete_2018_2022_observations_no_zero_fill
VANCOUVER,E 52ND AVE,ST GEORGE ST,812e6221-a43f-580c-865e-257c5672dd67,"E 52ND AVE & ST GEORGE ST, VANCOUVER",49.222707,-123.094174,incomplete_2018_2022_observations_no_zero_fill
VANCOUVER,E 52ND AVE,TYNE ST,46cc6902-5e79-59e2-b81b-db553aceb60a,"E 52ND AVE & TYNE ST, VANCOUVER",49.222342,-123.032336,incomplete_2018_2022_observations_no_zero_fill
VANCOUVER,E 52ND AVE,VIVIAN ST,0b1cc194-8fd3-5109-90dd-e7dea80e311d,"E 52ND AVE & VIVIAN ST, VANCOUVER",49.221873,-123.050498,incomplete_2018_2022_observations_no_zero_fill
VANCOUVER,E 52ND AVE,WALES ST,ceca93ce-2585-5dd6-ae36-42d2e2914a8d,"E 52ND AVE & WALES ST, VANCOUVER",49.221918,-123.052538,incomplete_2018_2022_observations_no_zero_fill
VANCOUVER,E 52ND AVE,WINDSOR ST,bc980cf0-7bec-5927-867d-501b69900aa1,"E 52ND AVE & WINDSOR ST, VANCOUVER",49.222644,-123.085233,incomplete_2018_2022_observations_no_zero_fill
VANCOUVER,E 53RD AVE,ELLIOTT ST,bd5c0343-f3df-5e69-bdb4-f98933d663a2,"E 53RD AVE & ELLIOTT ST, VANCOUVER",49.221159,-123.05484,incomplete_2018_2022_observations_no_zero_fill
VANCOUVER,E 53RD AVE,FLEMING ST,bf8694d4-e071-5158-ade8-28a43a828c0a,"E 53RD AVE & FLEMING ST, VANCOUVER",49.221757,-123.073295,incomplete_2018_2022_observations_no_zero_fill
VANCOUVER,E 53RD AVE,GLADSTONE ST,c72c5c9a-88a1-5992-9ce6-ec05f27f8c46,"E 53RD AVE & GLADSTONE ST, VANCOUVER",49.221237,-123.062583,incomplete_2018_2022_observations_no_zero_fill
VANCOUVER,E 53RD AVE,INVERNESS ST,a11b8478-c3a5-5ffe-8d45-4bf71470bba2,"E 53RD AVE & INVERNESS ST, VANCOUVER",49.221835,-123.080177,incomplete_2018_2022_observations_no_zero_fill
VANCOUVER,E 53RD AVE,KERR ST,c3644437-5e06-53b0-b121-77cfee3764e0,"E 53RD AVE & KERR ST, VANCOUVER",49.221169,-123.041227,incomplete_2018_2022_observations_no_zero_fill
VANCOUVER,E 53RD AVE,LANARK ST,ad8c7811-91fd-55e8-8643-247eec944004,"E 53RD AVE & LANARK ST, VANCOUVER",49.221783,-123.076055,incomplete_2018_2022_observations_no_zero_fill
VANCOUVER,E 53RD AVE,NANAIMO ST,c51650c9-bc36-5143-b608-a0927da1fa13,"E 53RD AVE & NANAIMO ST, VANCOUVER",49.221305,-123.059371,incomplete_2018_2022_observations_no_zero_fill
VANCOUVER,E 53RD AVE,PRINCE EDWARD ST,3bb9f442-a56f-5b9c-9ba4-b9d6962b8d46,"E 53RD AVE & PRINCE EDWARD ST, VANCOUVER",49.221866,-123.097626,incomplete_2018_2022_observations_no_zero_fill
VANCOUVER,E 53RD AVE,QUEBEC ST,45482a7b-7b74-5ced-a3ac-fe75b9ceaba0,"E 53RD AVE & QUEBEC ST, VANCOUVER",49.221988,-123.103916,incomplete_2018_2022_observations_no_zero_fill
VANCOUVER,E 53RD AVE,ROSS ST,17a5a149-adea-5eaa-b739-953ae6633343,"E 53RD AVE & ROSS ST, VANCOUVER",49.221876,-123.082961,incomplete_2018_2022_observations_no_zero_fill
VANCOUVER,E 53RD AVE,SHERBROOKE ST,3ff32cb2-74e3-554e-a23a-e848cfac330d,"E 53RD AVE & SHERBROOKE ST, VANCOUVER",49.221856,-123.081613,incomplete_2018_2022_observations_no_zero_fill
VANCOUVER,E 53RD AVE,SOPHIA ST,7fd0412e-f8cb-5023-9994-eb01bd8b3f53,"E 53RD AVE & SOPHIA ST, VANCOUVER",49.221906,-123.099669,incomplete_2018_2022_observations_no_zero_fill
VANCOUVER,E 53RD AVE,ST GEORGE ST,ed28e5b3-4d4c-561e-9bfd-07c963b60cbc,"E 53RD AVE & ST GEORGE ST, VANCOUVER",49.221801,-123.094189,incomplete_2018_2022_observations_no_zero_fill
VANCOUVER,E 53RD AVE,VIVIAN ST,ea0b0454-0cd6-5718-9674-f36bba41546f,"E 53RD AVE & VIVIAN ST, VANCOUVER",49.221075,-123.050539,incomplete_2018_2022_observations_no_zero_fill
VANCOUVER,E 53RD AVE,WALES ST,ef43599e-10f2-573c-b4be-a3cf6f333d3b,"E 53RD AVE & WALES ST, VANCOUVER",49.221115,-123.052579,incomplete_2018_2022_observations_no_zero_fill
VANCOUVER,E 54TH AVE,ELMHURST DR,55ab3224-dd59-557f-bdb1-f1c348ace0f1,"E 54TH AVE & ELMHURST DR, VANCOUVER",49.220208,-123.048024,incomplete_2018_2022_observations_no_zero_fill
VANCOUVER,E 54TH AVE,FLEMING ST,e2e6de12-d557-57bb-a6f1-0a50f8df42e5,"E 54TH AVE & FLEMING ST, VANCOUVER",49.220388,-123.073343,incomplete_2018_2022_observations_no_zero_fill
VANCOUVER,E 54TH AVE,INVERNESS ST,7afd3f8a-8428-553e-b766-ab92ec0d149f,"E 54TH AVE & INVERNESS ST, VANCOUVER",49.220484,-123.080228,incomplete_2018_2022_observations_no_zero_fill
VANCOUVER,E 54TH AVE,LANARK ST,51007f04-b346-52c3-b0e9-9b46b3402961,"E 54TH AVE & LANARK ST, VANCOUVER",49.22041,-123.076111,incomplete_2018_2022_observations_no_zero_fill
VANCOUVER,E 54TH AVE,LANCASTER ST,9b2185a2-78a3-524d-a6e5-1f1cc0dfff38,"E 54TH AVE & LANCASTER ST, VANCOUVER",49.220181,-123.042845,incomplete_2018_2022_observations_no_zero_fill
VANCOUVER,E 54TH AVE,MCKINNON ST,26093521-2863-5a61-bffa-4ee1465cfd14,"E 54TH AVE & MCKINNON ST, VANCOUVER",49.220161,-123.03905,incomplete_2018_2022_observations_no_zero_fill
VANCOUVER,E 54TH AVE,MONT ROYAL SQ,c5fa49de-a664-5fa1-8971-1d4c3f2530ec,"E 54TH AVE & MONT ROYAL SQ, VANCOUVER",49.220148,-123.038024,incomplete_2018_2022_observations_no_zero_fill
VANCOUVER,E 54TH AVE,ONTARIO ST,14b3ad29-9cb9-5f41-bc88-19edc12f0fe0,"E 54TH AVE & ONTARIO ST, VANCOUVER",49.221156,-123.106139,incomplete_2018_2022_observations_no_zero_fill
VANCOUVER,E 54TH AVE,PRINCE EDWARD ST,e61856e9-9574-50eb-ac08-f2efc608c7c5,"E 54TH AVE & PRINCE EDWARD ST, VANCOUVER",49.220975,-123.097654,incomplete_2018_2022_observations_no_zero_fill
VANCOUVER,E 54TH AVE,QUEBEC ST,3bcfef88-fa91-5f00-aa95-a3a2aee1c7f2,"E 54TH AVE & QUEBEC ST, VANCOUVER",49.22111,-123.103941,incomplete_2018_2022_observations_no_zero_fill
VANCOUVER,E 54TH AVE,RALEIGH ST,17bc42ea-1318-5f91-9a00-99256201e4d7,"E 54TH AVE & RALEIGH ST, VANCOUVER",49.220206,-123.047516,incomplete_2018_2022_observations_no_zero_fill
VANCOUVER,E 54TH AVE,ROSS ST,f5a0440b-d158-5c7c-8878-e23649dd67ae,"E 54TH AVE & ROSS ST, VANCOUVER",49.220526,-123.083007,incomplete_2018_2022_observations_no_zero_fill
VANCOUVER,E 54TH AVE,SAINT JULIEN MEWS,b26c9c54-63a3-5b88-8737-69fd019faf43,"E 54TH AVE & SAINT JULIEN MEWS, VANCOUVER",49.22016,-123.039345,incomplete_2018_2022_observations_no_zero_fill
VANCOUVER,E 54TH AVE,STIRLING ST,f7a998b1-5ffb-5477-9858-b80a4f902491,"E 54TH AVE & STIRLING ST, VANCOUVER",49.220211,-123.060678,incomplete_2018_2022_observations_no_zero_fill
VANCOUVER,E 54TH AVE,TYNE ST,f5925272-d60a-531f-93bc-3b981b188897,"E 54TH AVE & TYNE ST, VANCOUVER",49.220122,-123.03239,incomplete_2018_2022_observations_no_zero_fill
VANCOUVER,E 54TH AVE,VIVIAN DR,bcf933f1-87d9-54de-99b9-d691672f329c,"E 54TH AVE & VIVIAN DR, VANCOUVER",49.220183,-123.050586,incomplete_2018_2022_observations_no_zero_fill
VANCOUVER,E 54TH AVE,VIVIAN ST,48be04ad-0c72-5d54-a713-79b091469c2c,"E 54TH AVE & VIVIAN ST, VANCOUVER",49.220183,-123.050586,incomplete_2018_2022_observations_no_zero_fill
VANCOUVER,E 54TH AVE,WALES ST,eee6ceb2-3890-597f-a353-bc8cfcb5dd78,"E 54TH AVE & WALES ST, VANCOUVER",49.220194,-123.05276,incomplete_2018_2022_observations_no_zero_fill
VANCOUVER,E 55TH AVE,FLEMING ST,8b8f74fe-6a65-5d8f-b8ff-3082fd229d7d,"E 55TH AVE & FLEMING ST, VANCOUVER",49.219949,-123.073343,incomplete_2018_2022_observations_no_zero_fill
VANCOUVER,E 55TH AVE,INVERNESS ST,c3e764d8-3f7d-544e-9970-b3e2da0c92b8,"E 55TH AVE & INVERNESS ST, VANCOUVER",49.219607,-123.080165,incomplete_2018_2022_observations_no_zero_fill
VANCOUVER,E 55TH AVE,LANARK ST,8308b370-0e90-59e7-aada-8e11c98b7bb5,"E 55TH AVE & LANARK ST, VANCOUVER",49.219564,-123.076144,incomplete_2018_2022_observations_no_zero_fill
VANCOUVER,E 55TH AVE,ONTARIO ST,42b0ac2c-bd7d-58b9-ad1d-971d2e4c9afc,"E 55TH AVE & ONTARIO ST, VANCOUVER",49.220237,-123.10615,incomplete_2018_2022_observations_no_zero_fill
VANCOUVER,E 55TH AVE,PRINCE ALBERT ST,cf890d83-b777-5ccc-ad69-1cc83e86e5f7,"E 55TH AVE & PRINCE ALBERT ST, VANCOUVER",49.219913,-123.087751,incomplete_2018_2022_observations_no_zero_fill
VANCOUVER,E 55TH AVE,PRINCE EDWARD ST,a9bc4c80-1ec0-55e4-8b72-3b3dd5244ad5,"E 55TH AVE & PRINCE EDWARD ST, VANCOUVER",49.220071,-123.097681,incomplete_2018_2022_observations_no_zero_fill
VANCOUVER,E 55TH AVE,ROSEMONT DR,b2e40548-886d-56bd-9bcc-c73974036753,"E 55TH AVE & ROSEMONT DR, VANCOUVER",49.219322,-123.04922,incomplete_2018_2022_observations_no_zero_fill
VANCOUVER,E 55TH AVE,ROSS ST,86cfaeea-6c8b-5779-85bb-d174492d49e3,"E 55TH AVE & ROSS ST, VANCOUVER",49.21973,-123.083033,incomplete_2018_2022_observations_no_zero_fill
VANCOUVER,E 55TH AVE,SHERBROOKE ST,c049b8bf-c669-56a8-9446-033679a64041,"E 55TH AVE & SHERBROOKE ST, VANCOUVER",49.219615,-123.081585,incomplete_2018_2022_observations_no_zero_fill
VANCOUVER,E 55TH AVE,STIRLING ST,e8170ed7-e4c8-55ca-94bd-4938d8b0acbe,"E 55TH AVE & STIRLING ST, VANCOUVER",49.21937,-123.060697,incomplete_2018_2022_observations_no_zero_fill
VANCOUVER,E 56TH AVE,ELLIOTT ST,669596d7-52ea-52e7-a445-16af0ad2c716,"E 56TH AVE & ELLIOTT ST, VANCOUVER",49.218961,-123.054887,incomplete_2018_2022_observations_no_zero_fill
VANCOUVER,E 56TH AVE,FLEMING ST,69b8af3a-d3e7-59c4-9b2a-b4e95707a6bf,"E 56TH AVE & FLEMING ST, VANCOUVER",49.219014,-123.073975,incomplete_2018_2022_observations_no_zero_fill
VANCOUVER,E 56TH AVE,KERR ST,4724017e-9428-59a2-a4e8-75ddf1fc6aaf,"E 56TH AVE & KERR ST, VANCOUVER",49.218171,-123.041377,incomplete_2018_2022_observations_no_zero_fill
VANCOUVER,E 56TH AVE,MAIN ST,9943891a-6e5d-5935-aa04-445e1f8bcbe9,"E 56TH AVE & MAIN ST, VANCOUVER",49.219308,-123.101856,incomplete_2018_2022_observations_no_zero_fill
VANCOUVER,E 56TH AVE,ONTARIO ST,febcc2df-8cb1-58be-9e47-fb9a392a553e,"E 56TH AVE & ONTARIO ST, VANCOUVER",49.219392,-123.10618,incomplete_2018_2022_observations_no_zero_fill
VANCOUVER,E 56TH AVE,PRINCE EDWARD ST,91d69c35-e1f3-5888-a511-35c8574ba3e8,"E 56TH AVE & PRINCE EDWARD ST, VANCOUVER",49.219215,-123.097707,incomplete_2018_2022_observations_no_zero_fill
VANCOUVER,E 56TH AVE,QUEBEC ST,8dbc6188-4057-5611-900d-f087916f4b6f,"E 56TH AVE & QUEBEC ST, VANCOUVER",49.219339,-123.103992,incomplete_2018_2022_observations_no_zero_fill
VANCOUVER,E 56TH AVE,ROSS ST,36fdf9e0-c3ec-5a80-b805-38c81a44c740,"E 56TH AVE & ROSS ST, VANCOUVER",49.219013,-123.083057,incomplete_2018_2022_observations_no_zero_fill
VANCOUVER,E 56TH AVE,RUPERT ST,f324f1f3-12c9-5f9e-a264-21f0076d59ee,"E 56TH AVE & RUPERT ST, VANCOUVER",49.218226,-123.043805,incomplete_2018_2022_observations_no_zero_fill
VANCOUVER,E 56TH AVE,ST GEORGE ST,50939ff5-f4a7-5697-8483-b696ff3876d5,"E 56TH AVE & ST GEORGE ST, VANCOUVER",49.219195,-123.094851,incomplete_2018_2022_observations_no_zero_fill
VANCOUVER,E 56TH AVE,WALES ST,30683334-d75d-571a-8dd2-2d78c9bd7358,"E 56TH AVE & WALES ST, VANCOUVER",49.218956,-123.052771,incomplete_2018_2022_observations_no_zero_fill
VANCOUVER,E 57TH AVE,ELLIOTT ST,c871cb4b-249d-5ef9-aaab-0b10d33f9816,"E 57TH AVE & ELLIOTT ST, VANCOUVER",49.217975,-123.054195,incomplete_2018_2022_observations_no_zero_fill
VANCOUVER,E 57TH AVE,FLEMING ST,df278104-3d6e-5469-bfe4-c66264fa00a5,"E 57TH AVE & FLEMING ST, VANCOUVER",49.218119,-123.074,incomplete_2018_2022_observations_no_zero_fill
VANCOUVER,E 57TH AVE,ONTARIO ST,2f297f7b-7008-5c23-884b-685db2f3e9b2,"E 57TH AVE & ONTARIO ST, VANCOUVER",49.218581,-123.10619,incomplete_2018_2022_observations_no_zero_fill
VANCOUVER,E 57TH AVE,QUEBEC ST,a98764f4-b40a-50b4-b753-84729359826d,"E 57TH AVE & QUEBEC ST, VANCOUVER",49.218525,-123.104049,incomplete_2018_2022_observations_no_zero_fill
VANCOUVER,E 57TH AVE,ROSEMONT DR,41462f5b-cdb9-5932-9e92-e21a6b866bfd,"E 57TH AVE & ROSEMONT DR, VANCOUVER",49.218232,-123.048874,incomplete_2018_2022_observations_no_zero_fill
VANCOUVER,E 57TH AVE,ST GEORGE ST,17809c3b-fff1-56e5-9c86-c049c0492431,"E 57TH AVE & ST GEORGE ST, VANCOUVER",49.21834,-123.09487,incomplete_2018_2022_observations_no_zero_fill
VANCOUVER,E 57TH AVE,VIVIAN DR,1743063a-9df7-586b-9410-2ed567fa8112,"E 57TH AVE & VIVIAN DR, VANCOUVER",49.218064,-123.050566,incomplete_2018_2022_observations_no_zero_fill
VANCOUVER,E 57TH AVE,WINDSOR ST,11bd7ec6-b604-5d02-a7d8-96c9ed9565f3,"E 57TH AVE & WINDSOR ST, VANCOUVER",49.218204,-123.085438,incomplete_2018_2022_observations_no_zero_fill
VANCOUVER,E 58TH AVE,MAIN ST,3952b884-2a2d-5e86-a04e-e54be97010a1,"E 58TH AVE & MAIN ST, VANCOUVER",49.217607,-123.10192,incomplete_2018_2022_observations_no_zero_fill
VANCOUVER,E 58TH AVE,ONTARIO ST,3bdffe37-79d7-5ea2-a6ac-70957fbed6d8,"E 58TH AVE & ONTARIO ST, VANCOUVER",49.217718,-123.106216,incomplete_2018_2022_observations_no_zero_fill
VANCOUVER,E 58TH AVE,PRINCE ALBERT ST,f4db4cdb-df8a-50a8-bf28-fad0ad0d7aea,"E 58TH AVE & PRINCE ALBERT ST, VANCOUVER",49.217366,-123.087838,incomplete_2018_2022_observations_no_zero_fill
VANCOUVER,E 58TH AVE,PRINCE EDWARD ST,9a8aa902-7979-5b97-8f42-65df0b49b57e,"E 58TH AVE & PRINCE EDWARD ST, VANCOUVER",49.217519,-123.097758,incomplete_2018_2022_observations_no_zero_fill
VANCOUVER,E 58TH AVE,ROSEMONT DR,da9cff63-8c3c-57bd-b6c8-091076508c46,"E 58TH AVE & ROSEMONT DR, VANCOUVER",49.21643,-123.034811,incomplete_2018_2022_observations_no_zero_fill
VANCOUVER,E 58TH AVE,ROSS ST,272c921c-b301-5554-9bf0-e7f700bf6795,"E 58TH AVE & ROSS ST, VANCOUVER",49.217316,-123.083095,incomplete_2018_2022_observations_no_zero_fill
VANCOUVER,E 58TH AVE,WINDSOR ST,83defac2-cb6d-565d-ba2c-8c9b8d97f7fb,"E 58TH AVE & WINDSOR ST, VANCOUVER",49.217313,-123.085464,incomplete_2018_2022_observations_no_zero_fill
VANCOUVER,E 59TH AVE,INVERNESS ST,bc34272f-9044-57bc-aa70-3e8014003850,"E 59TH AVE & INVERNESS ST, VANCOUVER",49.216421,-123.080118,incomplete_2018_2022_observations_no_zero_fill
VANCOUVER,E 59TH AVE,JASPER CRES,94d0f81c-7cc0-56cd-b26b-c06c136d89a3,"E 59TH AVE & JASPER CRES, VANCOUVER",49.216092,-123.069873,incomplete_2018_2022_observations_no_zero_fill
VANCOUVER,E 59TH AVE,KERR ST,472215c2-a7a5-53b6-80bd-5edc4924623f,"E 59TH AVE & KERR ST, VANCOUVER",49.216505,-123.041476,incomplete_2018_2022_observations_no_zero_fill
VANCOUVER,E 59TH AVE,ONTARIO ST,56921df2-fc78-5fb6-b4eb-d8afb60b0c72,"E 59TH AVE & ONTARIO ST, VANCOUVER",49.216818,-123.106223,incomplete_2018_2022_observations_no_zero_fill
VANCOUVER,E 59TH AVE,PRINCE ALBERT ST,821ec291-43d1-51d3-b31d-09a234cff4c5,"E 59TH AVE & PRINCE ALBERT ST, VANCOUVER",49.2165,-123.087872,incomplete_2018_2022_observations_no_zero_fill
VANCOUVER,E 59TH AVE,ROSS ST,93b19a76-3e0d-5967-8712-f55b4c0f8048,"E 59TH AVE & ROSS ST, VANCOUVER",49.216451,-123.083106,incomplete_2018_2022_observations_no_zero_fill
VANCOUVER,E 59TH AVE,SHERBROOKE ST,de28edd8-ad1d-54fb-bf0c-f849025d34c1,"E 59TH AVE & SHERBROOKE ST, VANCOUVER",49.216435,-123.081645,incomplete_2018_2022_observations_no_zero_fill
VANCOUVER,E 59TH AVE,ST GEORGE ST,932af362-ca18-56f2-8b3a-4d80421f5203,"E 59TH AVE & ST GEORGE ST, VANCOUVER",49.216581,-123.094193,incomplete_2018_2022_observations_no_zero_fill
VANCOUVER,E 59TH AVE,WINDSOR ST,65c77bf5-834a-52f1-a28a-f38543c50cd1,"E 59TH AVE & WINDSOR ST, VANCOUVER",49.216475,-123.085492,incomplete_2018_2022_observations_no_zero_fill
VANCOUVER,E 5TH AVE,FRASER ST,dd6ad245-ac65-5807-a1b0-3c6c6ad8c8e9,"E 5TH AVE & FRASER ST, VANCOUVER",49.266139,-123.08908,incomplete_2018_2022_observations_no_zero_fill
VANCOUVER,E 5TH AVE,GARDEN DR,8d046d8f-50fa-5bd0-84aa-03f074ce3e00,"E 5TH AVE & GARDEN DR, VANCOUVER",49.265897,-123.058086,incomplete_2018_2022_observations_no_zero_fill
VANCOUVER,E 5TH AVE,GUELPH ST,a34217c0-e858-5430-82c3-71d5510400b9,"E 5TH AVE & GUELPH ST, VANCOUVER",49.26618,-123.094865,incomplete_2018_2022_observations_no_zero_fill
VANCOUVER,E 5TH AVE,KAMLOOPS ST,29fdce85-1611-5899-ae09-20732ea76252,"E 5TH AVE & KAMLOOPS ST, VANCOUVER",49.26572,-123.054708,incomplete_2018_2022_observations_no_zero_fill
VANCOUVER,E 5TH AVE,LILLOOET ST,066f1d67-8e4b-51a6-bfc0-b8672d16105c,"E 5TH AVE & LILLOOET ST, VANCOUVER",49.265678,-123.039018,incomplete_2018_2022_observations_no_zero_fill
VANCOUVER,E 5TH AVE,NOOTKA ST,9f37d517-050b-594a-8827-37fe4aff8f24,"E 5TH AVE & NOOTKA ST, VANCOUVER",49.265685,-123.041523,incomplete_2018_2022_observations_no_zero_fill
VANCOUVER,E 5TH AVE,ONTARIO ST,6a21306e-084f-541b-b3d0-d5516a76c64c,"E 5TH AVE & ONTARIO ST, VANCOUVER",49.266496,-123.104753,incomplete_2018_2022_observations_no_zero_fill
VANCOUVER,E 5TH AVE,SCOTIA ST,d5c607ab-9e3e-5b9b-87bc-cb42b1b7611c,"E 5TH AVE & SCOTIA ST, VANCOUVER",49.266364,-123.098817,incomplete_2018_2022_observations_no_zero_fill
VANCOUVER,E 5TH AVE,SEMLIN DR,9e51f795-43c9-5304-b8c3-fc1d0983e437,"E 5TH AVE & SEMLIN DR, VANCOUVER",49.265937,-123.063902,incomplete_2018_2022_observations_no_zero_fill
VANCOUVER,E 5TH AVE,SKEENA ST,70bdc504-bbba-52ba-9936-702d1c4490ad,"E 5TH AVE & SKEENA ST, VANCOUVER",49.265701,-123.028471,incomplete_2018_2022_observations_no_zero_fill
VANCOUVER,E 5TH AVE,SLOCAN ST,a9f1d505-3b07-5966-be7a-9faecaf2449d,"E 5TH AVE & SLOCAN ST, VANCOUVER",49.265707,-123.049494,incomplete_2018_2022_observations_no_zero_fill
VANCOUVER,E 5TH AVE,ST GEORGE ST,3293d055-e3e3-5dfa-93b1-ccdbaa0a21bd,"E 5TH AVE & ST GEORGE ST, VANCOUVER",49.266158,-123.092952,incomplete_2018_2022_observations_no_zero_fill
VANCOUVER,E 5TH AVE,VICTORIA DR,c96e31de-287a-5fba-82a6-561e4d371999,"E 5TH AVE & VICTORIA DR, VANCOUVER",49.265951,-123.065835,incomplete_2018_2022_observations_no_zero_fill
VANCOUVER,E 5TH AVE,WINDERMERE ST,ac09d0f1-c1c1-5706-8fe4-11c2b4a16a31,"E 5TH AVE & WINDERMERE ST, VANCOUVER",49.26567,-123.036486,incomplete_2018_2022_observations_no_zero_fill
VANCOUVER,E 5TH AVE,WOODLAND DR,661fd741-978c-5239-9637-241a885aeef5,"E 5TH AVE & WOODLAND DR, VANCOUVER",49.266019,-123.073576,incomplete_2018_2022_observations_no_zero_fill
VANCOUVER,E 5TH ST,MAIN ST,d704566a-32ed-5690-a2c2-4ddb7886a458,"E 5TH ST & MAIN ST, VANCOUVER",49.266413,-123.100788,incomplete_2018_2022_observations_no_zero_fill
VANCOUVER,E 60TH AVE,INVERNESS ST,873d35a4-3ae3-52ea-aac3-d5d5eff8a518,"E 60TH AVE & INVERNESS ST, VANCOUVER",49.215516,-123.080141,incomplete_2018_2022_observations_no_zero_fill
VANCOUVER,E 60TH AVE,ONTARIO ST,a0ac3548-54c1-54ee-876d-2ed048610a3b,"E 60TH AVE & ONTARIO ST, VANCOUVER",49.215934,-123.106233,incomplete_2018_2022_observations_no_zero_fill
VANCOUVER,E 60TH AVE,PRINCE ALBERT ST,babc79f2-00ad-5f6c-9d9e-3842d35d688b,"E 60TH AVE & PRINCE ALBERT ST, VANCOUVER",49.215578,-123.087916,incomplete_2018_2022_observations_no_zero_fill
VANCOUVER,E 60TH AVE,PRINCE EDWARD ST,8652e8fd-5bfb-54e1-9159-bb8352592282,"E 60TH AVE & PRINCE EDWARD ST, VANCOUVER",49.215767,-123.097813,incomplete_2018_2022_observations_no_zero_fill
VANCOUVER,E 60TH AVE,ROSS ST,4a24d008-01cc-5fdb-998e-66eb5cbac5f8,"E 60TH AVE & ROSS ST, VANCOUVER",49.215552,-123.083121,incomplete_2018_2022_observations_no_zero_fill
VANCOUVER,E 60TH AVE,ST GEORGE ST,c6b067f2-df79-5089-b2a3-58aa5d8a8b0e,"E 60TH AVE & ST GEORGE ST, VANCOUVER",49.215706,-123.094214,incomplete_2018_2022_observations_no_zero_fill
VANCOUVER,E 61ST AVE,GLADSTONE ST,e53fae68-56b4-57ad-a3d2-1ff82cd020f9,"E 61ST AVE & GLADSTONE ST, VANCOUVER",49.214477,-123.062153,incomplete_2018_2022_observations_no_zero_fill
VANCOUVER,E 61ST AVE,JASPER CRES,7b6dd6a9-0f73-5e28-b495-782f0030c168,"E 61ST AVE & JASPER CRES, VANCOUVER",49.214558,-123.070043,incomplete_2018_2022_observations_no_zero_fill
VANCOUVER,E 61ST AVE,NANAIMO ST,7decf6a5-1e87-57ae-b734-a8d1ed63c949,"E 61ST AVE & NANAIMO ST, VANCOUVER",49.214456,-123.059376,incomplete_2018_2022_observations_no_zero_fill
VANCOUVER,E 61ST AVE,ONTARIO ST,b3e1aa43-844b-5e2c-a57e-d9f2e66b5d73,"E 61ST AVE & ONTARIO ST, VANCOUVER",49.215075,-123.106378,incomplete_2018_2022_observations_no_zero_fill
VANCOUVER,E 61ST AVE,PRINCE EDWARD ST,c31ff1fc-6f91-5a47-bee5-69809ef542c6,"E 61ST AVE & PRINCE EDWARD ST, VANCOUVER",49.214931,-123.097837,incomplete_2018_2022_observations_no_zero_fill
VANCOUVER,E 61ST AVE,ROSS ST,69675688-1e00-50f3-b236-bc62ccd44b19,"E 61ST AVE & ROSS ST, VANCOUVER",49.21467,-123.083156,incomplete_2018_2022_observations_no_zero_fill
VANCOUVER,E 61ST AVE,VICTORIA DR,5160243b-9861-5742-bda8-33629428d4f8,"E 61ST AVE & VICTORIA DR, VANCOUVER",49.214502,-123.066021,incomplete_2018_2022_observations_no_zero_fill
VANCOUVER,E 61ST AVE,WINDSOR ST,4e80478c-3a24-5e51-aadc-11c603b6f6b3,"E 61ST AVE & WINDSOR ST, VANCOUVER",49.214727,-123.085698,incomplete_2018_2022_observations_no_zero_fill
VANCOUVER,E 62ND AVE,INVERNESS ST,d0495160-96bb-5e25-8044-c09ec954c024,"E 62ND AVE & INVERNESS ST, VANCOUVER",49.213787,-123.080165,incomplete_2018_2022_observations_no_zero_fill
VANCOUVER,E 62ND AVE,JASPER CRES,471aef1a-238b-5feb-a5a7-57647aea7d8e,"E 62ND AVE & JASPER CRES, VANCOUVER",49.213835,-123.069556,incomplete_2018_2022_observations_no_zero_fill
VANCOUVER,E 62ND AVE,KERR ST,369a95ce-5853-5e9d-8c16-3bc30962efdd,"E 62ND AVE & KERR ST, VANCOUVER",49.213821,-123.041599,incomplete_2018_2022_observations_no_zero_fill
VANCOUVER,E 62ND AVE,MUNROE CRES,9077d14a-16b4-533c-8a4b-424dc1d31d93,"E 62ND AVE & MUNROE CRES, VANCOUVER",49.213783,-123.040225,incomplete_2018_2022_observations_no_zero_fill
VANCOUVER,E 62ND AVE,ONTARIO ST,276ba802-3865-5adc-9ff3-03c6bc795fbb,"E 62ND AVE & ONTARIO ST, VANCOUVER",49.214212,-123.106432,incomplete_2018_2022_observations_no_zero_fill
VANCOUVER,E 62ND AVE,ROSS ST,4540bf99-369e-523b-9245-e5b5ced2950d,"E 62ND AVE & ROSS ST, VANCOUVER",49.213825,-123.083147,incomplete_2018_2022_observations_no_zero_fill
VANCOUVER,E 62ND AVE,SPARBROOK CRES,5281a67b-2cc1-5488-9a38-a4565bd78419,"E 62ND AVE & SPARBROOK CRES, VANCOUVER",49.21356,-123.034441,incomplete_2018_2022_observations_no_zero_fill
VANCOUVER,E 62ND AVE,ST GEORGE ST,cee4a98a-0bf2-5b77-9df9-abda62ba12ad,"E 62ND AVE & ST GEORGE ST, VANCOUVER",49.214219,-123.094249,incomplete_2018_2022_observations_no_zero_fill
VANCOUVER,E 62ND AVE,WINDSOR ST,7ef71e23-a07d-5153-9f3d-0f570a761d74,"E 62ND AVE & WINDSOR ST, VANCOUVER",49.213824,-123.085695,incomplete_2018_2022_observations_no_zero_fill
VANCOUVER,E 63RD AVE,JASPER CRES,b3617615-ce87-5604-99cd-515a3e90ec9f,"E 63RD AVE & JASPER CRES, VANCOUVER",49.212843,-123.067862,incomplete_2018_2022_observations_no_zero_fill
VANCOUVER,E 63RD AVE,KERR ST,bf828e45-3656-5ebc-ba68-b26f760e8a45,"E 63RD AVE & KERR ST, VANCOUVER",49.21304,-123.041638,incomplete_2018_2022_observations_no_zero_fill
VANCOUVER,E 63RD AVE,LEASIDE ST,8648e3fb-6657-5c38-a66f-cbb841211d75,"E 63RD AVE & LEASIDE ST, VANCOUVER",49.212843,-123.069126,incomplete_2018_2022_observations_no_zero_fill
VANCOUVER,E 63RD AVE,ONTARIO ST,ef1397fa-1470-56f7-917e-6f9f4a7469fc,"E 63RD AVE & ONTARIO ST, VANCOUVER",49.213322,-123.106504,incomplete_2018_2022_observations_no_zero_fill
VANCOUVER,E 63RD AVE,PRINCE ALBERT ST,30959a9b-d01e-5a32-a449-86f0b5e5a6ed,"E 63RD AVE & PRINCE ALBERT ST, VANCOUVER",49.212958,-123.088153,incomplete_2018_2022_observations_no_zero_fill
VANCOUVER,E 63RD AVE,PRINCE EDWARD ST,c320689e-edd6-53da-9238-41e517af67e4,"E 63RD AVE & PRINCE EDWARD ST, VANCOUVER",49.213432,-123.097883,incomplete_2018_2022_observations_no_zero_fill
VANCOUVER,E 63RD AVE,SOPHIA ST,4ce270f8-28cb-5b11-a04d-76c1e2dc28ea,"E 63RD AVE & SOPHIA ST, VANCOUVER",49.21359,-123.10022,incomplete_2018_2022_observations_no_zero_fill
VANCOUVER,E 63RD AVE,ST GEORGE ST,dbe26bc7-498a-5854-84a4-9407ad0f12d6,"E 63RD AVE & ST GEORGE ST, VANCOUVER",49.213209,-123.094284,incomplete_2018_2022_observations_no_zero_fill
VANCOUVER,E 64TH AVE,HARRISON DR,e20e8610-d567-5523-9d58-6465fff89ed9,"E 64TH AVE & HARRISON DR, VANCOUVER",49.211915,-123.069173,incomplete_2018_2022_observations_no_zero_fill
VANCOUVER,E 64TH AVE,LEASIDE ST,ae1eba89-0850-513b-8d88-5b4dc4b8c28d,"E 64TH AVE & LEASIDE ST, VANCOUVER",49.211915,-123.069173,incomplete_2018_2022_observations_no_zero_fill
VANCOUVER,E 64TH AVE,POPLAR ST,123552c6-5d14-54bf-a5c9-97d155803af5,"E 64TH AVE & POPLAR ST, VANCOUVER",49.212601,-123.093287,incomplete_2018_2022_observations_no_zero_fill
VANCOUVER,E 64TH AVE,PRINCE ALBERT ST,e066d726-0e5d-583b-9298-4d8dc6a191b8,"E 64TH AVE & PRINCE ALBERT ST, VANCOUVER",49.211991,-123.088186,incomplete_2018_2022_observations_no_zero_fill
VANCOUVER,E 64TH AVE,SE MARINE DR,962dbfab-0d67-5940-8910-e13f896ab572,"E 64TH AVE & SE MARINE DR, VANCOUVER",49.212187,-123.105536,incomplete_2018_2022_observations_no_zero_fill
VANCOUVER,E 64TH AVE,SOPHIA ST,fc445eba-6a62-50ed-8d91-57819199efe0,"E 64TH AVE & SOPHIA ST, VANCOUVER",49.212627,-123.100255,incomplete_2018_2022_observations_no_zero_fill
VANCOUVER,E 64TH AVE,ST GEORGE ST,7e95f8ec-f500-5591-88b1-6189599323a9,"E 64TH AVE & ST GEORGE ST, VANCOUVER",49.212087,-123.0943,incomplete_2018_2022_observations_no_zero_fill
VANCOUVER,E 64TH AVE,VICTORIA DR,b52dee6e-5403-57c9-8d15-650aa9db3610,"E 64TH AVE & VICTORIA DR, VANCOUVER",49.211423,-123.066072,incomplete_2018_2022_observations_no_zero_fill
VANCOUVER,E 64TH AVE,WINDSOR ST,1f523da8-c70c-5696-b392-16846ac74edd,"E 64TH AVE & WINDSOR ST, VANCOUVER",49.211991,-123.085732,incomplete_2018_2022_observations_no_zero_fill
VANCOUVER,E 65TH AVE,MAIN ST,8d73bb0b-4412-5c4c-b514-a5d4ba363a6c,"E 65TH AVE & MAIN ST, VANCOUVER",49.211787,-123.102182,incomplete_2018_2022_observations_no_zero_fill
VANCOUVER,E 65TH AVE,PRINCE EDWARD ST,ce3317f6-b653-58a0-9dc7-a18ea165f084,"E 65TH AVE & PRINCE EDWARD ST, VANCOUVER",49.211669,-123.097952,incomplete_2018_2022_observations_no_zero_fill
VANCOUVER,E 65TH AVE,SOPHIA ST,1dcb6c70-4eff-53cf-9003-c14ae51badfe,"E 65TH AVE & SOPHIA ST, VANCOUVER",49.211733,-123.100288,incomplete_2018_2022_observations_no_zero_fill
VANCOUVER,E 67TH AVE,SHERBROOKE ST,b7b559ae-b5e5-55aa-9b5a-860a969371c9,"E 67TH AVE & SHERBROOKE ST, VANCOUVER",49.209533,-123.08211,incomplete_2018_2022_observations_no_zero_fill
VANCOUVER,E 69TH AVE,MAIN ST,de8bd5c8-44e8-5a7c-a168-bf3ac267e354,"E 69TH AVE & MAIN ST, VANCOUVER",49.209332,-123.102331,incomplete_2018_2022_observations_no_zero_fill
VANCOUVER,E 69TH AVE,ONTARIO ST,9e11835e-0c8b-538d-8c09-a411e9aa7147,"E 69TH AVE & ONTARIO ST, VANCOUVER",49.209441,-123.106722,incomplete_2018_2022_observations_no_zero_fill
VANCOUVER,E 6TH AVE,FRASER ST,78665309-9cda-58c6-ae7e-db06aaad07d0,"E 6TH AVE & FRASER ST, VANCOUVER",49.265222,-123.089089,incomplete_2018_2022_observations_no_zero_fill
VANCOUVER,E 6TH AVE,GLEN DR,1097de15-c9a2-59fb-a5e9-f432912b4079,"E 6TH AVE & GLEN DR, VANCOUVER",49.26524,-123.081306,incomplete_2018_2022_observations_no_zero_fill
VANCOUVER,E 6TH AVE,GRANDVIEW HWY N,302ef76b-183f-5352-9d2a-22fadf38d5d9,"E 6TH AVE & GRANDVIEW HWY N, VANCOUVER",49.26497,-123.073522,incomplete_2018_2022_observations_no_zero_fill
VANCOUVER,E 6TH AVE,GREAT NORTHERN WAY,e859a804-574a-5e4c-b5eb-5ea3611e4632,"E 6TH AVE & GREAT NORTHERN WAY, VANCOUVER",49.26524,-123.081306,incomplete_2018_2022_observations_no_zero_fill
VANCOUVER,E 6TH AVE,GUELPH ST,9e02ff57-61bb-52dd-b87c-ec443621c68a,"E 6TH AVE & GUELPH ST, VANCOUVER",49.265267,-123.094878,incomplete_2018_2022_observations_no_zero_fill
VANCOUVER,E 6TH AVE,KASLO ST,ab5ea19c-7b6d-594e-a168-4e3f2e8e3f3a,"E 6TH AVE & KASLO ST, VANCOUVER",49.264768,-123.046995,incomplete_2018_2022_observations_no_zero_fill
VANCOUVER,E 6TH AVE,LAKEWOOD DR,af62ebe0-8f65-5fc8-aafe-d6bfc3da5a82,"E 6TH AVE & LAKEWOOD DR, VANCOUVER",49.265008,-123.061976,incomplete_2018_2022_observations_no_zero_fill
VANCOUVER,E 6TH AVE,LILLOOET ST,0d961f2a-cea7-583e-9dca-7762e5628bc8,"E 6TH AVE & LILLOOET ST, VANCOUVER",49.264726,-123.039033,incomplete_2018_2022_observations_no_zero_fill
VANCOUVER,E 6TH AVE,NOOTKA ST,b276f66d-25b8-5216-91a4-de7020c60dfd,"E 6TH AVE & NOOTKA ST, VANCOUVER",49.264733,-123.041533,incomplete_2018_2022_observations_no_zero_fill
VANCOUVER,E 6TH AVE,ONTARIO ST,fbbdc615-041b-5550-80f2-8018d7cb268f,"E 6TH AVE & ONTARIO ST, VANCOUVER",49.265564,-123.104788,incomplete_2018_2022_observations_no_zero_fill
VANCOUVER,E 6TH AVE,PENTICTON ST,21ccbe17-6579-58d2-9cb8-c52b23ca41b1,"E 6TH AVE & PENTICTON ST, VANCOUVER",49.264768,-123.052174,incomplete_2018_2022_observations_no_zero_fill
VANCOUVER,E 6TH AVE,PRINCE ALBERT ST,2436124b-a404-591b-a58f-d1a48664d7ba,"E 6TH AVE & PRINCE ALBERT ST, VANCOUVER",49.265204,-123.087132,incomplete_2018_2022_observations_no_zero_fill
VANCOUVER,E 6TH AVE,PRINCE EDWARD ST,c2d5b897-1f0c-50af-b442-51868fc5e555,"E 6TH AVE & PRINCE EDWARD ST, VANCOUVER",49.265341,-123.095761,incomplete_2018_2022_observations_no_zero_fill
VANCOUVER,E 6TH AVE,QUEBEC ST,3d1223ec-61c1-5f18-b6e8-e0143b017038,"E 6TH AVE & QUEBEC ST, VANCOUVER",49.265531,-123.10286,incomplete_2018_2022_observations_no_zero_fill
VANCOUVER,E 6TH AVE,RENFREW ST,2d28866e-855d-5c45-aa24-3a4a41fb4705,"E 6TH AVE & RENFREW ST, VANCOUVER",49.264763,-123.044314,incomplete_2018_2022_observations_no_zero_fill
VANCOUVER,E 6TH AVE,SEMLIN DR,1d4a04d8-c04c-50ed-8551-1cda6eb4d787,"E 6TH AVE & SEMLIN DR, VANCOUVER",49.265025,-123.063925,incomplete_2018_2022_observations_no_zero_fill
VANCOUVER,E 6TH AVE,SLOCAN ST,fe3c5b34-3a82-503c-880f-d4d1eb30b6c6,"E 6TH AVE & SLOCAN ST, VANCOUVER",49.26476,-123.049502,incomplete_2018_2022_observations_no_zero_fill
VANCOUVER,E 6TH AVE,ST CATHERINES ST,65973859-87e1-542b-a50a-48e83aaaed44,"E 6TH AVE & ST CATHERINES ST, VANCOUVER",49.2652,-123.085183,incomplete_2018_2022_observations_no_zero_fill
VANCOUVER,E 6TH AVE,ST GEORGE ST,aec66b5d-62b8-5ace-ab70-76e28383bf86,"E 6TH AVE & ST GEORGE ST, VANCOUVER",49.265257,-123.092981,incomplete_2018_2022_observations_no_zero_fill
VANCOUVER,E 6TH AVE,TEMPLETON DR,578a2c28-247b-5028-b5f5-907ba2e859b3,"E 6TH AVE & TEMPLETON DR, VANCOUVER",49.265001,-123.060059,incomplete_2018_2022_observations_no_zero_fill
VANCOUVER,E 6TH AVE,WINDERMERE ST,79668ffe-5d15-5008-8e4c-8df8b9959680,"E 6TH AVE & WINDERMERE ST, VANCOUVER",49.264717,-123.036496,incomplete_2018_2022_observations_no_zero_fill
VANCOUVER,E 7TH AVE,FRASER ST,fc7ab4f5-842f-5348-9fa1-12ae3aedc43e,"E 7TH AVE & FRASER ST, VANCOUVER",49.264332,-123.08908,incomplete_2018_2022_observations_no_zero_fill
VANCOUVER,E 7TH AVE,GUELPH ST,09f59378-61ec-5e1d-a36a-1fa2552f49c4,"E 7TH AVE & GUELPH ST, VANCOUVER",49.264373,-123.094902,incomplete_2018_2022_observations_no_zero_fill
VANCOUVER,E 7TH AVE,HWY 1A,6eb9e9f6-7e06-5d96-a7ab-21abf03767dc,"E 7TH AVE & HWY 1A, VANCOUVER",49.264471,-123.100924,incomplete_2018_2022_observations_no_zero_fill
VANCOUVER,E 7TH AVE,KAMLOOPS ST,d45b561a-ea7f-5210-bb4a-3c8fd1beb7bc,"E 7TH AVE & KAMLOOPS ST, VANCOUVER",49.26387,-123.054712,incomplete_2018_2022_observations_no_zero_fill
VANCOUVER,E 7TH AVE,KASLO ST,01b7442a-277c-5164-9078-daee0241ead2,"E 7TH AVE & KASLO ST, VANCOUVER",49.263862,-123.047022,incomplete_2018_2022_observations_no_zero_fill
VANCOUVER,E 7TH AVE,LAKEWOOD DR,fee87d58-5559-59e8-9bca-6b6ff9b4d0c5,"E 7TH AVE & LAKEWOOD DR, VANCOUVER",49.264135,-123.062,incomplete_2018_2022_observations_no_zero_fill
VANCOUVER,E 7TH AVE,LILLOOET ST,fd46f6c9-01b1-5b1b-a2a6-4efd6ecf68d3,"E 7TH AVE & LILLOOET ST, VANCOUVER",49.263841,-123.039048,incomplete_2018_2022_observations_no_zero_fill
VANCOUVER,E 7TH AVE,MCLEAN DR,a15d1cbe-87fd-5aa1-918e-a85669e68bd8,"E 7TH AVE & MCLEAN DR, VANCOUVER",49.26421,-123.075559,incomplete_2018_2022_observations_no_zero_fill
VANCOUVER,E 7TH AVE,NOOTKA ST,9fd6ac5e-fb07-5581-b3e2-72b75dbdf41a,"E 7TH AVE & NOOTKA ST, VANCOUVER",49.263851,-123.041544,incomplete_2018_2022_observations_no_zero_fill
VANCOUVER,E 7TH AVE,PRINCE ALBERT ST,8bee61bb-af39-5d75-83db-6b5223921fda,"E 7TH AVE & PRINCE ALBERT ST, VANCOUVER",49.264316,-123.087144,incomplete_2018_2022_observations_no_zero_fill
VANCOUVER,E 7TH AVE,PRINCE EDWARD ST,a19d25f0-8117-5b07-9eb5-9e669eb48dc9,"E 7TH AVE & PRINCE EDWARD ST, VANCOUVER",49.2645,-123.095794,incomplete_2018_2022_observations_no_zero_fill
VANCOUVER,E 7TH AVE,SCOTIA ST,ed87b523-f3f8-5c72-95ed-39637c2f56b3,"E 7TH AVE & SCOTIA ST, VANCOUVER",49.264561,-123.098898,incomplete_2018_2022_observations_no_zero_fill
VANCOUVER,E 7TH AVE,SEMLIN DR,296af784-3484-5481-87b6-67308b8dace7,"E 7TH AVE & SEMLIN DR, VANCOUVER",49.264142,-123.063919,incomplete_2018_2022_observations_no_zero_fill
VANCOUVER,E 7TH AVE,SLOCAN ST,beb2f555-fa2e-5bff-a169-e777c6ac7689,"E 7TH AVE & SLOCAN ST, VANCOUVER",49.263865,-123.049509,incomplete_2018_2022_observations_no_zero_fill
VANCOUVER,E 7TH AVE,ST CATHERINES ST,15f87aee-792b-54bf-983c-9a8f22a189e2,"E 7TH AVE & ST CATHERINES ST, VANCOUVER",49.264299,-123.085205,incomplete_2018_2022_observations_no_zero_fill
VANCOUVER,E 7TH AVE,ST GEORGE ST,168d6dd3-6e24-51ab-b9aa-c0c76d29f5aa,"E 7TH AVE & ST GEORGE ST, VANCOUVER",49.264366,-123.092963,incomplete_2018_2022_observations_no_zero_fill
VANCOUVER,E 7TH AVE,VICTORIA DR,444986e0-c100-5e70-a080-364dc9d35cc6,"E 7TH AVE & VICTORIA DR, VANCOUVER",49.26415,-123.065867,incomplete_2018_2022_observations_no_zero_fill
VANCOUVER,E 7TH AVE,WINDERMERE ST,0c415670-242c-5211-8c6c-2ec45a543a8b,"E 7TH AVE & WINDERMERE ST, VANCOUVER",49.26383,-123.036507,incomplete_2018_2022_observations_no_zero_fill
VANCOUVER,E 7TH AVE,WINDSOR ST,592b2b68-5aa1-5234-b549-e5cb9eae0a86,"E 7TH AVE & WINDSOR ST, VANCOUVER",49.264283,-123.083269,incomplete_2018_2022_observations_no_zero_fill
VANCOUVER,E 7TH AVE,WOODLAND DR,bc795734-0654-5842-a089-72669480511b,"E 7TH AVE & WOODLAND DR, VANCOUVER",49.264185,-123.073613,incomplete_2018_2022_observations_no_zero_fill
VANCOUVER,E 8TH AVE,FRASER ST,be41b596-370b-5474-8705-086bdf6dadc4,"E 8TH AVE & FRASER ST, VANCOUVER",49.263417,-123.0891,incomplete_2018_2022_observations_no_zero_fill
VANCOUVER,E 8TH AVE,GARDEN DR,0e7a2b9f-cd0d-5cd8-837d-abb54a8af580,"E 8TH AVE & GARDEN DR, VANCOUVER",49.263172,-123.058146,incomplete_2018_2022_observations_no_zero_fill
VANCOUVER,E 8TH AVE,GLEN DR,69ac1a7b-7ceb-5c73-a23a-57c885c5b81e,"E 8TH AVE & GLEN DR, VANCOUVER",49.263361,-123.081331,incomplete_2018_2022_observations_no_zero_fill
VANCOUVER,E 8TH AVE,GUELPH ST,6089577b-2018-5078-b893-cad26e4f67e2,"E 8TH AVE & GUELPH ST, VANCOUVER",49.26347,-123.094904,incomplete_2018_2022_observations_no_zero_fill
VANCOUVER,E 8TH AVE,KAMLOOPS ST,5b22b3f9-ee58-5dd4-a30e-9bf7072195cc,"E 8TH AVE & KAMLOOPS ST, VANCOUVER",49.262963,-123.054714,incomplete_2018_2022_observations_no_zero_fill
VANCOUVER,E 8TH AVE,KASLO ST,3c895ee7-2e43-5f62-b097-8c795f058906,"E 8TH AVE & KASLO ST, VANCOUVER",49.262942,-123.047012,incomplete_2018_2022_observations_no_zero_fill
VANCOUVER,E 8TH AVE,KEITH DR,6548ef42-a86c-55ae-ae96-1ee71ee289f1,"E 8TH AVE & KEITH DR, VANCOUVER",49.263342,-123.07942,incomplete_2018_2022_observations_no_zero_fill
VANCOUVER,E 8TH AVE,LAKEWOOD DR,6a519d45-c97a-5c0b-9594-57391471880f,"E 8TH AVE & LAKEWOOD DR, VANCOUVER",49.263211,-123.062027,incomplete_2018_2022_observations_no_zero_fill
VANCOUVER,E 8TH AVE,LILLOOET ST,3760b3de-6fef-5178-b55d-172064c731d7,"E 8TH AVE & LILLOOET ST, VANCOUVER",49.26292,-123.039063,incomplete_2018_2022_observations_no_zero_fill
VANCOUVER,E 8TH AVE,MCLEAN DR,b5a97163-bec2-561b-944b-6d7a05bcd272,"E 8TH AVE & MCLEAN DR, VANCOUVER",49.263312,-123.075573,incomplete_2018_2022_observations_no_zero_fill
VANCOUVER,E 8TH AVE,NOOTKA ST,b8b3645c-0599-5800-8340-1edc0a5fa9c8,"E 8TH AVE & NOOTKA ST, VANCOUVER",49.262927,-123.041552,incomplete_2018_2022_observations_no_zero_fill
VANCOUVER,E 8TH AVE,ONTARIO ST,f7678b59-5cd9-57e3-aec6-58fa35b6d516,"E 8TH AVE & ONTARIO ST, VANCOUVER",49.263766,-123.104855,incomplete_2018_2022_observations_no_zero_fill
VANCOUVER,E 8TH AVE,PENTICTON ST,4af31ff3-3e47-59e8-9eaf-cfe3a387ee9e,"E 8TH AVE & PENTICTON ST, VANCOUVER",49.262956,-123.052207,incomplete_2018_2022_observations_no_zero_fill
VANCOUVER,E 8TH AVE,PRINCE ALBERT ST,149f37c8-1361-5458-8dac-106f58ffe739,"E 8TH AVE & PRINCE ALBERT ST, VANCOUVER",49.263407,-123.087157,incomplete_2018_2022_observations_no_zero_fill
VANCOUVER,E 8TH AVE,RUPERT ST,b809c407-c414-5b89-a9eb-e8fac2bf842f,"E 8TH AVE & RUPERT ST, VANCOUVER",49.262904,-123.03375,incomplete_2018_2022_observations_no_zero_fill
VANCOUVER,E 8TH AVE,SCOTIA ST,e7a35c89-7334-5664-ac86-50f8ac25f714,"E 8TH AVE & SCOTIA ST, VANCOUVER",49.263661,-123.09894,incomplete_2018_2022_observations_no_zero_fill
VANCOUVER,E 8TH AVE,SLOCAN ST,137d9d50-792e-51ab-b458-90d55f96e503,"E 8TH AVE & SLOCAN ST, VANCOUVER",49.262954,-123.049573,incomplete_2018_2022_observations_no_zero_fill
VANCOUVER,E 8TH AVE,ST CATHERINES ST,8fc0813f-dd35-5bd4-ac4d-3e423f8e25b2,"E 8TH AVE & ST CATHERINES ST, VANCOUVER",49.263391,-123.085224,incomplete_2018_2022_observations_no_zero_fill
VANCOUVER,E 8TH AVE,ST GEORGE ST,8625b9d1-808f-5ddb-b88b-67233a099b93,"E 8TH AVE & ST GEORGE ST, VANCOUVER",49.263455,-123.09299,incomplete_2018_2022_observations_no_zero_fill
VANCOUVER,E 8TH AVE,WINDERMERE ST,b16d9728-6a12-5dbc-94c1-11f30be05882,"E 8TH AVE & WINDERMERE ST, VANCOUVER",49.262911,-123.036521,incomplete_2018_2022_observations_no_zero_fill
VANCOUVER,E 8TH AVE,WINDSOR ST,94a3ba03-3284-5f04-981f-8e37dd4f27a9,"E 8TH AVE & WINDSOR ST, VANCOUVER",49.263375,-123.083294,incomplete_2018_2022_observations_no_zero_fill
VANCOUVER,E 8TH AVE,WOODLAND DR,a1578794-b8ab-55f1-aad6-4c859bfdce6e,"E 8TH AVE & WOODLAND DR, VANCOUVER",49.263289,-123.073631,incomplete_2018_2022_observations_no_zero_fill
VANCOUVER,E 9TH AVE,GARDEN DR,b8a6ed8f-398b-5003-acda-8530b116068a,"E 9TH AVE & GARDEN DR, VANCOUVER",49.262242,-123.058157,incomplete_2018_2022_observations_no_zero_fill
VANCOUVER,E 9TH AVE,KINGSWAY,bcc913b8-db80-58a0-bc31-938020715d5f,"E 9TH AVE & KINGSWAY, VANCOUVER",49.26287,-123.099528,incomplete_2018_2022_observations_no_zero_fill
VANCOUVER,E 9TH AVE,MAIN ST,ca734c0e-cb09-5711-b315-ef425c9f3582,"E 9TH AVE & MAIN ST, VANCOUVER",49.262912,-123.100967,incomplete_2018_2022_observations_no_zero_fill
VANCOUVER,E 9TH AVE,NANAIMO ST,2ae19a68-ec88-57a0-bd34-55d2ae8f4cb4,"E 9TH AVE & NANAIMO ST, VANCOUVER",49.262131,-123.056591,incomplete_2018_2022_observations_no_zero_fill
VANCOUVER,E 9TH AVE,VICTORIA DR,7aa831f7-156e-52f7-b7a8-0ef382f56047,"E 9TH AVE & VICTORIA DR, VANCOUVER",49.262294,-123.065915,incomplete_2018_2022_observations_no_zero_fill
VANCOUVER,E BROADWAY,GRANDVIEW HWY N,f7be43b8-0808-50b1-aa2d-f8a9bfcd19ed,"E BROADWAY & GRANDVIEW HWY N, VANCOUVER",49.2623,-123.067164,incomplete_2018_2022_observations_no_zero_fill
VANCOUVER,E BROADWAY,LOUGHEED HWY,718107fd-c206-58a4-a8b6-9514a6159744,"E BROADWAY & LOUGHEED HWY, VANCOUVER",49.262113,-123.031026,incomplete_2018_2022_observations_no_zero_fill
VANCOUVER,E BROADWAY,ST CATHERINES ST,bb4a24b7-23f9-5a15-a601-5ee6b5822b3e,"E BROADWAY & ST CATHERINES ST, VANCOUVER",49.262455,-123.085264,incomplete_2018_2022_observations_no_zero_fill
VANCOUVER,E BROADWAY,W BROADWAY,8359e600-99fd-5cfe-90a4-70215c48438a,"E BROADWAY & W BROADWAY, VANCOUVER",49.263014,-123.104885,incomplete_2018_2022_observations_no_zero_fill
VANCOUVER,E BROADWAY,WATSON ST,636d376c-0be6-5a7a-9acd-00d003404275,"E BROADWAY & WATSON ST, VANCOUVER",49.262891,-123.100284,incomplete_2018_2022_observations_no_zero_fill
VANCOUVER,E BROADWAY,WINDSOR ST,6590c561-b290-5f16-a780-5050476dc0de,"E BROADWAY & WINDSOR ST, VANCOUVER",49.262441,-123.083321,incomplete_2018_2022_observations_no_zero_fill
VANCOUVER,E CORDOVA ST,GLEN DR,9d495b28-189b-5be9-87d2-cfd38958e775,"E CORDOVA ST & GLEN DR, VANCOUVER",49.281914,-123.081283,incomplete_2018_2022_observations_no_zero_fill
VANCOUVER,E CORDOVA ST,RAYMUR AVE,df11a36a-4e56-5fbd-9db9-c529116f2c82,"E CORDOVA ST & RAYMUR AVE, VANCOUVER",49.281932,-123.082406,incomplete_2018_2022_observations_no_zero_fill
VANCOUVER,E GEORGIA ST,GARDEN DR,fb5a4fc1-9697-54dd-b11a-1c77681a1e77,"E GEORGIA ST & GARDEN DR, VANCOUVER",49.278292,-123.057867,incomplete_2018_2022_observations_no_zero_fill
VANCOUVER,E GEORGIA ST,GLEN DR,3a02b5a1-b54a-51d2-914d-68df2f4bff17,"E GEORGIA ST & GLEN DR, VANCOUVER",49.278241,-123.081352,incomplete_2018_2022_observations_no_zero_fill
VANCOUVER,E GEORGIA ST,GORE AVE,44c2ce88-7af8-5f91-8844-3f6f96a43003,"E GEORGIA ST & GORE AVE, VANCOUVER",49.278531,-123.097066,incomplete_2018_2022_observations_no_zero_fill
VANCOUVER,E GEORGIA ST,HAWKS AVE,67c6e86a-8686-5c62-a609-4d526771164e,"E GEORGIA ST & HAWKS AVE, VANCOUVER",49.278347,-123.087282,incomplete_2018_2022_observations_no_zero_fill
VANCOUVER,E GEORGIA ST,HEATLEY AVE,b11f8ec3-f8b6-55b6-a0e0-57a05aafd1ac,"E GEORGIA ST & HEATLEY AVE, VANCOUVER",49.278391,-123.089661,incomplete_2018_2022_observations_no_zero_fill
VANCOUVER,E GEORGIA ST,JACKSON AVE,eb9300e0-be0f-5f4d-bdb1-bd0ae5a0fe4b,"E GEORGIA ST & JACKSON AVE, VANCOUVER",49.278464,-123.093548,incomplete_2018_2022_observations_no_zero_fill
VANCOUVER,E GEORGIA ST,KAMLOOPS ST,8c114506-d281-5fe9-96e5-9576ff034827,"E GEORGIA ST & KAMLOOPS ST, VANCOUVER",49.278289,-123.054603,incomplete_2018_2022_observations_no_zero_fill
VANCOUVER,E GEORGIA ST,KASLO ST,cffb244e-ba57-58c5-9204-140a12f02a26,"E GEORGIA ST & KASLO ST, VANCOUVER",49.278278,-123.046709,incomplete_2018_2022_observations_no_zero_fill
VANCOUVER,E GEORGIA ST,KOOTENAY ST,678d6e19-f6d2-5d4d-a276-3f2d556d1370,"E GEORGIA ST & KOOTENAY ST, VANCOUVER",49.278264,-123.025722,incomplete_2018_2022_observations_no_zero_fill
VANCOUVER,E GEORGIA ST,LAKEWOOD DR,c3327e46-9bc1-5226-9c67-df1935146708,"E GEORGIA ST & LAKEWOOD DR, VANCOUVER",49.278308,-123.061741,incomplete_2018_2022_observations_no_zero_fill
VANCOUVER,E GEORGIA ST,LILLOOET ST,5ad81cbd-be2a-545a-a9e3-94c9b1134f1e,"E GEORGIA ST & LILLOOET ST, VANCOUVER",49.278265,-123.038849,incomplete_2018_2022_observations_no_zero_fill
VANCOUVER,E GEORGIA ST,MCLEAN DR,af9d7a1f-d4db-5a5e-bc22-a15a5525b997,"E GEORGIA ST & MCLEAN DR, VANCOUVER",49.278534,-123.07412,incomplete_2018_2022_observations_no_zero_fill
VANCOUVER,E GEORGIA ST,NANAIMO ST,93621d3b-e7a8-5a7e-a62a-7be82e0ff572,"E GEORGIA ST & NANAIMO ST, VANCOUVER",49.278291,-123.056557,incomplete_2018_2022_observations_no_zero_fill
VANCOUVER,E GEORGIA ST,NOOTKA ST,a92b00c7-66da-5aa2-ac20-ea665e2fa2b5,"E GEORGIA ST & NOOTKA ST, VANCOUVER",49.278265,-123.04146,incomplete_2018_2022_observations_no_zero_fill
VANCOUVER,E GEORGIA ST,PRINCESS AVE,0a8f61f2-de30-5dc4-aa78-ba34645a8ad0,"E GEORGIA ST & PRINCESS AVE, VANCOUVER",49.278427,-123.091603,incomplete_2018_2022_observations_no_zero_fill
VANCOUVER,E GEORGIA ST,SALSBURY DR,51d865f9-3854-5db2-a9f4-d0f9fa769b33,"E GEORGIA ST & SALSBURY DR, VANCOUVER",49.27846,-123.068349,incomplete_2018_2022_observations_no_zero_fill
VANCOUVER,E GEORGIA ST,SKEENA ST,99c8080a-1136-58a7-a83e-7a84543123a8,"E GEORGIA ST & SKEENA ST, VANCOUVER",49.278254,-123.028343,incomplete_2018_2022_observations_no_zero_fill
VANCOUVER,E GEORGIA ST,SLOCAN ST,110c9a61-04f3-52a8-9081-deeeb7c49764,"E GEORGIA ST & SLOCAN ST, VANCOUVER",49.278278,-123.04934,incomplete_2018_2022_observations_no_zero_fill
VANCOUVER,E GEORGIA ST,VICTORIA DR,b17d256d-cb8d-5e35-80b6-9c51b629b1bb,"E GEORGIA ST & VICTORIA DR, VANCOUVER",49.27838,-123.065612,incomplete_2018_2022_observations_no_zero_fill
VANCOUVER,E GEORGIA ST,WINDERMERE ST,8b146e7d-1b27-58b8-bfe4-1e729a114e69,"E GEORGIA ST & WINDERMERE ST, VANCOUVER",49.278269,-123.036222,incomplete_2018_2022_observations_no_zero_fill
VANCOUVER,E HASTINGS ST,E HASTINGS ST OFFRAMP,b5621196-2d24-551f-985a-3e2575481921,"E HASTINGS ST & E HASTINGS ST OFFRAMP, VANCOUVER",49.28117,-123.031463,incomplete_2018_2022_observations_no_zero_fill
VANCOUVER,E HASTINGS ST,E HASTINGS ST ONRAMP,418a0d3e-6aa6-5835-adbd-fb436f24e26d,"E HASTINGS ST & E HASTINGS ST ONRAMP, VANCOUVER",49.28117,-123.031463,incomplete_2018_2022_observations_no_zero_fill
VANCOUVER,E HASTINGS ST,KOOTENAY AND HASTINGS LOOP,e3260a73-c456-51ba-bb41-94b4ae205ca4,"E HASTINGS ST & KOOTENAY AND HASTINGS LOOP, VANCOUVER",49.281133,-123.026001,incomplete_2018_2022_observations_no_zero_fill
VANCOUVER,E HASTINGS ST,RAYMUR AVE,b00214bf-02b7-5cfc-900b-4ce13f6920e5,"E HASTINGS ST & RAYMUR AVE, VANCOUVER",49.280989,-123.082454,incomplete_2018_2022_observations_no_zero_fill
VANCOUVER,E HASTINGS ST,SALSBURY DR,d28e7d4f-9904-527c-9917-48fd21f1a288,"E HASTINGS ST & SALSBURY DR, VANCOUVER",49.28124,-123.06829,incomplete_2018_2022_observations_no_zero_fill
VANCOUVER,E HASTINGS ST,TRANS-CANADA HWY,a2e48044-7b0b-530c-93b7-145f305eabc1,"E HASTINGS ST & TRANS-CANADA HWY, VANCOUVER",49.281193,-123.031483,incomplete_2018_2022_observations_no_zero_fill
VANCOUVER,E HASTINGS ST OFFRAMP,HWY 1,fede5dec-aab9-56c2-97ed-3c37235dc90d,"E HASTINGS ST OFFRAMP & HWY 1, VANCOUVER",49.281228,-123.031485,incomplete_2018_2022_observations_no_zero_fill
VANCOUVER,E HASTINGS ST OFFRAMP,TRANS-CANADA HWY,af15c516-1d0a-5ce7-b447-b5cb97e078cb,"E HASTINGS ST OFFRAMP & TRANS-CANADA HWY, VANCOUVER",49.281228,-123.031485,incomplete_2018_2022_observations_no_zero_fill
VANCOUVER,E HASTINGS ST OFFRAMP,TRANS-CANADA HWY OFFRAMP,9f8905a4-c500-57e6-ace0-9e3a23f43b05,"E HASTINGS ST OFFRAMP & TRANS-CANADA HWY OFFRAMP, VANCOUVER",49.287523,-123.030828,incomplete_2018_2022_observations_no_zero_fill
VANCOUVER,E KENT AVE N,ELLIOTT ST,11bc6b8e-49a7-54d7-8918-c8cbb9b4be8c,"E KENT AVE N & ELLIOTT ST, VANCOUVER",49.20581,-123.056791,incomplete_2018_2022_observations_no_zero_fill
VANCOUVER,E KENT AVE N,KINROSS ST,58a0bbbe-e578-50eb-a98f-05d9e961e0fa,"E KENT AVE N & KINROSS ST, VANCOUVER",49.206128,-123.036704,incomplete_2018_2022_observations_no_zero_fill
VANCOUVER,E KENT AVE N,KNIGHT ST,715286f9-cee4-513a-b92e-07793157268e,"E KENT AVE N & KNIGHT ST, VANCOUVER",49.209377,-123.077138,incomplete_2018_2022_observations_no_zero_fill
VANCOUVER,E KENT AVE N,KNIGHT ST BRIDGE,a2daf4db-49c6-505d-a598-d39460e198d7,"E KENT AVE N & KNIGHT ST BRIDGE, VANCOUVER",49.209377,-123.077138,incomplete_2018_2022_observations_no_zero_fill
VANCOUVER,E KENT AVE N,MORNINGSTAR CRES,fe496175-726a-53a5-88d6-d351d6c7caad,"E KENT AVE N & MORNINGSTAR CRES, VANCOUVER",49.205997,-123.053496,incomplete_2018_2022_observations_no_zero_fill
VANCOUVER,E KENT AVE N,NANAIMO ST,3bd68ea1-076d-5513-b164-6a41cd3eab39,"E KENT AVE N & NANAIMO ST, VANCOUVER",49.205962,-123.059577,incomplete_2018_2022_observations_no_zero_fill
VANCOUVER,E KENT AVE N,ONTARIO ST,ef4c1922-a97f-5239-8b3d-41684ae2beef,"E KENT AVE N & ONTARIO ST, VANCOUVER",49.206861,-123.106851,incomplete_2018_2022_observations_no_zero_fill
VANCOUVER,E KENT AVE N,PRINCE EDWARD ST,314871b4-c4e4-5eb6-8507-435ccc142891,"E KENT AVE N & PRINCE EDWARD ST, VANCOUVER",49.207563,-123.098531,incomplete_2018_2022_observations_no_zero_fill
VANCOUVER,E KENT AVE N,ROSS ST,0c78bec2-f875-5a66-81db-75093c471f45,"E KENT AVE N & ROSS ST, VANCOUVER",49.208775,-123.084185,incomplete_2018_2022_observations_no_zero_fill
VANCOUVER,E KENT AVE N,ST GEORGE ST,8bcdf77b-0e17-53af-ba75-be2d73059a9c,"E KENT AVE N & ST GEORGE ST, VANCOUVER",49.207942,-123.094045,incomplete_2018_2022_observations_no_zero_fill
VANCOUVER,E KENT AVE N,VICTORIA DR,6e1a42fd-1f72-58cf-aa70-5dcd3d0589cb,"E KENT AVE N & VICTORIA DR, VANCOUVER",49.207477,-123.066156,incomplete_2018_2022_observations_no_zero_fill
VANCOUVER,E KENT AVE S,FRASER ST,f132717f-56e2-5406-ae6e-0a195e76858f,"E KENT AVE S & FRASER ST, VANCOUVER",49.207903,-123.091185,incomplete_2018_2022_observations_no_zero_fill
VANCOUVER,E KENT AVE S,JACK UPPAL ST,28bf1f2e-878f-5bc3-963f-e0b8340ac818,"E KENT AVE S & JACK UPPAL ST, VANCOUVER",49.205402,-123.033673,incomplete_2018_2022_observations_no_zero_fill
VANCOUVER,E KENT AVE S,JELLICOE ST,3edcd0c7-8c92-5f82-9b29-81c479a32f53,"E KENT AVE S & JELLICOE ST, VANCOUVER",49.206218,-123.047696,incomplete_2018_2022_observations_no_zero_fill
VANCOUVER,E KENT AVE S,KERR ST,f6726e28-917d-53a9-9b80-2e3efe4f99b2,"E KENT AVE S & KERR ST, VANCOUVER",49.206541,-123.042271,incomplete_2018_2022_observations_no_zero_fill
VANCOUVER,E KENT AVE S,KINROSS ST,41d2b81c-34f9-5243-bb3a-e6d5037ad3a1,"E KENT AVE S & KINROSS ST, VANCOUVER",49.205827,-123.036736,incomplete_2018_2022_observations_no_zero_fill
VANCOUVER,E KENT AVE S,PRINCE EDWARD ST,f119b53c-d80d-50b8-8523-58d2c4e1f072,"E KENT AVE S & PRINCE EDWARD ST, VANCOUVER",49.207302,-123.098547,incomplete_2018_2022_observations_no_zero_fill
VANCOUVER,E KENT AVE S,RIVER DISTRICT CROSSING,66b6f683-34c4-5a34-9431-6274c66b43ac,"E KENT AVE S & RIVER DISTRICT CROSSING, VANCOUVER",49.205059,-123.031201,incomplete_2018_2022_observations_no_zero_fill
VANCOUVER,E KENT AVE S,ST GEORGE ST,b7538578-b4d3-5df3-95b2-16f6b2d880e0,"E KENT AVE S & ST GEORGE ST, VANCOUVER",49.207693,-123.094046,incomplete_2018_2022_observations_no_zero_fill
VANCOUVER,E KENT AVE S,VICTORIA DR,2118ace5-27d2-564a-b548-ad3297411dac,"E KENT AVE S & VICTORIA DR, VANCOUVER",49.207223,-123.066163,incomplete_2018_2022_observations_no_zero_fill
VANCOUVER,E KING EDWARD AVE,ELGIN ST,a1ff4d26-79b0-5686-a2ac-30eb72dfcc4e,"E KING EDWARD AVE & ELGIN ST, VANCOUVER",49.248569,-123.082663,incomplete_2018_2022_observations_no_zero_fill
VANCOUVER,E KING EDWARD AVE,GLEN DR,82e64b91-8331-5133-980e-fb89997a9368,"E KING EDWARD AVE & GLEN DR, VANCOUVER",49.248563,-123.081908,incomplete_2018_2022_observations_no_zero_fill
VANCOUVER,E KING EDWARD AVE,JOHN ST,db514b0d-befd-5df0-89f5-40ff29ae5610,"E KING EDWARD AVE & JOHN ST, VANCOUVER",49.24872,-123.097177,incomplete_2018_2022_observations_no_zero_fill
VANCOUVER,E KING EDWARD AVE,PRINCE ALBERT ST,7d0a301a-da34-5663-a1c9-6b16d2a9053b,"E KING EDWARD AVE & PRINCE ALBERT ST, VANCOUVER",49.248613,-123.087735,incomplete_2018_2022_observations_no_zero_fill
VANCOUVER,E KING EDWARD AVE,ST CATHERINES ST,87570578-c3af-55cf-ad90-62a6481f49aa,"E KING EDWARD AVE & ST CATHERINES ST, VANCOUVER",49.248592,-123.085847,incomplete_2018_2022_observations_no_zero_fill
VANCOUVER,E KING EDWARD AVE,W 25TH AVE,6f418f12-924e-5dd5-9656-4ae7fe880222,"E KING EDWARD AVE & W 25TH AVE, VANCOUVER",49.248844,-123.104993,incomplete_2018_2022_observations_no_zero_fill
VANCOUVER,E PENDER ST,GARDEN DR,9c801bd1-3e21-5263-8c49-8c3a34eaef56,"E PENDER ST & GARDEN DR, VANCOUVER",49.280233,-123.057847,incomplete_2018_2022_observations_no_zero_fill
VANCOUVER,E PENDER ST,HAWKS AVE,6b50db0c-e39e-5a01-b277-3f5cfa578a1f,"E PENDER ST & HAWKS AVE, VANCOUVER",49.280157,-123.087211,incomplete_2018_2022_observations_no_zero_fill
VANCOUVER,E PENDER ST,HEATLEY AVE,e6e8fe41-cbed-5cb1-92dd-15dbf1d0ed56,"E PENDER ST & HEATLEY AVE, VANCOUVER",49.280208,-123.08957,incomplete_2018_2022_observations_no_zero_fill
VANCOUVER,E PENDER ST,KAMLOOPS ST,32a548dc-0cae-531f-90d9-8214ae559820,"E PENDER ST & KAMLOOPS ST, VANCOUVER",49.280231,-123.05459,incomplete_2018_2022_observations_no_zero_fill
VANCOUVER,E PENDER ST,KASLO ST,e9e4d802-8b96-5d25-8218-dac091d6452d,"E PENDER ST & KASLO ST, VANCOUVER",49.280214,-123.046675,incomplete_2018_2022_observations_no_zero_fill
VANCOUVER,E PENDER ST,KOOTENAY ST,9cb38e64-ef1e-5188-bbd6-fc8578d5669f,"E PENDER ST & KOOTENAY ST, VANCOUVER",49.280207,-123.025733,incomplete_2018_2022_observations_no_zero_fill
VANCOUVER,E PENDER ST,LAKEWOOD DR,f40fee88-f231-57d1-9cb8-6e7cd7f97401,"E PENDER ST & LAKEWOOD DR, VANCOUVER",49.280237,-123.061715,incomplete_2018_2022_observations_no_zero_fill
VANCOUVER,E PENDER ST,MCLEAN DR,ac0b8b74-b9b3-5cc3-aa93-9f6097507bdf,"E PENDER ST & MCLEAN DR, VANCOUVER",49.280325,-123.07412,incomplete_2018_2022_observations_no_zero_fill
VANCOUVER,E PENDER ST,NOOTKA ST,e84ed939-125c-56a3-a034-28c50f7692d5,"E PENDER ST & NOOTKA ST, VANCOUVER",49.280203,-123.041449,incomplete_2018_2022_observations_no_zero_fill
VANCOUVER,E PENDER ST,PRINCESS AVE,05ebbeee-9fe0-5757-a9e9-83a7451d568d,"E PENDER ST & PRINCESS AVE, VANCOUVER",49.280232,-123.091524,incomplete_2018_2022_observations_no_zero_fill
VANCOUVER,E PENDER ST,RAYMUR AVE,d0ec1e87-495e-5708-992f-861240415b40,"E PENDER ST & RAYMUR AVE, VANCOUVER",49.280079,-123.082645,incomplete_2018_2022_observations_no_zero_fill
VANCOUVER,E PENDER ST,RENFREW ST,c84f54f7-a391-5171-bc50-2ad3efa60c63,"E PENDER ST & RENFREW ST, VANCOUVER",49.280206,-123.044078,incomplete_2018_2022_observations_no_zero_fill
VANCOUVER,E PENDER ST,RUPERT ST,e1359f23-8489-5732-ad20-b5f45695642e,"E PENDER ST & RUPERT ST, VANCOUVER",49.280198,-123.033603,incomplete_2018_2022_observations_no_zero_fill
VANCOUVER,E PENDER ST,SALSBURY DR,3a06ff5e-0552-5060-b4c2-db6dd3d3c81d,"E PENDER ST & SALSBURY DR, VANCOUVER",49.280262,-123.06831,incomplete_2018_2022_observations_no_zero_fill
VANCOUVER,E PENDER ST,SEMLIN DR,70a01c7a-593f-5b12-93af-db5e91b61e80,"E PENDER ST & SEMLIN DR, VANCOUVER",49.280239,-123.063656,incomplete_2018_2022_observations_no_zero_fill
VANCOUVER,E PENDER ST,SLOCAN ST,f1abe5a6-7222-5bff-a0ff-db953408275f,"E PENDER ST & SLOCAN ST, VANCOUVER",49.280222,-123.049336,incomplete_2018_2022_observations_no_zero_fill
VANCOUVER,E PENDER ST,TEMPLETON DR,d5f2acc8-3af0-567b-9011-f8273394d70e,"E PENDER ST & TEMPLETON DR, VANCOUVER",49.280234,-123.059778,incomplete_2018_2022_observations_no_zero_fill
VANCOUVER,E PENDER ST,VERNON DR,f73a5dfd-9911-5681-8796-14b3356adc6f,"E PENDER ST & VERNON DR, VANCOUVER",49.280017,-123.079197,incomplete_2018_2022_observations_no_zero_fill
VANCOUVER,E PENDER ST,VICTORIA DR,a25f6318-241e-5657-b2bb-43f8fc620f4e,"E PENDER ST & VICTORIA DR, VANCOUVER",49.280242,-123.065586,incomplete_2018_2022_observations_no_zero_fill
VANCOUVER,E PENDER ST,WINDERMERE ST,f8681eda-898b-5b17-bf80-49f2885e2a3c,"E PENDER ST & WINDERMERE ST, VANCOUVER",49.280197,-123.036197,incomplete_2018_2022_observations_no_zero_fill
VANCOUVER,E PENDER ST,WOODLAND DR,33afdbe4-d263-563b-92be-7213a7f8bab5,"E PENDER ST & WOODLAND DR, VANCOUVER",49.280308,-123.07266,incomplete_2018_2022_observations_no_zero_fill
VANCOUVER,E WATERFRONT RD,MAIN ST,ae0b4980-553e-55b3-8494-c69ec8e7fe8d,"E WATERFRONT RD & MAIN ST, VANCOUVER",49.284855,-123.099176,incomplete_2018_2022_observations_no_zero_fill
VANCOUVER,E WOODSTOCK AVE,MAIN ST,5d95f92c-eee7-5a4d-97cf-8e0eed0639f0,"E WOODSTOCK AVE & MAIN ST, VANCOUVER",49.233587,-123.101542,incomplete_2018_2022_observations_no_zero_fill
VANCOUVER,E WOODSTOCK AVE,QUEBEC ST,ed2004f4-e3c2-57f9-aefe-86f93796d453,"E WOODSTOCK AVE & QUEBEC ST, VANCOUVER",49.233649,-123.103706,incomplete_2018_2022_observations_no_zero_fill
VANCOUVER,E WOODSTOCK AVE,SOPHIA ST,a0008143-3a87-55a9-9a71-d22cb1e30d3d,"E WOODSTOCK AVE & SOPHIA ST, VANCOUVER",49.233554,-123.099522,incomplete_2018_2022_observations_no_zero_fill
VANCOUVER,EARL FINNING WAY,FOLEY ST,39c9406c-8ca8-5d06-b9f2-31932d5b5b26,"EARL FINNING WAY & FOLEY ST, VANCOUVER",49.267207,-123.086491,incomplete_2018_2022_observations_no_zero_fill
VANCOUVER,EARLES ST,HORLEY ST,500e020a-2f22-5fc0-ab7b-07891cda42ab,"EARLES ST & HORLEY ST, VANCOUVER",49.239725,-123.04678,incomplete_2018_2022_observations_no_zero_fill
VANCOUVER,EARLES ST,KINGS AVE,e13bc7d1-7584-5259-bca4-4fb6a0bbe0fb,"EARLES ST & KINGS AVE, VANCOUVER",49.243641,-123.043029,incomplete_2018_2022_observations_no_zero_fill
VANCOUVER,EARLES ST,VANNESS AVE,120cd708-5e94-5311-b34a-85db89205915,"EARLES ST & VANNESS AVE, VANCOUVER",49.243075,-123.043582,incomplete_2018_2022_observations_no_zero_fill
VANCOUVER,EARLES ST,WARD ST,e1a87816-92a0-5e72-b46f-960dcf135851,"EARLES ST & WARD ST, VANCOUVER",49.239038,-123.047431,incomplete_2018_2022_observations_no_zero_fill
VANCOUVER,EAST BLVD,W 41ST AVE,ee954d3d-4e86-5827-8bcd-75eb137f3648,"EAST BLVD & W 41ST AVE, VANCOUVER",49.234578,-123.154989,incomplete_2018_2022_observations_no_zero_fill
VANCOUVER,EAST BOULEVARD,LABURNUM ST,785f5aa2-f462-56e6-9db6-f0cbb5df345b,"EAST BOULEVARD & LABURNUM ST, VANCOUVER",49.221398,-123.151099,incomplete_2018_2022_observations_no_zero_fill
VANCOUVER,EAST BOULEVARD,MAPLE ST,3307058c-b74d-523c-b84b-609d5f62bc63,"EAST BOULEVARD & MAPLE ST, VANCOUVER",49.224552,-123.152971,incomplete_2018_2022_observations_no_zero_fill
VANCOUVER,EAST BOULEVARD,SW MARINE DR,a2a118bb-8874-5ba6-9f3d-168b7e593e40,"EAST BOULEVARD & SW MARINE DR, VANCOUVER",49.208577,-123.144232,incomplete_2018_2022_observations_no_zero_fill
VANCOUVER,EAST BOULEVARD,W 16TH AVE,fa3a18b4-5999-57a2-a323-2779a23c7e27,"EAST BOULEVARD & W 16TH AVE, VANCOUVER",49.257278,-123.152464,incomplete_2018_2022_observations_no_zero_fill
VANCOUVER,EAST BOULEVARD,W 17TH AVE,91418323-87f3-5b2a-b5d3-c10613f52833,"EAST BOULEVARD & W 17TH AVE, VANCOUVER",49.256326,-123.152498,incomplete_2018_2022_observations_no_zero_fill
VANCOUVER,EAST BOULEVARD,W 35TH AVE,dc9da156-ed4b-5feb-b977-d7e83ac5b20c,"EAST BOULEVARD & W 35TH AVE, VANCOUVER",49.240023,-123.154507,incomplete_2018_2022_observations_no_zero_fill
VANCOUVER,EAST BOULEVARD,W 43RD AVE,56f59c73-0ed7-5112-8660-b0c67c94b60e,"EAST BOULEVARD & W 43RD AVE, VANCOUVER",49.232705,-123.155062,incomplete_2018_2022_observations_no_zero_fill
VANCOUVER,EAST BOULEVARD,W 44TH AVE,d6adbcca-6047-53e7-889a-91d88be9b82d,"EAST BOULEVARD & W 44TH AVE, VANCOUVER",49.231849,-123.155098,incomplete_2018_2022_observations_no_zero_fill
VANCOUVER,EAST BOULEVARD,W 45TH AVE,48d24156-087a-599b-95f5-d840445948bc,"EAST BOULEVARD & W 45TH AVE, VANCOUVER",49.23086,-123.155411,incomplete_2018_2022_observations_no_zero_fill
VANCOUVER,EAST BOULEVARD,W 46TH AVE,9a2e7dff-d17e-52b1-83bb-f357c4af00cb,"EAST BOULEVARD & W 46TH AVE, VANCOUVER",49.229877,-123.155175,incomplete_2018_2022_observations_no_zero_fill
VANCOUVER,EAST BOULEVARD,W 47TH AVE,6273627b-45a0-584f-9ad3-89dd8333fa58,"EAST BOULEVARD & W 47TH AVE, VANCOUVER",49.228977,-123.155208,incomplete_2018_2022_observations_no_zero_fill
VANCOUVER,EAST BOULEVARD,W 48TH AVE,47a85de9-e249-52fe-b0a1-e09d402aedb6,"EAST BOULEVARD & W 48TH AVE, VANCOUVER",49.228142,-123.155053,incomplete_2018_2022_observations_no_zero_fill
VANCOUVER,EAST BOULEVARD,W 50TH AVE,830eea41-d47e-56fa-b0c0-0d8d4d070007,"EAST BOULEVARD & W 50TH AVE, VANCOUVER",49.22583,-123.153733,incomplete_2018_2022_observations_no_zero_fill
VANCOUVER,EAST BOULEVARD,W 54TH AVE,234836b1-57b7-55db-b52d-dd19446aa676,"EAST BOULEVARD & W 54TH AVE, VANCOUVER",49.221836,-123.15136,incomplete_2018_2022_observations_no_zero_fill
VANCOUVER,EAST BOULEVARD,W 61ST AVE,8cdbe483-33b3-547d-a6e0-53f876e14d1f,"EAST BOULEVARD & W 61ST AVE, VANCOUVER",49.216045,-123.148007,incomplete_2018_2022_observations_no_zero_fill
VANCOUVER,EAST BOULEVARD,W 63RD AVE,27fa0604-8202-54fa-b604-16e845e946c0,"EAST BOULEVARD & W 63RD AVE, VANCOUVER",49.21411,-123.147052,incomplete_2018_2022_observations_no_zero_fill
VANCOUVER,EAST BOULEVARD,W 64TH AVE,0be7867b-a55d-57bf-83c5-c54f9f457668,"EAST BOULEVARD & W 64TH AVE, VANCOUVER",49.213255,-123.146638,incomplete_2018_2022_observations_no_zero_fill
VANCOUVER,EAST BOULEVARD,W 65TH AVE,b272c33d-9947-566e-a7ad-529ca861fc22,"EAST BOULEVARD & W 65TH AVE, VANCOUVER",49.21235,-123.146072,incomplete_2018_2022_observations_no_zero_fill
VANCOUVER,EAST BOULEVARD,W 66TH AVE,6ef4bca7-c7cf-5683-abb7-01f09ab73a36,"EAST BOULEVARD & W 66TH AVE, VANCOUVER",49.211455,-123.145623,incomplete_2018_2022_observations_no_zero_fill
VANCOUVER,EAST BOULEVARD,W KING EDWARD AVE,eaa08b40-acf5-5022-a662-b2c08abbaf3d,"EAST BOULEVARD & W KING EDWARD AVE, VANCOUVER",49.251522,-123.152535,incomplete_2018_2022_observations_no_zero_fill
VANCOUVER,EDDINGTON DR,PUGET DR,c2971fea-a8ae-5408-9fcc-b352cd09ea2d,"EDDINGTON DR & PUGET DR, VANCOUVER",49.245017,-123.163377,incomplete_2018_2022_observations_no_zero_fill
VANCOUVER,EDDINGTON DR,TOWNLEY ST,70afef87-f71a-5721-b074-e7c04e160241,"EDDINGTON DR & TOWNLEY ST, VANCOUVER",49.246179,-123.158218,incomplete_2018_2022_observations_no_zero_fill
VANCOUVER,EDDINGTON DR,VALLEY DR,49502b9f-1772-5abd-96a8-93f10eb5a566,"EDDINGTON DR & VALLEY DR, VANCOUVER",49.246772,-123.157138,incomplete_2018_2022_observations_no_zero_fill
VANCOUVER,EDDINGTON DR,YEW ST,f38bbfd8-cecd-5f6a-b047-b6a21c2027b0,"EDDINGTON DR & YEW ST, VANCOUVER",49.246946,-123.154756,incomplete_2018_2022_observations_no_zero_fill
VANCOUVER,EIHU LANE,JERVIS ST,b3524453-351c-5bd4-847a-a54b1c02c912,"EIHU LANE & JERVIS ST, VANCOUVER",49.28736,-123.128009,incomplete_2018_2022_observations_no_zero_fill
VANCOUVER,EIHU LANE,NICOLA ST,0f972fc2-7367-54d7-8acf-51a478269a38,"EIHU LANE & NICOLA ST, VANCOUVER",49.288995,-123.1306,incomplete_2018_2022_observations_no_zero_fill
VANCOUVER,EIHU LANE,ROBSON ST,4c83bf38-d996-594d-a90a-45fb7960d9e1,"EIHU LANE & ROBSON ST, VANCOUVER",49.286603,-123.127926,incomplete_2018_2022_observations_no_zero_fill
VANCOUVER,EIHU LANE,THURLOW ST,002f30da-cb0a-56c2-a911-2755e240e8c2,"EIHU LANE & THURLOW ST, VANCOUVER",49.284968,-123.124286,incomplete_2018_2022_observations_no_zero_fill
VANCOUVER,ELDORADO MEWS,KINGSWAY,c931cc84-59a7-58c7-adf7-8370d7f0d88f,"ELDORADO MEWS & KINGSWAY, VANCOUVER",49.241568,-123.057462,incomplete_2018_2022_observations_no_zero_fill
VANCOUVER,ELIZABETH ST,W 37TH AVE,fb0b3bc4-1a1f-5efe-9861-69539777df28,"ELIZABETH ST & W 37TH AVE, VANCOUVER",49.237063,-123.111918,incomplete_2018_2022_observations_no_zero_fill
VANCOUVER,ELIZABETH ST,W 39TH AVE,4087f9e7-9050-5d65-8051-84a8d49ca311,"ELIZABETH ST & W 39TH AVE, VANCOUVER",49.235648,-123.111963,incomplete_2018_2022_observations_no_zero_fill
VANCOUVER,ELIZABETH ST,W 41ST AVE,aacecf86-1213-5cc6-b679-6d9fbc99b2b7,"ELIZABETH ST & W 41ST AVE, VANCOUVER",49.233382,-123.112074,incomplete_2018_2022_observations_no_zero_fill
VANCOUVER,ELLIOTT ST,LYNBROOK DR,f0461a93-a546-5271-b709-50d84fa2eb76,"ELLIOTT ST & LYNBROOK DR, VANCOUVER",49.217149,-123.053664,incomplete_2018_2022_observations_no_zero_fill
VANCOUVER,ELLIOTT ST,QUAYSIDE CRT,67764554-3c59-524d-b61e-7faab6317d0e,"ELLIOTT ST & QUAYSIDE CRT, VANCOUVER",49.206162,-123.05682,incomplete_2018_2022_observations_no_zero_fill
VANCOUVER,ELLIOTT ST,ROSEDALE DR,e6969841-67c3-5b47-824b-5c17aecd651a,"ELLIOTT ST & ROSEDALE DR, VANCOUVER",49.207973,-123.056688,incomplete_2018_2022_observations_no_zero_fill
VANCOUVER,ELLIOTT ST,VIVIAN DR,a9cd0248-4560-5379-b0ea-2f978f3cdeff,"ELLIOTT ST & VIVIAN DR, VANCOUVER",49.2127,-123.055117,incomplete_2018_2022_observations_no_zero_fill
VANCOUVER,ELM ST,W 31ST AVE,940756c9-edb6-500d-97d9-ee7bce22b9d9,"ELM ST & W 31ST AVE, VANCOUVER",49.244183,-123.164245,incomplete_2018_2022_observations_no_zero_fill
VANCOUVER,ELM ST,W 37TH AVE,4c380477-9dbe-59e7-a335-a8163c21fe32,"ELM ST & W 37TH AVE, VANCOUVER",49.238447,-123.164053,incomplete_2018_2022_observations_no_zero_fill
VANCOUVER,ELM ST,W 39TH AVE,a677e8f8-07bf-5d32-a443-162ebe81fe1f,"ELM ST & W 39TH AVE, VANCOUVER",49.23656,-123.16412,incomplete_2018_2022_observations_no_zero_fill
VANCOUVER,ELM ST,W 43RD AVE,8615de85-f822-5241-adf7-2b9c3a5cf535,"ELM ST & W 43RD AVE, VANCOUVER",49.232856,-123.16425,incomplete_2018_2022_observations_no_zero_fill
VANCOUVER,ELM ST,W 45TH AVE,0db3cf4f-d43d-5087-b36d-35507b361eba,"ELM ST & W 45TH AVE, VANCOUVER",49.230995,-123.164344,incomplete_2018_2022_observations_no_zero_fill
VANCOUVER,ELM ST,W 47TH AVE,45a926ef-7324-584c-8ece-b3d35eb4c204,"ELM ST & W 47TH AVE, VANCOUVER",49.229149,-123.164381,incomplete_2018_2022_observations_no_zero_fill
VANCOUVER,ELM ST,W 49TH AVE,50038186-b818-5878-af55-62d0dfc74ee0,"ELM ST & W 49TH AVE, VANCOUVER",49.227283,-123.164447,incomplete_2018_2022_observations_no_zero_fill
VANCOUVER,ELMHURST DR,KILLARNEY ST,e61a9744-2d11-50c7-9f79-965b0f1cec9e,"ELMHURST DR & KILLARNEY ST, VANCOUVER",49.218055,-123.046529,incomplete_2018_2022_observations_no_zero_fill
VANCOUVER,ETON ST,N GARDEN DR,5a00676e-60a8-5594-992d-799538c402d9,"ETON ST & N GARDEN DR, VANCOUVER",49.287513,-123.057704,incomplete_2018_2022_observations_no_zero_fill
VANCOUVER,ETON ST,N KAMLOOPS ST,542bc1a6-1432-5c88-966f-4ae8a980ab1c,"ETON ST & N KAMLOOPS ST, VANCOUVER",49.287726,-123.054574,incomplete_2018_2022_observations_no_zero_fill
VANCOUVER,ETON ST,N KASLO ST,b27c9ce8-9b22-55fc-a0de-77079df4abd1,"ETON ST & N KASLO ST, VANCOUVER",49.287709,-123.046695,incomplete_2018_2022_observations_no_zero_fill
VANCOUVER,ETON ST,N NANAIMO ST,3ee24630-ba6b-5a62-8aa5-b2ac9fc557f1,"ETON ST & N NANAIMO ST, VANCOUVER",49.287632,-123.056498,incomplete_2018_2022_observations_no_zero_fill
VANCOUVER,ETON ST,N PENTICTON ST,b5e524a5-971e-5520-95e2-acccf00bd655,"ETON ST & N PENTICTON ST, VANCOUVER",49.287735,-123.051948,incomplete_2018_2022_observations_no_zero_fill
VANCOUVER,ETON ST,N RENFREW ST,5089f845-3b8e-5ffa-ba82-7ae235426d58,"ETON ST & N RENFREW ST, VANCOUVER",49.287699,-123.044033,incomplete_2018_2022_observations_no_zero_fill
VANCOUVER,ETON ST,N SLOCAN ST,71d1769e-373f-50a9-8a94-4914cd09bd59,"ETON ST & N SLOCAN ST, VANCOUVER",49.28772,-123.049306,incomplete_2018_2022_observations_no_zero_fill
VANCOUVER,ETON ST,N TEMPLETON DR,ead5b941-0183-58cd-9537-7fc89ac66221,"ETON ST & N TEMPLETON DR, VANCOUVER",49.287522,-123.059655,incomplete_2018_2022_observations_no_zero_fill
VANCOUVER,ETON ST,WALL ST,515251a7-2bcc-5ccc-bd43-8245c9892121,"ETON ST & WALL ST, VANCOUVER",49.287541,-123.060753,incomplete_2018_2022_observations_no_zero_fill
VANCOUVER,EUCLID AVE,KILLARNEY ST,04f771fa-17b5-5f2f-93ef-f9cce287f2a0,"EUCLID AVE & KILLARNEY ST, VANCOUVER",49.240005,-123.042475,incomplete_2018_2022_observations_no_zero_fill
VANCOUVER,EUCLID AVE,MANOR ST,7a4244be-dedc-595f-ba1b-c0231a3a3db9,"EUCLID AVE & MANOR ST, VANCOUVER",49.239623,-123.041527,incomplete_2018_2022_observations_no_zero_fill
VANCOUVER,EUCLID AVE,MCHARDY ST,f6e9f9ff-ef88-5d05-a06b-f79acdc1e682,"EUCLID AVE & MCHARDY ST, VANCOUVER",49.237582,-123.03647,incomplete_2018_2022_observations_no_zero_fill
VANCOUVER,EUCLID AVE,MCKINNON ST,c5bb5f86-18ce-5dea-adc3-696b513e5b69,"EUCLID AVE & MCKINNON ST, VANCOUVER",49.23725,-123.035639,incomplete_2018_2022_observations_no_zero_fill
VANCOUVER,EUCLID AVE,MOSS ST,661ed3e6-61fd-5116-8f34-f53b26bca93b,"EUCLID AVE & MOSS ST, VANCOUVER",49.240764,-123.044352,incomplete_2018_2022_observations_no_zero_fill
VANCOUVER,EUCLID AVE,SLOCAN ST,ad85ab15-cd53-541c-873e-0559f641bec1,"EUCLID AVE & SLOCAN ST, VANCOUVER",49.243273,-123.050859,incomplete_2018_2022_observations_no_zero_fill
VANCOUVER,EUCLID AVE,SPENCER ST,3e55df71-ba4b-593d-802f-6f3f0af533f1,"EUCLID AVE & SPENCER ST, VANCOUVER",49.238363,-123.038419,incomplete_2018_2022_observations_no_zero_fill
VANCOUVER,EUCLID AVE,TAUNTON ST,981c11e2-4e87-5696-99d4-dc621ab392c5,"EUCLID AVE & TAUNTON ST, VANCOUVER",49.237867,-123.03718,incomplete_2018_2022_observations_no_zero_fill
VANCOUVER,EVANS AVE,GLEN DR,3303382e-c41f-55eb-a8a9-5a1782492d17,"EVANS AVE & GLEN DR, VANCOUVER",49.270789,-123.081484,incomplete_2018_2022_observations_no_zero_fill
VANCOUVER,EVANS AVE,THORNTON ST,9b93f67f-df5d-5692-8a90-5c1c0e68f6a8,"EVANS AVE & THORNTON ST, VANCOUVER",49.272753,-123.092921,incomplete_2018_2022_observations_no_zero_fill
VANCOUVER,EXIT 25,HWY 1,98f76c59-2ec7-501b-9b95-fef415aad4c3,"EXIT 25 & HWY 1, VANCOUVER",49.287308,-123.030603,incomplete_2018_2022_observations_no_zero_fill
VANCOUVER,EXIT 27,HWY 1,b3fc3f17-cd38-56fa-80b4-95deaeb848fe,"EXIT 27 & HWY 1, VANCOUVER",49.269452,-123.027611,incomplete_2018_2022_observations_no_zero_fill
VANCOUVER,EXPO BLVD,GEORGIA VIADUCT,ae5a96f4-f615-57e2-be60-5a7031d02c59,"EXPO BLVD & GEORGIA VIADUCT, VANCOUVER",49.277816,-123.110796,incomplete_2018_2022_observations_no_zero_fill
VANCOUVER,FAIRMONT ST,HORLEY ST,4bdbe966-6038-52bc-bfb1-45d4a1b2f1e4,"FAIRMONT ST & HORLEY ST, VANCOUVER",49.238832,-123.044553,incomplete_2018_2022_observations_no_zero_fill
VANCOUVER,FAIRMONT ST,KINGSWAY,831bb65f-4e3b-5197-8d94-09699d17c60c,"FAIRMONT ST & KINGSWAY, VANCOUVER",49.236702,-123.046693,incomplete_2018_2022_observations_no_zero_fill
VANCOUVER,FAIRMONT ST,VANNESS AVE,687eb89d-8cf6-553a-8f08-8dc12b45180e,"FAIRMONT ST & VANNESS AVE, VANCOUVER",49.242265,-123.041599,incomplete_2018_2022_observations_no_zero_fill
VANCOUVER,FALAISE AVE,FALAISE PL,5a975f18-3d9d-5300-9cfc-6c751bc226fa,"FALAISE AVE & FALAISE PL, VANCOUVER",49.256189,-123.028434,incomplete_2018_2022_observations_no_zero_fill
VANCOUVER,FALAISE AVE,MATAPAN CRES,1d3e99a0-e917-5c1f-b2ec-8c305f6c2f9a,"FALAISE AVE & MATAPAN CRES, VANCOUVER",49.25558,-123.029372,incomplete_2018_2022_observations_no_zero_fill
VANCOUVER,FALAISE AVE,WORTHINGTON DR,d6bf0c0b-55ce-5029-8312-1612eead5add,"FALAISE AVE & WORTHINGTON DR, VANCOUVER",49.254765,-123.03053,incomplete_2018_2022_observations_no_zero_fill
VANCOUVER,FELLOWES ST,MCGILL ST,f03e07ed-f9d5-5ed5-b72d-cd1f111b9275,"FELLOWES ST & MCGILL ST, VANCOUVER",49.288698,-123.027319,incomplete_2018_2022_observations_no_zero_fill
VANCOUVER,FELLOWES ST,N BOUNDARY RD,76fea187-53e7-5400-8c32-2c1a2061ee1d,"FELLOWES ST & N BOUNDARY RD, VANCOUVER",49.291966,-123.023341,incomplete_2018_2022_observations_no_zero_fill
VANCOUVER,FELLOWS ST,MCGILL ST,b483cc39-2104-55b7-b24a-62a73c7993c8,"FELLOWS ST & MCGILL ST, VANCOUVER",49.288698,-123.027319,incomplete_2018_2022_observations_no_zero_fill
VANCOUVER,FERNDALE ST,GARDEN DR,926f49de-29a0-5c45-8edb-f419272e2b8d,"FERNDALE ST & GARDEN DR, VANCOUVER",49.279641,-123.057853,incomplete_2018_2022_observations_no_zero_fill
VANCOUVER,FERNDALE ST,LAKEWOOD DR,7cb4b2b4-9dbe-562a-b60b-e52a0050a0f2,"FERNDALE ST & LAKEWOOD DR, VANCOUVER",49.279663,-123.061738,incomplete_2018_2022_observations_no_zero_fill
VANCOUVER,FERNDALE ST,NANAIMO ST,43f8f933-186c-5850-b035-b2b4db035dd9,"FERNDALE ST & NANAIMO ST, VANCOUVER",49.279631,-123.056552,incomplete_2018_2022_observations_no_zero_fill
VANCOUVER,FERNDALE ST,TEMPLETON DR,a9266184-e918-5628-89a5-34e89b25f017,"FERNDALE ST & TEMPLETON DR, VANCOUVER",49.279655,-123.059787,incomplete_2018_2022_observations_no_zero_fill
VANCOUVER,FERNDALE ST,VICTORIA DR,16d70a54-b507-5efd-96bf-b06860bb93d6,"FERNDALE ST & VICTORIA DR, VANCOUVER",49.279672,-123.065595,incomplete_2018_2022_observations_no_zero_fill
VANCOUVER,FINDLAY ST,VICTORIA DIVERS,9c3e08bb-2cae-5749-9386-d671dafd2e2b,"FINDLAY ST & VICTORIA DIVERS, VANCOUVER",49.254248,-123.067997,incomplete_2018_2022_observations_no_zero_fill
VANCOUVER,FIR ST,MARPOLE AVE,97ddb9c1-7d94-58f3-bd60-f13ddd81920f,"FIR ST & MARPOLE AVE, VANCOUVER",49.255872,-123.140565,incomplete_2018_2022_observations_no_zero_fill
VANCOUVER,FIR ST,W 8TH AVE,bd88a780-b45e-542f-9543-772fbe715fcc,"FIR ST & W 8TH AVE, VANCOUVER",49.264554,-123.141085,incomplete_2018_2022_observations_no_zero_fill
VANCOUVER,FIR ST OFFRAMP,GRANVILLE BRIDGE,335dd6b4-dad7-5731-aab8-26e920084b86,"FIR ST OFFRAMP & GRANVILLE BRIDGE, VANCOUVER",49.267898,-123.138396,incomplete_2018_2022_observations_no_zero_fill
VANCOUVER,FIR ST OFFRAMP,GRANVILLE ST,790d3d19-2c04-5c80-93b1-bdeeef7bc105,"FIR ST OFFRAMP & GRANVILLE ST, VANCOUVER",49.267898,-123.138396,incomplete_2018_2022_observations_no_zero_fill
VANCOUVER,FORGE WALK,SITKA SQ,86e58477-8c9b-54bc-95ea-fa2b20c2a704,"FORGE WALK & SITKA SQ, VANCOUVER",49.26702,-123.128912,incomplete_2018_2022_observations_no_zero_fill
VANCOUVER,FOSTER AVE,LINCOLN ST,27faf792-c564-50cd-b29c-eff877f89184,"FOSTER AVE & LINCOLN ST, VANCOUVER",49.234129,-123.02592,incomplete_2018_2022_observations_no_zero_fill
VANCOUVER,FOSTER AVE,MELBOURNE ST,1a349eaa-dd89-5700-b388-85e9a25c4bbc,"FOSTER AVE & MELBOURNE ST, VANCOUVER",49.234023,-123.029255,incomplete_2018_2022_observations_no_zero_fill
VANCOUVER,FOSTER AVE,OBEN ST,3aac2efd-7dd2-518e-b570-7adf6f9128f6,"FOSTER AVE & OBEN ST, VANCOUVER",49.234129,-123.027008,incomplete_2018_2022_observations_no_zero_fill
VANCOUVER,FOSTER AVE,ORMIDALE ST,7fc052ca-8f46-54d1-84fa-2d3650799b55,"FOSTER AVE & ORMIDALE ST, VANCOUVER",49.234127,-123.024822,incomplete_2018_2022_observations_no_zero_fill
VANCOUVER,FOSTER AVE,TYNE ST,56483285-2227-5d95-ae6d-48e123217702,"FOSTER AVE & TYNE ST, VANCOUVER",49.234024,-123.030419,incomplete_2018_2022_observations_no_zero_fill
VANCOUVER,FOUNTAIN WAY CRT,LAMEYS MILL RD,80101ec4-8f5e-5828-a273-06efeef6f3f9,"FOUNTAIN WAY CRT & LAMEYS MILL RD, VANCOUVER",49.267563,-123.135462,incomplete_2018_2022_observations_no_zero_fill
VANCOUVER,FRANCES ST,SALSBURY DR,69a9fb14-8d4f-530e-b47d-d1deb32e4858,"FRANCES ST & SALSBURY DR, VANCOUVER",49.27935,-123.06833,incomplete_2018_2022_observations_no_zero_fill
VANCOUVER,FRANCES ST,VERNON DR,b2f7f743-8f54-5884-a897-85c186aa2f85,"FRANCES ST & VERNON DR, VANCOUVER",49.279492,-123.079213,incomplete_2018_2022_observations_no_zero_fill
VANCOUVER,FRANCES ST,VICTORIA DR,70c100e4-1867-589a-933d-0bb2804be5e5,"FRANCES ST & VICTORIA DR, VANCOUVER",49.279236,-123.065599,incomplete_2018_2022_observations_no_zero_fill
VANCOUVER,FRANCES ST,WOODLAND DR,f8c2fc1f-e91e-508b-994f-8e978e043340,"FRANCES ST & WOODLAND DR, VANCOUVER",49.279408,-123.072682,incomplete_2018_2022_observations_no_zero_fill
VANCOUVER,FRANKLIN ST,GARDEN DR,12a54aea-a5dd-5c8d-8d51-fd9ccc636744,"FRANKLIN ST & GARDEN DR, VANCOUVER",49.282061,-123.057817,incomplete_2018_2022_observations_no_zero_fill
VANCOUVER,FRANKLIN ST,GLEN DR,132189e5-a3ff-5c2c-9af9-1d7302384a91,"FRANKLIN ST & GLEN DR, VANCOUVER",49.282314,-123.081271,incomplete_2018_2022_observations_no_zero_fill
VANCOUVER,FRANKLIN ST,KASLO ST,9c465937-b213-52c8-9bba-9219ac5eb9be,"FRANKLIN ST & KASLO ST, VANCOUVER",49.28206,-123.04666,incomplete_2018_2022_observations_no_zero_fill
VANCOUVER,FRANKLIN ST,KOOTENAY ST,d51a54ab-1e5a-5045-8b40-a04955c1a796,"FRANKLIN ST & KOOTENAY ST, VANCOUVER",49.282052,-123.025705,incomplete_2018_2022_observations_no_zero_fill
VANCOUVER,FRANKLIN ST,LAKEWOOD DR,314d662e-51c8-5da0-9060-65b8037741f4,"FRANKLIN ST & LAKEWOOD DR, VANCOUVER",49.282105,-123.061682,incomplete_2018_2022_observations_no_zero_fill
VANCOUVER,FRANKLIN ST,PENTICTON ST,f4d76966-b90a-56c8-9eac-c6d976133958,"FRANKLIN ST & PENTICTON ST, VANCOUVER",49.282066,-123.051968,incomplete_2018_2022_observations_no_zero_fill
VANCOUVER,FRANKLIN ST,SEMLIN DR,271c8e5d-5036-5297-b543-e1694d3ff787,"FRANKLIN ST & SEMLIN DR, VANCOUVER",49.282122,-123.063637,incomplete_2018_2022_observations_no_zero_fill
VANCOUVER,FRANKLIN ST,SKEENA ST,1f92bd34-4ac6-51bb-893b-93b35e19b0c7,"FRANKLIN ST & SKEENA ST, VANCOUVER",49.282061,-123.028319,incomplete_2018_2022_observations_no_zero_fill
VANCOUVER,FRANKLIN ST,SLOCAN ST,7b7ab417-a4dd-550f-8572-fc8959b266eb,"FRANKLIN ST & SLOCAN ST, VANCOUVER",49.282066,-123.04933,incomplete_2018_2022_observations_no_zero_fill
VANCOUVER,FRANKLIN ST,TEMPLETON DR,b319d173-1fa1-58c9-a3c9-8111459cf631,"FRANKLIN ST & TEMPLETON DR, VANCOUVER",49.282084,-123.059759,incomplete_2018_2022_observations_no_zero_fill
VANCOUVER,FRANKLIN ST,VERNON DR,a4aa248f-e6b3-5c20-8a87-bcb1672b20eb,"FRANKLIN ST & VERNON DR, VANCOUVER",49.282291,-123.079161,incomplete_2018_2022_observations_no_zero_fill
VANCOUVER,FRANKLIN ST,VICTORIA DR,c463d687-12fd-5b0b-b08b-90d048c94f72,"FRANKLIN ST & VICTORIA DR, VANCOUVER",49.282132,-123.06556,incomplete_2018_2022_observations_no_zero_fill
VANCOUVER,FRASER ST,GREAT NORTHERN WAY,51f30bad-1258-5206-9eb8-e16bfdc62672,"FRASER ST & GREAT NORTHERN WAY, VANCOUVER",49.266691,-123.089053,incomplete_2018_2022_observations_no_zero_fill
VANCOUVER,FRASERVIEW DR,NANAIMO ST,ca90e4c3-4cd9-5c12-bdc4-6adebfdf3723,"FRASERVIEW DR & NANAIMO ST, VANCOUVER",49.211627,-123.059133,incomplete_2018_2022_observations_no_zero_fill
VANCOUVER,FRASERVIEW DR,VICTORIA DR,c5bfb376-03a6-5c04-92ae-db0067834acb,"FRASERVIEW DR & VICTORIA DR, VANCOUVER",49.212224,-123.06605,incomplete_2018_2022_observations_no_zero_fill
VANCOUVER,FREMLIN ST,PARK DR,03a95284-9307-5a84-bc8a-b8cd5e555f57,"FREMLIN ST & PARK DR, VANCOUVER",49.213775,-123.127314,incomplete_2018_2022_observations_no_zero_fill
VANCOUVER,FREMLIN ST,W 46TH AVE,dd716a50-b040-55e5-8d52-97b7d77f74a0,"FREMLIN ST & W 46TH AVE, VANCOUVER",49.229252,-123.126804,incomplete_2018_2022_observations_no_zero_fill
VANCOUVER,FREMLIN ST,W 52ND AVE,67e283d2-1c18-5e68-8777-b646d30cd50d,"FREMLIN ST & W 52ND AVE, VANCOUVER",49.223892,-123.126832,incomplete_2018_2022_observations_no_zero_fill
VANCOUVER,FREMLIN ST,W 54TH AVE,c718c43d-e179-5142-85db-74df0ba900b5,"FREMLIN ST & W 54TH AVE, VANCOUVER",49.221505,-123.126906,incomplete_2018_2022_observations_no_zero_fill
VANCOUVER,FREMLIN ST,W 61ST AVE,6802918d-f769-51c6-a197-c958b2140d28,"FREMLIN ST & W 61ST AVE, VANCOUVER",49.215576,-123.127234,incomplete_2018_2022_observations_no_zero_fill
VANCOUVER,FREMLIN ST,W 63RD AVE,67aeab23-5239-54ec-a897-da5dc3b834f6,"FREMLIN ST & W 63RD AVE, VANCOUVER",49.213775,-123.127314,incomplete_2018_2022_observations_no_zero_fill
VANCOUVER,FREMLIN ST,W 64TH AVE,9af8acff-c1c1-5086-bb79-70653b1f36b1,"FREMLIN ST & W 64TH AVE, VANCOUVER",49.21294,-123.127349,incomplete_2018_2022_observations_no_zero_fill
VANCOUVER,FREMLIN ST,W 67TH AVE,63bf1f79-2af3-5b5a-9d22-898e3cb9190d,"FREMLIN ST & W 67TH AVE, VANCOUVER",49.210686,-123.127395,incomplete_2018_2022_observations_no_zero_fill
VANCOUVER,FREMLIN ST,W 71ST AVE,779d6711-5a23-51f2-9dd4-1ee527545ebf,"FREMLIN ST & W 71ST AVE, VANCOUVER",49.206881,-123.127563,incomplete_2018_2022_observations_no_zero_fill
VANCOUVER,FRENCH ST,W 62ND AVE,e732697a-d958-520b-8c64-4063d546babf,"FRENCH ST & W 62ND AVE, VANCOUVER",49.215018,-123.138995,incomplete_2018_2022_observations_no_zero_fill
VANCOUVER,FRENCH ST,W 64TH AVE,694c46c1-bf94-5f3f-8e97-e645d62a57a9,"FRENCH ST & W 64TH AVE, VANCOUVER",49.213134,-123.139029,incomplete_2018_2022_observations_no_zero_fill
VANCOUVER,FRENCH ST,W 67TH AVE,a9b3e63c-ed6d-5ecc-85a9-8707867f4522,"FRENCH ST & W 67TH AVE, VANCOUVER",49.210865,-123.139135,incomplete_2018_2022_observations_no_zero_fill
VANCOUVER,FRENCH ST,W 71ST AVE,872f43e6-e6a4-5169-8d68-098906cc775c,"FRENCH ST & W 71ST AVE, VANCOUVER",49.207049,-123.139264,incomplete_2018_2022_observations_no_zero_fill
VANCOUVER,FRENCH ST,W 72ND AVE,59959220-bcf2-5977-9e25-e8dbb64e6507,"FRENCH ST & W 72ND AVE, VANCOUVER",49.205775,-123.139308,incomplete_2018_2022_observations_no_zero_fill
VANCOUVER,FRONTENAC ST,HENNEPIN AVE,0f1cadfe-79c8-57a8-8586-f287e5bfe869,"FRONTENAC ST & HENNEPIN AVE, VANCOUVER",49.221843,-123.026425,incomplete_2018_2022_observations_no_zero_fill
VANCOUVER,GALIANO RD,PUGET DR,4c401380-f6cd-5211-b058-5273b60eb85a,"GALIANO RD & PUGET DR, VANCOUVER",49.254224,-123.175076,incomplete_2018_2022_observations_no_zero_fill
VANCOUVER,GALIANO RD,QUESNEL DR,df294564-9018-5fd5-b3e3-cfc5958ca661,"GALIANO RD & QUESNEL DR, VANCOUVER",49.25465,-123.176751,incomplete_2018_2022_observations_no_zero_fill
VANCOUVER,GALT ST,GLADSTONE ST,26dc0e5d-1aa5-559b-81a7-55593c4143f2,"GALT ST & GLADSTONE ST, VANCOUVER",49.244312,-123.060976,incomplete_2018_2022_observations_no_zero_fill
VANCOUVER,GARDEN DR,GRANDVIEW HWY N,571daebe-45cb-5aea-892b-be146535f9af,"GARDEN DR & GRANDVIEW HWY N, VANCOUVER",49.259105,-123.058221,incomplete_2018_2022_observations_no_zero_fill
VANCOUVER,GARDEN DR,GRANT ST,9016f205-a2c7-58b1-a53d-fdb525537be6,"GARDEN DR & GRANT ST, VANCOUVER",49.271197,-123.057971,incomplete_2018_2022_observations_no_zero_fill
VANCOUVER,GARDEN DR,GRAVELEY ST,4bec4a0c-09ee-55b5-b026-f90c2e5e428d,"GARDEN DR & GRAVELEY ST, VANCOUVER",49.270396,-123.057983,incomplete_2018_2022_observations_no_zero_fill
VANCOUVER,GARDEN DR,KITCHENER ST,8a4a8a56-b2b2-5f11-b131-d5f43582c52b,"GARDEN DR & KITCHENER ST, VANCOUVER",49.272037,-123.057957,incomplete_2018_2022_observations_no_zero_fill
VANCOUVER,GARDEN DR,NAPIER ST,bd74cd80-8353-54f7-8df6-c2780a223dc0,"GARDEN DR & NAPIER ST, VANCOUVER",49.274738,-123.057921,incomplete_2018_2022_observations_no_zero_fill
VANCOUVER,GARDEN DR,PANDORA ST,a56f0812-2a42-59ff-ac3e-9643a9ff2620,"GARDEN DR & PANDORA ST, VANCOUVER",49.282998,-123.057792,incomplete_2018_2022_observations_no_zero_fill
VANCOUVER,GARDEN DR,TRIUMPH ST,c8ba7f2a-74d6-561b-9c34-da3d6f611569,"GARDEN DR & TRIUMPH ST, VANCOUVER",49.283903,-123.057754,incomplete_2018_2022_observations_no_zero_fill
VANCOUVER,GARDEN DR,TURNER ST,ed0a50e5-ac3e-5ea8-b49c-8457c4dea279,"GARDEN DR & TURNER ST, VANCOUVER",49.27911,-123.057859,incomplete_2018_2022_observations_no_zero_fill
VANCOUVER,GARDEN DR,VENABLES ST,96122584-b509-5aeb-8600-f5c06a9c159d,"GARDEN DR & VENABLES ST, VANCOUVER",49.276574,-123.057891,incomplete_2018_2022_observations_no_zero_fill
VANCOUVER,GARDEN DR,WILLIAM ST,70018037-7578-5917-8cf7-7bc165e5b0d9,"GARDEN DR & WILLIAM ST, VANCOUVER",49.27385,-123.057931,incomplete_2018_2022_observations_no_zero_fill
VANCOUVER,GARIBALDI DR,MEADOWLAND PL,9989ef2b-53a9-592f-aa30-1bc397f05c96,"GARIBALDI DR & MEADOWLAND PL, VANCOUVER",49.216816,-123.029479,incomplete_2018_2022_observations_no_zero_fill
VANCOUVER,GEORGE ST,NAPIER ST,3b5b385c-a056-563d-9fea-29db15fec2de,"GEORGE ST & NAPIER ST, VANCOUVER",49.274974,-123.079469,incomplete_2018_2022_observations_no_zero_fill
VANCOUVER,GEORGE ST,PARKER ST,63af308d-4af5-581b-a9ab-7beda50cf67e,"GEORGE ST & PARKER ST, VANCOUVER",49.275887,-123.08,incomplete_2018_2022_observations_no_zero_fill
VANCOUVER,GEORGIA VIADUCT,HWY 1A,2c9678a6-82b6-580b-9199-a29aa38e576b,"GEORGIA VIADUCT & HWY 1A, VANCOUVER",49.277088,-123.099909,incomplete_2018_2022_observations_no_zero_fill
VANCOUVER,GEORGIA VIADUCT,PRIOR ST,2eab48ad-22a1-5ac9-adb7-3bdd5654621c,"GEORGIA VIADUCT & PRIOR ST, VANCOUVER",49.276744,-123.096883,incomplete_2018_2022_observations_no_zero_fill
VANCOUVER,GEORGIA VIADUCT,W GEORGIA ST,f0ce6f8a-ef02-58f6-be6c-2906a898f6bd,"GEORGIA VIADUCT & W GEORGIA ST, VANCOUVER",49.278416,-123.111703,incomplete_2018_2022_observations_no_zero_fill
VANCOUVER,GILFORD ST,HENSHAW LANE,828e46d5-d98d-5803-a530-b762a09e2bd4,"GILFORD ST & HENSHAW LANE, VANCOUVER",49.290022,-123.140757,incomplete_2018_2022_observations_no_zero_fill
VANCOUVER,GILFORD ST,HWY 99,51f2e6da-ad87-5e6e-aa6b-14686cac540b,"GILFORD ST & HWY 99, VANCOUVER",49.293614,-123.135272,incomplete_2018_2022_observations_no_zero_fill
VANCOUVER,GILFORD ST,JEPSON-YOUNG LANE,8dc30796-6ecb-5a92-9631-e4b09aed69e9,"GILFORD ST & JEPSON-YOUNG LANE, VANCOUVER",49.289337,-123.141802,incomplete_2018_2022_observations_no_zero_fill
VANCOUVER,GILFORD ST,PENDRELL ST,7a587781-92e6-50fe-9906-89392c38b933,"GILFORD ST & PENDRELL ST, VANCOUVER",49.289034,-123.142325,incomplete_2018_2022_observations_no_zero_fill
VANCOUVER,GILFORD ST,ROSEMARY BROWN LANE,bee4dccf-3dea-538d-8719-e13fa9ff0e39,"GILFORD ST & ROSEMARY BROWN LANE, VANCOUVER",49.29213,-123.13754,incomplete_2018_2022_observations_no_zero_fill
VANCOUVER,GLADSTONE ST,MANNERING AVE,38ee4963-752c-58b6-bd95-5043c524885f,"GLADSTONE ST & MANNERING AVE, VANCOUVER",49.240672,-123.06284,incomplete_2018_2022_observations_no_zero_fill
VANCOUVER,GLADSTONE ST,NEWPORT AVE,26729ebc-e898-5f6e-a359-4b85feb9cddf,"GLADSTONE ST & NEWPORT AVE, VANCOUVER",49.21529,-123.062126,incomplete_2018_2022_observations_no_zero_fill
VANCOUVER,GLADSTONE ST,SE MARINE DR,81c5665d-cfdc-5570-b893-bf8748f8a996,"GLADSTONE ST & SE MARINE DR, VANCOUVER",49.208294,-123.061935,incomplete_2018_2022_observations_no_zero_fill
VANCOUVER,GLADSTONE ST,SOUTHSIDE DR,a3438a7f-7da3-5f36-b97f-391490e45754,"GLADSTONE ST & SOUTHSIDE DR, VANCOUVER",49.207838,-123.062305,incomplete_2018_2022_observations_no_zero_fill
VANCOUVER,GLADSTONE ST,UPLAND DR,2b10f059-636b-5ec1-bb81-cf9b996d5ec6,"GLADSTONE ST & UPLAND DR, VANCOUVER",49.21801,-123.062036,incomplete_2018_2022_observations_no_zero_fill
VANCOUVER,GLADSTONE ST,VANNESS AVE,f8289dca-780a-5731-8383-5937aa92b410,"GLADSTONE ST & VANNESS AVE, VANCOUVER",49.250004,-123.06043,incomplete_2018_2022_observations_no_zero_fill
VANCOUVER,GLADSTONE ST,WAVERLEY AVE,4390acaf-dc51-50f7-baea-6444a773f778,"GLADSTONE ST & WAVERLEY AVE, VANCOUVER",49.22715,-123.062309,incomplete_2018_2022_observations_no_zero_fill
VANCOUVER,GLADSTONE ST,WENONAH ST,d6b26efc-b8b1-52da-8d50-b1ba9b67de50,"GLADSTONE ST & WENONAH ST, VANCOUVER",49.244857,-123.060451,incomplete_2018_2022_observations_no_zero_fill
VANCOUVER,GLEN DR,KEEFER ST,b7dba469-f89c-5e2f-bb84-409ae88ef212,"GLEN DR & KEEFER ST, VANCOUVER",49.279123,-123.081335,incomplete_2018_2022_observations_no_zero_fill
VANCOUVER,GLEN DR,MALKIN AVE,b549051b-9b08-59fd-a29e-b3d85b07a5a4,"GLEN DR & MALKIN AVE, VANCOUVER",49.273094,-123.081456,incomplete_2018_2022_observations_no_zero_fill
VANCOUVER,GLEN DR,PARKER ST,5a2216cf-ac56-52ce-b2c5-2fbabf23aa20,"GLEN DR & PARKER ST, VANCOUVER",49.275857,-123.081404,incomplete_2018_2022_observations_no_zero_fill
VANCOUVER,GLEN DR,POWELL ST,e5277746-b53a-5837-91d5-9175ee984c51,"GLEN DR & POWELL ST, VANCOUVER",49.282785,-123.081263,incomplete_2018_2022_observations_no_zero_fill
VANCOUVER,GLEN DR,UNION ST,51700121-4b80-580d-990c-588089ad3a2f,"GLEN DR & UNION ST, VANCOUVER",49.277339,-123.081372,incomplete_2018_2022_observations_no_zero_fill
VANCOUVER,GORE AVE,RAILWAY ST,12f30884-ce78-5195-836b-75845c846af5,"GORE AVE & RAILWAY ST, VANCOUVER",49.284297,-123.097867,incomplete_2018_2022_observations_no_zero_fill
VANCOUVER,GOTHARD ST,NORQUAY ST,f165038e-3825-5d92-842a-02135be78970,"GOTHARD ST & NORQUAY ST, VANCOUVER",49.242896,-123.052746,incomplete_2018_2022_observations_no_zero_fill
VANCOUVER,GRANDVIEW HWY,GRANDVIEW HWY S,7a2de316-e050-513d-9b22-6c74c8b5409b,"GRANDVIEW HWY & GRANDVIEW HWY S, VANCOUVER",49.259523,-123.06207,incomplete_2018_2022_observations_no_zero_fill
VANCOUVER,GRANDVIEW HWY,NOOTKA ST,a40f0cb8-2df9-5fa9-a061-e99da4bd27e4,"GRANDVIEW HWY & NOOTKA ST, VANCOUVER",49.258149,-123.041596,incomplete_2018_2022_observations_no_zero_fill
VANCOUVER,GRANDVIEW HWY,SEMLIN DR,6ebe88f8-817a-53aa-b98d-2b4993ad63a4,"GRANDVIEW HWY & SEMLIN DR, VANCOUVER",49.259526,-123.064037,incomplete_2018_2022_observations_no_zero_fill
VANCOUVER,GRANDVIEW HWY N,HWY 7,a108d5cf-4465-59cf-bd51-32787d90aff6,"GRANDVIEW HWY N & HWY 7, VANCOUVER",49.2623,-123.067164,incomplete_2018_2022_observations_no_zero_fill
VANCOUVER,GRANDVIEW HWY N,KAMLOOPS ST,65848086-6968-5e06-94fc-111d77b8f25e,"GRANDVIEW HWY N & KAMLOOPS ST, VANCOUVER",49.258181,-123.054763,incomplete_2018_2022_observations_no_zero_fill
VANCOUVER,GRANDVIEW HWY N,LAKEWOOD DR,04143026-cab4-5a3d-8dc2-dbba7faf31b6,"GRANDVIEW HWY N & LAKEWOOD DR, VANCOUVER",49.260645,-123.062059,incomplete_2018_2022_observations_no_zero_fill
VANCOUVER,GRANDVIEW HWY N,MCLEAN DR,8c643591-2fe9-5e5a-acb9-088aafeb2c42,"GRANDVIEW HWY N & MCLEAN DR, VANCOUVER",49.265658,-123.075508,incomplete_2018_2022_observations_no_zero_fill
VANCOUVER,GRANDVIEW HWY N,PENTICTON ST,5effef86-a53c-5f8d-a5f1-272147dbc85b,"GRANDVIEW HWY N & PENTICTON ST, VANCOUVER",49.258192,-123.053001,incomplete_2018_2022_observations_no_zero_fill
VANCOUVER,GRANDVIEW HWY N,SLOCAN ST,9cb32bc4-b753-51c6-aa9d-3e3c0d283b32,"GRANDVIEW HWY N & SLOCAN ST, VANCOUVER",49.258364,-123.04957,incomplete_2018_2022_observations_no_zero_fill
VANCOUVER,GRANDVIEW HWY N,TEMPLETON DR,df09465f-fb15-52e4-9416-a7534163966f,"GRANDVIEW HWY N & TEMPLETON DR, VANCOUVER",49.259872,-123.060151,incomplete_2018_2022_observations_no_zero_fill
VANCOUVER,GRANDVIEW HWY N,WOODLAND DR,65a5ab5c-ae35-5839-b304-a9af58080f0b,"GRANDVIEW HWY N & WOODLAND DR, VANCOUVER",49.26497,-123.073522,incomplete_2018_2022_observations_no_zero_fill
VANCOUVER,GRANDVIEW HWY S,LAKEWOOD DR,140ef680-04b1-5e1f-afef-fb2067d52004,"GRANDVIEW HWY S & LAKEWOOD DR, VANCOUVER",49.259523,-123.06207,incomplete_2018_2022_observations_no_zero_fill
VANCOUVER,GRANDVIEW HWY S,PENTICTON ST,8277f948-29f2-5864-97ee-968962ee46f1,"GRANDVIEW HWY S & PENTICTON ST, VANCOUVER",49.257506,-123.052951,incomplete_2018_2022_observations_no_zero_fill
VANCOUVER,GRANDVIEW HWY S,TEMPLETON DR,4f8893c1-cdd6-545a-99ca-39164df7e1f1,"GRANDVIEW HWY S & TEMPLETON DR, VANCOUVER",49.25909,-123.060191,incomplete_2018_2022_observations_no_zero_fill
VANCOUVER,GRANDVIEW VIADUCT,TERMINAL AVE,58358ae9-d008-5a76-b7f1-221665433e0b,"GRANDVIEW VIADUCT & TERMINAL AVE, VANCOUVER",49.270232,-123.084871,incomplete_2018_2022_observations_no_zero_fill
VANCOUVER,GRANT MCCONACHIE WAY,GRANVILLE ST OFFRAMP,1c375370-fbe4-5ad7-8cfc-53c75ab98071,"GRANT MCCONACHIE WAY & GRANVILLE ST OFFRAMP, VANCOUVER",49.202322,-123.134613,incomplete_2018_2022_observations_no_zero_fill
VANCOUVER,GRANT MCCONACHIE WAY,SW MARINE DR OFFRAMP,81114af2-a9a7-5efe-803a-c37b82b4aa86,"GRANT MCCONACHIE WAY & SW MARINE DR OFFRAMP, VANCOUVER",49.202322,-123.134613,incomplete_2018_2022_observations_no_zero_fill
VANCOUVER,GRANT ST,KAMLOOPS ST,74090b71-ee31-581b-8eb3-1f5401c9f097,"GRANT ST & KAMLOOPS ST, VANCOUVER",49.271365,-123.054679,incomplete_2018_2022_observations_no_zero_fill
VANCOUVER,GRANT ST,KASLO ST,6879914f-252a-5324-a2b0-35f00f3c9b0c,"GRANT ST & KASLO ST, VANCOUVER",49.271357,-123.046905,incomplete_2018_2022_observations_no_zero_fill
VANCOUVER,GRANT ST,LAKEWOOD DR,030751e2-4af3-5ada-ae39-133a2fbfda47,"GRANT ST & LAKEWOOD DR, VANCOUVER",49.271245,-123.061859,incomplete_2018_2022_observations_no_zero_fill
VANCOUVER,GRANT ST,LILLOOET ST,48cff811-3518-5ff9-9fb6-bdf6ff2f0e66,"GRANT ST & LILLOOET ST, VANCOUVER",49.271347,-123.038929,incomplete_2018_2022_observations_no_zero_fill
VANCOUVER,GRANT ST,MCLEAN DR,a9ba4541-320a-5781-9dc8-49a9efb499a9,"GRANT ST & MCLEAN DR, VANCOUVER",49.271479,-123.075381,incomplete_2018_2022_observations_no_zero_fill
VANCOUVER,GRANT ST,NOOTKA ST,e278efc2-0ebf-587b-81fe-38692195658e,"GRANT ST & NOOTKA ST, VANCOUVER",49.27135,-123.041409,incomplete_2018_2022_observations_no_zero_fill
VANCOUVER,GRANT ST,ODLUM DR,afb08596-344f-565b-beec-4e0e8e8e6976,"GRANT ST & ODLUM DR, VANCOUVER",49.271486,-123.075965,incomplete_2018_2022_observations_no_zero_fill
VANCOUVER,GRANT ST,PENTICTON ST,087db609-8341-5ea5-ae87-ed31e0c7f7be,"GRANT ST & PENTICTON ST, VANCOUVER",49.271362,-123.052082,incomplete_2018_2022_observations_no_zero_fill
VANCOUVER,GRANT ST,RENFREW ST,9dfad327-137d-5a9f-b6d8-eb60a90208c3,"GRANT ST & RENFREW ST, VANCOUVER",49.271359,-123.044216,incomplete_2018_2022_observations_no_zero_fill
VANCOUVER,GRANT ST,RUPERT ST,edc6c784-97ca-52c3-97fb-405e47518362,"GRANT ST & RUPERT ST, VANCOUVER",49.27134,-123.03366,incomplete_2018_2022_observations_no_zero_fill
VANCOUVER,GRANT ST,SALSBURY DR,07281ec6-5a75-514b-8c8a-a2ec2e4d1e5d,"GRANT ST & SALSBURY DR, VANCOUVER",49.271284,-123.067698,incomplete_2018_2022_observations_no_zero_fill
VANCOUVER,GRANT ST,SEMLIN DR,bcd38bd3-6f05-5c69-bea0-763f16a190d5,"GRANT ST & SEMLIN DR, VANCOUVER",49.271275,-123.063778,incomplete_2018_2022_observations_no_zero_fill
VANCOUVER,GRANT ST,SLOCAN ST,cceffe68-63a5-5a05-9227-686417f5ece8,"GRANT ST & SLOCAN ST, VANCOUVER",49.27136,-123.049412,incomplete_2018_2022_observations_no_zero_fill
VANCOUVER,GRANT ST,TEMPLETON DR,632b6d03-bedc-5ddc-8751-78e0153ffb05,"GRANT ST & TEMPLETON DR, VANCOUVER",49.271212,-123.059924,incomplete_2018_2022_observations_no_zero_fill
VANCOUVER,GRANT ST,VERNON DR,ff44371e-e129-5098-8a28-83f6d927ccd0,"GRANT ST & VERNON DR, VANCOUVER",49.271503,-123.078682,incomplete_2018_2022_observations_no_zero_fill
VANCOUVER,GRANT ST,WINDERMERE ST,83235317-3da4-5e5b-8100-3d4061fb25e2,"GRANT ST & WINDERMERE ST, VANCOUVER",49.271344,-123.036423,incomplete_2018_2022_observations_no_zero_fill
VANCOUVER,GRANT ST,WOODLAND DR,f1cc7aea-fd42-595f-986d-09a1287fb969,"GRANT ST & WOODLAND DR, VANCOUVER",49.271445,-123.073437,incomplete_2018_2022_observations_no_zero_fill
VANCOUVER,GRANVILLE BRIDGE,HEMLOCK ST ONRAMP,ed49dd17-1a17-58bf-ba2f-2d875082d5f1,"GRANVILLE BRIDGE & HEMLOCK ST ONRAMP, VANCOUVER",49.267898,-123.138396,incomplete_2018_2022_observations_no_zero_fill
VANCOUVER,GRANVILLE BRIDGE,JOHNSTON ST,dda0f505-ab47-5a5b-8a5e-315c9f03ea2c,"GRANVILLE BRIDGE & JOHNSTON ST, VANCOUVER",49.27163,-123.134638,incomplete_2018_2022_observations_no_zero_fill
VANCOUVER,GRANVILLE BRIDGE,PACIFIC ST OFFRAMP,9c259fd6-aa4e-5ad6-b838-569e45a2fc33,"GRANVILLE BRIDGE & PACIFIC ST OFFRAMP, VANCOUVER",49.275046,-123.129407,incomplete_2018_2022_observations_no_zero_fill
VANCOUVER,GRANVILLE BRIDGE,SEYMOUR ST OFFRAMP,76840eea-4d56-5ef9-b962-a7e906db9405,"GRANVILLE BRIDGE & SEYMOUR ST OFFRAMP, VANCOUVER",49.275046,-123.129407,incomplete_2018_2022_observations_no_zero_fill
VANCOUVER,GRANVILLE BRIDGE,W 3RD AVE,93d61897-4c0d-5e46-810a-3f6cc295aeaf,"GRANVILLE BRIDGE & W 3RD AVE, VANCOUVER",49.268778,-123.138265,incomplete_2018_2022_observations_no_zero_fill
VANCOUVER,GRANVILLE BRIDGE,W 4TH AVE OFFRAMP,3df4c01f-fa8b-5cc2-b587-a1050d0870e9,"GRANVILLE BRIDGE & W 4TH AVE OFFRAMP, VANCOUVER",49.267898,-123.138396,incomplete_2018_2022_observations_no_zero_fill
VANCOUVER,GRANVILLE ST,GRANVILLE ST BRIDGE,246e89fa-97e3-57f1-9acb-286685090a6b,"GRANVILLE ST & GRANVILLE ST BRIDGE, VANCOUVER",49.275928,-123.128026,incomplete_2018_2022_observations_no_zero_fill
VANCOUVER,GRANVILLE ST,HWY 1A,53cdc371-cd5c-5563-882a-f8fe4005f0d7,"GRANVILLE ST & HWY 1A, VANCOUVER",49.284652,-123.114846,incomplete_2018_2022_observations_no_zero_fill
VANCOUVER,GRANVILLE ST,HWY 99A,da71e35d-1aa0-5128-8307-68192ed459b6,"GRANVILLE ST & HWY 99A, VANCOUVER",49.284652,-123.114846,incomplete_2018_2022_observations_no_zero_fill
VANCOUVER,GRANVILLE ST,MINTO CRES,d445c67d-2fad-54d8-a3ce-2f212400365f,"GRANVILLE ST & MINTO CRES, VANCOUVER",49.242821,-123.139234,incomplete_2018_2022_observations_no_zero_fill
VANCOUVER,GRANVILLE ST,TILNEY MEWS,6213f164-47f9-5d48-ab1c-7f9ec203d784,"GRANVILLE ST & TILNEY MEWS, VANCOUVER",49.224745,-123.139902,incomplete_2018_2022_observations_no_zero_fill
VANCOUVER,GRANVILLE ST,W 4TH AVE,444d031f-6384-5c0d-b010-fa44eecc1bb2,"GRANVILLE ST & W 4TH AVE, VANCOUVER",49.267939,-123.138452,incomplete_2018_2022_observations_no_zero_fill
VANCOUVER,GRANVILLE ST,W 53RD AVE,906667af-04f3-59bf-a934-9bf7c9c15dca,"GRANVILLE ST & W 53RD AVE, VANCOUVER",49.222613,-123.139989,incomplete_2018_2022_observations_no_zero_fill
VANCOUVER,GRANVILLE ST,W 9TH AVE,f1080374-4f74-51c1-9a74-bea0bb9c783f,"GRANVILLE ST & W 9TH AVE, VANCOUVER",49.263589,-123.138562,incomplete_2018_2022_observations_no_zero_fill
VANCOUVER,GRANVILLE ST BRIDGE,SEYMOUR ST OFFRAMP,523a4e4a-4014-53ee-9a76-1d09594057ac,"GRANVILLE ST BRIDGE & SEYMOUR ST OFFRAMP, VANCOUVER",49.275046,-123.129407,incomplete_2018_2022_observations_no_zero_fill
VANCOUVER,GRANVILLE ST BRIDGE,W 4TH AVE,11df4920-79ad-5d88-8604-c7e3df0b4b2e,"GRANVILLE ST BRIDGE & W 4TH AVE, VANCOUVER",49.267939,-123.138452,incomplete_2018_2022_observations_no_zero_fill
VANCOUVER,GRANVILLE ST ONRAMP,SW MARINE DR,ca8e5d5f-7f5e-5f24-a9c8-48667c35d211,"GRANVILLE ST ONRAMP & SW MARINE DR, VANCOUVER",49.204452,-123.138887,incomplete_2018_2022_observations_no_zero_fill
VANCOUVER,GRAVELEY ST,KASLO ST,2660ce1e-a3be-52c2-a7b4-ed626e245922,"GRAVELEY ST & KASLO ST, VANCOUVER",49.270422,-123.04692,incomplete_2018_2022_observations_no_zero_fill
VANCOUVER,GRAVELEY ST,KOOTENAY ST,9a819825-3aa8-559f-98d4-2f4a120f9587,"GRAVELEY ST & KOOTENAY ST, VANCOUVER",49.270328,-123.026886,incomplete_2018_2022_observations_no_zero_fill
VANCOUVER,GRAVELEY ST,LAKEWOOD DR,4a51c7b2-5fcc-532b-a737-45e283e98954,"GRAVELEY ST & LAKEWOOD DR, VANCOUVER",49.270433,-123.061883,incomplete_2018_2022_observations_no_zero_fill
VANCOUVER,GRAVELEY ST,MCLEAN DR,13dca419-8640-54d4-93db-b67c1aec034c,"GRAVELEY ST & MCLEAN DR, VANCOUVER",49.270547,-123.075403,incomplete_2018_2022_observations_no_zero_fill
VANCOUVER,GRAVELEY ST,NOOTKA ST,13877646-8774-5894-9638-8785756659f7,"GRAVELEY ST & NOOTKA ST, VANCOUVER",49.270405,-123.041439,incomplete_2018_2022_observations_no_zero_fill
VANCOUVER,GRAVELEY ST,RUPERT ST,7cb5469b-3ebd-5761-87e1-0d6ee8d3fe1d,"GRAVELEY ST & RUPERT ST, VANCOUVER",49.270472,-123.033698,incomplete_2018_2022_observations_no_zero_fill
VANCOUVER,GRAVELEY ST,SEMLIN DR,94523706-d8d7-59d9-97e5-40ba18bcf17f,"GRAVELEY ST & SEMLIN DR, VANCOUVER",49.270451,-123.063792,incomplete_2018_2022_observations_no_zero_fill
VANCOUVER,GRAVELEY ST,TEMPLETON DR,d12c820e-b710-5c3f-b8f3-3260e6cf3555,"GRAVELEY ST & TEMPLETON DR, VANCOUVER",49.270414,-123.059944,incomplete_2018_2022_observations_no_zero_fill
VANCOUVER,GRAVELEY ST,WINDERMERE ST,51aec520-697d-5cff-ba65-ab43d7f17aac,"GRAVELEY ST & WINDERMERE ST, VANCOUVER",49.270384,-123.036428,incomplete_2018_2022_observations_no_zero_fill
VANCOUVER,GRAVELEY ST,WOODLAND DR,da58e5fb-c00e-569b-b6b0-1d0402c42751,"GRAVELEY ST & WOODLAND DR, VANCOUVER",49.270529,-123.073463,incomplete_2018_2022_observations_no_zero_fill
VANCOUVER,GREAT NORTHERN WAY,THORNTON ST,69511a6c-cd54-5040-a407-7526a19a7038,"GREAT NORTHERN WAY & THORNTON ST, VANCOUVER",49.26681,-123.09509,incomplete_2018_2022_observations_no_zero_fill
VANCOUVER,GRIFFITHS WAY,W GEORGIA ST,bd5c8fa0-3149-51f2-ac24-dfd889c8624e,"GRIFFITHS WAY & W GEORGIA ST, VANCOUVER",49.277034,-123.109177,incomplete_2018_2022_observations_no_zero_fill
VANCOUVER,GUELPH ST,HWY 7,783060e8-12e0-5047-ba13-72bf5bef1b60,"GUELPH ST & HWY 7, VANCOUVER",49.262518,-123.094952,incomplete_2018_2022_observations_no_zero_fill
VANCOUVER,GUELPH ST,KINGSWAY,417be915-880c-5040-800c-ebfcd4cf3d7e,"GUELPH ST & KINGSWAY, VANCOUVER",49.258908,-123.095033,incomplete_2018_2022_observations_no_zero_fill
VANCOUVER,HAGGART ST,W 32ND AVE,cfdb952c-b72a-5345-aa77-f8d451b113e8,"HAGGART ST & W 32ND AVE, VANCOUVER",49.243167,-123.15918,incomplete_2018_2022_observations_no_zero_fill
VANCOUVER,HAIDA DR,MALTA AVE,1deba862-a04c-56ec-97f0-eccf0bff56c0,"HAIDA DR & MALTA AVE, VANCOUVER",49.254547,-123.027584,incomplete_2018_2022_observations_no_zero_fill
VANCOUVER,HAIG ST,W 64TH AVE,7e0be686-88b7-5f1e-b3ac-542779f20e3b,"HAIG ST & W 64TH AVE, VANCOUVER",49.213102,-123.136908,incomplete_2018_2022_observations_no_zero_fill
VANCOUVER,HAMILTON ST,HWY 7A,734fe70e-6da2-55be-987e-e25dae1a3e20,"HAMILTON ST & HWY 7A, VANCOUVER",49.282772,-123.10996,incomplete_2018_2022_observations_no_zero_fill
VANCOUVER,HAMILTON ST,MAINLAND ST,9abe44ae-bb3d-5b8a-9c68-bcca2d0e3662,"HAMILTON ST & MAINLAND ST, VANCOUVER",49.277772,-123.117489,incomplete_2018_2022_observations_no_zero_fill
VANCOUVER,HANDEL AVE,MATHESON CRES,37c6babd-52d4-5c48-a6aa-865442c5c3a3,"HANDEL AVE & MATHESON CRES, VANCOUVER",49.210395,-123.027367,incomplete_2018_2022_observations_no_zero_fill
VANCOUVER,HARO ST,NICOLA ST,12aba727-9102-5242-bb28-caf19b9e1380,"HARO ST & NICOLA ST, VANCOUVER",49.287957,-123.13219,incomplete_2018_2022_observations_no_zero_fill
VANCOUVER,HAROLD ST,MARMION AVE,219400dc-aedf-5330-9073-46cf6ba1f932,"HAROLD ST & MARMION AVE, VANCOUVER",49.231574,-123.035996,incomplete_2018_2022_observations_no_zero_fill
VANCOUVER,HAROLD ST,SCHOOL AVE,e23331f0-0cd8-5d5c-8855-dde8760f1fab,"HAROLD ST & SCHOOL AVE, VANCOUVER",49.232457,-123.035984,incomplete_2018_2022_observations_no_zero_fill
VANCOUVER,HARRISON DR,ROSEDALE DR,478ae476-b57d-5fdb-a301-c0ec29b85f59,"HARRISON DR & ROSEDALE DR, VANCOUVER",49.208447,-123.059846,incomplete_2018_2022_observations_no_zero_fill
VANCOUVER,HARWOOD ST,JERVIS ST,1e6646b5-3c3c-55eb-8073-988d41c32a5b,"HARWOOD ST & JERVIS ST, VANCOUVER",49.281379,-123.137042,incomplete_2018_2022_observations_no_zero_fill
VANCOUVER,HARWOOD ST,NICOLA ST,62fd30e5-e7a2-54d8-8ca0-60dd6234cdaf,"HARWOOD ST & NICOLA ST, VANCOUVER",49.283049,-123.139629,incomplete_2018_2022_observations_no_zero_fill
VANCOUVER,HAWKS AVE,KEEFER ST,8ac40f54-9698-5a56-9292-bb6142348719,"HAWKS AVE & KEEFER ST, VANCOUVER",49.279251,-123.087239,incomplete_2018_2022_observations_no_zero_fill
VANCOUVER,HAWKS AVE,MALKIN AVE,f5e73c2c-d5fb-58a2-a610-1c9ea83ec095,"HAWKS AVE & MALKIN AVE, VANCOUVER",49.27464,-123.087432,incomplete_2018_2022_observations_no_zero_fill
VANCOUVER,HEATHER ST,W 11TH AVE,c47f457e-93ae-54f0-b292-32418f1cd01d,"HEATHER ST & W 11TH AVE, VANCOUVER",49.261393,-123.11993,incomplete_2018_2022_observations_no_zero_fill
VANCOUVER,HEATHER ST,W 13TH AVE,2e8ab911-11e1-5438-b607-cb8bfa411106,"HEATHER ST & W 13TH AVE, VANCOUVER",49.259526,-123.119989,incomplete_2018_2022_observations_no_zero_fill
VANCOUVER,HEATHER ST,W 14TH AVE,5e0472b9-8389-55c7-b289-d2bfea9031b7,"HEATHER ST & W 14TH AVE, VANCOUVER",49.258724,-123.120056,incomplete_2018_2022_observations_no_zero_fill
VANCOUVER,HEATHER ST,W 15TH AVE,fbf73db5-1f8f-5a25-8df5-a814f54e9a3c,"HEATHER ST & W 15TH AVE, VANCOUVER",49.257711,-123.120102,incomplete_2018_2022_observations_no_zero_fill
VANCOUVER,HEATHER ST,W 17TH AVE,0e9f10f5-431a-5337-9c94-62d99b8dc792,"HEATHER ST & W 17TH AVE, VANCOUVER",49.256105,-123.120144,incomplete_2018_2022_observations_no_zero_fill
VANCOUVER,HEATHER ST,W 18TH AVE,474c1496-08a4-59e3-9be9-36792bcb1451,"HEATHER ST & W 18TH AVE, VANCOUVER",49.255194,-123.120166,incomplete_2018_2022_observations_no_zero_fill
VANCOUVER,HEATHER ST,W 19TH AVE,16e5d54e-2815-568e-9344-b07c81024b34,"HEATHER ST & W 19TH AVE, VANCOUVER",49.25429,-123.120191,incomplete_2018_2022_observations_no_zero_fill
VANCOUVER,HEATHER ST,W 20TH AVE,d315ba25-52cc-57b3-9746-0a4ca9e04007,"HEATHER ST & W 20TH AVE, VANCOUVER",49.253399,-123.120213,incomplete_2018_2022_observations_no_zero_fill
VANCOUVER,HEATHER ST,W 22ND AVE,c5fba662-fc15-5bc9-8480-6fdd255735f7,"HEATHER ST & W 22ND AVE, VANCOUVER",49.251586,-123.120309,incomplete_2018_2022_observations_no_zero_fill
VANCOUVER,HEATHER ST,W 23RD AVE,b7af5f81-fdb9-59bd-85aa-027ea736b9fd,"HEATHER ST & W 23RD AVE, VANCOUVER",49.250682,-123.120323,incomplete_2018_2022_observations_no_zero_fill
VANCOUVER,HEATHER ST,W 24TH AVE,3a56c483-a8b0-5d11-8490-29e03b62fde1,"HEATHER ST & W 24TH AVE, VANCOUVER",49.250083,-123.120356,incomplete_2018_2022_observations_no_zero_fill
VANCOUVER,HEATHER ST,W 25TH AVE,8d314e40-1094-552a-90c8-3795520f285e,"HEATHER ST & W 25TH AVE, VANCOUVER",49.249143,-123.120381,incomplete_2018_2022_observations_no_zero_fill
VANCOUVER,HEATHER ST,W 26TH AVE,494ec7b5-56c9-52df-b908-9dc1183054ef,"HEATHER ST & W 26TH AVE, VANCOUVER",49.248032,-123.120414,incomplete_2018_2022_observations_no_zero_fill
VANCOUVER,HEATHER ST,W 27TH AVE,c6852212-3114-5f25-a3af-324f8ec9c92a,"HEATHER ST & W 27TH AVE, VANCOUVER",49.247113,-123.120447,incomplete_2018_2022_observations_no_zero_fill
VANCOUVER,HEATHER ST,W 28TH AVE,62808886-d463-54d0-b645-8e63ab90edbc,"HEATHER ST & W 28TH AVE, VANCOUVER",49.246199,-123.120436,incomplete_2018_2022_observations_no_zero_fill
VANCOUVER,HEATHER ST,W 29TH AVE,60801a5b-b901-5da4-9636-7a029b0243a0,"HEATHER ST & W 29TH AVE, VANCOUVER",49.245268,-123.120462,incomplete_2018_2022_observations_no_zero_fill
VANCOUVER,HEATHER ST,W 30TH AVE,84f4e6f5-be8b-5ef6-98f1-b7578178e3a6,"HEATHER ST & W 30TH AVE, VANCOUVER",49.244341,-123.120494,incomplete_2018_2022_observations_no_zero_fill
VANCOUVER,HEATHER ST,W 31ST AVE,5d182118-cc68-5116-b130-7f089371ed58,"HEATHER ST & W 31ST AVE, VANCOUVER",49.243278,-123.120544,incomplete_2018_2022_observations_no_zero_fill
VANCOUVER,HEATHER ST,W 32ND AVE,8ae15f7c-6d70-586a-82ac-8d4a34100897,"HEATHER ST & W 32ND AVE, VANCOUVER",49.24223,-123.120579,incomplete_2018_2022_observations_no_zero_fill
VANCOUVER,HEATHER ST,W 37TH AVE,81b7cb6f-3574-530e-a948-c1f26cb43471,"HEATHER ST & W 37TH AVE, VANCOUVER",49.237401,-123.120758,incomplete_2018_2022_observations_no_zero_fill
VANCOUVER,HEATHER ST,W 39TH AVE,5c5f2be5-3f53-50b4-b28b-66f4486e1adb,"HEATHER ST & W 39TH AVE, VANCOUVER",49.235559,-123.12086,incomplete_2018_2022_observations_no_zero_fill
VANCOUVER,HEATHER ST,W 50TH AVE,48bdefdd-e5aa-5c1c-a9e6-41b5dbdd4578,"HEATHER ST & W 50TH AVE, VANCOUVER",49.225459,-123.123607,incomplete_2018_2022_observations_no_zero_fill
VANCOUVER,HEATHER ST,W 52ND AVE,83113eb9-2ec0-5038-98bc-b85dd6701190,"HEATHER ST & W 52ND AVE, VANCOUVER",49.223858,-123.123657,incomplete_2018_2022_observations_no_zero_fill
VANCOUVER,HEATHER ST,W 54TH AVE,95d42f73-9663-573a-a13a-edf4d7f2c610,"HEATHER ST & W 54TH AVE, VANCOUVER",49.221458,-123.123751,incomplete_2018_2022_observations_no_zero_fill
VANCOUVER,HEATHER ST,W 59TH AVE,cf96607d-a11d-5c43-9179-a9f959923592,"HEATHER ST & W 59TH AVE, VANCOUVER",49.217026,-123.123885,incomplete_2018_2022_observations_no_zero_fill
VANCOUVER,HEATHER ST,W 60TH AVE,a6032b30-f066-5294-a585-7cc7a8e30ec5,"HEATHER ST & W 60TH AVE, VANCOUVER",49.216061,-123.123915,incomplete_2018_2022_observations_no_zero_fill
VANCOUVER,HEATHER ST,W 61ST AVE,40f6e5ac-245c-550f-8b6d-ef9cff22d25a,"HEATHER ST & W 61ST AVE, VANCOUVER",49.215521,-123.123937,incomplete_2018_2022_observations_no_zero_fill
VANCOUVER,HEATHER ST,W 63RD AVE,beaa19ef-2eb6-554f-8cad-0aa9e36e74e2,"HEATHER ST & W 63RD AVE, VANCOUVER",49.213723,-123.124017,incomplete_2018_2022_observations_no_zero_fill
VANCOUVER,HEATHER ST,W 64TH AVE,a6e1a4ff-752c-598e-8432-4e3d04a2c7c8,"HEATHER ST & W 64TH AVE, VANCOUVER",49.212899,-123.124042,incomplete_2018_2022_observations_no_zero_fill
VANCOUVER,HEATHER ST,W 66TH AVE,c1517faf-3fdc-5b75-9c8c-76cac4f219e4,"HEATHER ST & W 66TH AVE, VANCOUVER",49.211282,-123.124109,incomplete_2018_2022_observations_no_zero_fill
VANCOUVER,HEATHER ST,W 67TH AVE,21f7d585-c9cf-5942-b8b6-d254ce10e9d7,"HEATHER ST & W 67TH AVE, VANCOUVER",49.210645,-123.124132,incomplete_2018_2022_observations_no_zero_fill
VANCOUVER,HEATHER ST,W 68TH AVE,99d89c21-6a47-5aaf-8577-fe083b560e2e,"HEATHER ST & W 68TH AVE, VANCOUVER",49.210281,-123.124145,incomplete_2018_2022_observations_no_zero_fill
VANCOUVER,HEATHER ST,W 69TH AVE,5e6bd265-e7e3-5cef-9875-a58fffc1fbaa,"HEATHER ST & W 69TH AVE, VANCOUVER",49.209279,-123.124185,incomplete_2018_2022_observations_no_zero_fill
VANCOUVER,HEATHER ST,W KENT AVE N,27962bd0-9883-5852-8fcd-9ea43ef7aebf,"HEATHER ST & W KENT AVE N, VANCOUVER",49.205054,-123.122486,incomplete_2018_2022_observations_no_zero_fill
VANCOUVER,HEATLEY AVE,KEEFER ST,06255ea5-ce0e-5767-b9cc-21f728d3724d,"HEATLEY AVE & KEEFER ST, VANCOUVER",49.279352,-123.089541,incomplete_2018_2022_observations_no_zero_fill
VANCOUVER,HEBB AVE,LILLOOET ST,3bd161dd-d97f-5a5a-8cda-18b580c94bb3,"HEBB AVE & LILLOOET ST, VANCOUVER",49.259957,-123.037922,incomplete_2018_2022_observations_no_zero_fill
VANCOUVER,HEBB AVE,NOOTKA ST,9812c992-104f-5ae7-bd25-e5bd46ebda68,"HEBB AVE & NOOTKA ST, VANCOUVER",49.259632,-123.040127,incomplete_2018_2022_observations_no_zero_fill
VANCOUVER,HEMLOCK CRT,LAMEYS MILL RD,03515114-56ce-52ff-9679-859c8d1b854f,"HEMLOCK CRT & LAMEYS MILL RD, VANCOUVER",49.268065,-123.136545,incomplete_2018_2022_observations_no_zero_fill
VANCOUVER,HEMLOCK ST,W 5TH AVE,644e72bd-09f0-59a5-864c-77399eec27d2,"HEMLOCK ST & W 5TH AVE, VANCOUVER",49.266733,-123.136054,incomplete_2018_2022_observations_no_zero_fill
VANCOUVER,HENNEPIN AVE,RADISSON ST,1160d976-d695-5489-bc1f-e70b5dcf8f16,"HENNEPIN AVE & RADISSON ST, VANCOUVER",49.221523,-123.024582,incomplete_2018_2022_observations_no_zero_fill
VANCOUVER,HENSHAW LANE,NICOLA ST,9d677c8b-fe1e-5918-af58-f54e4321bc9c,"HENSHAW LANE & NICOLA ST, VANCOUVER",49.286216,-123.134822,incomplete_2018_2022_observations_no_zero_fill
VANCOUVER,HENSHAW LANE,THURLOW ST,250ae649-9635-58cf-945d-c9ba29da0dd0,"HENSHAW LANE & THURLOW ST, VANCOUVER",49.282128,-123.128593,incomplete_2018_2022_observations_no_zero_fill
VANCOUVER,HERON PL,MATHESON CRES,5948b476-bf30-58e9-9dea-3643997c3b88,"HERON PL & MATHESON CRES, VANCOUVER",49.212265,-123.025176,incomplete_2018_2022_observations_no_zero_fill
VANCOUVER,HIGHBURY ST,POINT GREY RD,be60e0ef-639a-5628-99da-f5429a3a3288,"HIGHBURY ST & POINT GREY RD, VANCOUVER",49.272275,-123.187497,incomplete_2018_2022_observations_no_zero_fill
VANCOUVER,HIGHBURY ST,SW MARINE DR,8db9eb31-dcb3-595e-962e-31ece46970d8,"HIGHBURY ST & SW MARINE DR, VANCOUVER",49.231749,-123.188356,incomplete_2018_2022_observations_no_zero_fill
VANCOUVER,HIGHBURY ST,W 11TH AVE,c258c428-18b0-5c5f-b364-3bfdb6cf01f9,"HIGHBURY ST & W 11TH AVE, VANCOUVER",49.262577,-123.187847,incomplete_2018_2022_observations_no_zero_fill
VANCOUVER,HIGHBURY ST,W 12TH AVE,f1245ff5-a5a0-5016-bb93-784abbad1861,"HIGHBURY ST & W 12TH AVE, VANCOUVER",49.261703,-123.187852,incomplete_2018_2022_observations_no_zero_fill
VANCOUVER,HIGHBURY ST,W 13TH AVE,bca0cee1-27e1-507a-b98e-0631b879d4e9,"HIGHBURY ST & W 13TH AVE, VANCOUVER",49.260782,-123.187908,incomplete_2018_2022_observations_no_zero_fill
VANCOUVER,HIGHBURY ST,W 17TH AVE,4095eac6-3a3b-5e7b-a1d3-3ceb792d3609,"HIGHBURY ST & W 17TH AVE, VANCOUVER",49.257398,-123.188005,incomplete_2018_2022_observations_no_zero_fill
VANCOUVER,HIGHBURY ST,W 18TH AVE,d5bdc9c8-f0bf-5fc1-851b-a629ca568664,"HIGHBURY ST & W 18TH AVE, VANCOUVER",49.256485,-123.188015,incomplete_2018_2022_observations_no_zero_fill
VANCOUVER,HIGHBURY ST,W 19TH AVE,f17f5064-6f7a-5f18-b9e4-36c2d3604b0a,"HIGHBURY ST & W 19TH AVE, VANCOUVER",49.255569,-123.188025,incomplete_2018_2022_observations_no_zero_fill
VANCOUVER,HIGHBURY ST,W 1ST AVE,783c4cdb-6fee-55a6-b829-43cd2dfd6baf,"HIGHBURY ST & W 1ST AVE, VANCOUVER",49.271351,-123.187519,incomplete_2018_2022_observations_no_zero_fill
VANCOUVER,HIGHBURY ST,W 20TH AVE,58995b66-8ca9-5d36-a72c-df0f99b3e7e3,"HIGHBURY ST & W 20TH AVE, VANCOUVER",49.254698,-123.188031,incomplete_2018_2022_observations_no_zero_fill
VANCOUVER,HIGHBURY ST,W 21ST AVE,1be6a8e2-c847-5343-89e3-f0e0901f5a66,"HIGHBURY ST & W 21ST AVE, VANCOUVER",49.253775,-123.188042,incomplete_2018_2022_observations_no_zero_fill
VANCOUVER,HIGHBURY ST,W 22ND AVE,0f6ca1bf-e4b5-5eff-86b7-0a94c7f962ad,"HIGHBURY ST & W 22ND AVE, VANCOUVER",49.252869,-123.188051,incomplete_2018_2022_observations_no_zero_fill
VANCOUVER,HIGHBURY ST,W 23RD AVE,f6e7d5a7-3812-57ec-9e1d-3bf53fd7691d,"HIGHBURY ST & W 23RD AVE, VANCOUVER",49.251955,-123.188058,incomplete_2018_2022_observations_no_zero_fill
VANCOUVER,HIGHBURY ST,W 25TH AVE,1d471cac-3467-50ed-85c2-70c114aab131,"HIGHBURY ST & W 25TH AVE, VANCOUVER",49.250062,-123.188077,incomplete_2018_2022_observations_no_zero_fill
VANCOUVER,HIGHBURY ST,W 26TH AVE,e2c35d57-8ac4-57dd-b6ef-c70ac456caf7,"HIGHBURY ST & W 26TH AVE, VANCOUVER",49.249028,-123.188089,incomplete_2018_2022_observations_no_zero_fill
VANCOUVER,HIGHBURY ST,W 27TH AVE,623d1a25-06d4-5025-82e4-5abda0318258,"HIGHBURY ST & W 27TH AVE, VANCOUVER",49.248087,-123.188107,incomplete_2018_2022_observations_no_zero_fill
VANCOUVER,HIGHBURY ST,W 29TH AVE,4746489c-f828-5d84-bf63-1a3bd8ad9659,"HIGHBURY ST & W 29TH AVE, VANCOUVER",49.246174,-123.18812,incomplete_2018_2022_observations_no_zero_fill
VANCOUVER,HIGHBURY ST,W 30TH AVE,d7562d1c-1596-51e1-bf1d-80d86a5b431c,"HIGHBURY ST & W 30TH AVE, VANCOUVER",49.245233,-123.188109,incomplete_2018_2022_observations_no_zero_fill
VANCOUVER,HIGHBURY ST,W 31ST AVE,bad95132-0427-5779-b100-f1e88e467be4,"HIGHBURY ST & W 31ST AVE, VANCOUVER",49.244275,-123.188139,incomplete_2018_2022_observations_no_zero_fill
VANCOUVER,HIGHBURY ST,W 33RD AVE,b7255d72-a1c9-5912-ad5f-6c9c68875976,"HIGHBURY ST & W 33RD AVE, VANCOUVER",49.242392,-123.18815,incomplete_2018_2022_observations_no_zero_fill
VANCOUVER,HIGHBURY ST,W 35TH AVE,b79778a9-bbe1-5289-b44f-20ccb772ba83,"HIGHBURY ST & W 35TH AVE, VANCOUVER",49.240482,-123.188177,incomplete_2018_2022_observations_no_zero_fill
VANCOUVER,HIGHBURY ST,W 39TH AVE,d7dc7aef-ffed-5413-9307-e7ef8ae6cade,"HIGHBURY ST & W 39TH AVE, VANCOUVER",49.236439,-123.188234,incomplete_2018_2022_observations_no_zero_fill
VANCOUVER,HIGHBURY ST,W 3RD AVE,b3768807-fed8-507b-ab88-279aed2b90d6,"HIGHBURY ST & W 3RD AVE, VANCOUVER",49.269557,-123.187586,incomplete_2018_2022_observations_no_zero_fill
VANCOUVER,HIGHBURY ST,W 41ST AVE,28089b4b-8f55-57f3-a0d8-c2d388920e5a,"HIGHBURY ST & W 41ST AVE, VANCOUVER",49.234777,-123.188332,incomplete_2018_2022_observations_no_zero_fill
VANCOUVER,HIGHBURY ST,W 5TH AVE,ad6bd562-4929-5fca-a8f0-67e454f24b7a,"HIGHBURY ST & W 5TH AVE, VANCOUVER",49.267766,-123.187637,incomplete_2018_2022_observations_no_zero_fill
VANCOUVER,HIGHBURY ST,W 6TH AVE,d5bb4ff8-6e54-578c-8cc2-d949c73f9509,"HIGHBURY ST & W 6TH AVE, VANCOUVER",49.266961,-123.187671,incomplete_2018_2022_observations_no_zero_fill
VANCOUVER,HIGHBURY ST,W 7TH AVE,58da4472-eef1-542f-8eeb-d513bed19be8,"HIGHBURY ST & W 7TH AVE, VANCOUVER",49.266077,-123.187701,incomplete_2018_2022_observations_no_zero_fill
VANCOUVER,HIGHBURY ST,W BROADWAY,ca2703ff-6cff-5e80-8a7b-5e1c249c6791,"HIGHBURY ST & W BROADWAY, VANCOUVER",49.264373,-123.187784,incomplete_2018_2022_observations_no_zero_fill
VANCOUVER,HIGHBURY ST,W KING EDWARD AVE,34691f7c-c5ef-5840-82ee-97c5f5abe924,"HIGHBURY ST & W KING EDWARD AVE, VANCOUVER",49.250062,-123.188077,incomplete_2018_2022_observations_no_zero_fill
VANCOUVER,HOLLAND ST,SW MARINE DR,3b5265ae-d6df-5dc0-9608-3624e0b9bd9f,"HOLLAND ST & SW MARINE DR, VANCOUVER",49.233198,-123.192311,incomplete_2018_2022_observations_no_zero_fill
VANCOUVER,HOLLAND ST,W 39TH AVE,01c0b8cb-124f-599e-ad2e-36a757d4eaac,"HOLLAND ST & W 39TH AVE, VANCOUVER",49.236438,-123.192274,incomplete_2018_2022_observations_no_zero_fill
VANCOUVER,HOLLAND ST,W 41ST AVE,eb20cc2a-f191-5fd9-bed3-ad380cc57f1c,"HOLLAND ST & W 41ST AVE, VANCOUVER",49.234781,-123.192299,incomplete_2018_2022_observations_no_zero_fill
VANCOUVER,HOMER ST,HWY 1A,462eb5d5-cb0b-5f90-8f03-ef70977debd6,"HOMER ST & HWY 1A, VANCOUVER",49.282763,-123.111922,incomplete_2018_2022_observations_no_zero_fill
VANCOUVER,HOMER ST,HWY 99A,13f6f80c-34cc-560a-af87-b154fcc743f6,"HOMER ST & HWY 99A, VANCOUVER",49.282763,-123.111922,incomplete_2018_2022_observations_no_zero_fill
VANCOUVER,HORLEY ST,KILLARNEY ST,7f9c8fa1-2343-53dc-a743-9c41a4642f66,"HORLEY ST & KILLARNEY ST, VANCOUVER",49.238557,-123.043871,incomplete_2018_2022_observations_no_zero_fill
VANCOUVER,HORLEY ST,MOSS ST,b47b836c-d3ab-5254-8549-1c029b1db57d,"HORLEY ST & MOSS ST, VANCOUVER",49.239263,-123.045627,incomplete_2018_2022_observations_no_zero_fill
VANCOUVER,HORNBY ST,SEABREEZE WALK,9264dcb8-a48b-5dc7-ab15-d15001d16358,"HORNBY ST & SEABREEZE WALK, VANCOUVER",49.274758,-123.133671,incomplete_2018_2022_observations_no_zero_fill
VANCOUVER,HOSMER AVE,MATTHEWS AVE,41d02cc0-0f2e-5469-87e5-ffafb8a6adc8,"HOSMER AVE & MATTHEWS AVE, VANCOUVER",49.251899,-123.150854,incomplete_2018_2022_observations_no_zero_fill
VANCOUVER,HOWE ST,HOWE ST ONRAMP,d7ec8e77-dab3-5526-a26c-e26f26928176,"HOWE ST & HOWE ST ONRAMP, VANCOUVER",49.275046,-123.129407,incomplete_2018_2022_observations_no_zero_fill
VANCOUVER,HOWE ST ONRAMP,PACIFIC ST,0174250f-ea2d-5422-884a-4e6342fd5946,"HOWE ST ONRAMP & PACIFIC ST, VANCOUVER",49.275585,-123.130175,incomplete_2018_2022_observations_no_zero_fill
VANCOUVER,HOY ST,WELLINGTON AVE,91b75064-066b-5501-a94a-1ee741f263ec,"HOY ST & WELLINGTON AVE, VANCOUVER",49.238023,-123.025186,incomplete_2018_2022_observations_no_zero_fill
VANCOUVER,HOYLAKE AVE,MUIRFIELD DR,57392156-2bee-5367-a850-c7cb90256e90,"HOYLAKE AVE & MUIRFIELD DR, VANCOUVER",49.216231,-123.055108,incomplete_2018_2022_observations_no_zero_fill
VANCOUVER,HOYLAKE AVE,NANAIMO ST,3b2bbe3c-72a9-570c-adf8-2f19dfcfae24,"HOYLAKE AVE & NANAIMO ST, VANCOUVER",49.215837,-123.059344,incomplete_2018_2022_observations_no_zero_fill
VANCOUVER,HUDSON ST,HWY 99,c32a6a6b-3ee8-5716-b9c9-c7ef6026f510,"HUDSON ST & HWY 99, VANCOUVER",49.208533,-123.134489,incomplete_2018_2022_observations_no_zero_fill
VANCOUVER,HUDSON ST,LAURIER AVE,4159fa10-7427-51cb-ad74-5eb82914612b,"HUDSON ST & LAURIER AVE, VANCOUVER",49.250757,-123.134336,incomplete_2018_2022_observations_no_zero_fill
VANCOUVER,HUDSON ST,MARPOLE LOOP,b2794018-18ba-5f68-9abd-77365684c7c5,"HUDSON ST & MARPOLE LOOP, VANCOUVER",49.203121,-123.134514,incomplete_2018_2022_observations_no_zero_fill
VANCOUVER,HUDSON ST,MATTHEWS AVE,a9daa177-b5d1-5969-b759-1ef8aa1b839b,"HUDSON ST & MATTHEWS AVE, VANCOUVER",49.253467,-123.134956,incomplete_2018_2022_observations_no_zero_fill
VANCOUVER,HUDSON ST,MINTO CRES,17f79e71-3a90-5958-839f-dc0d008e600f,"HUDSON ST & MINTO CRES, VANCOUVER",49.242853,-123.134897,incomplete_2018_2022_observations_no_zero_fill
VANCOUVER,HUDSON ST,NANTON AVE,c8da9f54-00ac-5d33-8023-498ace018408,"HUDSON ST & NANTON AVE, VANCOUVER",49.246614,-123.134486,incomplete_2018_2022_observations_no_zero_fill
VANCOUVER,HUDSON ST,THE CRESCENT,5ec3e05d-4ad4-56ec-842d-a18424da15de,"HUDSON ST & THE CRESCENT, VANCOUVER",49.255082,-123.135179,incomplete_2018_2022_observations_no_zero_fill
VANCOUVER,HUDSON ST,W 32ND AVE,35866716-ea8a-54ad-b557-5b625b1fec06,"HUDSON ST & W 32ND AVE, VANCOUVER",49.243877,-123.135688,incomplete_2018_2022_observations_no_zero_fill
VANCOUVER,HUDSON ST,W 33RD AVE,7b5d471a-13f2-50ee-b0f4-6afc3f3128d1,"HUDSON ST & W 33RD AVE, VANCOUVER",49.241697,-123.134598,incomplete_2018_2022_observations_no_zero_fill
VANCOUVER,HUDSON ST,W 37TH AVE,31f52b09-892c-5b49-b82d-d3e26450d59a,"HUDSON ST & W 37TH AVE, VANCOUVER",49.237869,-123.134693,incomplete_2018_2022_observations_no_zero_fill
VANCOUVER,HUDSON ST,W 39TH AVE,1d7839d5-1c2f-5aea-9ad1-8057b3d0655f,"HUDSON ST & W 39TH AVE, VANCOUVER",49.236027,-123.134762,incomplete_2018_2022_observations_no_zero_fill
VANCOUVER,HUDSON ST,W 40TH AVE,373df2f7-bfcc-575e-a6c5-240231af7905,"HUDSON ST & W 40TH AVE, VANCOUVER",49.235115,-123.134791,incomplete_2018_2022_observations_no_zero_fill
VANCOUVER,HUDSON ST,W 41ST AVE,d07db16e-60e3-5df0-94a9-60ef6a49b813,"HUDSON ST & W 41ST AVE, VANCOUVER",49.234174,-123.134825,incomplete_2018_2022_observations_no_zero_fill
VANCOUVER,HUDSON ST,W 45TH AVE,3afa940f-060f-5da7-9ee9-d83ddc46da13,"HUDSON ST & W 45TH AVE, VANCOUVER",49.230454,-123.134965,incomplete_2018_2022_observations_no_zero_fill
VANCOUVER,HUDSON ST,W 46TH AVE,a2bfa8d4-4401-5aff-a6c1-d130dd91fb36,"HUDSON ST & W 46TH AVE, VANCOUVER",49.229518,-123.134999,incomplete_2018_2022_observations_no_zero_fill
VANCOUVER,HUDSON ST,W 47TH AVE,e12af9b5-87bc-529c-8f39-35a873a9855d,"HUDSON ST & W 47TH AVE, VANCOUVER",49.228626,-123.135031,incomplete_2018_2022_observations_no_zero_fill
VANCOUVER,HUDSON ST,W 50TH AVE,62f1e910-dbdb-55fa-aaf3-5dff0773bfa8,"HUDSON ST & W 50TH AVE, VANCOUVER",49.225779,-123.13513,incomplete_2018_2022_observations_no_zero_fill
VANCOUVER,HUDSON ST,W 51ST AVE,9c8cc34b-8fad-5a23-85fe-3f9470702d11,"HUDSON ST & W 51ST AVE, VANCOUVER",49.224897,-123.135158,incomplete_2018_2022_observations_no_zero_fill
VANCOUVER,HUDSON ST,W 52ND AVE,28560442-684a-50e8-a5b3-01fe0a317a94,"HUDSON ST & W 52ND AVE, VANCOUVER",49.224006,-123.135188,incomplete_2018_2022_observations_no_zero_fill
VANCOUVER,HUDSON ST,W 54TH AVE,0909ad0e-e05d-540a-b6d2-52207f80780f,"HUDSON ST & W 54TH AVE, VANCOUVER",49.221638,-123.135266,incomplete_2018_2022_observations_no_zero_fill
VANCOUVER,HUDSON ST,W 57TH AVE,95598b7a-8373-54e1-8271-c0ef70d0e03d,"HUDSON ST & W 57TH AVE, VANCOUVER",49.219269,-123.13404,incomplete_2018_2022_observations_no_zero_fill
VANCOUVER,HUDSON ST,W 58TH AVE,8c960452-03db-5d4a-840c-c984f2e8827c,"HUDSON ST & W 58TH AVE, VANCOUVER",49.218278,-123.134076,incomplete_2018_2022_observations_no_zero_fill
VANCOUVER,HUDSON ST,W 59TH AVE,51a980f9-371e-5147-abf2-58dd797c95a6,"HUDSON ST & W 59TH AVE, VANCOUVER",49.217249,-123.134071,incomplete_2018_2022_observations_no_zero_fill
VANCOUVER,HUDSON ST,W 64TH AVE,b8b0465b-eb5a-536a-863f-8e5159a8f9c2,"HUDSON ST & W 64TH AVE, VANCOUVER",49.213053,-123.134238,incomplete_2018_2022_observations_no_zero_fill
VANCOUVER,HUDSON ST,W 67TH AVE,0b77c42d-4766-5bed-9fcb-7ac0156b1fce,"HUDSON ST & W 67TH AVE, VANCOUVER",49.210798,-123.134315,incomplete_2018_2022_observations_no_zero_fill
VANCOUVER,HUDSON ST,W 75TH AVE,fb8dd0be-116c-5114-a441-09ed9786b5b6,"HUDSON ST & W 75TH AVE, VANCOUVER",49.202151,-123.134852,incomplete_2018_2022_observations_no_zero_fill
VANCOUVER,HUDSON ST,W 77TH AVE,429f2ebb-23d5-5b5e-b9f2-fd124ada0449,"HUDSON ST & W 77TH AVE, VANCOUVER",49.201054,-123.135397,incomplete_2018_2022_observations_no_zero_fill
VANCOUVER,HUM-LU-SUM DR,W 51ST AVE,b25e0461-04a5-5462-9f08-2ec09e04d6f5,"HUM-LU-SUM DR & W 51ST AVE, VANCOUVER",49.225592,-123.191869,incomplete_2018_2022_observations_no_zero_fill
VANCOUVER,HUMM ST,UPLAND DR,6ab875c2-3dd0-52cd-9f7d-cc6d51d94157,"HUMM ST & UPLAND DR, VANCOUVER",49.218024,-123.063342,incomplete_2018_2022_observations_no_zero_fill
VANCOUVER,HWY 1,HWY 7,300a15c6-1f6a-5d4d-a9d5-dab67b774c8c,"HWY 1 & HWY 7, VANCOUVER",49.264894,-123.026165,incomplete_2018_2022_observations_no_zero_fill
VANCOUVER,HWY 1,LOUGHEED HWY W UNDRPASS,5e005033-f6cc-5530-8ed3-f4c7caa67a1e,"HWY 1 & LOUGHEED HWY W UNDRPASS, VANCOUVER",49.264894,-123.026165,incomplete_2018_2022_observations_no_zero_fill
VANCOUVER,HWY 1,N SKEENA ST,a05ad122-8b90-52a6-b50c-57372ab07be8,"HWY 1 & N SKEENA ST, VANCOUVER",49.289345,-123.02831,incomplete_2018_2022_observations_no_zero_fill
VANCOUVER,HWY 1,TRANS-CANADA HWY ONRAMP,7de88efe-e66e-5d1b-ac32-4f237d02a093,"HWY 1 & TRANS-CANADA HWY ONRAMP, VANCOUVER",49.287032,-123.031028,incomplete_2018_2022_observations_no_zero_fill
VANCOUVER,HWY 1A,KNIGHT ST,511b8a06-6600-598f-8a85-b2f3bc18c89e,"HWY 1A & KNIGHT ST, VANCOUVER",49.250151,-123.07606,incomplete_2018_2022_observations_no_zero_fill
VANCOUVER,HWY 1A,MAIN ST OFFRAMP,22e93b38-527e-5ae4-86f8-f6fed4b3ef48,"HWY 1A & MAIN ST OFFRAMP, VANCOUVER",49.276783,-123.099854,incomplete_2018_2022_observations_no_zero_fill
VANCOUVER,HWY 1A,MAIN ST ONRAMP,59c36790-8a02-52b3-b82b-55a6408b54cd,"HWY 1A & MAIN ST ONRAMP, VANCOUVER",49.277633,-123.099816,incomplete_2018_2022_observations_no_zero_fill
VANCOUVER,HWY 1A,RUPERT ST,482f65a5-6e7b-5405-8ae4-91de1b8a5844,"HWY 1A & RUPERT ST, VANCOUVER",49.235939,-123.042334,incomplete_2018_2022_observations_no_zero_fill
VANCOUVER,HWY 1A,STANLEY PARK DR,f3968da6-fac7-5c2d-bb4e-2b0a1c88bae4,"HWY 1A & STANLEY PARK DR, VANCOUVER",49.311078,-123.142583,incomplete_2018_2022_observations_no_zero_fill
VANCOUVER,HWY 1A,TERMINAL AVE,549e3532-2cb2-5ee6-8429-0c873b8113d7,"HWY 1A & TERMINAL AVE, VANCOUVER",49.272815,-123.100019,incomplete_2018_2022_observations_no_zero_fill
VANCOUVER,HWY 1A,THURLOW ST,adc5d2ce-ef5b-564b-9d86-670d540e033d,"HWY 1A & THURLOW ST, VANCOUVER",49.285723,-123.123132,incomplete_2018_2022_observations_no_zero_fill
VANCOUVER,HWY 1A,UNION ST,b3885ed6-3d22-5a96-ae13-c815e3cdec7f,"HWY 1A & UNION ST, VANCOUVER",49.277633,-123.099816,incomplete_2018_2022_observations_no_zero_fill
VANCOUVER,HWY 7,KINGSWAY,8a52a9dd-fca0-5ca4-a91e-d294a1a70bca,"HWY 7 & KINGSWAY, VANCOUVER",49.26287,-123.099528,incomplete_2018_2022_observations_no_zero_fill
VANCOUVER,HWY 7,NANAIMO ST,f345554c-b060-5d49-91a1-bd5ceff75c3d,"HWY 7 & NANAIMO ST, VANCOUVER",49.262131,-123.056591,incomplete_2018_2022_observations_no_zero_fill
VANCOUVER,HWY 7,RUPERT ST,de19b8dc-6989-557c-b9ea-9c8cabe62839,"HWY 7 & RUPERT ST, VANCOUVER",49.261898,-123.033733,incomplete_2018_2022_observations_no_zero_fill
VANCOUVER,HWY 7,SKEENA ST,2160a36f-dbb0-587e-912d-21dcdd67606a,"HWY 7 & SKEENA ST, VANCOUVER",49.263485,-123.028483,incomplete_2018_2022_observations_no_zero_fill
VANCOUVER,HWY 7,ST GEORGE ST,1bfc69cf-5de7-53a5-aff8-23ed2b968b2a,"HWY 7 & ST GEORGE ST, VANCOUVER",49.262505,-123.093,incomplete_2018_2022_observations_no_zero_fill
VANCOUVER,HWY 7,VICTORIA DR,f09cb8ad-7ca2-5ce4-9d5d-932902edf1cd,"HWY 7 & VICTORIA DR, VANCOUVER",49.262294,-123.065915,incomplete_2018_2022_observations_no_zero_fill
VANCOUVER,HWY 7A,LAKEWOOD DR,afb93850-f991-5335-bf59-3269861d3065,"HWY 7A & LAKEWOOD DR, VANCOUVER",49.281175,-123.061688,incomplete_2018_2022_observations_no_zero_fill
VANCOUVER,HWY 7A,MAIN ST,3c04940c-c068-5e4d-9415-0c5159b7201d,"HWY 7A & MAIN ST, VANCOUVER",49.281347,-123.099687,incomplete_2018_2022_observations_no_zero_fill
VANCOUVER,HWY 99,HWY 99A,d92e043b-ab71-5406-b375-e09469e445e5,"HWY 99 & HWY 99A, VANCOUVER",49.283132,-123.119153,incomplete_2018_2022_observations_no_zero_fill
VANCOUVER,HWY 99,JERVIS ST,98b3b171-07b8-55b7-8c6b-c21cbe1c2c35,"HWY 99 & JERVIS ST, VANCOUVER",49.288136,-123.126873,incomplete_2018_2022_observations_no_zero_fill
VANCOUVER,HWY 99,JOHNSTON ST,36560144-2302-5bf3-8609-3016cc9450e4,"HWY 99 & JOHNSTON ST, VANCOUVER",49.27163,-123.134638,incomplete_2018_2022_observations_no_zero_fill
VANCOUVER,HWY 99,LAMEYS MILL RD,484f3821-0561-5c77-849b-3c1ef0b3903d,"HWY 99 & LAMEYS MILL RD, VANCOUVER",49.269413,-123.137786,incomplete_2018_2022_observations_no_zero_fill
VANCOUVER,HWY 99,LOST LAGOON RD,741b1c99-6f2f-598e-9902-bcd9a3cc2ee4,"HWY 99 & LOST LAGOON RD, VANCOUVER",49.295988,-123.136414,incomplete_2018_2022_observations_no_zero_fill
VANCOUVER,HWY 99,NELSON ST,c2fdf1d9-26ef-522c-b424-0720bfa78713,"HWY 99 & NELSON ST, VANCOUVER",49.279909,-123.124039,incomplete_2018_2022_observations_no_zero_fill
VANCOUVER,HWY 99,PACIFIC ST,98d0543f-a134-5b4c-bbd1-558c5bddb4a4,"HWY 99 & PACIFIC ST, VANCOUVER",49.275046,-123.129407,incomplete_2018_2022_observations_no_zero_fill
VANCOUVER,HWY 99,ROBSON ST,2bbe9203-58d2-5f3c-8704-a7837aebbb6f,"HWY 99 & ROBSON ST, VANCOUVER",49.282019,-123.120839,incomplete_2018_2022_observations_no_zero_fill
VANCOUVER,HWY 99,STANLEY PARK DR OFFRAMP,1418b671-5f88-5529-9beb-d1619d57f035,"HWY 99 & STANLEY PARK DR OFFRAMP, VANCOUVER",49.310161,-123.143364,incomplete_2018_2022_observations_no_zero_fill
VANCOUVER,HWY 99,SW MARINE DR OFFRAMP,1f851a47-9191-58fd-9137-c21bb45383c5,"HWY 99 & SW MARINE DR OFFRAMP, VANCOUVER",49.204906,-123.129668,incomplete_2018_2022_observations_no_zero_fill
VANCOUVER,HWY 99,W 13TH AVE,0a289010-8c47-549d-b292-d7020f8c6c50,"HWY 99 & W 13TH AVE, VANCOUVER",49.259815,-123.138729,incomplete_2018_2022_observations_no_zero_fill
VANCOUVER,HWY 99,W 16TH AVE,21497439-e0ad-5a48-9011-071f19bc9cf9,"HWY 99 & W 16TH AVE, VANCOUVER",49.257053,-123.138793,incomplete_2018_2022_observations_no_zero_fill
VANCOUVER,HWY 99,W 25TH AVE,9745590c-2d3b-5a4d-9944-8dc67cd1b3d3,"HWY 99 & W 25TH AVE, VANCOUVER",49.249411,-123.139097,incomplete_2018_2022_observations_no_zero_fill
VANCOUVER,HWY 99,W 26TH AVE,00de1b63-5358-5a12-b472-0f404ecea145,"HWY 99 & W 26TH AVE, VANCOUVER",49.248332,-123.139148,incomplete_2018_2022_observations_no_zero_fill
VANCOUVER,HWY 99,W 29TH AVE,c37d9baf-ec69-52a3-b984-989937118db7,"HWY 99 & W 29TH AVE, VANCOUVER",49.24536,-123.139167,incomplete_2018_2022_observations_no_zero_fill
VANCOUVER,HWY 99,W 33RD AVE,dbffa71b-0f1f-5fd8-aa0a-4d44fdb0fdf1,"HWY 99 & W 33RD AVE, VANCOUVER",49.241887,-123.139312,incomplete_2018_2022_observations_no_zero_fill
VANCOUVER,HWY 99,W 4TH AVE,130be044-0a4e-5c42-af8d-694d41555269,"HWY 99 & W 4TH AVE, VANCOUVER",49.267939,-123.138452,incomplete_2018_2022_observations_no_zero_fill
VANCOUVER,HWY 99,W 59TH AVE,2b13a038-315d-5355-9cce-1dcaacfe73fe,"HWY 99 & W 59TH AVE, VANCOUVER",49.217369,-123.140216,incomplete_2018_2022_observations_no_zero_fill
VANCOUVER,HWY 99,W 5TH AVE,45e3ff6a-ee7a-5d2c-b9ae-8f12bbab7269,"HWY 99 & W 5TH AVE, VANCOUVER",49.266772,-123.138455,incomplete_2018_2022_observations_no_zero_fill
VANCOUVER,HWY 99,W 62ND AVE,d82de6c7-1f66-57a0-aec8-924227917780,"HWY 99 & W 62ND AVE, VANCOUVER",49.21499,-123.140301,incomplete_2018_2022_observations_no_zero_fill
VANCOUVER,HWY 99,W 6TH AVE,057cc7e3-4500-56cd-b0a5-0fbaa7385680,"HWY 99 & W 6TH AVE, VANCOUVER",49.266182,-123.138468,incomplete_2018_2022_observations_no_zero_fill
VANCOUVER,HWY 99,W 71ST AVE,a893818f-103d-582a-8916-40aca4963219,"HWY 99 & W 71ST AVE, VANCOUVER",49.206913,-123.130318,incomplete_2018_2022_observations_no_zero_fill
VANCOUVER,HWY 99,W 8TH AVE,4b2c82ab-3910-59c4-9c97-f70f991e658a,"HWY 99 & W 8TH AVE, VANCOUVER",49.264503,-123.138529,incomplete_2018_2022_observations_no_zero_fill
VANCOUVER,HWY 99,W BROADWAY,4aa4ae13-c1e7-53c3-a465-27c36b09ffc7,"HWY 99 & W BROADWAY, VANCOUVER",49.263589,-123.138562,incomplete_2018_2022_observations_no_zero_fill
VANCOUVER,HWY 99,W KING EDWARD AVE,1b2cc25a-c98f-5592-be2f-02e00b5dcdb9,"HWY 99 & W KING EDWARD AVE, VANCOUVER",49.249411,-123.139097,incomplete_2018_2022_observations_no_zero_fill
VANCOUVER,HWY 99,W PENDER ST,4fab63a0-c861-5d2f-ade3-8ae08e68a9ff,"HWY 99 & W PENDER ST, VANCOUVER",49.290575,-123.130597,incomplete_2018_2022_observations_no_zero_fill
VANCOUVER,HWY 99,WREN TRAIL,e9340397-76cd-5dee-90eb-cafceeda116e,"HWY 99 & WREN TRAIL, VANCOUVER",49.300962,-123.143284,incomplete_2018_2022_observations_no_zero_fill
VANCOUVER,HWY 99A,MAIN ST ONRAMP,c063312b-4af4-549f-8910-e5d3469062b8,"HWY 99A & MAIN ST ONRAMP, VANCOUVER",49.277633,-123.099816,incomplete_2018_2022_observations_no_zero_fill
VANCOUVER,HWY 99A,NANAIMO ST,9cdfcd3e-6823-5ab8-b7ef-73ef529edc0d,"HWY 99A & NANAIMO ST, VANCOUVER",49.24187,-123.058123,incomplete_2018_2022_observations_no_zero_fill
VANCOUVER,HWY 99A,TAYLOR ST,3be05d39-cee0-5417-9361-c06a398fc6f4,"HWY 99A & TAYLOR ST, VANCOUVER",49.280709,-123.105595,incomplete_2018_2022_observations_no_zero_fill
VANCOUVER,HWY 99A,W GEORGIA ST,11d85d1e-8bad-5599-a933-ec26468b9841,"HWY 99A & W GEORGIA ST, VANCOUVER",49.283132,-123.119153,incomplete_2018_2022_observations_no_zero_fill
VANCOUVER,HYACK DR,SE MARINE DR,42ed0471-e524-596e-8f0b-f0e4ec8164fe,"HYACK DR & SE MARINE DR, VANCOUVER",49.207994,-123.025792,incomplete_2018_2022_observations_no_zero_fill
VANCOUVER,IMPERIAL RD,W 16TH AVE,437c1e84-1167-59ac-aecc-7dfcb2141654,"IMPERIAL RD & W 16TH AVE, VANCOUVER",49.258199,-123.20322,incomplete_2018_2022_observations_no_zero_fill
VANCOUVER,INDUSTRIAL AVE,SCOTIA ST,05d6c919-8b80-5705-97e7-5966463228c8,"INDUSTRIAL AVE & SCOTIA ST, VANCOUVER",49.269595,-123.096397,incomplete_2018_2022_observations_no_zero_fill
VANCOUVER,INDUSTRIAL AVE,STATION ST,80e6cd80-32c5-5256-be96-59dc42df3e46,"INDUSTRIAL AVE & STATION ST, VANCOUVER",49.269881,-123.098082,incomplete_2018_2022_observations_no_zero_fill
VANCOUVER,INDUSTRIAL AVE,WESTERN ST,3b1767b6-3b80-5990-998c-f5cf23c97479,"INDUSTRIAL AVE & WESTERN ST, VANCOUVER",49.270455,-123.100006,incomplete_2018_2022_observations_no_zero_fill
VANCOUVER,INTERURBAN WAY,YUKON ST,8bca2531-af0e-5c12-9572-a917b93d4b19,"INTERURBAN WAY & YUKON ST, VANCOUVER",49.209592,-123.115137,incomplete_2018_2022_observations_no_zero_fill
VANCOUVER,INVERNESS ST,WAVERLEY AVE,acd4a5e3-d5f5-5e33-86d0-9353aef5525a,"INVERNESS ST & WAVERLEY AVE, VANCOUVER",49.226974,-123.080015,incomplete_2018_2022_observations_no_zero_fill
VANCOUVER,IRONWORKERS MEMORIAL BRIDGE,MCGILL ST ONRAMP,9eb08cc4-dd90-52c8-ae4b-ee98bc2087af,"IRONWORKERS MEMORIAL BRIDGE & MCGILL ST ONRAMP, VANCOUVER",49.287032,-123.031028,incomplete_2018_2022_observations_no_zero_fill
VANCOUVER,JACK UPPAL ST,SAWMILL CRES,0bcabfdd-ee88-5fc4-8a8c-b6807cbc9ab9,"JACK UPPAL ST & SAWMILL CRES, VANCOUVER",49.206294,-123.033176,incomplete_2018_2022_observations_no_zero_fill
VANCOUVER,JACKSON AVE,RAILWAY ST,204f9c24-bcf6-5adb-8788-fae389f2689c,"JACKSON AVE & RAILWAY ST, VANCOUVER",49.284755,-123.093272,incomplete_2018_2022_observations_no_zero_fill
VANCOUVER,JACKSON AVE,UNION ST,6998c1ca-2b76-5cc5-980c-335dc5775138,"JACKSON AVE & UNION ST, VANCOUVER",49.277558,-123.093588,incomplete_2018_2022_observations_no_zero_fill
VANCOUVER,JASPER CRES,PRESTWICK DR,876f38a2-084b-5865-8aa5-37d80af9aa51,"JASPER CRES & PRESTWICK DR, VANCOUVER",49.216622,-123.069284,incomplete_2018_2022_observations_no_zero_fill
VANCOUVER,JELLICOE ST,SOTAO AVE,3ef0529d-7fde-556c-a979-b0634e1fb24a,"JELLICOE ST & SOTAO AVE, VANCOUVER",49.207304,-123.047698,incomplete_2018_2022_observations_no_zero_fill
VANCOUVER,JEPSON-YOUNG LANE,NICOLA ST,44ccf86c-11bb-5584-a8d8-9d4531fd8ba9,"JEPSON-YOUNG LANE & NICOLA ST, VANCOUVER",49.285509,-123.135872,incomplete_2018_2022_observations_no_zero_fill
VANCOUVER,JEPSON-YOUNG LANE,THURLOW ST,8d619127-abe8-5016-86f8-c1b98baafa1a,"JEPSON-YOUNG LANE & THURLOW ST, VANCOUVER",49.281473,-123.129585,incomplete_2018_2022_observations_no_zero_fill
VANCOUVER,JERICHO CIRCLE,W 3RD AVE,225ea799-b082-5617-85d7-a8285c1849b7,"JERICHO CIRCLE & W 3RD AVE, VANCOUVER",49.270132,-123.204,incomplete_2018_2022_observations_no_zero_fill
VANCOUVER,JERICHO DR,MALI AVE,d01dd56e-7d52-5997-b8b0-15bf5c3cc75c,"JERICHO DR & MALI AVE, VANCOUVER",49.225551,-123.199332,incomplete_2018_2022_observations_no_zero_fill
VANCOUVER,JERVIS MEWS,W CORDOVA ST,4bbc322c-b4ab-5279-b9f7-c8acc190dc6d,"JERVIS MEWS & W CORDOVA ST, VANCOUVER",49.290075,-123.123917,incomplete_2018_2022_observations_no_zero_fill
VANCOUVER,JERVIS ST,JUNG LANE,e72aeb8e-5f25-50ce-ae12-3a10b674ee31,"JERVIS ST & JUNG LANE, VANCOUVER",49.281064,-123.137525,incomplete_2018_2022_observations_no_zero_fill
VANCOUVER,JERVIS ST,MAXINE LANE,43b1f393-0bca-52a6-aaab-c2cad326e055,"JERVIS ST & MAXINE LANE, VANCOUVER",49.281748,-123.136544,incomplete_2018_2022_observations_no_zero_fill
VANCOUVER,JERVIS ST,PANTAGES LANE,5b943f41-2ab8-5d1d-ab69-ae7982b99a87,"JERVIS ST & PANTAGES LANE, VANCOUVER",49.282464,-123.135458,incomplete_2018_2022_observations_no_zero_fill
VANCOUVER,JERVIS ST,ROSEMARY BROWN LANE,878f93d0-b0d5-5d2d-972d-1d70b5400025,"JERVIS ST & ROSEMARY BROWN LANE, VANCOUVER",49.286658,-123.12904,incomplete_2018_2022_observations_no_zero_fill
VANCOUVER,JERVIS ST,SEE-EM-IA LANE,9f19644d-f4c6-5d8b-98e8-f09fd3355a8f,"JERVIS ST & SEE-EM-IA LANE, VANCOUVER",49.283183,-123.134373,incomplete_2018_2022_observations_no_zero_fill
VANCOUVER,JERVIS ST,STOVOLD LANE,fbf21120-3f9c-5dc7-91ba-b21059582927,"JERVIS ST & STOVOLD LANE, VANCOUVER",49.285952,-123.130106,incomplete_2018_2022_observations_no_zero_fill
VANCOUVER,JERVIS ST,TED NORTHE LANE,9aec86ea-0e64-5f4c-bb85-159a99cf9bc0,"JERVIS ST & TED NORTHE LANE, VANCOUVER",49.285243,-123.131195,incomplete_2018_2022_observations_no_zero_fill
VANCOUVER,JERVIS ST,W HASTINGS ST,df9aafde-9fc5-5f45-bfe0-9ee35c89b9de,"JERVIS ST & W HASTINGS ST, VANCOUVER",49.289441,-123.124894,incomplete_2018_2022_observations_no_zero_fill
VANCOUVER,JOYCE ST,MARMION AVE,9eef5137-e2ba-56df-97e0-8d464489e10a,"JOYCE ST & MARMION AVE, VANCOUVER",49.231581,-123.03742,incomplete_2018_2022_observations_no_zero_fill
VANCOUVER,JOYCE ST,MOSCROP ST,0a7da83b-5648-5416-a744-cb1f19101326,"JOYCE ST & MOSCROP ST, VANCOUVER",49.243346,-123.026974,incomplete_2018_2022_observations_no_zero_fill
VANCOUVER,JOYCE ST,PRICE ST,3b275eb4-cbcf-5b77-9a3a-6a992b90920b,"JOYCE ST & PRICE ST, VANCOUVER",49.241743,-123.028504,incomplete_2018_2022_observations_no_zero_fill
VANCOUVER,JOYCE ST,TANNER ST,bb83311b-a2ec-5844-bdfc-87ed40569e59,"JOYCE ST & TANNER ST, VANCOUVER",49.242588,-123.027709,incomplete_2018_2022_observations_no_zero_fill
VANCOUVER,JOYCE STATION LOOP,VANNESS AVE,5adf2ebb-2d8c-5d70-a912-cfb9a6e124b9,"JOYCE STATION LOOP & VANNESS AVE, VANCOUVER",49.238758,-123.033007,incomplete_2018_2022_observations_no_zero_fill
VANCOUVER,JUNG LANE,NICOLA ST,9f77047d-1896-52d7-a084-724b491ecb6a,"JUNG LANE & NICOLA ST, VANCOUVER",49.282718,-123.140158,incomplete_2018_2022_observations_no_zero_fill
VANCOUVER,JUNG LANE,THURLOW ST,d999b10c-26ac-5bae-95a0-49f8eb1fecb1,"JUNG LANE & THURLOW ST, VANCOUVER",49.278647,-123.133831,incomplete_2018_2022_observations_no_zero_fill
VANCOUVER,KAMLOOPS ST,KITCHENER ST,1137ba3f-76e4-5494-98d5-a3ca91ece9f5,"KAMLOOPS ST & KITCHENER ST, VANCOUVER",49.272301,-123.054695,incomplete_2018_2022_observations_no_zero_fill
VANCOUVER,KAMLOOPS ST,NAPIER ST,a82b9714-523e-52f9-af08-50a226c5ddce,"KAMLOOPS ST & NAPIER ST, VANCOUVER",49.274979,-123.054686,incomplete_2018_2022_observations_no_zero_fill
VANCOUVER,KAMLOOPS ST,PANDORA ST,f5db2c8b-ffa7-593d-979b-cdb99a1522e2,"KAMLOOPS ST & PANDORA ST, VANCOUVER",49.282994,-123.054582,incomplete_2018_2022_observations_no_zero_fill
VANCOUVER,KAMLOOPS ST,TRIUMPH ST,b37fcb46-cc4d-5847-917b-bbc29393aa82,"KAMLOOPS ST & TRIUMPH ST, VANCOUVER",49.283901,-123.054584,incomplete_2018_2022_observations_no_zero_fill
VANCOUVER,KAMLOOPS ST,TURNER ST,d3e895a4-445a-5d47-8147-7db37c225a5d,"KAMLOOPS ST & TURNER ST, VANCOUVER",49.279102,-123.054597,incomplete_2018_2022_observations_no_zero_fill
VANCOUVER,KAMLOOPS ST,VENABLES ST,a8fefbde-6002-5b6f-bc04-da972ee95f60,"KAMLOOPS ST & VENABLES ST, VANCOUVER",49.276631,-123.05467,incomplete_2018_2022_observations_no_zero_fill
VANCOUVER,KAMLOOPS ST,WILLIAM ST,af5161ab-4b57-5baa-99d1-b3767a10c9db,"KAMLOOPS ST & WILLIAM ST, VANCOUVER",49.27414,-123.054661,incomplete_2018_2022_observations_no_zero_fill
VANCOUVER,KASLO ST,KITCHENER ST,df7a30ba-1922-543d-958f-07a35a61a7ae,"KASLO ST & KITCHENER ST, VANCOUVER",49.272296,-123.046883,incomplete_2018_2022_observations_no_zero_fill
VANCOUVER,KASLO ST,NAPIER ST,37e1da28-7736-5b10-9043-a37ceb3e4a78,"KASLO ST & NAPIER ST, VANCOUVER",49.274954,-123.046861,incomplete_2018_2022_observations_no_zero_fill
VANCOUVER,KASLO ST,PANDORA ST,9e80fa52-3945-5b2a-8992-d62ab6b70cb5,"KASLO ST & PANDORA ST, VANCOUVER",49.282973,-123.046675,incomplete_2018_2022_observations_no_zero_fill
VANCOUVER,KASLO ST,PARKER ST,c347bb45-6bcf-53f2-8f13-283013aede66,"KASLO ST & PARKER ST, VANCOUVER",49.275778,-123.046843,incomplete_2018_2022_observations_no_zero_fill
VANCOUVER,KASLO ST,TRIUMPH ST,01ba3b1f-e45a-5914-89a6-c7f076f16e24,"KASLO ST & TRIUMPH ST, VANCOUVER",49.28388,-123.046689,incomplete_2018_2022_observations_no_zero_fill
VANCOUVER,KASLO ST,TURNER ST,72370344-f436-5dac-9dda-b1a0dbe56474,"KASLO ST & TURNER ST, VANCOUVER",49.279097,-123.046707,incomplete_2018_2022_observations_no_zero_fill
VANCOUVER,KASLO ST,VENABLES ST,2f380904-13fd-5c15-acf7-c794bdf8268c,"KASLO ST & VENABLES ST, VANCOUVER",49.276644,-123.046785,incomplete_2018_2022_observations_no_zero_fill
VANCOUVER,KASLO ST,WILLIAM ST,a4e4c2d0-dc91-52ba-a24e-40e8a09de359,"KASLO ST & WILLIAM ST, VANCOUVER",49.274179,-123.046867,incomplete_2018_2022_observations_no_zero_fill
VANCOUVER,KEEFER PL,TAYLOR ST,037adc59-9da0-545c-83cd-4e78714221cf,"KEEFER PL & TAYLOR ST, VANCOUVER",49.279457,-123.106113,incomplete_2018_2022_observations_no_zero_fill
VANCOUVER,KEEFER ST,PRINCESS AVE,d1e8c65a-a987-53b5-9e3e-4b69fb40c82b,"KEEFER ST & PRINCESS AVE, VANCOUVER",49.27933,-123.091563,incomplete_2018_2022_observations_no_zero_fill
VANCOUVER,KEEFER ST,QUEBEC ST,62cb2085-7220-5c9e-b06d-c92b53b1cf2e,"KEEFER ST & QUEBEC ST, VANCOUVER",49.279286,-123.102155,incomplete_2018_2022_observations_no_zero_fill
VANCOUVER,KEEFER ST,VERNON DR,52cc5164-499e-50ad-a174-fab56d667107,"KEEFER ST & VERNON DR, VANCOUVER",49.279122,-123.079226,incomplete_2018_2022_observations_no_zero_fill
VANCOUVER,KERR ST,KINGSWAY,fe97dc53-17da-59d2-a4a8-086fb3b0099d,"KERR ST & KINGSWAY, VANCOUVER",49.235641,-123.039546,incomplete_2018_2022_observations_no_zero_fill
VANCOUVER,KERR ST,RIVERWALK AVE,91637b85-ba01-56b6-bbad-6f1e657dea71,"KERR ST & RIVERWALK AVE, VANCOUVER",49.206104,-123.042291,incomplete_2018_2022_observations_no_zero_fill
VANCOUVER,KERR ST,WAVERLEY AVE,2c758d1e-f060-5502-8a1a-6dc1387e5047,"KERR ST & WAVERLEY AVE, VANCOUVER",49.226982,-123.040991,incomplete_2018_2022_observations_no_zero_fill
VANCOUVER,KERSLAND DR,W 33RD AVE,0800d00a-68f7-5841-a8e4-d93d3b9d7962,"KERSLAND DR & W 33RD AVE, VANCOUVER",49.241028,-123.116933,incomplete_2018_2022_observations_no_zero_fill
VANCOUVER,KERSLAND DR,W 35TH AVE,6dca4609-4e19-5cc9-ad81-14a2e5235142,"KERSLAND DR & W 35TH AVE, VANCOUVER",49.239692,-123.115427,incomplete_2018_2022_observations_no_zero_fill
VANCOUVER,KERSLAND DR,W 37TH AVE,56c628a4-36c2-596c-a4fe-da20b979c2e0,"KERSLAND DR & W 37TH AVE, VANCOUVER",49.237132,-123.11448,incomplete_2018_2022_observations_no_zero_fill
VANCOUVER,KEVIN PL,W 29TH AVE,fdd2d09c-510d-55c9-96bb-4b81c58eac20,"KEVIN PL & W 29TH AVE, VANCOUVER",49.247434,-123.201215,incomplete_2018_2022_observations_no_zero_fill
VANCOUVER,KING EDWARD AVE,YEW ST,299f762b-7795-5967-b878-68f793331faf,"KING EDWARD AVE & YEW ST, VANCOUVER",49.250738,-123.155927,incomplete_2018_2022_observations_no_zero_fill
VANCOUVER,KINGS AVE,MOSS ST,6e901697-0811-5c05-b24e-45841ea96370,"KINGS AVE & MOSS ST, VANCOUVER",49.243127,-123.041746,incomplete_2018_2022_observations_no_zero_fill
VANCOUVER,KINGS LYNN ST,PETERSHAM AVE,07387fe8-44f4-5cf5-9dce-534b5100d3c2,"KINGS LYNN ST & PETERSHAM AVE, VANCOUVER",49.227288,-123.026025,incomplete_2018_2022_observations_no_zero_fill
VANCOUVER,KINGSWAY,MOSS ST,e184edee-3d0b-5019-b24d-03e87c4a6ae9,"KINGSWAY & MOSS ST, VANCOUVER",49.237064,-123.047628,incomplete_2018_2022_observations_no_zero_fill
VANCOUVER,KINGSWAY,SOPHIA ST,1c02a262-1c18-5775-8c6c-e846a0fadbe1,"KINGSWAY & SOPHIA ST, VANCOUVER",49.261562,-123.098258,incomplete_2018_2022_observations_no_zero_fill
VANCOUVER,KINGSWAY,WALES ST,eda12c04-fe17-508f-ac8d-dca3012ab543,"KINGSWAY & WALES ST, VANCOUVER",49.238891,-123.051643,incomplete_2018_2022_observations_no_zero_fill
VANCOUVER,KINROSS ST,NORTH ARM AVE,5416725a-5c15-5e71-86a1-b761171fceac,"KINROSS ST & NORTH ARM AVE, VANCOUVER",49.204923,-123.036757,incomplete_2018_2022_observations_no_zero_fill
VANCOUVER,KINROSS ST,RIVERWALK AVE,f36d847e-0d4b-5202-9196-12dbce646b92,"KINROSS ST & RIVERWALK AVE, VANCOUVER",49.205379,-123.036747,incomplete_2018_2022_observations_no_zero_fill
VANCOUVER,KITCHENER ST,LAKEWOOD DR,23a7e865-090d-5549-b619-167cb27a36f4,"KITCHENER ST & LAKEWOOD DR, VANCOUVER",49.272057,-123.061849,incomplete_2018_2022_observations_no_zero_fill
VANCOUVER,KITCHENER ST,MCLEAN DR,a2438b0e-8e54-5bc7-b721-d872409042a3,"KITCHENER ST & MCLEAN DR, VANCOUVER",49.272178,-123.074478,incomplete_2018_2022_observations_no_zero_fill
VANCOUVER,KITCHENER ST,NOOTKA ST,05455a10-9d7d-503e-8c1e-523d6e76315e,"KITCHENER ST & NOOTKA ST, VANCOUVER",49.272277,-123.041434,incomplete_2018_2022_observations_no_zero_fill
VANCOUVER,KITCHENER ST,ODLUM DR,a54c4e64-462f-5be2-81f0-cdf0d365e3d8,"KITCHENER ST & ODLUM DR, VANCOUVER",49.272211,-123.075951,incomplete_2018_2022_observations_no_zero_fill
VANCOUVER,KITCHENER ST,RENFREW ST,bbed3b87-36b8-54ef-8f6e-5d6bec1f154e,"KITCHENER ST & RENFREW ST, VANCOUVER",49.272286,-123.044166,incomplete_2018_2022_observations_no_zero_fill
VANCOUVER,KITCHENER ST,RUPERT ST,d178b2f8-7857-5dd6-a305-4107a9535efc,"KITCHENER ST & RUPERT ST, VANCOUVER",49.272277,-123.033645,incomplete_2018_2022_observations_no_zero_fill
VANCOUVER,KITCHENER ST,SEMLIN DR,41cad949-c0f7-5260-9076-e36d8963ec1a,"KITCHENER ST & SEMLIN DR, VANCOUVER",49.27209,-123.063761,incomplete_2018_2022_observations_no_zero_fill
VANCOUVER,KITCHENER ST,SLOCAN ST,03731095-ab68-5077-8a1a-784aef29ce85,"KITCHENER ST & SLOCAN ST, VANCOUVER",49.272296,-123.049405,incomplete_2018_2022_observations_no_zero_fill
VANCOUVER,KITCHENER ST,WINDERMERE ST,fd48f38f-1a51-5e07-8918-e0438136b329,"KITCHENER ST & WINDERMERE ST, VANCOUVER",49.272281,-123.036403,incomplete_2018_2022_observations_no_zero_fill
VANCOUVER,KITCHENER ST,WOODLAND DR,26e9bbf6-db63-5f6c-8a38-28adaf327729,"KITCHENER ST & WOODLAND DR, VANCOUVER",49.272165,-123.073464,incomplete_2018_2022_observations_no_zero_fill
VANCOUVER,KITSILANO DIVERS,W 11TH AVE,192c5d27-b2e7-55f2-aee8-863f3680f197,"KITSILANO DIVERS & W 11TH AVE, VANCOUVER",49.262339,-123.168239,incomplete_2018_2022_observations_no_zero_fill
VANCOUVER,KNIGHT ST,SE MARINE DR ONRAMP,0f1cf56d-d963-539e-894b-49df34e4bd81,"KNIGHT ST & SE MARINE DR ONRAMP, VANCOUVER",49.211079,-123.077129,incomplete_2018_2022_observations_no_zero_fill
VANCOUVER,KOOTENAY ST,NAPIER ST,4614da7c-5208-5388-b3d9-72a2539b78fd,"KOOTENAY ST & NAPIER ST, VANCOUVER",49.274938,-123.026093,incomplete_2018_2022_observations_no_zero_fill
VANCOUVER,KOOTENAY ST,PANDORA ST,bd53b494-f1e1-524c-a430-8e37c9815e94,"KOOTENAY ST & PANDORA ST, VANCOUVER",49.282943,-123.025699,incomplete_2018_2022_observations_no_zero_fill
VANCOUVER,KOOTENAY ST,TURNER ST,f6944eab-7c57-5032-8c09-39322203fd15,"KOOTENAY ST & TURNER ST, VANCOUVER",49.279056,-123.025722,incomplete_2018_2022_observations_no_zero_fill
VANCOUVER,KOOTENAY ST,WILLIAM ST,fd296cca-4007-5ab6-97fe-d8ef207481fc,"KOOTENAY ST & WILLIAM ST, VANCOUVER",49.274113,-123.026114,incomplete_2018_2022_observations_no_zero_fill
VANCOUVER,LABURNUM ST,W 37TH AVE,186b7e69-6576-56aa-b480-844ab922e564,"LABURNUM ST & W 37TH AVE, VANCOUVER",49.238213,-123.150434,incomplete_2018_2022_observations_no_zero_fill
VANCOUVER,LABURNUM ST,W 47TH AVE,9fad64e0-cc39-5745-8802-ac7a6677c1a9,"LABURNUM ST & W 47TH AVE, VANCOUVER",49.228929,-123.150856,incomplete_2018_2022_observations_no_zero_fill
VANCOUVER,LABURNUM ST,W 49TH AVE,3d84b5d1-6190-57a7-92c4-f34c71b49022,"LABURNUM ST & W 49TH AVE, VANCOUVER",49.227115,-123.15091,incomplete_2018_2022_observations_no_zero_fill
VANCOUVER,LABURNUM ST,W 54TH AVE,bf69a338-7646-532c-b691-c6f28edc19a2,"LABURNUM ST & W 54TH AVE, VANCOUVER",49.221833,-123.151086,incomplete_2018_2022_observations_no_zero_fill
VANCOUVER,LABURNUM ST,W 60TH AVE,e658c37e-a4be-54dc-833e-21a4fd1f4eba,"LABURNUM ST & W 60TH AVE, VANCOUVER",49.217178,-123.151162,incomplete_2018_2022_observations_no_zero_fill
VANCOUVER,LABURNUM ST,W 61ST AVE,b1cbba4b-40e6-57d0-892d-d9f49aff43ed,"LABURNUM ST & W 61ST AVE, VANCOUVER",49.216091,-123.151219,incomplete_2018_2022_observations_no_zero_fill
VANCOUVER,LABURNUM ST,W 62ND AVE,f28bae5c-b9aa-58de-9854-11438c8a73d1,"LABURNUM ST & W 62ND AVE, VANCOUVER",49.215107,-123.151247,incomplete_2018_2022_observations_no_zero_fill
VANCOUVER,LABURNUM ST,W 63RD AVE,512550a2-57ba-57ef-b5ee-37ebb6ad8477,"LABURNUM ST & W 63RD AVE, VANCOUVER",49.214151,-123.151262,incomplete_2018_2022_observations_no_zero_fill
VANCOUVER,LABURNUM ST,W 64TH AVE,04d33d79-8041-5e37-af04-dd44f7eee9a5,"LABURNUM ST & W 64TH AVE, VANCOUVER",49.213175,-123.150378,incomplete_2018_2022_observations_no_zero_fill
VANCOUVER,LAGOON DR,PARK LANE,4ede3256-d746-5b34-9d20-9f6d8a23221d,"LAGOON DR & PARK LANE, VANCOUVER",49.293079,-123.142749,incomplete_2018_2022_observations_no_zero_fill
VANCOUVER,LAGOON DR,RAWLINGS TRAIL,e90a9b30-10b0-557c-b4cf-c39dc00db37e,"LAGOON DR & RAWLINGS TRAIL, VANCOUVER",49.293005,-123.1416,incomplete_2018_2022_observations_no_zero_fill
VANCOUVER,LAGOON DR,ROSEMARY BROWN LANE,583612e5-2d4b-5057-aaff-05473686c13b,"LAGOON DR & ROSEMARY BROWN LANE, VANCOUVER",49.29334,-123.139385,incomplete_2018_2022_observations_no_zero_fill
VANCOUVER,LAGOON DR,STANLEY PARK DR,b0f9888f-2013-5410-bb69-e3d99739132e,"LAGOON DR & STANLEY PARK DR, VANCOUVER",49.293836,-123.14796,incomplete_2018_2022_observations_no_zero_fill
VANCOUVER,LAHB AVE,YEW ST,1b103b86-48b4-53b2-b1dd-017f10d74542,"LAHB AVE & YEW ST, VANCOUVER",49.248482,-123.154677,incomplete_2018_2022_observations_no_zero_fill
VANCOUVER,LAKEWOOD DR,NAPIER ST,296ff92b-de5a-5603-a8b6-daaffddcf749,"LAKEWOOD DR & NAPIER ST, VANCOUVER",49.274814,-123.061809,incomplete_2018_2022_observations_no_zero_fill
VANCOUVER,LAKEWOOD DR,PANDORA ST,282c35fe-5d64-5091-abc6-5ec7dd646a40,"LAKEWOOD DR & PANDORA ST, VANCOUVER",49.283023,-123.061691,incomplete_2018_2022_observations_no_zero_fill
VANCOUVER,LAKEWOOD DR,PARKER ST,4357b3ae-79f2-55c2-82c1-5dafe6466c21,"LAKEWOOD DR & PARKER ST, VANCOUVER",49.275669,-123.061778,incomplete_2018_2022_observations_no_zero_fill
VANCOUVER,LAKEWOOD DR,TURNER ST,71fa0cfe-e1bc-5e18-969f-622ba37a2bbe,"LAKEWOOD DR & TURNER ST, VANCOUVER",49.279119,-123.061748,incomplete_2018_2022_observations_no_zero_fill
VANCOUVER,LAKEWOOD DR,VENABLES ST,26725f2f-1dbe-5f6b-928f-2af4e8bbf136,"LAKEWOOD DR & VENABLES ST, VANCOUVER",49.276614,-123.061752,incomplete_2018_2022_observations_no_zero_fill
VANCOUVER,LAKEWOOD DR,WILLIAM ST,08e70913-3496-56fc-8112-0d44362c8c9e,"LAKEWOOD DR & WILLIAM ST, VANCOUVER",49.27382,-123.061815,incomplete_2018_2022_observations_no_zero_fill
VANCOUVER,LAMEYS MILL RD,OLD BRIDGE WALK,0d69a793-f06e-5a53-83fe-2973deccb734,"LAMEYS MILL RD & OLD BRIDGE WALK, VANCOUVER",49.268898,-123.13741,incomplete_2018_2022_observations_no_zero_fill
VANCOUVER,LAMEYS MILL RD,SITKA SQ,8511682a-7f09-540b-8e5c-e298bf7256da,"LAMEYS MILL RD & SITKA SQ, VANCOUVER",49.266394,-123.128846,incomplete_2018_2022_observations_no_zero_fill
VANCOUVER,LAMEYS MILL RD,THE CASTINGS,8e6cafc8-b75f-5001-bcb2-027ac927b320,"LAMEYS MILL RD & THE CASTINGS, VANCOUVER",49.266451,-123.130674,incomplete_2018_2022_observations_no_zero_fill
VANCOUVER,LAMEYS MILL RD,W 2ND AVE,50a62f8a-2ca5-5338-a3eb-7ca5de36506e,"LAMEYS MILL RD & W 2ND AVE, VANCOUVER",49.2694,-123.138057,incomplete_2018_2022_observations_no_zero_fill
VANCOUVER,LANCASTER ST,SCHOOL AVE,aed36065-93d2-51b1-b3a7-452d74f1c4d5,"LANCASTER ST & SCHOOL AVE, VANCOUVER",49.234881,-123.041692,incomplete_2018_2022_observations_no_zero_fill
VANCOUVER,LANGARA AVE,TOLMIE ST,f6a571b1-696c-55ca-9adb-e7fb163b9429,"LANGARA AVE & TOLMIE ST, VANCOUVER",49.272968,-123.211802,incomplete_2018_2022_observations_no_zero_fill
VANCOUVER,LARCH ST,POINT GREY RD,ca2adbee-c9ec-50a1-8863-c257293a2345,"LARCH ST & POINT GREY RD, VANCOUVER",49.273556,-123.162064,incomplete_2018_2022_observations_no_zero_fill
VANCOUVER,LARCH ST,W 12TH AVE,e4f361e8-c602-580d-a79b-6aa081a90069,"LARCH ST & W 12TH AVE, VANCOUVER",49.261185,-123.162523,incomplete_2018_2022_observations_no_zero_fill
VANCOUVER,LARCH ST,W 13TH AVE,0d15eb7a-6a8f-52c9-8904-6fc6222e73b0,"LARCH ST & W 13TH AVE, VANCOUVER",49.260215,-123.162562,incomplete_2018_2022_observations_no_zero_fill
VANCOUVER,LARCH ST,W 16TH AVE,9b114cc6-b5ac-566a-a0bc-edbabc826c9b,"LARCH ST & W 16TH AVE, VANCOUVER",49.257437,-123.162662,incomplete_2018_2022_observations_no_zero_fill
VANCOUVER,LARCH ST,W 18TH AVE,94f821b3-19c9-5c2c-bc5a-cb4ccbf617a6,"LARCH ST & W 18TH AVE, VANCOUVER",49.256354,-123.162692,incomplete_2018_2022_observations_no_zero_fill
VANCOUVER,LARCH ST,W 1ST AVE,015929a9-aceb-55ae-8b34-986950055f3b,"LARCH ST & W 1ST AVE, VANCOUVER",49.270936,-123.16217,incomplete_2018_2022_observations_no_zero_fill
VANCOUVER,LARCH ST,W 2ND AVE,70352992-1ac2-50f1-a122-7cdece54a635,"LARCH ST & W 2ND AVE, VANCOUVER",49.270049,-123.162201,incomplete_2018_2022_observations_no_zero_fill
VANCOUVER,LARCH ST,W 34TH AVE,2121f0c5-40ae-5ffc-b582-8d5a3651e417,"LARCH ST & W 34TH AVE, VANCOUVER",49.241301,-123.162478,incomplete_2018_2022_observations_no_zero_fill
VANCOUVER,LARCH ST,W 35TH AVE,84efec00-620c-5c13-817d-2846de2005c2,"LARCH ST & W 35TH AVE, VANCOUVER",49.240362,-123.16254,incomplete_2018_2022_observations_no_zero_fill
VANCOUVER,LARCH ST,W 36TH AVE,c0cb69f1-da4d-51e0-abef-fed9cf102e84,"LARCH ST & W 36TH AVE, VANCOUVER",49.239372,-123.162573,incomplete_2018_2022_observations_no_zero_fill
VANCOUVER,LARCH ST,W 37TH AVE,601312e7-cd5f-533b-abea-536a9642a06e,"LARCH ST & W 37TH AVE, VANCOUVER",49.23842,-123.162606,incomplete_2018_2022_observations_no_zero_fill
VANCOUVER,LARCH ST,W 39TH AVE,bb25040e-792d-5eb6-bbfd-f68c5134da4d,"LARCH ST & W 39TH AVE, VANCOUVER",49.236537,-123.162673,incomplete_2018_2022_observations_no_zero_fill
VANCOUVER,LARCH ST,W 3RD AVE,d7d36db4-3b95-5b4c-8fba-d485cc273b93,"LARCH ST & W 3RD AVE, VANCOUVER",49.269161,-123.162234,incomplete_2018_2022_observations_no_zero_fill
VANCOUVER,LARCH ST,W 43RD AVE,8f11b015-963f-54b7-979c-a7c1aa9a06c4,"LARCH ST & W 43RD AVE, VANCOUVER",49.232838,-123.162801,incomplete_2018_2022_observations_no_zero_fill
VANCOUVER,LARCH ST,W 45TH AVE,b94d6873-91b5-59a4-b250-06b095eb3a0e,"LARCH ST & W 45TH AVE, VANCOUVER",49.230988,-123.162893,incomplete_2018_2022_observations_no_zero_fill
VANCOUVER,LARCH ST,W 49TH AVE,c3036794-f317-5127-9045-e965f407539b,"LARCH ST & W 49TH AVE, VANCOUVER",49.22726,-123.163034,incomplete_2018_2022_observations_no_zero_fill
VANCOUVER,LARCH ST,W 5TH AVE,ec9284d7-b059-5767-96bd-11e5317ed004,"LARCH ST & W 5TH AVE, VANCOUVER",49.267413,-123.162284,incomplete_2018_2022_observations_no_zero_fill
VANCOUVER,LARCH ST,W 6TH AVE,81e74577-eb93-5a6b-99b5-c7a4a1cfc1fa,"LARCH ST & W 6TH AVE, VANCOUVER",49.266549,-123.162328,incomplete_2018_2022_observations_no_zero_fill
VANCOUVER,LARCH ST,W 7TH AVE,aadfa36b-959e-5eed-aee1-a30c3c3c31a5,"LARCH ST & W 7TH AVE, VANCOUVER",49.265716,-123.162356,incomplete_2018_2022_observations_no_zero_fill
VANCOUVER,LARCH ST,W 8TH AVE,adf06419-0fcd-5764-b6ee-88adec660442,"LARCH ST & W 8TH AVE, VANCOUVER",49.264897,-123.162378,incomplete_2018_2022_observations_no_zero_fill
VANCOUVER,LARCH ST,YORK AVE,838598dd-679d-5eb2-aad0-eab72c9a4106,"LARCH ST & YORK AVE, VANCOUVER",49.271832,-123.162136,incomplete_2018_2022_observations_no_zero_fill
VANCOUVER,LATTA ST,MARMION AVE,c1d5e5f6-6025-5275-b96f-ccd2dad5122c,"LATTA ST & MARMION AVE, VANCOUVER",49.231565,-123.034568,incomplete_2018_2022_observations_no_zero_fill
VANCOUVER,LATTA ST,SCHOOL AVE,16d955f3-359e-5ce8-b0a0-216ed5b80705,"LATTA ST & SCHOOL AVE, VANCOUVER",49.231878,-123.034527,incomplete_2018_2022_observations_no_zero_fill
VANCOUVER,LAUREL ST,W 13TH AVE,28dafe95-1902-5e23-b8b7-475899a4f0a0,"LAUREL ST & W 13TH AVE, VANCOUVER",49.259598,-123.124333,incomplete_2018_2022_observations_no_zero_fill
VANCOUVER,LAUREL ST,W 15TH AVE,328ccd1c-a56d-568b-abdf-87f5e9bef3f2,"LAUREL ST & W 15TH AVE, VANCOUVER",49.257774,-123.124361,incomplete_2018_2022_observations_no_zero_fill
VANCOUVER,LAUREL ST,W 17TH AVE,fcfd0502-9894-55eb-8994-cc47c7035c3f,"LAUREL ST & W 17TH AVE, VANCOUVER",49.256192,-123.124427,incomplete_2018_2022_observations_no_zero_fill
VANCOUVER,LAUREL ST,W 18TH AVE,b3c5a305-4f68-5ccf-8623-6371eed92ef7,"LAUREL ST & W 18TH AVE, VANCOUVER",49.255273,-123.124484,incomplete_2018_2022_observations_no_zero_fill
VANCOUVER,LAUREL ST,W 19TH AVE,9c57307b-5bc2-5024-89d4-4fe4f6e82af9,"LAUREL ST & W 19TH AVE, VANCOUVER",49.254364,-123.12452,incomplete_2018_2022_observations_no_zero_fill
VANCOUVER,LAUREL ST,W 20TH AVE,83bc8083-82f0-536b-9ab7-8e7e0fa0d1e3,"LAUREL ST & W 20TH AVE, VANCOUVER",49.253482,-123.124548,incomplete_2018_2022_observations_no_zero_fill
VANCOUVER,LAUREL ST,W 23RD AVE,2b5b6e13-9337-50e0-a654-5c046d7bff32,"LAUREL ST & W 23RD AVE, VANCOUVER",49.250764,-123.12466,incomplete_2018_2022_observations_no_zero_fill
VANCOUVER,LAUREL ST,W 24TH AVE,b4cbd071-ce9f-529f-8ed4-092c72a17880,"LAUREL ST & W 24TH AVE, VANCOUVER",49.250155,-123.124686,incomplete_2018_2022_observations_no_zero_fill
VANCOUVER,LAUREL ST,W 25TH AVE,d9762beb-147e-5935-b87c-492709b1040b,"LAUREL ST & W 25TH AVE, VANCOUVER",49.249187,-123.124704,incomplete_2018_2022_observations_no_zero_fill
VANCOUVER,LAUREL ST,W 26TH AVE,d12a6546-9c87-5076-b33b-f9fe881018f6,"LAUREL ST & W 26TH AVE, VANCOUVER",49.248113,-123.124772,incomplete_2018_2022_observations_no_zero_fill
VANCOUVER,LAUREL ST,W 27TH AVE,bafa41f8-33be-5372-945b-2256f9b379a7,"LAUREL ST & W 27TH AVE, VANCOUVER",49.247181,-123.124788,incomplete_2018_2022_observations_no_zero_fill
VANCOUVER,LAUREL ST,W 33RD AVE,e7e904be-f428-5943-9bf6-77dae5b05297,"LAUREL ST & W 33RD AVE, VANCOUVER",49.241325,-123.12502,incomplete_2018_2022_observations_no_zero_fill
VANCOUVER,LAUREL ST,W 42ND AVE,a6f82120-866d-5d56-8cbb-9fd95bd3c8d4,"LAUREL ST & W 42ND AVE, VANCOUVER",49.232861,-123.125215,incomplete_2018_2022_observations_no_zero_fill
VANCOUVER,LAUREL ST,W 49TH AVE,550351a8-3e78-52b9-8c39-debea42f5058,"LAUREL ST & W 49TH AVE, VANCOUVER",49.226428,-123.125156,incomplete_2018_2022_observations_no_zero_fill
VANCOUVER,LAUREL ST,W 52ND AVE,7f3205bf-13a7-5a60-b2f5-b644a62b805f,"LAUREL ST & W 52ND AVE, VANCOUVER",49.223875,-123.125248,incomplete_2018_2022_observations_no_zero_fill
VANCOUVER,LAUREL ST,W 54TH AVE,9f0ca7c5-4e96-5727-8a00-520a9d76ec9a,"LAUREL ST & W 54TH AVE, VANCOUVER",49.22147,-123.125356,incomplete_2018_2022_observations_no_zero_fill
VANCOUVER,LAUREL ST,W 57TH AVE,ca92ecf6-6dac-5455-88c0-d2a0bc373d1c,"LAUREL ST & W 57TH AVE, VANCOUVER",49.219173,-123.126122,incomplete_2018_2022_observations_no_zero_fill
VANCOUVER,LAUREL ST,W 58TH AVE,3c71fc83-76fc-5832-af18-9194b0bed076,"LAUREL ST & W 58TH AVE, VANCOUVER",49.218123,-123.126119,incomplete_2018_2022_observations_no_zero_fill
VANCOUVER,LAUREL ST,W 59TH AVE,bbaae2b6-60f5-5d6c-a3b8-b3217421bd88,"LAUREL ST & W 59TH AVE, VANCOUVER",49.217048,-123.126137,incomplete_2018_2022_observations_no_zero_fill
VANCOUVER,LAUREL ST,W 64TH AVE,e9397422-4feb-5ea0-99d1-e4f89d8734d9,"LAUREL ST & W 64TH AVE, VANCOUVER",49.212918,-123.125944,incomplete_2018_2022_observations_no_zero_fill
VANCOUVER,LAUREL ST,W 67TH AVE,7dd519e4-008f-55c8-9410-b637a0c4075a,"LAUREL ST & W 67TH AVE, VANCOUVER",49.210662,-123.126022,incomplete_2018_2022_observations_no_zero_fill
VANCOUVER,LAUREL ST,W 69TH AVE,39e56d26-6b3b-5eb4-bb2c-05087ae24c43,"LAUREL ST & W 69TH AVE, VANCOUVER",49.209219,-123.126054,incomplete_2018_2022_observations_no_zero_fill
VANCOUVER,LAUREL ST,W 9TH AVE,28a87ded-e0d9-5590-95be-ac861dc0e3da,"LAUREL ST & W 9TH AVE, VANCOUVER",49.263368,-123.124176,incomplete_2018_2022_observations_no_zero_fill
VANCOUVER,LAUREL ST,W KENT AVE N,b866cec3-339d-569a-8340-a7ac08c4f369,"LAUREL ST & W KENT AVE N, VANCOUVER",49.204618,-123.12434,incomplete_2018_2022_observations_no_zero_fill
VANCOUVER,LAUREL ST,W KENT AVE S,9a90d1ab-9104-5a0c-bf99-1243307a78bf,"LAUREL ST & W KENT AVE S, VANCOUVER",49.204373,-123.124103,incomplete_2018_2022_observations_no_zero_fill
VANCOUVER,LAURIER AVE,MARGUERITE ST,1b96129b-996c-5358-b710-7d626c1d2e6a,"LAURIER AVE & MARGUERITE ST, VANCOUVER",49.250884,-123.144253,incomplete_2018_2022_observations_no_zero_fill
VANCOUVER,LAURIER AVE,OAK ST,1d9be3eb-637f-5c96-94fc-7da20ef46ae5,"LAURIER AVE & OAK ST, VANCOUVER",49.25082,-123.12749,incomplete_2018_2022_observations_no_zero_fill
VANCOUVER,LAURIER AVE,OSLER ST,2fad1ca1-d3c4-51c6-9fe1-b7c5dab0fc33,"LAURIER AVE & OSLER ST, VANCOUVER",49.250689,-123.12977,incomplete_2018_2022_observations_no_zero_fill
VANCOUVER,LAURIER AVE,SELKIRK ST,cb216c7d-db53-53f1-8a67-8bd31a11174f,"LAURIER AVE & SELKIRK ST, VANCOUVER",49.250727,-123.131953,incomplete_2018_2022_observations_no_zero_fill
VANCOUVER,LILLOOET ST,TURNER ST,dc0d07cb-2201-598f-9ddf-f98e5811121a,"LILLOOET ST & TURNER ST, VANCOUVER",49.279084,-123.038845,incomplete_2018_2022_observations_no_zero_fill
VANCOUVER,LILLOOET ST,VENABLES ST,43eb3686-88c1-55d8-b747-8fafa7a55a2c,"LILLOOET ST & VENABLES ST, VANCOUVER",49.276432,-123.038883,incomplete_2018_2022_observations_no_zero_fill
VANCOUVER,LILY ST,NAPIER ST,bd683948-05ec-5b26-b0a1-bd88f043155d,"LILY ST & NAPIER ST, VANCOUVER",49.274814,-123.064567,incomplete_2018_2022_observations_no_zero_fill
VANCOUVER,LILY ST,WILLIAM ST,c31aa1bd-633d-5bbe-8036-7549f206a395,"LILY ST & WILLIAM ST, VANCOUVER",49.273774,-123.064568,incomplete_2018_2022_observations_no_zero_fill
VANCOUVER,LIME ST,W 49TH AVE,0fc8f566-8763-59a9-b6a5-c81740906d70,"LIME ST & W 49TH AVE, VANCOUVER",49.227193,-123.157648,incomplete_2018_2022_observations_no_zero_fill
VANCOUVER,LIMEWOOD PL,MATHESON CRES,967d9059-9628-596b-b760-1699d7dea29f,"LIMEWOOD PL & MATHESON CRES, VANCOUVER",49.211901,-123.025628,incomplete_2018_2022_observations_no_zero_fill
VANCOUVER,LIONS GATE BRIDGE,STANLEY PARK CAUSEWAY,82977eca-946a-5422-9225-255bba74770b,"LIONS GATE BRIDGE & STANLEY PARK CAUSEWAY, VANCOUVER",49.311996,-123.141757,incomplete_2018_2022_observations_no_zero_fill
VANCOUVER,LOCARNO CRES,NW MARINE DR,07e105ca-b439-5b31-9792-fce8fd5129f2,"LOCARNO CRES & NW MARINE DR, VANCOUVER",49.268994,-123.201678,incomplete_2018_2022_observations_no_zero_fill
VANCOUVER,LOGAN ST,SW MARINE DR,01070d4a-c9bd-51c6-acd7-2ce31ce979f4,"LOGAN ST & SW MARINE DR, VANCOUVER",49.206825,-123.125057,incomplete_2018_2022_observations_no_zero_fill
VANCOUVER,LONG LIFE PL,W 10TH AVE,5c27db1d-74dd-593f-a163-45bef0e3c623,"LONG LIFE PL & W 10TH AVE, VANCOUVER",49.26226,-123.116289,incomplete_2018_2022_observations_no_zero_fill
VANCOUVER,LORD ST,W 65TH AVE,5ff60d89-b097-5e81-875b-80c4c84e0362,"LORD ST & W 65TH AVE, VANCOUVER",49.211445,-123.118587,incomplete_2018_2022_observations_no_zero_fill
VANCOUVER,LOST LAGOON RD,STANLEY PARK DR,b0d2354e-6c2e-5900-990b-4a8e75ba4c7c,"LOST LAGOON RD & STANLEY PARK DR, VANCOUVER",49.297163,-123.136888,incomplete_2018_2022_observations_no_zero_fill
VANCOUVER,LYNMOOR PL,MATHESON CRES,e25966d8-e32f-5bba-9e27-9815a8ba62e3,"LYNMOOR PL & MATHESON CRES, VANCOUVER",49.209655,-123.028073,incomplete_2018_2022_observations_no_zero_fill
VANCOUVER,MACDONALD ST,OLIVER CRES,ba8f3457-15f6-5a6e-9f0e-f69a80933115,"MACDONALD ST & OLIVER CRES, VANCOUVER",49.249097,-123.167842,incomplete_2018_2022_observations_no_zero_fill
VANCOUVER,MACDONALD ST,PUGET DR,7d76be3a-2a12-5e67-b87c-b8a0403d8adc,"MACDONALD ST & PUGET DR, VANCOUVER",49.248127,-123.167857,incomplete_2018_2022_observations_no_zero_fill
VANCOUVER,MACDONALD ST,W 14TH AVE,5833e4c3-760e-56d2-bf93-f70dcd8ba0d2,"MACDONALD ST & W 14TH AVE, VANCOUVER",49.259579,-123.168318,incomplete_2018_2022_observations_no_zero_fill
VANCOUVER,MACDONALD ST,W 17TH AVE,16f2327a-33e5-5405-a272-484c8d945e77,"MACDONALD ST & W 17TH AVE, VANCOUVER",49.257083,-123.16834,incomplete_2018_2022_observations_no_zero_fill
VANCOUVER,MACDONALD ST,W 18TH AVE,7b52e815-f804-5289-a610-47b6f0a31456,"MACDONALD ST & W 18TH AVE, VANCOUVER",49.256407,-123.167987,incomplete_2018_2022_observations_no_zero_fill
VANCOUVER,MACDONALD ST,W 1ST AVE,a793d92f-65bf-5de2-9a57-3e38159890ff,"MACDONALD ST & W 1ST AVE, VANCOUVER",49.271033,-123.168186,incomplete_2018_2022_observations_no_zero_fill
VANCOUVER,MACDONALD ST,W 20TH AVE,f1242a04-563e-5412-82e2-a467213c36bb,"MACDONALD ST & W 20TH AVE, VANCOUVER",49.254609,-123.167774,incomplete_2018_2022_observations_no_zero_fill
VANCOUVER,MACDONALD ST,W 21ST AVE,f036a021-d1d1-5824-ab39-b204b0a6af45,"MACDONALD ST & W 21ST AVE, VANCOUVER",49.253718,-123.167784,incomplete_2018_2022_observations_no_zero_fill
VANCOUVER,MACDONALD ST,W 22ND AVE,953a993d-d7f4-52a7-b05c-74c6b2c4c4e6,"MACDONALD ST & W 22ND AVE, VANCOUVER",49.252793,-123.167798,incomplete_2018_2022_observations_no_zero_fill
VANCOUVER,MACDONALD ST,W 23RD AVE,8ad6981b-f86e-553e-86b4-6ddd1959e78b,"MACDONALD ST & W 23RD AVE, VANCOUVER",49.251895,-123.167809,incomplete_2018_2022_observations_no_zero_fill
VANCOUVER,MACDONALD ST,W 24TH AVE,b4121a07-764b-5ff7-8591-86d905850f1b,"MACDONALD ST & W 24TH AVE, VANCOUVER",49.25098,-123.167821,incomplete_2018_2022_observations_no_zero_fill
VANCOUVER,MACDONALD ST,W 29TH AVE,655548ac-1e26-5723-bd39-26cc219e5dd1,"MACDONALD ST & W 29TH AVE, VANCOUVER",49.246109,-123.167897,incomplete_2018_2022_observations_no_zero_fill
VANCOUVER,MACDONALD ST,W 30TH AVE,862ac27e-e1a9-5441-b717-8df8e1523554,"MACDONALD ST & W 30TH AVE, VANCOUVER",49.245165,-123.16792,incomplete_2018_2022_observations_no_zero_fill
VANCOUVER,MACDONALD ST,W 31ST AVE,9a56eea7-42a5-5681-8d08-b2a2b9549b55,"MACDONALD ST & W 31ST AVE, VANCOUVER",49.2442,-123.167901,incomplete_2018_2022_observations_no_zero_fill
VANCOUVER,MACDONALD ST,W 33RD AVE,1e70c076-7958-56eb-8753-a576b98b6ec0,"MACDONALD ST & W 33RD AVE, VANCOUVER",49.24229,-123.167946,incomplete_2018_2022_observations_no_zero_fill
VANCOUVER,MACDONALD ST,W 34TH AVE,2920414f-f218-52a5-a815-15902c6a3885,"MACDONALD ST & W 34TH AVE, VANCOUVER",49.241355,-123.168024,incomplete_2018_2022_observations_no_zero_fill
VANCOUVER,MACDONALD ST,W 36TH AVE,d0654e4e-44d9-5776-adb7-e277791610af,"MACDONALD ST & W 36TH AVE, VANCOUVER",49.239447,-123.168074,incomplete_2018_2022_observations_no_zero_fill
VANCOUVER,MACDONALD ST,W 37TH AVE,15ff68b9-e171-511a-a37b-49460143eb5e,"MACDONALD ST & W 37TH AVE, VANCOUVER",49.238519,-123.168069,incomplete_2018_2022_observations_no_zero_fill
VANCOUVER,MACDONALD ST,W 42ND AVE,b6f2b23e-bd99-530e-9bc7-20812d765fa2,"MACDONALD ST & W 42ND AVE, VANCOUVER",49.233752,-123.167395,incomplete_2018_2022_observations_no_zero_fill
VANCOUVER,MACDONALD ST,W 43RD AVE,1cfcb283-8579-51fe-8d83-4d64e69d1771,"MACDONALD ST & W 43RD AVE, VANCOUVER",49.232824,-123.16741,incomplete_2018_2022_observations_no_zero_fill
VANCOUVER,MACDONALD ST,W 45TH AVE,674fa576-5bbb-52a7-ac51-89aea3542b54,"MACDONALD ST & W 45TH AVE, VANCOUVER",49.231001,-123.167425,incomplete_2018_2022_observations_no_zero_fill
VANCOUVER,MACDONALD ST,W 47TH AVE,2f7c293e-7043-5eb3-b127-b16ec06e1e7e,"MACDONALD ST & W 47TH AVE, VANCOUVER",49.229302,-123.167446,incomplete_2018_2022_observations_no_zero_fill
VANCOUVER,MACDONALD ST,W 50TH AVE,ea4f9d3e-4109-5716-b4d9-ad1592168891,"MACDONALD ST & W 50TH AVE, VANCOUVER",49.22666,-123.167852,incomplete_2018_2022_observations_no_zero_fill
VANCOUVER,MACDONALD ST,W 53RD AVE,b7941c32-bc11-55b3-b6f1-ec70444ce6ab,"MACDONALD ST & W 53RD AVE, VANCOUVER",49.223351,-123.168374,incomplete_2018_2022_observations_no_zero_fill
VANCOUVER,MACDONALD ST,W 7TH AVE,65197922-eb99-5e68-a3bb-abb1cd0e0b3f,"MACDONALD ST & W 7TH AVE, VANCOUVER",49.265801,-123.168393,incomplete_2018_2022_observations_no_zero_fill
VANCOUVER,MACKENZIE PL,W 49TH AVE,004e6f61-697c-528c-93a8-6a5a3cd82c89,"MACKENZIE PL & W 49TH AVE, VANCOUVER",49.227337,-123.170281,incomplete_2018_2022_observations_no_zero_fill
VANCOUVER,MACKENZIE ST,QUESNEL DR,c19ef9df-ed5f-5991-8650-e81e527964e9,"MACKENZIE ST & QUESNEL DR, VANCOUVER",49.247939,-123.170202,incomplete_2018_2022_observations_no_zero_fill
VANCOUVER,MACKENZIE ST,W 11TH AVE,95cbfe62-e09e-50b8-9eff-89dd578ef23a,"MACKENZIE ST & W 11TH AVE, VANCOUVER",49.262307,-123.170205,incomplete_2018_2022_observations_no_zero_fill
VANCOUVER,MACKENZIE ST,W 12TH AVE,74028919-5da1-53ca-893b-80390d3ef180,"MACKENZIE ST & W 12TH AVE, VANCOUVER",49.261396,-123.170251,incomplete_2018_2022_observations_no_zero_fill
VANCOUVER,MACKENZIE ST,W 13TH AVE,b9076282-41ca-58a0-b565-2061f6b4f762,"MACKENZIE ST & W 13TH AVE, VANCOUVER",49.260507,-123.170308,incomplete_2018_2022_observations_no_zero_fill
VANCOUVER,MACKENZIE ST,W 15TH AVE,a8558396-1562-51e0-89d1-a78e6c69ab95,"MACKENZIE ST & W 15TH AVE, VANCOUVER",49.258694,-123.170412,incomplete_2018_2022_observations_no_zero_fill
VANCOUVER,MACKENZIE ST,W 17TH AVE,6204d11c-13d7-5967-96c7-66b6f0870a0d,"MACKENZIE ST & W 17TH AVE, VANCOUVER",49.257106,-123.170149,incomplete_2018_2022_observations_no_zero_fill
VANCOUVER,MACKENZIE ST,W 18TH AVE,ab38018a-a5f6-52a6-a013-32b7c51779f2,"MACKENZIE ST & W 18TH AVE, VANCOUVER",49.256445,-123.170086,incomplete_2018_2022_observations_no_zero_fill
VANCOUVER,MACKENZIE ST,W 21ST AVE,7a30c0bd-10b0-5efe-a485-273d921132e4,"MACKENZIE ST & W 21ST AVE, VANCOUVER",49.25371,-123.170111,incomplete_2018_2022_observations_no_zero_fill
VANCOUVER,MACKENZIE ST,W 22ND AVE,9059629a-2160-5690-b055-1b589a39466b,"MACKENZIE ST & W 22ND AVE, VANCOUVER",49.252806,-123.17015,incomplete_2018_2022_observations_no_zero_fill
VANCOUVER,MACKENZIE ST,W 24TH AVE,2fa2f2af-7a45-57a1-8cae-53a3064c1af2,"MACKENZIE ST & W 24TH AVE, VANCOUVER",49.250995,-123.170137,incomplete_2018_2022_observations_no_zero_fill
VANCOUVER,MACKENZIE ST,W 28TH AVE,4489bdb0-ada7-53bf-8bbd-265fd4bd0db0,"MACKENZIE ST & W 28TH AVE, VANCOUVER",49.247039,-123.170179,incomplete_2018_2022_observations_no_zero_fill
VANCOUVER,MACKENZIE ST,W 29TH AVE,58d7f528-ca02-5d33-b18e-95c6290e740b,"MACKENZIE ST & W 29TH AVE, VANCOUVER",49.246124,-123.170207,incomplete_2018_2022_observations_no_zero_fill
VANCOUVER,MACKENZIE ST,W 30TH AVE,1f0e4710-4abf-51c7-ab74-03b8c458c11e,"MACKENZIE ST & W 30TH AVE, VANCOUVER",49.245159,-123.170186,incomplete_2018_2022_observations_no_zero_fill
VANCOUVER,MACKENZIE ST,W 31ST AVE,f1ab9ae1-bf92-5f94-9a41-d40b99b2a0dd,"MACKENZIE ST & W 31ST AVE, VANCOUVER",49.244208,-123.170198,incomplete_2018_2022_observations_no_zero_fill
VANCOUVER,MACKENZIE ST,W 32ND AVE,4e4de2fb-0d5a-5389-856c-d532e83c11a7,"MACKENZIE ST & W 32ND AVE, VANCOUVER",49.243246,-123.170208,incomplete_2018_2022_observations_no_zero_fill
VANCOUVER,MACKENZIE ST,W 34TH AVE,c343b6db-a52b-5280-a2db-bdf7ddebdebb,"MACKENZIE ST & W 34TH AVE, VANCOUVER",49.241352,-123.170244,incomplete_2018_2022_observations_no_zero_fill
VANCOUVER,MACKENZIE ST,W 35TH AVE,068d69a1-304b-5813-9a7f-96754da71739,"MACKENZIE ST & W 35TH AVE, VANCOUVER",49.240432,-123.170248,incomplete_2018_2022_observations_no_zero_fill
VANCOUVER,MACKENZIE ST,W 36TH AVE,67285b39-ae14-5f05-8d1e-389fa421e1bb,"MACKENZIE ST & W 36TH AVE, VANCOUVER",49.239461,-123.170243,incomplete_2018_2022_observations_no_zero_fill
VANCOUVER,MACKENZIE ST,W 38TH AVE,277da020-7077-503b-b9d7-4687f318adca,"MACKENZIE ST & W 38TH AVE, VANCOUVER",49.237568,-123.170255,incomplete_2018_2022_observations_no_zero_fill
VANCOUVER,MACKENZIE ST,W 39TH AVE,3921bdaa-897b-57c8-bbdb-9485c9e1727e,"MACKENZIE ST & W 39TH AVE, VANCOUVER",49.236597,-123.170259,incomplete_2018_2022_observations_no_zero_fill
VANCOUVER,MACKENZIE ST,W 42ND AVE,8f2a402f-344b-54af-8e98-5cd395558100,"MACKENZIE ST & W 42ND AVE, VANCOUVER",49.233756,-123.170286,incomplete_2018_2022_observations_no_zero_fill
VANCOUVER,MACKENZIE ST,W 43RD AVE,f812996a-628b-58bc-95d4-74e38d8f14e0,"MACKENZIE ST & W 43RD AVE, VANCOUVER",49.23277,-123.170294,incomplete_2018_2022_observations_no_zero_fill
VANCOUVER,MACKENZIE ST,W 44TH AVE,b28b7f7a-44aa-5f84-8ef0-5927b6ab7b1e,"MACKENZIE ST & W 44TH AVE, VANCOUVER",49.231908,-123.170298,incomplete_2018_2022_observations_no_zero_fill
VANCOUVER,MACKENZIE ST,W 45TH AVE,200f22a1-3a4c-5a0f-9116-caa0ed2cf51c,"MACKENZIE ST & W 45TH AVE, VANCOUVER",49.230997,-123.170303,incomplete_2018_2022_observations_no_zero_fill
VANCOUVER,MACKIE ST,W 39TH AVE,51c0eb92-cb3a-5ba0-bf7a-2c51a753ee58,"MACKIE ST & W 39TH AVE, VANCOUVER",49.235644,-123.109348,incomplete_2018_2022_observations_no_zero_fill
VANCOUVER,MACLURE MEWS,W 33RD AVE,4e53a3fb-79b0-5aa9-848d-c18c9352f1f6,"MACLURE MEWS & W 33RD AVE, VANCOUVER",49.242084,-123.15158,incomplete_2018_2022_observations_no_zero_fill
VANCOUVER,MAGNOLIA ST,W 29TH AVE,590fe9bd-3105-58a8-826f-badcf696fd58,"MAGNOLIA ST & W 29TH AVE, VANCOUVER",49.245796,-123.149825,incomplete_2018_2022_observations_no_zero_fill
VANCOUVER,MAIN ST,MAIN ST OFFRAMP,67374f52-6a54-58fa-bca0-e0d0bd80434e,"MAIN ST & MAIN ST OFFRAMP, VANCOUVER",49.276783,-123.099854,incomplete_2018_2022_observations_no_zero_fill
VANCOUVER,MAIN ST,MAIN ST ONRAMP,6ef24222-e5db-56e9-816d-aa5037fd9c95,"MAIN ST & MAIN ST ONRAMP, VANCOUVER",49.277633,-123.099816,incomplete_2018_2022_observations_no_zero_fill
VANCOUVER,MAIN ST,ONTARIO PL,84b4f082-019b-5ce6-a376-3e7798f7a83e,"MAIN ST & ONTARIO PL, VANCOUVER",49.232522,-123.101488,incomplete_2018_2022_observations_no_zero_fill
VANCOUVER,MAIN ST,WATSON ST,60161add-ccdc-5e6a-b2e1-9b171ab979c7,"MAIN ST & WATSON ST, VANCOUVER",49.254379,-123.100843,incomplete_2018_2022_observations_no_zero_fill
VANCOUVER,MAIN ST OFFRAMP,PRIOR ST,0aa7890d-df81-539a-8661-6f1a13eaeca3,"MAIN ST OFFRAMP & PRIOR ST, VANCOUVER",49.276783,-123.099854,incomplete_2018_2022_observations_no_zero_fill
VANCOUVER,MAIN ST OFFRAMP,QUEBEC ST,cf368e0a-1459-5a07-8c03-1f9b38f29afb,"MAIN ST OFFRAMP & QUEBEC ST, VANCOUVER",49.276975,-123.102138,incomplete_2018_2022_observations_no_zero_fill
VANCOUVER,MAIN ST ONRAMP,QUEBEC ST,b21ca933-dcc1-5312-a120-cf656827d355,"MAIN ST ONRAMP & QUEBEC ST, VANCOUVER",49.277506,-123.102126,incomplete_2018_2022_observations_no_zero_fill
VANCOUVER,MALI AVE,SALISH DR,24f79d7c-bd83-5ac1-bd20-a99ec7b90c44,"MALI AVE & SALISH DR, VANCOUVER",49.225302,-123.198231,incomplete_2018_2022_observations_no_zero_fill
VANCOUVER,MALKIN AVE,RAYMUR AVE,65534694-9acc-5204-9084-d7b457513399,"MALKIN AVE & RAYMUR AVE, VANCOUVER",49.27315,-123.082755,incomplete_2018_2022_observations_no_zero_fill
VANCOUVER,MALKIN AVE,THORNTON ST,c6c2a71f-7d1b-5456-bb9f-1245a095e4be,"MALKIN AVE & THORNTON ST, VANCOUVER",49.275364,-123.091971,incomplete_2018_2022_observations_no_zero_fill
VANCOUVER,MANITOBA ST,W 11TH AVE,31e2671c-06b4-564a-b9d9-d6c3fbd565cf,"MANITOBA ST & W 11TH AVE, VANCOUVER",49.261213,-123.106934,incomplete_2018_2022_observations_no_zero_fill
VANCOUVER,MANITOBA ST,W 13TH AVE,b9de4502-e157-54c8-9d52-166812479af4,"MANITOBA ST & W 13TH AVE, VANCOUVER",49.259385,-123.106987,incomplete_2018_2022_observations_no_zero_fill
VANCOUVER,MANITOBA ST,W 17TH AVE,d01735e2-5fb2-5333-817d-649c3696772d,"MANITOBA ST & W 17TH AVE, VANCOUVER",49.255697,-123.107151,incomplete_2018_2022_observations_no_zero_fill
VANCOUVER,MANITOBA ST,W 18TH AVE,2c4cbab1-a82d-5981-9278-761a842ce6fa,"MANITOBA ST & W 18TH AVE, VANCOUVER",49.254708,-123.107199,incomplete_2018_2022_observations_no_zero_fill
VANCOUVER,MANITOBA ST,W 19TH AVE,c668985a-4386-5875-9610-dfb5e9cf01bd,"MANITOBA ST & W 19TH AVE, VANCOUVER",49.253799,-123.107232,incomplete_2018_2022_observations_no_zero_fill
VANCOUVER,MANITOBA ST,W 21ST AVE,b6651c3f-8d7f-5288-b75b-df1006417cc5,"MANITOBA ST & W 21ST AVE, VANCOUVER",49.251914,-123.107302,incomplete_2018_2022_observations_no_zero_fill
VANCOUVER,MANITOBA ST,W 22ND AVE,368e1022-3bc8-5c07-a7d6-8c929dd0bcdf,"MANITOBA ST & W 22ND AVE, VANCOUVER",49.251009,-123.107335,incomplete_2018_2022_observations_no_zero_fill
VANCOUVER,MANITOBA ST,W 23RD AVE,dd9497ba-8737-5a10-8782-306586a2f012,"MANITOBA ST & W 23RD AVE, VANCOUVER",49.24996,-123.107399,incomplete_2018_2022_observations_no_zero_fill
VANCOUVER,MANITOBA ST,W 25TH AVE,20f7e194-fde0-5851-aea6-a8675cd4ddf9,"MANITOBA ST & W 25TH AVE, VANCOUVER",49.248926,-123.107447,incomplete_2018_2022_observations_no_zero_fill
VANCOUVER,MANITOBA ST,W 26TH AVE,f5651fd8-7fe2-5fce-ad57-0aa1012b4bc6,"MANITOBA ST & W 26TH AVE, VANCOUVER",49.247798,-123.107499,incomplete_2018_2022_observations_no_zero_fill
VANCOUVER,MANITOBA ST,W 37TH AVE,39fbb76b-817e-526b-9546-a2353bb57d58,"MANITOBA ST & W 37TH AVE, VANCOUVER",49.237388,-123.107925,incomplete_2018_2022_observations_no_zero_fill
VANCOUVER,MANITOBA ST,W 39TH AVE,b284de58-0129-5fa4-83a7-5bba9ff65916,"MANITOBA ST & W 39TH AVE, VANCOUVER",49.235592,-123.108006,incomplete_2018_2022_observations_no_zero_fill
VANCOUVER,MANITOBA ST,W 42ND AVE,dca90a66-bcca-56eb-ad43-109f03c3c35e,"MANITOBA ST & W 42ND AVE, VANCOUVER",49.232278,-123.108161,incomplete_2018_2022_observations_no_zero_fill
VANCOUVER,MANITOBA ST,W 43RD AVE,6d533eca-79ec-5102-b3fe-047242368970,"MANITOBA ST & W 43RD AVE, VANCOUVER",49.231358,-123.108184,incomplete_2018_2022_observations_no_zero_fill
VANCOUVER,MANITOBA ST,W 44TH AVE,2388d798-8fc3-5755-a598-7a685789a47e,"MANITOBA ST & W 44TH AVE, VANCOUVER",49.230458,-123.108223,incomplete_2018_2022_observations_no_zero_fill
VANCOUVER,MANITOBA ST,W 45TH AVE,dd18f894-6e4b-5a6c-bcf7-347b4c6292dc,"MANITOBA ST & W 45TH AVE, VANCOUVER",49.229533,-123.108236,incomplete_2018_2022_observations_no_zero_fill
VANCOUVER,MANITOBA ST,W 46TH AVE,d73d86db-4616-5f3c-a56a-b825aee41002,"MANITOBA ST & W 46TH AVE, VANCOUVER",49.228612,-123.108325,incomplete_2018_2022_observations_no_zero_fill
VANCOUVER,MANITOBA ST,W 48TH AVE,a978ec2e-7c5f-509a-913d-278ac78117b9,"MANITOBA ST & W 48TH AVE, VANCOUVER",49.226805,-123.108351,incomplete_2018_2022_observations_no_zero_fill
VANCOUVER,MANITOBA ST,W 59TH AVE,cb7a2950-2e38-5830-837e-3f6855f75c03,"MANITOBA ST & W 59TH AVE, VANCOUVER",49.21686,-123.109798,incomplete_2018_2022_observations_no_zero_fill
VANCOUVER,MANITOBA ST,W 60TH AVE,63800a3b-093f-56fe-a612-a4b6813c31cd,"MANITOBA ST & W 60TH AVE, VANCOUVER",49.215991,-123.109838,incomplete_2018_2022_observations_no_zero_fill
VANCOUVER,MANITOBA ST,W 61ST AVE,c0c86a36-02d4-5608-a158-dec0a67d014d,"MANITOBA ST & W 61ST AVE, VANCOUVER",49.215128,-123.109844,incomplete_2018_2022_observations_no_zero_fill
VANCOUVER,MANITOBA ST,W 62ND AVE,40716320-d1a8-5b72-9646-4f87795117e9,"MANITOBA ST & W 62ND AVE, VANCOUVER",49.214246,-123.109884,incomplete_2018_2022_observations_no_zero_fill
VANCOUVER,MANITOBA ST,W 63RD AVE,df17b051-cafd-5960-8ecb-97ebf53ab4bf,"MANITOBA ST & W 63RD AVE, VANCOUVER",49.213372,-123.109922,incomplete_2018_2022_observations_no_zero_fill
VANCOUVER,MANITOBA ST,W 64TH AVE,8ce643a7-e0d6-54d0-913a-4d033b3ccaf9,"MANITOBA ST & W 64TH AVE, VANCOUVER",49.212504,-123.109955,incomplete_2018_2022_observations_no_zero_fill
VANCOUVER,MANITOBA ST,W 68TH AVE,b9383696-3986-55bb-993c-fa1580d80987,"MANITOBA ST & W 68TH AVE, VANCOUVER",49.21004,-123.110109,incomplete_2018_2022_observations_no_zero_fill
VANCOUVER,MANITOBA ST,W 69TH AVE,6596569b-1847-59ae-910d-22a9666c40a5,"MANITOBA ST & W 69TH AVE, VANCOUVER",49.209523,-123.11013,incomplete_2018_2022_observations_no_zero_fill
VANCOUVER,MANITOBA ST,W 70TH AVE,8e798b20-fef6-5b42-92cc-f68a603cf0b6,"MANITOBA ST & W 70TH AVE, VANCOUVER",49.208655,-123.110163,incomplete_2018_2022_observations_no_zero_fill
VANCOUVER,MANITOBA ST,W 71ST AVE,209db748-addb-52bf-9c93-0716ed379e55,"MANITOBA ST & W 71ST AVE, VANCOUVER",49.207406,-123.110211,incomplete_2018_2022_observations_no_zero_fill
VANCOUVER,MANITOBA ST,W 8TH AVE,b2221592-9c31-53dc-a5b0-15a3b97dc4c3,"MANITOBA ST & W 8TH AVE, VANCOUVER",49.263801,-123.106801,incomplete_2018_2022_observations_no_zero_fill
VANCOUVER,MANITOBA ST,W KENT AVE S,f39896bc-37fe-5bfc-a34b-00a4fbd503bd,"MANITOBA ST & W KENT AVE S, VANCOUVER",49.206394,-123.109217,incomplete_2018_2022_observations_no_zero_fill
VANCOUVER,MANITOBA ST,W WOODSTOCK AVE,35765b90-abb5-5631-8940-8dc4cc6640c9,"MANITOBA ST & W WOODSTOCK AVE, VANCOUVER",49.233793,-123.108094,incomplete_2018_2022_observations_no_zero_fill
VANCOUVER,MANNERING AVE,NANAIMO ST,0de21dfb-01b3-5f52-9a2b-f80da49b488f,"MANNERING AVE & NANAIMO ST, VANCOUVER",49.24065,-123.058688,incomplete_2018_2022_observations_no_zero_fill
VANCOUVER,MANOR ST,VANNESS AVE,ae91c920-404a-5abf-aeca-6efaf9c0eba4,"MANOR ST & VANNESS AVE, VANCOUVER",49.241501,-123.039725,incomplete_2018_2022_observations_no_zero_fill
VANCOUVER,MANOR ST,WELLINGTON AVE,ad8fc5c9-df4f-51cb-bcac-0a8a6693e921,"MANOR ST & WELLINGTON AVE, VANCOUVER",49.243335,-123.038108,incomplete_2018_2022_observations_no_zero_fill
VANCOUVER,MANSON ST,W 39TH AVE,cec3135d-5bc8-5b7a-bd0a-ac0f14744970,"MANSON ST & W 39TH AVE, VANCOUVER",49.235505,-123.119312,incomplete_2018_2022_observations_no_zero_fill
VANCOUVER,MAPLE CRES,NANTON AVE,c0489a7b-3815-536e-887e-1521e71e3dfd,"MAPLE CRES & NANTON AVE, VANCOUVER",49.247596,-123.149943,incomplete_2018_2022_observations_no_zero_fill
VANCOUVER,MAPLE CRES,W 30TH AVE,3b7a612e-bf7e-5719-9dca-d8bda60d05d1,"MAPLE CRES & W 30TH AVE, VANCOUVER",49.244659,-123.147694,incomplete_2018_2022_observations_no_zero_fill
VANCOUVER,MAPLE ST,MCNICOLL AVE,29772f9b-42df-5f48-832f-e96c0e2aa8d0,"MAPLE ST & MCNICOLL AVE, VANCOUVER",49.27625,-123.150073,incomplete_2018_2022_observations_no_zero_fill
VANCOUVER,MAPLE ST,NANTON AVE,cf71014b-732e-525e-95a5-bcdec9cac68d,"MAPLE ST & NANTON AVE, VANCOUVER",49.247644,-123.151832,incomplete_2018_2022_observations_no_zero_fill
VANCOUVER,MAPLE ST,OGDEN AVE,0a431d97-03d3-5d15-884f-ce985a9d70a2,"MAPLE ST & OGDEN AVE, VANCOUVER",49.27722,-123.149974,incomplete_2018_2022_observations_no_zero_fill
VANCOUVER,MAPLE ST,W 11TH AVE,2a8d6dd9-9e6a-5886-82cd-54b0e77cb482,"MAPLE ST & W 11TH AVE, VANCOUVER",49.261904,-123.150603,incomplete_2018_2022_observations_no_zero_fill
VANCOUVER,MAPLE ST,W 13TH AVE,7f55fce7-ef4e-5043-b08c-38be5f087a5e,"MAPLE ST & W 13TH AVE, VANCOUVER",49.260018,-123.150671,incomplete_2018_2022_observations_no_zero_fill
VANCOUVER,MAPLE ST,W 14TH AVE,cacf48fc-8acc-5b9b-b124-5deef10ae4f7,"MAPLE ST & W 14TH AVE, VANCOUVER",49.259118,-123.150692,incomplete_2018_2022_observations_no_zero_fill
VANCOUVER,MAPLE ST,W 15TH AVE,a00f38aa-8f38-5660-8869-4da353c14811,"MAPLE ST & W 15TH AVE, VANCOUVER",49.258171,-123.150743,incomplete_2018_2022_observations_no_zero_fill
VANCOUVER,MAPLE ST,W 16TH AVE,cf051fde-f424-51bc-abb8-adee6ec99f18,"MAPLE ST & W 16TH AVE, VANCOUVER",49.257253,-123.150768,incomplete_2018_2022_observations_no_zero_fill
VANCOUVER,MAPLE ST,W 1ST AVE,a4adffef-4cdd-5470-b1e4-49454ad530ac,"MAPLE ST & W 1ST AVE, VANCOUVER",49.270744,-123.150322,incomplete_2018_2022_observations_no_zero_fill
VANCOUVER,MAPLE ST,W 28TH AVE,6a03259e-8027-53ce-b49b-44f3b529b69d,"MAPLE ST & W 28TH AVE, VANCOUVER",49.246722,-123.151854,incomplete_2018_2022_observations_no_zero_fill
VANCOUVER,MAPLE ST,W 2ND AVE,4e2138e3-5eb7-509a-9f9f-0bb13751d2cf,"MAPLE ST & W 2ND AVE, VANCOUVER",49.269864,-123.150352,incomplete_2018_2022_observations_no_zero_fill
VANCOUVER,MAPLE ST,W 35TH AVE,99e03f18-5abf-5a22-861a-113b15c4fd8d,"MAPLE ST & W 35TH AVE, VANCOUVER",49.240046,-123.151856,incomplete_2018_2022_observations_no_zero_fill
VANCOUVER,MAPLE ST,W 37TH AVE,6e17f6af-167f-5876-af7e-080653a9e973,"MAPLE ST & W 37TH AVE, VANCOUVER",49.238236,-123.151947,incomplete_2018_2022_observations_no_zero_fill
VANCOUVER,MAPLE ST,W 39TH AVE,bbdcf84d-72ae-593c-987e-48d0d75a6f5c,"MAPLE ST & W 39TH AVE, VANCOUVER",49.236395,-123.152001,incomplete_2018_2022_observations_no_zero_fill
VANCOUVER,MAPLE ST,W 44TH AVE,2fbf871b-497d-55d3-a8a6-ab075941b610,"MAPLE ST & W 44TH AVE, VANCOUVER",49.231786,-123.152146,incomplete_2018_2022_observations_no_zero_fill
VANCOUVER,MAPLE ST,W 46TH AVE,141e082f-842a-5bc5-a000-97a1605cdd2a,"MAPLE ST & W 46TH AVE, VANCOUVER",49.229803,-123.152224,incomplete_2018_2022_observations_no_zero_fill
VANCOUVER,MAPLE ST,W 48TH AVE,167d9d1f-d9ac-5824-9a34-9bf61554193a,"MAPLE ST & W 48TH AVE, VANCOUVER",49.228074,-123.152293,incomplete_2018_2022_observations_no_zero_fill
VANCOUVER,MAPLE ST,W 50TH AVE,52d32926-06b3-568b-afc3-73d138b2a1e7,"MAPLE ST & W 50TH AVE, VANCOUVER",49.225811,-123.152342,incomplete_2018_2022_observations_no_zero_fill
VANCOUVER,MAPLE ST,W 59TH AVE,2d72b22f-d04d-5002-a724-3830ad8ebe2f,"MAPLE ST & W 59TH AVE, VANCOUVER",49.218107,-123.152484,incomplete_2018_2022_observations_no_zero_fill
VANCOUVER,MAPLE ST,W 60TH AVE,7710ff93-a3bd-5d8d-afd1-fba6dee47f0c,"MAPLE ST & W 60TH AVE, VANCOUVER",49.217196,-123.15253,incomplete_2018_2022_observations_no_zero_fill
VANCOUVER,MAPLE ST,W 6TH AVE,6a3ed1bc-631f-5c5c-8196-885c02664940,"MAPLE ST & W 6TH AVE, VANCOUVER",49.266375,-123.150439,incomplete_2018_2022_observations_no_zero_fill
VANCOUVER,MAPLE ST,W 7TH AVE,f2349521-ddef-5c82-bb07-6451dbecbc60,"MAPLE ST & W 7TH AVE, VANCOUVER",49.265529,-123.150477,incomplete_2018_2022_observations_no_zero_fill
VANCOUVER,MAPLE ST,W 8TH AVE,2228fea1-05b1-5ce9-bad9-c52f9a36592c,"MAPLE ST & W 8TH AVE, VANCOUVER",49.26471,-123.150515,incomplete_2018_2022_observations_no_zero_fill
VANCOUVER,MAPLE ST,W 9TH AVE,bab7989d-777d-5406-8560-9620877a6c5c,"MAPLE ST & W 9TH AVE, VANCOUVER",49.263782,-123.150543,incomplete_2018_2022_observations_no_zero_fill
VANCOUVER,MAPLE ST,WHYTE AVE,2878e390-af4d-58b2-95c0-9df3642a9980,"MAPLE ST & WHYTE AVE, VANCOUVER",49.275371,-123.150102,incomplete_2018_2022_observations_no_zero_fill
VANCOUVER,MAPLE ST,YORK AVE,f74a1aea-e2f7-5983-aa41-5d50ade9bc8f,"MAPLE ST & YORK AVE, VANCOUVER",49.271612,-123.150292,incomplete_2018_2022_observations_no_zero_fill
VANCOUVER,MARGUERITE ST,MATTHEWS AVE,ef68ca4d-3230-5b29-821b-fcc1c81e40ae,"MARGUERITE ST & MATTHEWS AVE, VANCOUVER",49.251859,-123.14357,incomplete_2018_2022_observations_no_zero_fill
VANCOUVER,MARGUERITE ST,W 29TH AVE,58d1a1c0-cf5a-5728-9145-fad922fc0ae2,"MARGUERITE ST & W 29TH AVE, VANCOUVER",49.245514,-123.143977,incomplete_2018_2022_observations_no_zero_fill
VANCOUVER,MARGUERITE ST,W 35TH AVE,97e34e20-2d2a-5859-8b05-7db1ea8a71f8,"MARGUERITE ST & W 35TH AVE, VANCOUVER",49.239898,-123.144204,incomplete_2018_2022_observations_no_zero_fill
VANCOUVER,MARGUERITE ST,W 36TH AVE,bae09b53-1433-5f67-b3bf-37548a085f11,"MARGUERITE ST & W 36TH AVE, VANCOUVER",49.239023,-123.144234,incomplete_2018_2022_observations_no_zero_fill
VANCOUVER,MARGUERITE ST,W 37TH AVE,283281e1-1501-52af-a2ab-6d654b1b6ed5,"MARGUERITE ST & W 37TH AVE, VANCOUVER",49.23812,-123.144265,incomplete_2018_2022_observations_no_zero_fill
VANCOUVER,MARGUERITE ST,W 38TH AVE,940a7064-4e7a-52ca-a346-25e1347947ed,"MARGUERITE ST & W 38TH AVE, VANCOUVER",49.236917,-123.144637,incomplete_2018_2022_observations_no_zero_fill
VANCOUVER,MARGUERITE ST,W 41ST AVE,4cc73d42-df8d-54d8-af79-27f39a44ac0b,"MARGUERITE ST & W 41ST AVE, VANCOUVER",49.234413,-123.144722,incomplete_2018_2022_observations_no_zero_fill
VANCOUVER,MARGUERITE ST,W 43RD AVE,f6dd87f8-999f-559f-a4e9-bb14440589a5,"MARGUERITE ST & W 43RD AVE, VANCOUVER",49.232542,-123.144786,incomplete_2018_2022_observations_no_zero_fill
VANCOUVER,MARGUERITE ST,W 52ND AVE,c56c7cfb-9f3c-5786-beaf-3b39051f7d2b,"MARGUERITE ST & W 52ND AVE, VANCOUVER",49.224141,-123.145107,incomplete_2018_2022_observations_no_zero_fill
VANCOUVER,MARGUERITE ST,W 54TH AVE,4a0f9f64-5981-5ddd-84bd-60272abe22e1,"MARGUERITE ST & W 54TH AVE, VANCOUVER",49.221765,-123.145206,incomplete_2018_2022_observations_no_zero_fill
VANCOUVER,MARGUERITE ST,W 57TH AVE,d8cafbd0-3f21-5afa-8950-821afebaf34d,"MARGUERITE ST & W 57TH AVE, VANCOUVER",49.219417,-123.145305,incomplete_2018_2022_observations_no_zero_fill
VANCOUVER,MARINASIDE CRES,PACIFIC BLVD,53d20ae2-de18-564b-a917-f83dffd0f5a5,"MARINASIDE CRES & PACIFIC BLVD, VANCOUVER",49.274156,-123.115036,incomplete_2018_2022_observations_no_zero_fill
VANCOUVER,MARINE CRES,SW MARINE DR,d84fa074-734a-595b-bccf-500f53bbbdb4,"MARINE CRES & SW MARINE DR, VANCOUVER",49.224215,-123.163984,incomplete_2018_2022_observations_no_zero_fill
VANCOUVER,MARINE CRES,W 49TH AVE,5d91ded5-cbc9-5eaa-a01c-83fee3193f42,"MARINE CRES & W 49TH AVE, VANCOUVER",49.227301,-123.165297,incomplete_2018_2022_observations_no_zero_fill
VANCOUVER,MARINE CRES,W 51ST AVE,55b67291-26c6-5f86-a505-b6d99edbaafd,"MARINE CRES & W 51ST AVE, VANCOUVER",49.225086,-123.163853,incomplete_2018_2022_observations_no_zero_fill
VANCOUVER,MARINER WALK,W 2ND AVE,a478a7cd-5211-5359-8f97-5d7ed5a58ac7,"MARINER WALK & W 2ND AVE, VANCOUVER",49.269682,-123.139144,incomplete_2018_2022_observations_no_zero_fill
VANCOUVER,MARKET HILL,MOBERLY RD,c4e41c62-dc2f-5ff0-a513-065b17ba2ea5,"MARKET HILL & MOBERLY RD, VANCOUVER",49.266679,-123.119364,incomplete_2018_2022_observations_no_zero_fill
VANCOUVER,MARPOLE AVE,PINE CRES,c278280b-2855-58f1-b062-6df3389afbe9,"MARPOLE AVE & PINE CRES, VANCOUVER",49.255703,-123.142358,incomplete_2018_2022_observations_no_zero_fill
VANCOUVER,MARPOLE AVE,W 15TH AVE,8258f3cd-e7f9-5ed2-b014-f024d4420dde,"MARPOLE AVE & W 15TH AVE, VANCOUVER",49.257963,-123.136307,incomplete_2018_2022_observations_no_zero_fill
VANCOUVER,MARPOLE AVE,W 16TH AVE,ad4c8081-1728-5138-bf17-d16b1d9e6ebf,"MARPOLE AVE & W 16TH AVE, VANCOUVER",49.257053,-123.138793,incomplete_2018_2022_observations_no_zero_fill
VANCOUVER,MARPOLE LOOP,SW MARINE DR,adcf9dc2-322b-586c-ad8e-b8225f1e36f5,"MARPOLE LOOP & SW MARINE DR, VANCOUVER",49.203248,-123.134232,incomplete_2018_2022_observations_no_zero_fill
VANCOUVER,MARSTRAND AVE,VINE ST,af6a485b-51aa-5c98-bbdf-7930c48b663d,"MARSTRAND AVE & VINE ST, VANCOUVER",49.262476,-123.157687,incomplete_2018_2022_observations_no_zero_fill
VANCOUVER,MARSTRAND AVE,YEW ST,5536bbe5-4b72-5e73-8a5c-318953b2626f,"MARSTRAND AVE & YEW ST, VANCOUVER",49.262432,-123.155352,incomplete_2018_2022_observations_no_zero_fill
VANCOUVER,MATAPAN CRES,SKEENA ST,f938da60-f89b-5642-b94c-067221221d10,"MATAPAN CRES & SKEENA ST, VANCOUVER",49.257269,-123.028537,incomplete_2018_2022_observations_no_zero_fill
VANCOUVER,MATHESON CRES,NAPLES WAY,a9b2ccd5-4b76-5cb2-8254-b429f2f3d5d1,"MATHESON CRES & NAPLES WAY, VANCOUVER",49.209179,-123.029081,incomplete_2018_2022_observations_no_zero_fill
VANCOUVER,MATHESON CRES,NORTHUMBERLAND AVE,dfccd55d-0d13-51d3-875a-9b35a3372ea0,"MATHESON CRES & NORTHUMBERLAND AVE, VANCOUVER",49.215473,-123.025439,incomplete_2018_2022_observations_no_zero_fill
VANCOUVER,MATHESON CRES,RAINTREE CRT,d3e3b9d7-b942-534b-8883-9f269144ab1a,"MATHESON CRES & RAINTREE CRT, VANCOUVER",49.214374,-123.025562,incomplete_2018_2022_observations_no_zero_fill
VANCOUVER,MATHESON CRES,RUMBLE AVE,925a986a-73c3-5ec9-9809-8899f01334ae,"MATHESON CRES & RUMBLE AVE, VANCOUVER",49.214819,-123.025561,incomplete_2018_2022_observations_no_zero_fill
VANCOUVER,MATHESON CRES,TALON SQ,05c4d29d-c61b-50c9-9f9a-ddbe0503577c,"MATHESON CRES & TALON SQ, VANCOUVER",49.217415,-123.025078,incomplete_2018_2022_observations_no_zero_fill
VANCOUVER,MATHESON CRES,TOBA PL,e1f4ab40-4de6-58af-9672-02a613d9a434,"MATHESON CRES & TOBA PL, VANCOUVER",49.217866,-123.025126,incomplete_2018_2022_observations_no_zero_fill
VANCOUVER,MATTHEWS AVE,SELKIRK ST,7b807a37-4f36-563a-9afc-a9d2bbc12789,"MATTHEWS AVE & SELKIRK ST, VANCOUVER",49.253656,-123.13287,incomplete_2018_2022_observations_no_zero_fill
VANCOUVER,MATTHEWS AVE,WOLFE AVE,434a6324-3400-5675-bd7d-78ea17733d8d,"MATTHEWS AVE & WOLFE AVE, VANCOUVER",49.253671,-123.128697,incomplete_2018_2022_observations_no_zero_fill
VANCOUVER,MCBAIN AVE,VALLEY DR,9cf411da-4ea9-5bd8-8bc1-8d5ad1940e7b,"MCBAIN AVE & VALLEY DR, VANCOUVER",49.248843,-123.158629,incomplete_2018_2022_observations_no_zero_fill
VANCOUVER,MCBAIN AVE,W KING EDWARD AVE,5ad9faee-4cb2-5dd5-a09d-f80fcd082ba5,"MCBAIN AVE & W KING EDWARD AVE, VANCOUVER",49.250217,-123.157869,incomplete_2018_2022_observations_no_zero_fill
VANCOUVER,MCCLEERY ST,W 47TH AVE,96ec340f-54be-594d-94fd-22e875dbdf86,"MCCLEERY ST & W 47TH AVE, VANCOUVER",49.229317,-123.168929,incomplete_2018_2022_observations_no_zero_fill
VANCOUVER,MCCLEERY ST,W 49TH AVE,1686980b-8a34-5836-8256-3f60d068b450,"MCCLEERY ST & W 49TH AVE, VANCOUVER",49.227327,-123.16894,incomplete_2018_2022_observations_no_zero_fill
VANCOUVER,MCGEER ST,QUEENS AVE,4d628f97-aa43-5c3b-bfa5-aac2eb6fc403,"MCGEER ST & QUEENS AVE, VANCOUVER",49.239983,-123.032812,incomplete_2018_2022_observations_no_zero_fill
VANCOUVER,MCGEER ST,VANNESS AVE,45a63c73-8f31-53ad-82cd-5a309b30fb40,"MCGEER ST & VANNESS AVE, VANCOUVER",49.239047,-123.033723,incomplete_2018_2022_observations_no_zero_fill
VANCOUVER,MCGEER ST,WELLINGTON AVE,a60a26b3-ce3c-5959-8eb4-76e0364c913a,"MCGEER ST & WELLINGTON AVE, VANCOUVER",49.240815,-123.032031,incomplete_2018_2022_observations_no_zero_fill
VANCOUVER,MCGILL ST,MCGILL ST OFFRAMP,e937034c-6db7-59f0-93cd-ea3dedc7e8aa,"MCGILL ST & MCGILL ST OFFRAMP, VANCOUVER",49.287032,-123.031028,incomplete_2018_2022_observations_no_zero_fill
VANCOUVER,MCGILL ST,N BOUNDARY RD,0fcad039-22d6-529b-82ab-4b8f556f3112,"MCGILL ST & N BOUNDARY RD, VANCOUVER",49.288682,-123.023506,incomplete_2018_2022_observations_no_zero_fill
VANCOUVER,MCGILL ST,N GARDEN DR,c940b773-15d1-59a7-bf4e-e4cf84ef7acb,"MCGILL ST & N GARDEN DR, VANCOUVER",49.288414,-123.057726,incomplete_2018_2022_observations_no_zero_fill
VANCOUVER,MCGILL ST,N KOOTENAY ST,b0fb74b0-b91e-5f2b-bf2e-8627d33f4452,"MCGILL ST & N KOOTENAY ST, VANCOUVER",49.288691,-123.025697,incomplete_2018_2022_observations_no_zero_fill
VANCOUVER,MCGILL ST,WALL ST,ccd40bff-f8dc-5d47-89d4-c14c8b1e0043,"MCGILL ST & WALL ST, VANCOUVER",49.288799,-123.041358,incomplete_2018_2022_observations_no_zero_fill
VANCOUVER,MCGILL ST OFFRAMP,TRANS-CANADA HWY,654f2782-86e6-52c1-962b-fa991170c259,"MCGILL ST OFFRAMP & TRANS-CANADA HWY, VANCOUVER",49.287032,-123.031028,incomplete_2018_2022_observations_no_zero_fill
VANCOUVER,MCGILL ST OFFRAMP,TRANS-CANADA HWY OFFRAMP,3730a942-42d9-56af-ac5e-1bda5455a79b,"MCGILL ST OFFRAMP & TRANS-CANADA HWY OFFRAMP, VANCOUVER",49.287032,-123.031028,incomplete_2018_2022_observations_no_zero_fill
VANCOUVER,MCGILL ST ONRAMP,SECOND NARROWS BRIDGE,64b4b3cb-bfd6-5295-a70a-72e95676af20,"MCGILL ST ONRAMP & SECOND NARROWS BRIDGE, VANCOUVER",49.287032,-123.031028,incomplete_2018_2022_observations_no_zero_fill
VANCOUVER,MCGILL ST ONRAMP,TRANS-CANADA HWY ONRAMP,83204952-ea2f-5b39-ad03-0f88e3f96a52,"MCGILL ST ONRAMP & TRANS-CANADA HWY ONRAMP, VANCOUVER",49.287032,-123.031028,incomplete_2018_2022_observations_no_zero_fill
VANCOUVER,MCHARDY ST,MONMOUTH AVE,06e2de6c-d861-50a9-9b22-ece4dd40ca16,"MCHARDY ST & MONMOUTH AVE, VANCOUVER",49.242059,-123.032185,incomplete_2018_2022_observations_no_zero_fill
VANCOUVER,MCHARDY ST,PRICE ST,e65a2d69-33e6-57e7-b145-606bbf7851e2,"MCHARDY ST & PRICE ST, VANCOUVER",49.242925,-123.031374,incomplete_2018_2022_observations_no_zero_fill
VANCOUVER,MCHARDY ST,QUEENS AVE,72edcd0b-3630-5a51-a70b-1a7334ac58eb,"MCHARDY ST & QUEENS AVE, VANCOUVER",49.240401,-123.033811,incomplete_2018_2022_observations_no_zero_fill
VANCOUVER,MCHARDY ST,VANNESS AVE,f959ec82-c9b0-5238-ac9a-d86bb387fdcb,"MCHARDY ST & VANNESS AVE, VANCOUVER",49.239433,-123.034662,incomplete_2018_2022_observations_no_zero_fill
VANCOUVER,MCHARDY ST,WELLINGTON AVE,b6bd1606-c4fb-5c77-b1ec-1dc68af05787,"MCHARDY ST & WELLINGTON AVE, VANCOUVER",49.241217,-123.033001,incomplete_2018_2022_observations_no_zero_fill
VANCOUVER,MCLEAN DR,NAPIER ST,24d09ff2-1145-53cb-87d1-a329828ebab0,"MCLEAN DR & NAPIER ST, VANCOUVER",49.274893,-123.074467,incomplete_2018_2022_observations_no_zero_fill
VANCOUVER,MCLEAN DR,PARKER ST,54c383fe-68dd-551f-a22b-c6601290d093,"MCLEAN DR & PARKER ST, VANCOUVER",49.275812,-123.074443,incomplete_2018_2022_observations_no_zero_fill
VANCOUVER,MCLEAN DR,WILLIAM ST,871056c0-9cc5-5d50-b6da-078f78e20bbf,"MCLEAN DR & WILLIAM ST, VANCOUVER",49.273996,-123.074471,incomplete_2018_2022_observations_no_zero_fill
VANCOUVER,MCMULLEN AVE,VALLEY DR,c35a7003-0fbb-5c1b-98da-e27100a9a843,"MCMULLEN AVE & VALLEY DR, VANCOUVER",49.247958,-123.157992,incomplete_2018_2022_observations_no_zero_fill
VANCOUVER,MCRAE AVE,THE CRESCENT,0eb00f80-7f22-5f50-9582-4fd9570f1b5e,"MCRAE AVE & THE CRESCENT, VANCOUVER",49.256259,-123.13597,incomplete_2018_2022_observations_no_zero_fill
VANCOUVER,MELBOURNE ST,VANNESS AVE,20e0de1b-2bf2-59c2-a74d-faabd728dcec,"MELBOURNE ST & VANNESS AVE, VANCOUVER",49.236538,-123.028137,incomplete_2018_2022_observations_no_zero_fill
VANCOUVER,MELVILLE ST,W PENDER ST,f122e70d-4dc6-5191-92e6-1ec749e62a15,"MELVILLE ST & W PENDER ST, VANCOUVER",49.289204,-123.126187,incomplete_2018_2022_observations_no_zero_fill
VANCOUVER,MIDLOTHIAN AVE,W 33RD AVE,40bb4677-bcc2-564a-a2a4-d76a7e814374,"MIDLOTHIAN AVE & W 33RD AVE, VANCOUVER",49.240779,-123.106629,incomplete_2018_2022_observations_no_zero_fill
VANCOUVER,MIDLOTHIAN AVE,YUKON ST,f2f5714e-e8d3-515b-a551-9b9515c91370,"MIDLOTHIAN AVE & YUKON ST, VANCOUVER",49.245104,-123.112364,incomplete_2018_2022_observations_no_zero_fill
VANCOUVER,MILLER DR,N RENFREW ST,f82912de-dd3e-57ca-8bfa-b1ab42bdd8cc,"MILLER DR & N RENFREW ST, VANCOUVER",49.286716,-123.044061,incomplete_2018_2022_observations_no_zero_fill
VANCOUVER,MILTON ST,RAND AVE,b40ef2c2-9978-58f8-847f-11bb320d92dc,"MILTON ST & RAND AVE, VANCOUVER",49.204723,-123.141381,incomplete_2018_2022_observations_no_zero_fill
VANCOUVER,MILTON ST,W 75TH AVE,cae65cd2-498c-5132-b1f7-8e0ee154e1a6,"MILTON ST & W 75TH AVE, VANCOUVER",49.204223,-123.141597,incomplete_2018_2022_observations_no_zero_fill
VANCOUVER,MOBERLY RD,STAMPS LANDING,84a550c6-b753-5252-ad10-fd06ea89bfd0,"MOBERLY RD & STAMPS LANDING, VANCOUVER",49.268637,-123.117933,incomplete_2018_2022_observations_no_zero_fill
VANCOUVER,MOBERLY RD,STARBOARD SQ,c6817a06-cec4-5426-8b3a-563d2dd58764,"MOBERLY RD & STARBOARD SQ, VANCOUVER",49.268166,-123.117468,incomplete_2018_2022_observations_no_zero_fill
VANCOUVER,MONMOUTH AVE,PAYNE ST,257652ad-45e6-5d54-91db-0ede4e596e8c,"MONMOUTH AVE & PAYNE ST, VANCOUVER",49.240485,-123.028297,incomplete_2018_2022_observations_no_zero_fill
VANCOUVER,MONMOUTH AVE,RUBY ST,9f0b3861-eea0-5bc4-a1b2-4ed8a20d2ec2,"MONMOUTH AVE & RUBY ST, VANCOUVER",49.239696,-123.026328,incomplete_2018_2022_observations_no_zero_fill
VANCOUVER,MONS DR,NORMANDY DR,4cd0ed20-3c38-5802-acfa-e6c712e37328,"MONS DR & NORMANDY DR, VANCOUVER",49.253428,-123.030194,incomplete_2018_2022_observations_no_zero_fill
VANCOUVER,MONS DR,WORTHINGTON DR,61a27bd8-12ff-574b-8ee4-ebf3c397a2e5,"MONS DR & WORTHINGTON DR, VANCOUVER",49.254029,-123.029301,incomplete_2018_2022_observations_no_zero_fill
VANCOUVER,MONTCALM ST,RICHELIEU AVE,9b009e08-7696-5d6a-919a-4a832401c453,"MONTCALM ST & RICHELIEU AVE, VANCOUVER",49.257059,-123.130304,incomplete_2018_2022_observations_no_zero_fill
VANCOUVER,MONTCALM ST,SW MARINE DR,1a125da3-55ba-5794-950e-dd4f391c2ce0,"MONTCALM ST & SW MARINE DR, VANCOUVER",49.203951,-123.136782,incomplete_2018_2022_observations_no_zero_fill
VANCOUVER,MONTCALM ST,W 15TH AVE,74bc81ea-c429-5909-b41b-23adbd72c9b7,"MONTCALM ST & W 15TH AVE, VANCOUVER",49.257863,-123.130278,incomplete_2018_2022_observations_no_zero_fill
VANCOUVER,MONTCALM ST,W 16TH AVE,436f7512-bf8d-5a7e-8590-9172b658e9f2,"MONTCALM ST & W 16TH AVE, VANCOUVER",49.257059,-123.130304,incomplete_2018_2022_observations_no_zero_fill
VANCOUVER,MONTCALM ST,W 62ND AVE,f92cecc1-dff6-5b73-aed0-6f61df0dbf1a,"MONTCALM ST & W 62ND AVE, VANCOUVER",49.21497,-123.13555,incomplete_2018_2022_observations_no_zero_fill
VANCOUVER,MONTCALM ST,W 67TH AVE,ab6ec512-a26a-5811-acc2-cc1c885755a8,"MONTCALM ST & W 67TH AVE, VANCOUVER",49.210813,-123.13568,incomplete_2018_2022_observations_no_zero_fill
VANCOUVER,MONTCALM ST,W 72ND AVE,9b0e2ef4-3aec-5767-9786-354d75a65645,"MONTCALM ST & W 72ND AVE, VANCOUVER",49.205727,-123.136243,incomplete_2018_2022_observations_no_zero_fill
VANCOUVER,MONTGOMERY ST,W 41ST AVE,31dd77ae-91cc-5ca2-9fd4-c85ee65c31a6,"MONTGOMERY ST & W 41ST AVE, VANCOUVER",49.234073,-123.131852,incomplete_2018_2022_observations_no_zero_fill
VANCOUVER,MONTGOMERY ST,W 42ND AVE,9f045df7-1a35-5648-a681-9f8634800381,"MONTGOMERY ST & W 42ND AVE, VANCOUVER",49.233124,-123.131883,incomplete_2018_2022_observations_no_zero_fill
VANCOUVER,MONTGOMERY ST,W 43RD AVE,a6035172-9236-5ecb-8b45-dd5ec049514f,"MONTGOMERY ST & W 43RD AVE, VANCOUVER",49.23221,-123.131909,incomplete_2018_2022_observations_no_zero_fill
VANCOUVER,MONTGOMERY ST,W 45TH AVE,9df0921c-bf6b-5d29-b681-a09d344daaf4,"MONTGOMERY ST & W 45TH AVE, VANCOUVER",49.230347,-123.131973,incomplete_2018_2022_observations_no_zero_fill
VANCOUVER,MONTGOMERY ST,W 46TH AVE,3ba7a75b-7072-5257-9db6-dadbd7ed4e6b,"MONTGOMERY ST & W 46TH AVE, VANCOUVER",49.22942,-123.132002,incomplete_2018_2022_observations_no_zero_fill
VANCOUVER,MONTGOMERY ST,W 52ND AVE,9ccf8a70-a342-5149-ad2d-d0fd1d38b9a4,"MONTGOMERY ST & W 52ND AVE, VANCOUVER",49.223961,-123.13201,incomplete_2018_2022_observations_no_zero_fill
VANCOUVER,MOSS ST,VANNESS AVE,a8bb52f3-138f-5c52-9df7-b9c76dd82ab7,"MOSS ST & VANNESS AVE, VANCOUVER",49.242648,-123.042538,incomplete_2018_2022_observations_no_zero_fill
VANCOUVER,MUIRFIELD DR,SCARBORO AVE,20359ea4-c858-5da8-9aae-cd1f7449ac3f,"MUIRFIELD DR & SCARBORO AVE, VANCOUVER",49.212901,-123.057423,incomplete_2018_2022_observations_no_zero_fill
VANCOUVER,MUSQUEAM AVE,SALISH DR,9fd7ebfb-8c7a-5b2a-b72f-87a906180825,"MUSQUEAM AVE & SALISH DR, VANCOUVER",49.223712,-123.198907,incomplete_2018_2022_observations_no_zero_fill
VANCOUVER,MUSQUEAM DR,STAULO CRES,28e9886f-5b8a-562d-9adb-658745ab16e5,"MUSQUEAM DR & STAULO CRES, VANCOUVER",49.230242,-123.20396,incomplete_2018_2022_observations_no_zero_fill
VANCOUVER,N GARDEN DR,OXFORD ST,c1fb30e2-4faa-56b8-a3c2-46a9424554be,"N GARDEN DR & OXFORD ST, VANCOUVER",49.285705,-123.05775,incomplete_2018_2022_observations_no_zero_fill
VANCOUVER,N KAMLOOPS ST,OXFORD ST,1c423e7a-cc78-5999-a097-a5908324a91f,"N KAMLOOPS ST & OXFORD ST, VANCOUVER",49.285689,-123.054577,incomplete_2018_2022_observations_no_zero_fill
VANCOUVER,N KAMLOOPS ST,YALE ST,3609481a-4a8e-584e-be07-f03e0e08e584,"N KAMLOOPS ST & YALE ST, VANCOUVER",49.290734,-123.054564,incomplete_2018_2022_observations_no_zero_fill
VANCOUVER,N KASLO ST,OXFORD ST,03a38d44-74ac-50c4-9ca4-aa054d89f52b,"N KASLO ST & OXFORD ST, VANCOUVER",49.285671,-123.046701,incomplete_2018_2022_observations_no_zero_fill
VANCOUVER,N KASLO ST,TRINITY ST,0508e6bc-f64d-5adb-9d96-605d787dcd80,"N KASLO ST & TRINITY ST, VANCOUVER",49.289703,-123.046685,incomplete_2018_2022_observations_no_zero_fill
VANCOUVER,N KASLO ST,YALE ST,cd997d2b-da51-58d4-bf03-2d6d0e085b8f,"N KASLO ST & YALE ST, VANCOUVER",49.290712,-123.046679,incomplete_2018_2022_observations_no_zero_fill
VANCOUVER,N KOOTENAY ST,OXFORD ST,3c43c140-1364-5382-99f3-19993ac9e52a,"N KOOTENAY ST & OXFORD ST, VANCOUVER",49.285677,-123.025705,incomplete_2018_2022_observations_no_zero_fill
VANCOUVER,N LAKEWOOD DR,OXFORD ST,aab7462c-44f6-5ba9-a324-026b3f12c9ab,"N LAKEWOOD DR & OXFORD ST, VANCOUVER",49.285717,-123.061615,incomplete_2018_2022_observations_no_zero_fill
VANCOUVER,N NANAIMO ST,TRINITY ST,d09cf074-3f4b-56e9-a3c6-e2e1349e86ac,"N NANAIMO ST & TRINITY ST, VANCOUVER",49.289709,-123.056524,incomplete_2018_2022_observations_no_zero_fill
VANCOUVER,N NANAIMO ST,WALL ST,4c0a715b-38da-57e4-a709-ac40ce7aada6,"N NANAIMO ST & WALL ST, VANCOUVER",49.290725,-123.056437,incomplete_2018_2022_observations_no_zero_fill
VANCOUVER,N PENTICTON ST,OXFORD ST,e20f683f-fd65-5292-ba6d-c569c986fd5a,"N PENTICTON ST & OXFORD ST, VANCOUVER",49.285689,-123.051964,incomplete_2018_2022_observations_no_zero_fill
VANCOUVER,N PENTICTON ST,TRINITY ST,832ecaa7-cfad-5c03-a7d7-21c4cffa9441,"N PENTICTON ST & TRINITY ST, VANCOUVER",49.289706,-123.05197,incomplete_2018_2022_observations_no_zero_fill
VANCOUVER,N RENFREW ST,OXFORD ST,dcf3b408-605e-5230-9de1-ca7540dd78ac,"N RENFREW ST & OXFORD ST, VANCOUVER",49.285664,-123.044053,incomplete_2018_2022_observations_no_zero_fill
VANCOUVER,N RENFREW ST,TRINITY ST,a012681d-fa26-5052-b138-1ba6e5348228,"N RENFREW ST & TRINITY ST, VANCOUVER",49.289701,-123.044046,incomplete_2018_2022_observations_no_zero_fill
VANCOUVER,N RENFREW ST,WALL ST,1b789c19-ee1b-5369-a32a-f37fb8dce1c2,"N RENFREW ST & WALL ST, VANCOUVER",49.291071,-123.044056,incomplete_2018_2022_observations_no_zero_fill
VANCOUVER,N SLOCAN ST,OXFORD ST,06a0d4ab-ab90-5d33-a101-23fbf58c4043,"N SLOCAN ST & OXFORD ST, VANCOUVER",49.285677,-123.049319,incomplete_2018_2022_observations_no_zero_fill
VANCOUVER,N SLOCAN ST,TRINITY ST,cdccecf0-5890-5f1b-b385-3d31ae2f4fc1,"N SLOCAN ST & TRINITY ST, VANCOUVER",49.289703,-123.049301,incomplete_2018_2022_observations_no_zero_fill
VANCOUVER,N SLOCAN ST,WALL ST,f443b78e-843e-5c36-b062-65610b8252e2,"N SLOCAN ST & WALL ST, VANCOUVER",49.292139,-123.04928,incomplete_2018_2022_observations_no_zero_fill
VANCOUVER,N SLOCAN ST,YALE ST,33b672e7-cc4e-53e2-9f35-5de9708b3c17,"N SLOCAN ST & YALE ST, VANCOUVER",49.29071,-123.049292,incomplete_2018_2022_observations_no_zero_fill
VANCOUVER,N TEMPLETON DR,OXFORD ST,6e79c4d6-56b6-560a-8629-d950f4f38eee,"N TEMPLETON DR & OXFORD ST, VANCOUVER",49.285712,-123.059709,incomplete_2018_2022_observations_no_zero_fill
VANCOUVER,NANAIMO ST,NAPIER ST,6807a126-3724-551a-99d6-cd9780c80ab6,"NANAIMO ST & NAPIER ST, VANCOUVER",49.27487,-123.056575,incomplete_2018_2022_observations_no_zero_fill
VANCOUVER,NANAIMO ST,NEWPORT AVE,e1c567be-c57f-5c2d-b43b-d96484d0aa6d,"NANAIMO ST & NEWPORT AVE, VANCOUVER",49.215269,-123.059358,incomplete_2018_2022_observations_no_zero_fill
VANCOUVER,NANAIMO ST,PARKER ST,32ece033-60e3-5d63-9b5a-dbe5f5160f5e,"NANAIMO ST & PARKER ST, VANCOUVER",49.275733,-123.056571,incomplete_2018_2022_observations_no_zero_fill
VANCOUVER,NANAIMO ST,QUALICUM DR,4916b6b2-559d-5ba7-a93b-9d2646d1e7c1,"NANAIMO ST & QUALICUM DR, VANCOUVER",49.212371,-123.059449,incomplete_2018_2022_observations_no_zero_fill
VANCOUVER,NANAIMO ST,RIVERWOOD WAY,3dfd0937-2e21-5f8f-9267-e8516ab43b8e,"NANAIMO ST & RIVERWOOD WAY, VANCOUVER",49.206304,-123.059569,incomplete_2018_2022_observations_no_zero_fill
VANCOUVER,NANAIMO ST,SCARBORO AVE,3cfb2dc2-19f0-51bd-9656-f4462bfaa53a,"NANAIMO ST & SCARBORO AVE, VANCOUVER",49.213351,-123.059401,incomplete_2018_2022_observations_no_zero_fill
VANCOUVER,NANAIMO ST,SE MARINE DR,3845d093-8256-5e20-a303-09d1b306cdb5,"NANAIMO ST & SE MARINE DR, VANCOUVER",49.207506,-123.059545,incomplete_2018_2022_observations_no_zero_fill
VANCOUVER,NANAIMO ST,SOUTH SHORE CRES,ae26c39a-ebdd-5215-ad3f-60ba2b2b749b,"NANAIMO ST & SOUTH SHORE CRES, VANCOUVER",49.207027,-123.059557,incomplete_2018_2022_observations_no_zero_fill
VANCOUVER,NANAIMO ST,ST LAWRENCE ST,2d7203d8-da41-5d70-8b09-d6e6ef3d810c,"NANAIMO ST & ST LAWRENCE ST, VANCOUVER",49.24343,-123.056618,incomplete_2018_2022_observations_no_zero_fill
VANCOUVER,NANAIMO ST,TRIUMPH ST,194c6188-47b4-50c2-9a26-868294d6ca9e,"NANAIMO ST & TRIUMPH ST, VANCOUVER",49.283903,-123.056531,incomplete_2018_2022_observations_no_zero_fill
VANCOUVER,NANAIMO ST,TURNER ST,b4fa6e95-8da4-55fe-ac33-5f6e7e392c52,"NANAIMO ST & TURNER ST, VANCOUVER",49.279108,-123.056554,incomplete_2018_2022_observations_no_zero_fill
VANCOUVER,NANAIMO ST,UPLAND DR,921cb8de-20af-5fe1-9350-57e559603330,"NANAIMO ST & UPLAND DR, VANCOUVER",49.217981,-123.059318,incomplete_2018_2022_observations_no_zero_fill
VANCOUVER,NANAIMO ST,WAVERLEY AVE,ce29a37c-54fe-5200-b618-66587af2d1d0,"NANAIMO ST & WAVERLEY AVE, VANCOUVER",49.227078,-123.05909,incomplete_2018_2022_observations_no_zero_fill
VANCOUVER,NANTON AVE,OSLER ST,46feb776-529f-55b4-b136-314898ff9b91,"NANTON AVE & OSLER ST, VANCOUVER",49.246354,-123.129925,incomplete_2018_2022_observations_no_zero_fill
VANCOUVER,NANTON AVE,PINE CRES,63b1a0d4-e59a-56f9-9b6a-f08c0aedbb44,"NANTON AVE & PINE CRES, VANCOUVER",49.247542,-123.147578,incomplete_2018_2022_observations_no_zero_fill
VANCOUVER,NANTON AVE,SELKIRK ST,fdefd10c-0e2c-5e0e-81a3-be03066f130d,"NANTON AVE & SELKIRK ST, VANCOUVER",49.246376,-123.132112,incomplete_2018_2022_observations_no_zero_fill
VANCOUVER,NANTON AVE,YEW ST,bc6f0b2a-8deb-54f1-a3d5-daefe6d30fc8,"NANTON AVE & YEW ST, VANCOUVER",49.247659,-123.154716,incomplete_2018_2022_observations_no_zero_fill
VANCOUVER,NAPIER ST,ODLUM DR,2fa0ef7c-9962-5d24-b997-b32b9cfbfab7,"NAPIER ST & ODLUM DR, VANCOUVER",49.274916,-123.075894,incomplete_2018_2022_observations_no_zero_fill
VANCOUVER,NAPIER ST,PENTICTON ST,f7c7ab78-de6c-566e-b843-5e0016b470c2,"NAPIER ST & PENTICTON ST, VANCOUVER",49.274974,-123.052027,incomplete_2018_2022_observations_no_zero_fill
VANCOUVER,NAPIER ST,RUPERT ST,07f980db-16b9-5ef4-b912-a06ff4cfd647,"NAPIER ST & RUPERT ST, VANCOUVER",49.274965,-123.033615,incomplete_2018_2022_observations_no_zero_fill
VANCOUVER,NAPIER ST,SALSBURY DR,4befa2e1-b629-5307-9da7-5044e2b48e2f,"NAPIER ST & SALSBURY DR, VANCOUVER",49.274853,-123.067585,incomplete_2018_2022_observations_no_zero_fill
VANCOUVER,NAPIER ST,SEMLIN DR,de705112-712c-50aa-b319-90c1bef83f84,"NAPIER ST & SEMLIN DR, VANCOUVER",49.274808,-123.06364,incomplete_2018_2022_observations_no_zero_fill
VANCOUVER,NAPIER ST,SKEENA ST,2fe22d11-7cec-5bdb-9b0a-e59d60797fe5,"NAPIER ST & SKEENA ST, VANCOUVER",49.274947,-123.0284,incomplete_2018_2022_observations_no_zero_fill
VANCOUVER,NAPIER ST,SLOCAN ST,3cc84b54-5a21-596e-a230-102f5632ebf5,"NAPIER ST & SLOCAN ST, VANCOUVER",49.274972,-123.049386,incomplete_2018_2022_observations_no_zero_fill
VANCOUVER,NAPIER ST,TEMPLETON DR,3965cfb7-7793-5877-8e11-dbc058873be6,"NAPIER ST & TEMPLETON DR, VANCOUVER",49.274804,-123.059865,incomplete_2018_2022_observations_no_zero_fill
VANCOUVER,NAPIER ST,VERNON DR,9fcd8dab-3033-5bfd-815f-b1471589d1a4,"NAPIER ST & VERNON DR, VANCOUVER",49.274964,-123.078659,incomplete_2018_2022_observations_no_zero_fill
VANCOUVER,NAPIER ST,WINDERMERE ST,ef07e5f9-5fbb-53fc-9c7d-8b1cecc61e52,"NAPIER ST & WINDERMERE ST, VANCOUVER",49.274962,-123.036346,incomplete_2018_2022_observations_no_zero_fill
VANCOUVER,NARVAEZ DR,PUGET DR,c4de509d-5754-50f3-ac0e-2d7b391eea64,"NARVAEZ DR & PUGET DR, VANCOUVER",49.244161,-123.162799,incomplete_2018_2022_observations_no_zero_fill
VANCOUVER,NARVAEZ DR,W 33RD AVE,03bd32e5-52ba-5a42-8b80-8eb6013a1a41,"NARVAEZ DR & W 33RD AVE, VANCOUVER",49.24221,-123.160138,incomplete_2018_2022_observations_no_zero_fill
VANCOUVER,NASSAU DR,VICTORIA DR,5013f4d4-38e6-5b80-8618-0a231da4bd04,"NASSAU DR & VICTORIA DR, VANCOUVER",49.21899,-123.065909,incomplete_2018_2022_observations_no_zero_fill
VANCOUVER,NATIONAL AVE,THORNTON ST,859955af-94c4-5863-a77f-57a1fd43fd51,"NATIONAL AVE & THORNTON ST, VANCOUVER",49.27359,-123.092703,incomplete_2018_2022_observations_no_zero_fill
VANCOUVER,NEAL ST,W 50TH AVE,55e66523-be2c-5944-a96f-c9d24878bffa,"NEAL ST & W 50TH AVE, VANCOUVER",49.225416,-123.122254,incomplete_2018_2022_observations_no_zero_fill
VANCOUVER,NEAL ST,W 54TH AVE,d95fdaaf-fef2-5315-8a75-f0db4f4c90ed,"NEAL ST & W 54TH AVE, VANCOUVER",49.221466,-123.122515,incomplete_2018_2022_observations_no_zero_fill
VANCOUVER,NEAL ST,W 57TH AVE,a0036612-285a-50e0-925e-a5ecb51ae4e9,"NEAL ST & W 57TH AVE, VANCOUVER",49.219121,-123.122252,incomplete_2018_2022_observations_no_zero_fill
VANCOUVER,NELSON ST,PARK LANE,8763e886-5600-54cb-a9df-39f5ecf23026,"NELSON ST & PARK LANE, VANCOUVER",49.292516,-123.143771,incomplete_2018_2022_observations_no_zero_fill
VANCOUVER,NEWPORT AVE,VICTORIA DR,e25f958c-b076-5229-8408-da2a9b63fc01,"NEWPORT AVE & VICTORIA DR, VANCOUVER",49.215316,-123.065967,incomplete_2018_2022_observations_no_zero_fill
VANCOUVER,NICOLA ST,PANTAGES LANE,d9d7be3b-6e6d-53db-85be-b65078c4c767,"NICOLA ST & PANTAGES LANE, VANCOUVER",49.284116,-123.137992,incomplete_2018_2022_observations_no_zero_fill
VANCOUVER,NICOLA ST,PENDRELL ST,18009e5c-1f23-5460-8b07-5bd518e48511,"NICOLA ST & PENDRELL ST, VANCOUVER",49.285153,-123.136379,incomplete_2018_2022_observations_no_zero_fill
VANCOUVER,NICOLA ST,ROSEMARY BROWN LANE,619e460d-3b5c-5eb9-b57a-8d4eb5b5ce1c,"NICOLA ST & ROSEMARY BROWN LANE, VANCOUVER",49.288304,-123.131661,incomplete_2018_2022_observations_no_zero_fill
VANCOUVER,NICOLA ST,SEE-EM-IA LANE,151f0490-02ae-50cd-ae2e-6f6c41e33d2e,"NICOLA ST & SEE-EM-IA LANE, VANCOUVER",49.28478,-123.136968,incomplete_2018_2022_observations_no_zero_fill
VANCOUVER,NICOLA ST,TED NORTHE LANE,2c03f713-0095-5419-9d49-5155daf96e3a,"NICOLA ST & TED NORTHE LANE, VANCOUVER",49.286924,-123.133746,incomplete_2018_2022_observations_no_zero_fill
VANCOUVER,NOOTKA ST,PARKER ST,006d3784-30c4-5619-84f9-b51e5901aa02,"NOOTKA ST & PARKER ST, VANCOUVER",49.275371,-123.04141,incomplete_2018_2022_observations_no_zero_fill
VANCOUVER,NOOTKA ST,VENABLES ST,f145befd-199a-5512-85ab-a067e5b189cb,"NOOTKA ST & VENABLES ST, VANCOUVER",49.276409,-123.041387,incomplete_2018_2022_observations_no_zero_fill
VANCOUVER,NOOTKA ST,VIRTUAL WAY,c72d7274-29e4-5eb1-9b05-95e32024233b,"NOOTKA ST & VIRTUAL WAY, VANCOUVER",49.261022,-123.040131,incomplete_2018_2022_observations_no_zero_fill
VANCOUVER,NORMANDY DR,WORTHINGTON DR,5d2bf9bb-6a37-5232-b762-4043f7f3e589,"NORMANDY DR & WORTHINGTON DR, VANCOUVER",49.251516,-123.02624,incomplete_2018_2022_observations_no_zero_fill
VANCOUVER,NORQUAY ST,SLOCAN ST,8e3cc344-909a-5365-b618-07475cd05772,"NORQUAY ST & SLOCAN ST, VANCOUVER",49.242429,-123.051643,incomplete_2018_2022_observations_no_zero_fill
VANCOUVER,NORTHERN ST,STATION ST,d7e305c9-dfef-5d08-b4ea-e1e92ba6c896,"NORTHERN ST & STATION ST, VANCOUVER",49.271815,-123.098054,incomplete_2018_2022_observations_no_zero_fill
VANCOUVER,NORTHERN ST,WESTERN ST,794a0bb5-46ae-56e9-9314-6fc742a36445,"NORTHERN ST & WESTERN ST, VANCOUVER",49.271855,-123.099373,incomplete_2018_2022_observations_no_zero_fill
VANCOUVER,NUNAVUT LANE,SW MARINE DR,d8c26780-4e91-5e5b-ba1a-0c2e7e5553f3,"NUNAVUT LANE & SW MARINE DR, VANCOUVER",49.21058,-123.116241,incomplete_2018_2022_observations_no_zero_fill
VANCOUVER,NUNAVUT LANE,W 64TH AVE,7c24e79a-268b-5cbd-9d03-1db9f1443f91,"NUNAVUT LANE & W 64TH AVE, VANCOUVER",49.212291,-123.11618,incomplete_2018_2022_observations_no_zero_fill
VANCOUVER,NW MARINE DR,SASAMAT ST,34704d42-c4e5-5c43-bc19-0a9cfc5bb611,"NW MARINE DR & SASAMAT ST, VANCOUVER",49.274432,-123.20873,incomplete_2018_2022_observations_no_zero_fill
VANCOUVER,NW MARINE DR,TRIMBLE ST,cb5c88a6-d1f1-52b7-8c25-86dfac32be39,"NW MARINE DR & TRIMBLE ST, VANCOUVER",49.272937,-123.205724,incomplete_2018_2022_observations_no_zero_fill
VANCOUVER,NW MARINE DR,W 2ND AVE,540aaad8-de34-5cff-a9f2-7a2be53fd0c8,"NW MARINE DR & W 2ND AVE, VANCOUVER",49.271359,-123.202361,incomplete_2018_2022_observations_no_zero_fill
VANCOUVER,OAK ST,OAK ST OFFRAMP,39988ce6-881b-5ad2-a6a4-c4bbb3e2b071,"OAK ST & OAK ST OFFRAMP, VANCOUVER",49.204906,-123.129668,incomplete_2018_2022_observations_no_zero_fill
VANCOUVER,OAK ST,RICHELIEU AVE,122aa013-0090-5be7-90f1-cf7323d9a556,"OAK ST & RICHELIEU AVE, VANCOUVER",49.256156,-123.127255,incomplete_2018_2022_observations_no_zero_fill
VANCOUVER,OAK ST,SW MARINE DR OFFRAMP,7b55c8b4-ae86-5730-8e88-99cde7ec5222,"OAK ST & SW MARINE DR OFFRAMP, VANCOUVER",49.204906,-123.129668,incomplete_2018_2022_observations_no_zero_fill
VANCOUVER,OAK ST,W 50TH AVE,e672f650-5e66-56c7-bcf0-afe655132ec5,"OAK ST & W 50TH AVE, VANCOUVER",49.225686,-123.128345,incomplete_2018_2022_observations_no_zero_fill
VANCOUVER,OAK ST,W 53RD AVE,2a2281a6-fa3f-59d5-a691-f0d456370909,"OAK ST & W 53RD AVE, VANCOUVER",49.222811,-123.128482,incomplete_2018_2022_observations_no_zero_fill
VANCOUVER,OAK ST,W 74TH AVE,6d54bbc8-bd25-5805-974b-5da55277061c,"OAK ST & W 74TH AVE, VANCOUVER",49.204064,-123.130398,incomplete_2018_2022_observations_no_zero_fill
VANCOUVER,OAK ST,W 77TH AVE,06f9d881-0ab0-580e-bb4d-3cbf800fc030,"OAK ST & W 77TH AVE, VANCOUVER",49.200882,-123.130533,incomplete_2018_2022_observations_no_zero_fill
VANCOUVER,OAK ST,W KENT AVE N,60e4e8a8-5484-5f97-9b5c-73ec646a487b,"OAK ST & W KENT AVE N, VANCOUVER",49.203525,-123.129098,incomplete_2018_2022_observations_no_zero_fill
VANCOUVER,OAK ST,W KENT AVE S,e4aabaef-bddb-529c-9678-cf3c145e9de9,"OAK ST & W KENT AVE S, VANCOUVER",49.203276,-123.128873,incomplete_2018_2022_observations_no_zero_fill
VANCOUVER,OBEN ST,VANNESS AVE,f746e342-5ea2-50ba-8042-8532f3a1bd4d,"OBEN ST & VANNESS AVE, VANCOUVER",49.235645,-123.026193,incomplete_2018_2022_observations_no_zero_fill
VANCOUVER,ODLUM DR,PARKER ST,468d2997-f0c1-53d0-baf5-f788942577ee,"ODLUM DR & PARKER ST, VANCOUVER",49.275834,-123.075876,incomplete_2018_2022_observations_no_zero_fill
VANCOUVER,ODLUM DR,VENABLES ST,dea56c71-9ae0-553e-8a83-06a3278bbfa6,"ODLUM DR & VENABLES ST, VANCOUVER",49.276743,-123.075857,incomplete_2018_2022_observations_no_zero_fill
VANCOUVER,ODLUM DR,WILLIAM ST,84829a99-8c7a-571b-b400-5f86e72db182,"ODLUM DR & WILLIAM ST, VANCOUVER",49.274018,-123.075915,incomplete_2018_2022_observations_no_zero_fill
VANCOUVER,OLD BRIDGE ST,RAILSPUR ALLEY,4ac894dd-7665-597d-8825-4a73ec3a1207,"OLD BRIDGE ST & RAILSPUR ALLEY, VANCOUVER",49.270568,-123.134596,incomplete_2018_2022_observations_no_zero_fill
VANCOUVER,OLIVER CRES,TRAFALGAR ST,e9742355-19e2-5fee-a870-58b9d5ab3d4b,"OLIVER CRES & TRAFALGAR ST, VANCOUVER",49.249115,-123.165321,incomplete_2018_2022_observations_no_zero_fill
VANCOUVER,OLIVER CRES,VALLEY DR,c55e7ab5-31f8-5410-9ad3-f07670700181,"OLIVER CRES & VALLEY DR, VANCOUVER",49.250678,-123.159948,incomplete_2018_2022_observations_no_zero_fill
VANCOUVER,OLYMPIC ST,SW MARINE DR,97b86672-46e0-5ab9-837d-bcfbde6b37fb,"OLYMPIC ST & SW MARINE DR, VANCOUVER",49.232212,-123.189629,incomplete_2018_2022_observations_no_zero_fill
VANCOUVER,OLYMPIC ST,W 39TH AVE,4977c16a-9f18-5a72-9ce4-a68336ec4f83,"OLYMPIC ST & W 39TH AVE, VANCOUVER",49.23644,-123.189576,incomplete_2018_2022_observations_no_zero_fill
VANCOUVER,ONTARIO PL,QUEBEC ST,0a8cb51a-36ca-570b-bdcf-fb7e35b5677f,"ONTARIO PL & QUEBEC ST, VANCOUVER",49.232573,-123.103709,incomplete_2018_2022_observations_no_zero_fill
VANCOUVER,ONTARIO ST,PEVERIL AVE,b10edaa5-836e-5d65-93b2-68089243ea48,"ONTARIO ST & PEVERIL AVE, VANCOUVER",49.244527,-123.105208,incomplete_2018_2022_observations_no_zero_fill
VANCOUVER,ONTARIO ST,W 11TH AVE,f9ed6e12-cd82-5360-8b35-9e0fa794cdfd,"ONTARIO ST & W 11TH AVE, VANCOUVER",49.261162,-123.104983,incomplete_2018_2022_observations_no_zero_fill
VANCOUVER,ONTARIO ST,W 13TH AVE,00661db7-7a5c-5086-b975-7c089bf2af32,"ONTARIO ST & W 13TH AVE, VANCOUVER",49.259371,-123.105048,incomplete_2018_2022_observations_no_zero_fill
VANCOUVER,ONTARIO ST,W 14TH AVE,5e53479a-1fa5-52c7-a010-3278d43a782c,"ONTARIO ST & W 14TH AVE, VANCOUVER",49.258471,-123.105104,incomplete_2018_2022_observations_no_zero_fill
VANCOUVER,ONTARIO ST,W 15TH AVE,724381db-2fc8-5cd0-b2ee-77870d38d8d4,"ONTARIO ST & W 15TH AVE, VANCOUVER",49.257566,-123.105153,incomplete_2018_2022_observations_no_zero_fill
VANCOUVER,ONTARIO ST,W 18TH AVE,3adf15d9-0312-5a4b-93b0-afeac336df8a,"ONTARIO ST & W 18TH AVE, VANCOUVER",49.254662,-123.105029,incomplete_2018_2022_observations_no_zero_fill
VANCOUVER,ONTARIO ST,W 1ST AVE,f5c5aa08-8e3a-5a42-a16e-ffd2b79c96e8,"ONTARIO ST & W 1ST AVE, VANCOUVER",49.270163,-123.104627,incomplete_2018_2022_observations_no_zero_fill
VANCOUVER,ONTARIO ST,W 20TH AVE,2a7f5c4a-2901-506a-8ee7-70d950c990aa,"ONTARIO ST & W 20TH AVE, VANCOUVER",49.252761,-123.104815,incomplete_2018_2022_observations_no_zero_fill
VANCOUVER,ONTARIO ST,W 21ST AVE,3f8649fb-1625-5d72-898c-628129133090,"ONTARIO ST & W 21ST AVE, VANCOUVER",49.251877,-123.104873,incomplete_2018_2022_observations_no_zero_fill
VANCOUVER,ONTARIO ST,W 22ND AVE,83115133-5efc-57d6-96b0-d6ab41896563,"ONTARIO ST & W 22ND AVE, VANCOUVER",49.25097,-123.104906,incomplete_2018_2022_observations_no_zero_fill
VANCOUVER,ONTARIO ST,W 23RD AVE,923a46be-815d-59f4-bcc2-eb2ebcbcd763,"ONTARIO ST & W 23RD AVE, VANCOUVER",49.249916,-123.104968,incomplete_2018_2022_observations_no_zero_fill
VANCOUVER,ONTARIO ST,W 26TH AVE,8df1d09e-28a5-53c6-9b20-5362092d48a5,"ONTARIO ST & W 26TH AVE, VANCOUVER",49.247744,-123.105051,incomplete_2018_2022_observations_no_zero_fill
VANCOUVER,ONTARIO ST,W 27TH AVE,c992997f-813e-5216-b25b-e9f019aa2adc,"ONTARIO ST & W 27TH AVE, VANCOUVER",49.246845,-123.1051,incomplete_2018_2022_observations_no_zero_fill
VANCOUVER,ONTARIO ST,W 28TH AVE,941ebac1-b607-566d-9b15-c03ed5690497,"ONTARIO ST & W 28TH AVE, VANCOUVER",49.246059,-123.105144,incomplete_2018_2022_observations_no_zero_fill
VANCOUVER,ONTARIO ST,W 33RD AVE,b5bb5eee-50ec-5f5a-8000-d1ac7838af9d,"ONTARIO ST & W 33RD AVE, VANCOUVER",49.240576,-123.105362,incomplete_2018_2022_observations_no_zero_fill
VANCOUVER,ONTARIO ST,W 42ND AVE,e765c56f-e816-55c1-b45f-9cb413a2318d,"ONTARIO ST & W 42ND AVE, VANCOUVER",49.232207,-123.10564,incomplete_2018_2022_observations_no_zero_fill
VANCOUVER,ONTARIO ST,W 43RD AVE,7994a0e4-0867-55f8-864e-70cc1c1a5a35,"ONTARIO ST & W 43RD AVE, VANCOUVER",49.231283,-123.105663,incomplete_2018_2022_observations_no_zero_fill
VANCOUVER,ONTARIO ST,W 44TH AVE,18205a52-1061-5d3c-9561-1d066187f49c,"ONTARIO ST & W 44TH AVE, VANCOUVER",49.230366,-123.105702,incomplete_2018_2022_observations_no_zero_fill
VANCOUVER,ONTARIO ST,W 45TH AVE,125ec0c8-c199-5e79-bbd7-fbf87831cb28,"ONTARIO ST & W 45TH AVE, VANCOUVER",49.229444,-123.105741,incomplete_2018_2022_observations_no_zero_fill
VANCOUVER,ONTARIO ST,W 46TH AVE,df231401-0047-5aeb-992e-63db15c8a386,"ONTARIO ST & W 46TH AVE, VANCOUVER",49.228558,-123.105849,incomplete_2018_2022_observations_no_zero_fill
VANCOUVER,ONTARIO ST,W 48TH AVE,a941ff73-2b39-5496-b640-41898ad30af8,"ONTARIO ST & W 48TH AVE, VANCOUVER",49.226745,-123.105866,incomplete_2018_2022_observations_no_zero_fill
VANCOUVER,ONTARIO ST,W 59TH AVE,f28c0a25-c216-51e7-be9e-62b1fd2b91e1,"ONTARIO ST & W 59TH AVE, VANCOUVER",49.216818,-123.106223,incomplete_2018_2022_observations_no_zero_fill
VANCOUVER,ONTARIO ST,W 5TH AVE,b896f5a8-9db2-54e2-a63a-78e78b61fb81,"ONTARIO ST & W 5TH AVE, VANCOUVER",49.266496,-123.104753,incomplete_2018_2022_observations_no_zero_fill
VANCOUVER,ONTARIO ST,W 60TH AVE,3e85976e-6da6-51b3-8797-e1c181849c3f,"ONTARIO ST & W 60TH AVE, VANCOUVER",49.215934,-123.106233,incomplete_2018_2022_observations_no_zero_fill
VANCOUVER,ONTARIO ST,W 61ST AVE,c4f0ab18-e9d1-5028-8264-d90cd5bc28a1,"ONTARIO ST & W 61ST AVE, VANCOUVER",49.215075,-123.106378,incomplete_2018_2022_observations_no_zero_fill
VANCOUVER,ONTARIO ST,W 62ND AVE,bb9e891b-ae50-54f5-bc61-30f56115c029,"ONTARIO ST & W 62ND AVE, VANCOUVER",49.214212,-123.106432,incomplete_2018_2022_observations_no_zero_fill
VANCOUVER,ONTARIO ST,W 63RD AVE,a918b3ad-e566-5eb3-8e71-04b8d7ef66cb,"ONTARIO ST & W 63RD AVE, VANCOUVER",49.213322,-123.106504,incomplete_2018_2022_observations_no_zero_fill
VANCOUVER,ONTARIO ST,W KENT AVE N,4f594e2d-ea82-59ab-b535-faa7ae3f5c3e,"ONTARIO ST & W KENT AVE N, VANCOUVER",49.206861,-123.106851,incomplete_2018_2022_observations_no_zero_fill
VANCOUVER,ONTARIO ST,W KENT AVE S,4e82b1aa-a182-5eab-acc8-027a3716cef1,"ONTARIO ST & W KENT AVE S, VANCOUVER",49.206598,-123.106865,incomplete_2018_2022_observations_no_zero_fill
VANCOUVER,ONTARIO ST,WALTER HARDWICK AVE,9ccf21bd-eefa-527a-a75a-e49064697b93,"ONTARIO ST & WALTER HARDWICK AVE, VANCOUVER",49.270898,-123.104602,incomplete_2018_2022_observations_no_zero_fill
VANCOUVER,ORMIDALE ST,VANNESS AVE,10321256-73d3-5aee-9366-20e5c3b926e7,"ORMIDALE ST & VANNESS AVE, VANCOUVER",49.235015,-123.024812,incomplete_2018_2022_observations_no_zero_fill
VANCOUVER,OSLER ST,W 25TH AVE,860e5fd0-a7fd-5085-8042-46cb05610f79,"OSLER ST & W 25TH AVE, VANCOUVER",49.249259,-123.129792,incomplete_2018_2022_observations_no_zero_fill
VANCOUVER,OSLER ST,W 26TH AVE,e404a8a2-33bf-5602-8677-4dc73021144c,"OSLER ST & W 26TH AVE, VANCOUVER",49.248189,-123.129853,incomplete_2018_2022_observations_no_zero_fill
VANCOUVER,OSLER ST,W 29TH AVE,67f6d81f-6966-5891-b089-4b2147158014,"OSLER ST & W 29TH AVE, VANCOUVER",49.245406,-123.129963,incomplete_2018_2022_observations_no_zero_fill
VANCOUVER,OSLER ST,W 32ND AVE,11e4c172-669e-54c9-8d94-e46cc7d201c6,"OSLER ST & W 32ND AVE, VANCOUVER",49.242469,-123.130074,incomplete_2018_2022_observations_no_zero_fill
VANCOUVER,OSLER ST,W 33RD AVE,80685701-a3b1-5a83-a426-1520d9383fb4,"OSLER ST & W 33RD AVE, VANCOUVER",49.241526,-123.130111,incomplete_2018_2022_observations_no_zero_fill
VANCOUVER,OSLER ST,W 37TH AVE,c2d235cf-f637-5544-83c8-660903f4ad49,"OSLER ST & W 37TH AVE, VANCOUVER",49.237725,-123.130289,incomplete_2018_2022_observations_no_zero_fill
VANCOUVER,OSLER ST,W 38TH AVE,78ee7833-bda1-5e75-be1c-e5b9c549759c,"OSLER ST & W 38TH AVE, VANCOUVER",49.2368,-123.130289,incomplete_2018_2022_observations_no_zero_fill
VANCOUVER,OSLER ST,W 40TH AVE,b6a3ab9d-a6c3-5850-a011-5267bd015a29,"OSLER ST & W 40TH AVE, VANCOUVER",49.234974,-123.130349,incomplete_2018_2022_observations_no_zero_fill
VANCOUVER,OSLER ST,W 41ST AVE,d96529ae-4332-5900-a4cf-751e6da79c11,"OSLER ST & W 41ST AVE, VANCOUVER",49.23402,-123.13038,incomplete_2018_2022_observations_no_zero_fill
VANCOUVER,OSLER ST,W 52ND AVE,53b1ffe8-81c0-55b3-9e36-65cac6d51b98,"OSLER ST & W 52ND AVE, VANCOUVER",49.223941,-123.130636,incomplete_2018_2022_observations_no_zero_fill
VANCOUVER,OSLER ST,W 53RD AVE,3e5f9ec6-97ad-52a2-86d6-56ce6e9a9644,"OSLER ST & W 53RD AVE, VANCOUVER",49.222844,-123.130672,incomplete_2018_2022_observations_no_zero_fill
VANCOUVER,OSLER ST,W 54TH AVE,f3d88608-0498-5969-a40e-db05abdaab42,"OSLER ST & W 54TH AVE, VANCOUVER",49.221572,-123.13071,incomplete_2018_2022_observations_no_zero_fill
VANCOUVER,OSLER ST,W 59TH AVE,46ba5df4-2010-5baf-ab91-47751da5c136,"OSLER ST & W 59TH AVE, VANCOUVER",49.217188,-123.131341,incomplete_2018_2022_observations_no_zero_fill
VANCOUVER,OSLER ST,W 64TH AVE,cc88e468-ff7d-5256-8635-af550e3a5919,"OSLER ST & W 64TH AVE, VANCOUVER",49.212995,-123.131446,incomplete_2018_2022_observations_no_zero_fill
VANCOUVER,OSLER ST,W 67TH AVE,00111aa4-4beb-5951-a7d8-6089b648912e,"OSLER ST & W 67TH AVE, VANCOUVER",49.210762,-123.131555,incomplete_2018_2022_observations_no_zero_fill
VANCOUVER,OSLER ST,W 72ND AVE,c58c6c9c-8189-55ac-99ac-f1659ca82b49,"OSLER ST & W 72ND AVE, VANCOUVER",49.205656,-123.131727,incomplete_2018_2022_observations_no_zero_fill
VANCOUVER,OSLER ST,W 73RD AVE,cde5cf40-08d3-5190-8e89-4b390b3d45af,"OSLER ST & W 73RD AVE, VANCOUVER",49.204314,-123.13177,incomplete_2018_2022_observations_no_zero_fill
VANCOUVER,OSLER ST,W KING EDWARD AVE,d7b3826a-149d-55df-a035-e06bfd69499b,"OSLER ST & W KING EDWARD AVE, VANCOUVER",49.249259,-123.129792,incomplete_2018_2022_observations_no_zero_fill
VANCOUVER,PACIFIC BLVD,PACIFIC BLVD OFFRAMP,cb0dd0a6-e3a5-5ac8-abfa-ab18f1d9ea9f,"PACIFIC BLVD & PACIFIC BLVD OFFRAMP, VANCOUVER",49.275209,-123.114561,incomplete_2018_2022_observations_no_zero_fill
VANCOUVER,PACIFIC BLVD,PACIFIC ST,2cf1f03a-9d62-5b67-aaf8-300e1cc8cfeb,"PACIFIC BLVD & PACIFIC ST, VANCOUVER",49.273108,-123.125875,incomplete_2018_2022_observations_no_zero_fill
VANCOUVER,PACIFIC BLVD OFFRAMP,SMITHE ST,25f0dec1-c01c-5b54-8d06-388ae7c6d724,"PACIFIC BLVD OFFRAMP & SMITHE ST, VANCOUVER",49.274837,-123.112958,incomplete_2018_2022_observations_no_zero_fill
VANCOUVER,PACIFIC ST,PACIFIC ST OFFRAMP,f099f162-1ae1-5876-ab9e-a23c3ec05c05,"PACIFIC ST & PACIFIC ST OFFRAMP, VANCOUVER",49.276971,-123.132435,incomplete_2018_2022_observations_no_zero_fill
VANCOUVER,PACIFIC ST,ROLSTON ST,f82a6c39-a782-5feb-bb0e-0518d9ecbe43,"PACIFIC ST & ROLSTON ST, VANCOUVER",49.274613,-123.128892,incomplete_2018_2022_observations_no_zero_fill
VANCOUVER,PACIFIC ST,SEYMOUR MEWS,cd124ffe-2be1-587a-b0fc-a7b1bf8b8de9,"PACIFIC ST & SEYMOUR MEWS, VANCOUVER",49.274389,-123.128397,incomplete_2018_2022_observations_no_zero_fill
VANCOUVER,PACIFIC ST,STRATHMORE MEWS,2686832b-b9dc-569d-9dea-f516000f9083,"PACIFIC ST & STRATHMORE MEWS, VANCOUVER",49.273245,-123.126722,incomplete_2018_2022_observations_no_zero_fill
VANCOUVER,PANDORA ST,PENTICTON ST,a62bd6c7-1ef8-5353-a316-e0cd7eebc7e9,"PANDORA ST & PENTICTON ST, VANCOUVER",49.282988,-123.05195,incomplete_2018_2022_observations_no_zero_fill
VANCOUVER,PANDORA ST,SEMLIN DR,46e3baf3-e161-56ee-8101-26b08b810d73,"PANDORA ST & SEMLIN DR, VANCOUVER",49.283077,-123.063659,incomplete_2018_2022_observations_no_zero_fill
VANCOUVER,PANDORA ST,SKEENA ST,12715929-03ef-5731-85d7-23cb59afecc1,"PANDORA ST & SKEENA ST, VANCOUVER",49.282953,-123.02832,incomplete_2018_2022_observations_no_zero_fill
VANCOUVER,PANDORA ST,SLOCAN ST,c4b2a555-8c10-56b6-81c4-4e46d307e93a,"PANDORA ST & SLOCAN ST, VANCOUVER",49.28298,-123.04933,incomplete_2018_2022_observations_no_zero_fill
VANCOUVER,PANDORA ST,TEMPLETON DR,797cf59a-4e2d-5f50-b996-9187a6551881,"PANDORA ST & TEMPLETON DR, VANCOUVER",49.283007,-123.059721,incomplete_2018_2022_observations_no_zero_fill
VANCOUVER,PANDORA ST,WOODLAND DR,2f6ee6b5-0491-522a-b72d-5be3baa48f89,"PANDORA ST & WOODLAND DR, VANCOUVER",49.2831,-123.072594,incomplete_2018_2022_observations_no_zero_fill
VANCOUVER,PARK DR,SELKIRK ST,db7266fb-d8a9-54b2-87c9-09d8bade10df,"PARK DR & SELKIRK ST, VANCOUVER",49.215254,-123.132794,incomplete_2018_2022_observations_no_zero_fill
VANCOUVER,PARK DR,SHAUGHNESSY ST,3f424693-1b67-5267-8c6c-6266e0b47dfe,"PARK DR & SHAUGHNESSY ST, VANCOUVER",49.214082,-123.128702,incomplete_2018_2022_observations_no_zero_fill
VANCOUVER,PARK DR,W 59TH AVE,4bb8e04b-3715-591d-a155-82b96498eb30,"PARK DR & W 59TH AVE, VANCOUVER",49.217369,-123.140216,incomplete_2018_2022_observations_no_zero_fill
VANCOUVER,PARK LANE,STANLEY PARK DR,05cedb0a-511d-50bf-b571-ed09a1450579,"PARK LANE & STANLEY PARK DR, VANCOUVER",49.290756,-123.146408,incomplete_2018_2022_observations_no_zero_fill
VANCOUVER,PARKER ST,PENTICTON ST,9ebe79b9-7787-5bda-9d82-739ddb70e210,"PARKER ST & PENTICTON ST, VANCOUVER",49.275804,-123.052015,incomplete_2018_2022_observations_no_zero_fill
VANCOUVER,PARKER ST,RENFREW ST,6b275909-6675-5d2f-845e-65dab65859fa,"PARKER ST & RENFREW ST, VANCOUVER",49.275372,-123.044127,incomplete_2018_2022_observations_no_zero_fill
VANCOUVER,PARKER ST,ROSSLAND ST,14f68f73-cc42-523e-8c87-c770e7c6456f,"PARKER ST & ROSSLAND ST, VANCOUVER",49.275373,-123.04554,incomplete_2018_2022_observations_no_zero_fill
VANCOUVER,PARKER ST,RUPERT ST,f98cec35-6057-59ce-993a-778c5011a704,"PARKER ST & RUPERT ST, VANCOUVER",49.275797,-123.033608,incomplete_2018_2022_observations_no_zero_fill
VANCOUVER,PARKER ST,SEMLIN DR,c95d3200-51cd-5bce-83d3-7a4aea3b2801,"PARKER ST & SEMLIN DR, VANCOUVER",49.275728,-123.063691,incomplete_2018_2022_observations_no_zero_fill
VANCOUVER,PARKER ST,TEMPLETON DR,c804b8c2-ffd8-5b21-94b3-f4a1c2a83e4b,"PARKER ST & TEMPLETON DR, VANCOUVER",49.275649,-123.059851,incomplete_2018_2022_observations_no_zero_fill
VANCOUVER,PARKER ST,VICTORIA DR,7867063d-c9df-5f49-83d1-4cb0b5eaf025,"PARKER ST & VICTORIA DR, VANCOUVER",49.275736,-123.065638,incomplete_2018_2022_observations_no_zero_fill
VANCOUVER,PARKER ST,WINDERMERE ST,b0b59303-22bb-5c68-b1cf-6982c4c3e799,"PARKER ST & WINDERMERE ST, VANCOUVER",49.275798,-123.036317,incomplete_2018_2022_observations_no_zero_fill
VANCOUVER,PAULSON ST,W 59TH AVE,f99617ff-9bd8-5cc2-8f50-313f07d54807,"PAULSON ST & W 59TH AVE, VANCOUVER",49.216967,-123.11872,incomplete_2018_2022_observations_no_zero_fill
VANCOUVER,PENTICTON ST,TRIUMPH ST,62645329-277a-5588-8243-d0ace131862f,"PENTICTON ST & TRIUMPH ST, VANCOUVER",49.283894,-123.051966,incomplete_2018_2022_observations_no_zero_fill
VANCOUVER,PENTICTON ST,TURNER ST,41590510-21e8-59a9-a131-28359550603e,"PENTICTON ST & TURNER ST, VANCOUVER",49.279101,-123.051991,incomplete_2018_2022_observations_no_zero_fill
VANCOUVER,PENTICTON ST,VENABLES ST,4282e197-94fc-52a4-83e8-6f14a5c6e5db,"PENTICTON ST & VENABLES ST, VANCOUVER",49.276631,-123.052006,incomplete_2018_2022_observations_no_zero_fill
VANCOUVER,PENTICTON ST,WILLIAM ST,1c8af830-ecc1-5d97-bccd-a67327672473,"PENTICTON ST & WILLIAM ST, VANCOUVER",49.27414,-123.052018,incomplete_2018_2022_observations_no_zero_fill
VANCOUVER,PEVERIL AVE,W 28TH AVE,7494496d-e6f6-535a-b955-0e2ff3c66e48,"PEVERIL AVE & W 28TH AVE, VANCOUVER",49.245811,-123.107012,incomplete_2018_2022_observations_no_zero_fill
VANCOUVER,PICTON ST,QUEENS AVE,1ed0879b-aa1e-519a-aca4-f723784bf9ce,"PICTON ST & QUEENS AVE, VANCOUVER",49.243111,-123.040422,incomplete_2018_2022_observations_no_zero_fill
VANCOUVER,PICTON ST,WELLINGTON AVE,6ba3ff04-e231-5cc3-a8fa-f5698fa7b2f2,"PICTON ST & WELLINGTON AVE, VANCOUVER",49.243971,-123.03965,incomplete_2018_2022_observations_no_zero_fill
VANCOUVER,PINE CRES,PINE ST,97dd41b6-7f18-5d54-95d6-7c3a8f483ee8,"PINE CRES & PINE ST, VANCOUVER",49.255607,-123.144024,incomplete_2018_2022_observations_no_zero_fill
VANCOUVER,PINE CRES,W 19TH AVE,2a7a13f3-0bc6-5614-8571-45c2a7a5c508,"PINE CRES & W 19TH AVE, VANCOUVER",49.254607,-123.14596,incomplete_2018_2022_observations_no_zero_fill
VANCOUVER,PINE CRES,W 35TH AVE,8da521a5-852d-5d0e-83c5-bbafabeeea22,"PINE CRES & W 35TH AVE, VANCOUVER",49.23997,-123.146984,incomplete_2018_2022_observations_no_zero_fill
VANCOUVER,PINE CRES,W 36TH AVE,bac1f859-2203-557a-8657-01e8c4031017,"PINE CRES & W 36TH AVE, VANCOUVER",49.239063,-123.146987,incomplete_2018_2022_observations_no_zero_fill
VANCOUVER,PINE CRES,W KING EDWARD AVE,76a1a7c9-096c-5699-99cd-f56a9602fbe6,"PINE CRES & W KING EDWARD AVE, VANCOUVER",49.249549,-123.147525,incomplete_2018_2022_observations_no_zero_fill
VANCOUVER,PINE ST,W 10TH AVE,b6d733f4-cbe1-5cf6-ae64-fdc2ebc448b4,"PINE ST & W 10TH AVE, VANCOUVER",49.262715,-123.143465,incomplete_2018_2022_observations_no_zero_fill
VANCOUVER,PINE ST,W 11TH AVE,ef29537e-ff0f-5b44-a9e3-b4f3246a994a,"PINE ST & W 11TH AVE, VANCOUVER",49.261764,-123.143452,incomplete_2018_2022_observations_no_zero_fill
VANCOUVER,PINE ST,W 12TH AVE,12c180f6-585e-5f94-9e76-d64cf5a9f5fa,"PINE ST & W 12TH AVE, VANCOUVER",49.260882,-123.143475,incomplete_2018_2022_observations_no_zero_fill
VANCOUVER,PINE ST,W 13TH AVE,7aee444c-5e37-5e24-85d7-e52e042708fa,"PINE ST & W 13TH AVE, VANCOUVER",49.259892,-123.143522,incomplete_2018_2022_observations_no_zero_fill
VANCOUVER,PINE ST,W 14TH AVE,2cf495b4-6178-584d-aa26-7dd25aa87044,"PINE ST & W 14TH AVE, VANCOUVER",49.258986,-123.143564,incomplete_2018_2022_observations_no_zero_fill
VANCOUVER,PINE ST,W 15TH AVE,ef9b617a-daa6-5971-ae62-bb04eed3c27b,"PINE ST & W 15TH AVE, VANCOUVER",49.25806,-123.143605,incomplete_2018_2022_observations_no_zero_fill
VANCOUVER,PINE ST,W 1ST AVE,a30023ea-3330-59d4-9b15-c36056aaea04,"PINE ST & W 1ST AVE, VANCOUVER",49.270628,-123.143129,incomplete_2018_2022_observations_no_zero_fill
VANCOUVER,PINE ST,W 2ND AVE,c07b1103-2420-56a8-a178-a7e794362aee,"PINE ST & W 2ND AVE, VANCOUVER",49.269745,-123.14317,incomplete_2018_2022_observations_no_zero_fill
VANCOUVER,PINE ST,W 5TH AVE,17cdf43c-eecf-544e-91b2-2a7909e5ea94,"PINE ST & W 5TH AVE, VANCOUVER",49.267119,-123.143274,incomplete_2018_2022_observations_no_zero_fill
VANCOUVER,PINE ST,W 6TH AVE,e3f17b9f-a1ee-5bad-9b3a-c0bd646a5ab2,"PINE ST & W 6TH AVE, VANCOUVER",49.266263,-123.143309,incomplete_2018_2022_observations_no_zero_fill
VANCOUVER,PINE ST,W 7TH AVE,df318081-3ba0-501a-9097-b0d676a7c9d2,"PINE ST & W 7TH AVE, VANCOUVER",49.265417,-123.143322,incomplete_2018_2022_observations_no_zero_fill
VANCOUVER,PINE ST,W 8TH AVE,499cc826-701c-5fe7-af2b-ee2e0b04ab71,"PINE ST & W 8TH AVE, VANCOUVER",49.264582,-123.143343,incomplete_2018_2022_observations_no_zero_fill
VANCOUVER,PINEHURST DR,W 49TH AVE,b0ce6ef7-f80c-51d3-baa0-9f2c4665138f,"PINEHURST DR & W 49TH AVE, VANCOUVER",49.226008,-123.114585,incomplete_2018_2022_observations_no_zero_fill
VANCOUVER,PIPELINE RD,STANLEY PARK DR,11c2b98a-2d3f-5915-8e9d-2e6118b628e7,"PIPELINE RD & STANLEY PARK DR, VANCOUVER",49.30681,-123.135617,incomplete_2018_2022_observations_no_zero_fill
VANCOUVER,POINT GREY RD,STEPHENS ST,3aa1bbc0-4325-5110-bdf2-490ba9871426,"POINT GREY RD & STEPHENS ST, VANCOUVER",49.27223,-123.166237,incomplete_2018_2022_observations_no_zero_fill
VANCOUVER,POINT GREY RD,TRAFALGAR ST,9a5403d4-ab1c-5430-b7c8-99dc42721661,"POINT GREY RD & TRAFALGAR ST, VANCOUVER",49.273568,-123.164132,incomplete_2018_2022_observations_no_zero_fill
VANCOUVER,POINT GREY RD,W 1ST AVE,195241e3-60d6-578e-b253-f8e0466f7c56,"POINT GREY RD & W 1ST AVE, VANCOUVER",49.27105,-123.169177,incomplete_2018_2022_observations_no_zero_fill
VANCOUVER,PORTER ST,VICTORIA DIVERS,246b4ce2-7b75-5fbc-ba6b-5fef09008a19,"PORTER ST & VICTORIA DIVERS, VANCOUVER",49.253486,-123.066992,incomplete_2018_2022_observations_no_zero_fill
VANCOUVER,PORTER ST,VICTORIA DR,c0cd6e5d-996d-5d2a-a62c-ab9dfe2dc108,"PORTER ST & VICTORIA DR, VANCOUVER",49.25464,-123.066136,incomplete_2018_2022_observations_no_zero_fill
VANCOUVER,PORTSIDE CRT,PORTSIDE DR,19c28c1b-f150-5662-9b71-2fe01e0ef94a,"PORTSIDE CRT & PORTSIDE DR, VANCOUVER",49.206843,-123.061414,incomplete_2018_2022_observations_no_zero_fill
VANCOUVER,PORTSIDE DR,SOUTHSIDE DR,cb7d6938-d5b2-52db-b05a-716f235fb4ef,"PORTSIDE DR & SOUTHSIDE DR, VANCOUVER",49.207534,-123.061405,incomplete_2018_2022_observations_no_zero_fill
VANCOUVER,POWELL ST,SEMLIN DR,86b81618-3c23-5bd2-85e2-b6114ea097a5,"POWELL ST & SEMLIN DR, VANCOUVER",49.284806,-123.063552,incomplete_2018_2022_observations_no_zero_fill
VANCOUVER,POWELL ST,VERNON DR,73477c2a-0a66-5364-8651-900e133c2828,"POWELL ST & VERNON DR, VANCOUVER",49.282926,-123.079164,incomplete_2018_2022_observations_no_zero_fill
VANCOUVER,POWELL ST,WATER ST,4f51787f-aaa8-5909-90dd-284f8cf59393,"POWELL ST & WATER ST, VANCOUVER",49.283368,-123.104002,incomplete_2018_2022_observations_no_zero_fill
VANCOUVER,PRESTWICK DR,THORNHILL DR,272e83ba-18d8-5516-9cc6-150afeeb8c04,"PRESTWICK DR & THORNHILL DR, VANCOUVER",49.216208,-123.068494,incomplete_2018_2022_observations_no_zero_fill
VANCOUVER,PRESTWICK DR,VICTORIA DR,91fb42ba-e829-5306-814c-028d8df08c1d,"PRESTWICK DR & VICTORIA DR, VANCOUVER",49.216176,-123.065984,incomplete_2018_2022_observations_no_zero_fill
VANCOUVER,PRIOR ST,QUEBEC ST,a5b5312d-ebd7-518b-8996-d9e1f5b12248,"PRIOR ST & QUEBEC ST, VANCOUVER",49.276804,-123.102138,incomplete_2018_2022_observations_no_zero_fill
VANCOUVER,PRIOR ST,STATION ST,9f254316-99ca-590e-a1cb-a5c4aeb4a1f0,"PRIOR ST & STATION ST, VANCOUVER",49.276783,-123.099854,incomplete_2018_2022_observations_no_zero_fill
VANCOUVER,PRIOR ST,VENABLES ST,cc297921-a4d8-5e1a-ad84-03b11c47e16a,"PRIOR ST & VENABLES ST, VANCOUVER",49.276493,-123.084998,incomplete_2018_2022_observations_no_zero_fill
VANCOUVER,PROSPECT POINT PARK LANE,STANLEY PARK DR,3ab9766c-3eed-5aab-8dcf-8a87af9c9df9,"PROSPECT POINT PARK LANE & STANLEY PARK DR, VANCOUVER",49.310522,-123.1493,incomplete_2018_2022_observations_no_zero_fill
VANCOUVER,PUGET DR,W 19TH AVE,034ee8e6-2675-5a89-b34a-a7843fcae6d8,"PUGET DR & W 19TH AVE, VANCOUVER",49.255544,-123.176129,incomplete_2018_2022_observations_no_zero_fill
VANCOUVER,PUGET DR,W 20TH AVE,3c5fb14c-494d-5fb7-b631-6e02d7d68803,"PUGET DR & W 20TH AVE, VANCOUVER",49.254632,-123.175399,incomplete_2018_2022_observations_no_zero_fill
VANCOUVER,PUGET DR,W 21ST AVE,c4391c8c-ea7c-5a81-baab-fce2e1785725,"PUGET DR & W 21ST AVE, VANCOUVER",49.253713,-123.174472,incomplete_2018_2022_observations_no_zero_fill
VANCOUVER,PUGET DR,W 23RD AVE,3a4a9968-3997-5e64-a326-e030c936a54f,"PUGET DR & W 23RD AVE, VANCOUVER",49.251904,-123.172283,incomplete_2018_2022_observations_no_zero_fill
VANCOUVER,PUGET DR,W 24TH AVE,d7444507-b344-5baa-acf0-f49c54117881,"PUGET DR & W 24TH AVE, VANCOUVER",49.251002,-123.171375,incomplete_2018_2022_observations_no_zero_fill
VANCOUVER,PUGET DR,W 25TH AVE,b29fcb93-7247-55e7-8878-d6a1a4cbc184,"PUGET DR & W 25TH AVE, VANCOUVER",49.249287,-123.169873,incomplete_2018_2022_observations_no_zero_fill
VANCOUVER,PUGET DR,W 29TH AVE,df03eab9-1d1c-51a3-a136-8dde51b091bb,"PUGET DR & W 29TH AVE, VANCOUVER",49.246147,-123.166045,incomplete_2018_2022_observations_no_zero_fill
VANCOUVER,PUGET DR,W 31ST AVE,15584b63-bf38-5e4f-8846-a3500d892870,"PUGET DR & W 31ST AVE, VANCOUVER",49.244161,-123.162799,incomplete_2018_2022_observations_no_zero_fill
VANCOUVER,PULLMAN PORTER ST,SWITCHMEN ST,5252af5c-516e-5b40-b6f0-961526cee214,"PULLMAN PORTER ST & SWITCHMEN ST, VANCOUVER",49.271389,-123.103228,incomplete_2018_2022_observations_no_zero_fill
VANCOUVER,QUADRA ST,W 19TH AVE,916be57a-7e70-5801-ab51-d38572cc96d5,"QUADRA ST & W 19TH AVE, VANCOUVER",49.255563,-123.179228,incomplete_2018_2022_observations_no_zero_fill
VANCOUVER,QUALICUM DR,SCARBORO AVE,2aa4d277-7498-580d-8bfb-9b7bb77fb11d,"QUALICUM DR & SCARBORO AVE, VANCOUVER",49.213602,-123.06471,incomplete_2018_2022_observations_no_zero_fill
VANCOUVER,QUEBEC ST,UNION ST,cac9457b-00f2-5116-b8e3-f20d2a090368,"QUEBEC ST & UNION ST, VANCOUVER",49.277633,-123.102135,incomplete_2018_2022_observations_no_zero_fill
VANCOUVER,QUESNEL DR,W 16TH AVE,cd5678bf-a7f8-5e37-a3e8-16340a4e9c82,"QUESNEL DR & W 16TH AVE, VANCOUVER",49.25778,-123.17986,incomplete_2018_2022_observations_no_zero_fill
VANCOUVER,QUESNEL DR,W 20TH AVE,d6aaa0d6-5128-5c4f-8a49-641c26bacc23,"QUESNEL DR & W 20TH AVE, VANCOUVER",49.25465,-123.176751,incomplete_2018_2022_observations_no_zero_fill
VANCOUVER,QUESNEL DR,W 21ST AVE,acbd166b-8dd5-5348-9e8c-bd45539ba641,"QUESNEL DR & W 21ST AVE, VANCOUVER",49.253719,-123.176243,incomplete_2018_2022_observations_no_zero_fill
VANCOUVER,QUESNEL DR,W 22ND AVE,034efc02-0d38-5d73-b606-e35fe151bb22,"QUESNEL DR & W 22ND AVE, VANCOUVER",49.252828,-123.175219,incomplete_2018_2022_observations_no_zero_fill
VANCOUVER,QUESNEL DR,W 23RD AVE,a24ded4c-2059-5231-8e14-c0307fbd826e,"QUESNEL DR & W 23RD AVE, VANCOUVER",49.251934,-123.174103,incomplete_2018_2022_observations_no_zero_fill
VANCOUVER,QUESNEL DR,W 24TH AVE,799bd6d3-d2b6-5ab0-b0ed-5bb3c854f885,"QUESNEL DR & W 24TH AVE, VANCOUVER",49.251008,-123.173016,incomplete_2018_2022_observations_no_zero_fill
VANCOUVER,QUESNEL DR,W 28TH AVE,0caf55d6-e5ef-5152-af62-76845da8b602,"QUESNEL DR & W 28TH AVE, VANCOUVER",49.247052,-123.16878,incomplete_2018_2022_observations_no_zero_fill
VANCOUVER,QUESNEL DR,W 29TH AVE,33c15d87-7f25-5a91-8903-af287bc6ff89,"QUESNEL DR & W 29TH AVE, VANCOUVER",49.246109,-123.167897,incomplete_2018_2022_observations_no_zero_fill
VANCOUVER,QUILCHENA CRES,W 33RD AVE,7e2506c9-37f8-5e5b-b93b-e3a350bab20c,"QUILCHENA CRES & W 33RD AVE, VANCOUVER",49.242016,-123.14722,incomplete_2018_2022_observations_no_zero_fill
VANCOUVER,QUILCHENA PL,W 33RD AVE,e1687e5d-07c4-5ecb-a98e-c6777716dc69,"QUILCHENA PL & W 33RD AVE, VANCOUVER",49.242097,-123.152252,incomplete_2018_2022_observations_no_zero_fill
VANCOUVER,RAND AVE,W 75TH AVE,982b1fcc-7984-574d-a103-ea6632646f3f,"RAND AVE & W 75TH AVE, VANCOUVER",49.20532,-123.144756,incomplete_2018_2022_observations_no_zero_fill
VANCOUVER,RAYMUR AVE,WILLIAM ST,e40aaa31-2980-5312-b817-6e111979f5f4,"RAYMUR AVE & WILLIAM ST, VANCOUVER",49.274254,-123.082711,incomplete_2018_2022_observations_no_zero_fill
VANCOUVER,REDBUD LANE,VINE ST,c99d5c84-75bd-5749-bcc6-44cf689e2b1c,"REDBUD LANE & VINE ST, VANCOUVER",49.261575,-123.157715,incomplete_2018_2022_observations_no_zero_fill
VANCOUVER,REID ST,WELLINGTON AVE,e666524c-f1e8-53ed-a824-ef130eff566d,"REID ST & WELLINGTON AVE, VANCOUVER",49.242906,-123.037057,incomplete_2018_2022_observations_no_zero_fill
VANCOUVER,RENFREW ST,TRIUMPH ST,1be80dfc-8437-5f12-9a60-cf288854f8a1,"RENFREW ST & TRIUMPH ST, VANCOUVER",49.283872,-123.043995,incomplete_2018_2022_observations_no_zero_fill
VANCOUVER,RENFREW ST,VIRTUAL WAY,9a3b60cc-2a0b-59d8-b273-71a7c53dd97e,"RENFREW ST & VIRTUAL WAY, VANCOUVER",49.260973,-123.044321,incomplete_2018_2022_observations_no_zero_fill
VANCOUVER,RENFREW ST,WILLIAM ST,18f82c02-14bf-56cc-8e91-15826d5f59dc,"RENFREW ST & WILLIAM ST, VANCOUVER",49.274203,-123.044127,incomplete_2018_2022_observations_no_zero_fill
VANCOUVER,RICHARDS ST,WATER ST,4146c383-d3f8-56a2-b666-024f817de4fd,"RICHARDS ST & WATER ST, VANCOUVER",49.284708,-123.110918,incomplete_2018_2022_observations_no_zero_fill
VANCOUVER,RICHELIEU AVE,W 16TH AVE,c789e68e-bd85-5ab6-b1f5-1c11709e84f2,"RICHELIEU AVE & W 16TH AVE, VANCOUVER",49.257059,-123.130304,incomplete_2018_2022_observations_no_zero_fill
VANCOUVER,RIVER DISTRICT CROSSING,SAWMILL CRES,3a8a8614-ad9d-5c09-a8fb-75822d258491,"RIVER DISTRICT CROSSING & SAWMILL CRES, VANCOUVER",49.205892,-123.031017,incomplete_2018_2022_observations_no_zero_fill
VANCOUVER,RIVERGRASS DR,SAWMILL CRES,09fcccf4-c4e4-5c72-96fe-e7911ca5823b,"RIVERGRASS DR & SAWMILL CRES, VANCOUVER",49.205772,-123.02835,incomplete_2018_2022_observations_no_zero_fill
VANCOUVER,ROCKPOOLE DR,W 59TH AVE,748dee65-c9b4-5ed0-90ec-c8dd3be6d958,"ROCKPOOLE DR & W 59TH AVE, VANCOUVER",49.216879,-123.1116,incomplete_2018_2022_observations_no_zero_fill
VANCOUVER,ROGERS ST,STEWART ST,e73492e9-3b79-5801-9687-b3f74c0bed3d,"ROGERS ST & STEWART ST, VANCOUVER",49.283348,-123.079981,incomplete_2018_2022_observations_no_zero_fill
VANCOUVER,ROSE ST,WILLIAM ST,78b5cb84-914c-5ae4-9d58-ec10018d59fb,"ROSE ST & WILLIAM ST, VANCOUVER",49.273762,-123.062906,incomplete_2018_2022_observations_no_zero_fill
VANCOUVER,RUBY ST,WELLINGTON AVE,2bbaf920-af21-5d88-80bf-0587e6e08491,"RUBY ST & WELLINGTON AVE, VANCOUVER",49.238833,-123.027135,incomplete_2018_2022_observations_no_zero_fill
VANCOUVER,RUPERT ST,SEAFORTH DR,e98caa0d-d02d-5e64-a54d-ec3cd6fee44c,"RUPERT ST & SEAFORTH DR, VANCOUVER",49.253145,-123.033804,incomplete_2018_2022_observations_no_zero_fill
VANCOUVER,RUPERT ST,TURNER ST,f8767659-c0c0-5afd-ad1c-a852dbd3aad7,"RUPERT ST & TURNER ST, VANCOUVER",49.279062,-123.033592,incomplete_2018_2022_observations_no_zero_fill
VANCOUVER,RUPERT ST,VENABLES ST,98b45ac2-577f-5320-a614-f87444938f83,"RUPERT ST & VENABLES ST, VANCOUVER",49.276619,-123.033601,incomplete_2018_2022_observations_no_zero_fill
VANCOUVER,RUPERT ST,WAVERLEY AVE,27149ff3-e11d-509f-af6c-fa62d630a995,"RUPERT ST & WAVERLEY AVE, VANCOUVER",49.226982,-123.040991,incomplete_2018_2022_observations_no_zero_fill
VANCOUVER,RUPERT ST OFFRAMP,TRANS-CANADA HWY,4aaf202f-0153-5bfe-8dbd-8bd4fb14307a,"RUPERT ST OFFRAMP & TRANS-CANADA HWY, VANCOUVER",49.269452,-123.027611,incomplete_2018_2022_observations_no_zero_fill
VANCOUVER,SALERNO ST,W 8TH AVE,8ee07c66-080d-5b5f-9095-cf62dc10976c,"SALERNO ST & W 8TH AVE, VANCOUVER",49.26531,-123.19115,incomplete_2018_2022_observations_no_zero_fill
VANCOUVER,SALISH DR,STAULO CRES,c6778030-33c5-5c97-95eb-cab0bace34e0,"SALISH DR & STAULO CRES, VANCOUVER",49.226493,-123.197452,incomplete_2018_2022_observations_no_zero_fill
VANCOUVER,SALISH DR,STAUTLO AVE,d6e66744-57ae-553e-add1-b0271858a44b,"SALISH DR & STAUTLO AVE, VANCOUVER",49.230078,-123.197085,incomplete_2018_2022_observations_no_zero_fill
VANCOUVER,SALISH DR,TAMATH CRES,b3b2c52f-081e-5e1d-920c-013fd784c215,"SALISH DR & TAMATH CRES, VANCOUVER",49.235593,-123.199794,incomplete_2018_2022_observations_no_zero_fill
VANCOUVER,SALISH DR,THELLAIWHALTUN AVE,4f2c17ed-a5fc-5cfd-91d1-0402d916d32b,"SALISH DR & THELLAIWHALTUN AVE, VANCOUVER",49.227731,-123.197134,incomplete_2018_2022_observations_no_zero_fill
VANCOUVER,SALISH DR,TYTAHUN CRES,d1a02746-a7b5-585f-81c3-ed158a77a076,"SALISH DR & TYTAHUN CRES, VANCOUVER",49.234566,-123.198296,incomplete_2018_2022_observations_no_zero_fill
VANCOUVER,SALISH DR,W 51ST AVE,82cc73cd-a2e3-5ca7-a9ef-4be8abde3e92,"SALISH DR & W 51ST AVE, VANCOUVER",49.226493,-123.197452,incomplete_2018_2022_observations_no_zero_fill
VANCOUVER,SALSBURY DR,TRIUMPH ST,a8a922eb-9c78-5cd7-a9c5-96df0ef57985,"SALSBURY DR & TRIUMPH ST, VANCOUVER",49.283446,-123.06826,incomplete_2018_2022_observations_no_zero_fill
VANCOUVER,SALSBURY DR,VENABLES ST,0b1c40d2-77d1-57ab-a458-f69e47a29a44,"SALSBURY DR & VENABLES ST, VANCOUVER",49.276651,-123.067545,incomplete_2018_2022_observations_no_zero_fill
VANCOUVER,SALSBURY DR,WILLIAM ST,dd717c58-057d-5aca-b04c-83dcc2fff878,"SALSBURY DR & WILLIAM ST, VANCOUVER",49.273934,-123.067604,incomplete_2018_2022_observations_no_zero_fill
VANCOUVER,SALT ST,W 1ST AVE,2ac8e56b-3043-5bd3-b576-fe30ae994690,"SALT ST & W 1ST AVE, VANCOUVER",49.270288,-123.106098,incomplete_2018_2022_observations_no_zero_fill
VANCOUVER,SALT ST,WALTER HARDWICK AVE,41d0b7a2-8da5-5270-946f-85687e073861,"SALT ST & WALTER HARDWICK AVE, VANCOUVER",49.270915,-123.106085,incomplete_2018_2022_observations_no_zero_fill
VANCOUVER,SASAMAT ST,W 11TH AVE,f15db6c0-3430-5799-b6f1-da0cdb8ea7ca,"SASAMAT ST & W 11TH AVE, VANCOUVER",49.262925,-123.209143,incomplete_2018_2022_observations_no_zero_fill
VANCOUVER,SASAMAT ST,W 12TH AVE,426e8c83-69d8-58c8-b5a2-0777d9d6a151,"SASAMAT ST & W 12TH AVE, VANCOUVER",49.262007,-123.209182,incomplete_2018_2022_observations_no_zero_fill
VANCOUVER,SASAMAT ST,W 13TH AVE,542be331-be73-56d7-b7b4-d076e83f9061,"SASAMAT ST & W 13TH AVE, VANCOUVER",49.261107,-123.209214,incomplete_2018_2022_observations_no_zero_fill
VANCOUVER,SASAMAT ST,W 14TH AVE,6a19bb19-0b92-5802-9929-1db7a0564935,"SASAMAT ST & W 14TH AVE, VANCOUVER",49.260203,-123.209245,incomplete_2018_2022_observations_no_zero_fill
VANCOUVER,SASAMAT ST,W 15TH AVE,0e50bc1e-3499-599d-86bd-754e6626bf98,"SASAMAT ST & W 15TH AVE, VANCOUVER",49.259288,-123.209276,incomplete_2018_2022_observations_no_zero_fill
VANCOUVER,SASAMAT ST,W 16TH AVE,5a0ba309-87c7-58f3-b624-3e35ee7a8a07,"SASAMAT ST & W 16TH AVE, VANCOUVER",49.258299,-123.209312,incomplete_2018_2022_observations_no_zero_fill
VANCOUVER,SASAMAT ST,W 2ND AVE,9b3df7ab-d77d-5f5c-98a3-75c6c148f59e,"SASAMAT ST & W 2ND AVE, VANCOUVER",49.271354,-123.208831,incomplete_2018_2022_observations_no_zero_fill
VANCOUVER,SASAMAT ST,W 4TH AVE,2123e31d-f908-5a61-9186-997075eec1f2,"SASAMAT ST & W 4TH AVE, VANCOUVER",49.269017,-123.208928,incomplete_2018_2022_observations_no_zero_fill
VANCOUVER,SASAMAT ST,W 5TH AVE,d6087342-189a-5e2c-8671-8d4b45b88e08,"SASAMAT ST & W 5TH AVE, VANCOUVER",49.268155,-123.208914,incomplete_2018_2022_observations_no_zero_fill
VANCOUVER,SASAMAT ST,W 6TH AVE,a1dc940f-fc9d-5da1-9ef1-844794eda186,"SASAMAT ST & W 6TH AVE, VANCOUVER",49.267292,-123.208952,incomplete_2018_2022_observations_no_zero_fill
VANCOUVER,SASAMAT ST,W 7TH AVE,b54b992d-33e4-564a-ac83-99a94f0ffaed,"SASAMAT ST & W 7TH AVE, VANCOUVER",49.266453,-123.208989,incomplete_2018_2022_observations_no_zero_fill
VANCOUVER,SASAMAT ST,W 8TH AVE,39231ecd-1863-5af6-b494-45eaed03d388,"SASAMAT ST & W 8TH AVE, VANCOUVER",49.26558,-123.209073,incomplete_2018_2022_observations_no_zero_fill
VANCOUVER,SASAMAT ST,W 9TH AVE,7846efca-1704-511f-811d-17fae0da2c0c,"SASAMAT ST & W 9TH AVE, VANCOUVER",49.264711,-123.209077,incomplete_2018_2022_observations_no_zero_fill
VANCOUVER,SASKATCHEWAN LANE,W 70TH AVE,e272b56a-f707-57d3-b7b2-ab2cfc875329,"SASKATCHEWAN LANE & W 70TH AVE, VANCOUVER",49.208544,-123.141398,incomplete_2018_2022_observations_no_zero_fill
VANCOUVER,SCANTLINGS,SCHOOL GREEN,b5c7916d-fb8a-5443-9c1f-73b2abb04f9f,"SCANTLINGS & SCHOOL GREEN, VANCOUVER",49.267535,-123.127622,incomplete_2018_2022_observations_no_zero_fill
VANCOUVER,SCANTLINGS,SITKA SQ,2da8e822-aa0c-55fa-8895-8784845a8439,"SCANTLINGS & SITKA SQ, VANCOUVER",49.26702,-123.128912,incomplete_2018_2022_observations_no_zero_fill
VANCOUVER,SCARBORO AVE,VICTORIA DR,a07fe5f9-e204-5f61-a577-1f9a9104a5d0,"SCARBORO AVE & VICTORIA DR, VANCOUVER",49.213606,-123.066045,incomplete_2018_2022_observations_no_zero_fill
VANCOUVER,SCHOOL AVE,SENLAC ST,13ffb837-5680-5493-bb21-5831e2777ec2,"SCHOOL AVE & SENLAC ST, VANCOUVER",49.231754,-123.03421,incomplete_2018_2022_observations_no_zero_fill
VANCOUVER,SCHOOL AVE,TYNE ST,8552e7c7-3f22-5627-83e7-dadec2b6bb15,"SCHOOL AVE & TYNE ST, VANCOUVER",49.23099,-123.032232,incomplete_2018_2022_observations_no_zero_fill
VANCOUVER,SE MARINE DR,SE MARINE DR OFFRAMP,86a808ca-6217-5d6d-b47a-1ba60e633bf0,"SE MARINE DR & SE MARINE DR OFFRAMP, VANCOUVER",49.211079,-123.077129,incomplete_2018_2022_observations_no_zero_fill
VANCOUVER,SE MARINE DR,SE MARINE DR ONRAMP,e2a1670f-e330-5571-8385-59e9903decbc,"SE MARINE DR & SE MARINE DR ONRAMP, VANCOUVER",49.211079,-123.077129,incomplete_2018_2022_observations_no_zero_fill
VANCOUVER,SE MARINE DR,SW MARINE DR,c40bbcb8-1baf-54a4-bdc6-e27eb1fb8374,"SE MARINE DR & SW MARINE DR, VANCOUVER",49.212334,-123.106574,incomplete_2018_2022_observations_no_zero_fill
VANCOUVER,SE MARINE DR,WHITNEY PL,e13e19d0-b280-537c-80b2-cc4836021ed4,"SE MARINE DR & WHITNEY PL, VANCOUVER",49.20786,-123.02755,incomplete_2018_2022_observations_no_zero_fill
VANCOUVER,SEAFORTH DR,WORTHINGTON DR,17b24046-635d-5fae-90a9-8366e8ac6b71,"SEAFORTH DR & WORTHINGTON DR, VANCOUVER",49.254727,-123.030972,incomplete_2018_2022_observations_no_zero_fill
VANCOUVER,SELKIRK ST,W 25TH AVE,74cefd5b-9c6e-54dd-982b-29716d8b7af5,"SELKIRK ST & W 25TH AVE, VANCOUVER",49.249274,-123.132,incomplete_2018_2022_observations_no_zero_fill
VANCOUVER,SELKIRK ST,W 26TH AVE,93bea83e-c4cf-5cb5-881a-129f21cf1b83,"SELKIRK ST & W 26TH AVE, VANCOUVER",49.248223,-123.132039,incomplete_2018_2022_observations_no_zero_fill
VANCOUVER,SELKIRK ST,W 32ND AVE,8b2814c1-4ae5-5be3-8cb1-d594e282bf6d,"SELKIRK ST & W 32ND AVE, VANCOUVER",49.243179,-123.13311,incomplete_2018_2022_observations_no_zero_fill
VANCOUVER,SELKIRK ST,W 33RD AVE,0f6e8ebd-d028-53b8-8c55-373659473330,"SELKIRK ST & W 33RD AVE, VANCOUVER",49.24161,-123.13231,incomplete_2018_2022_observations_no_zero_fill
VANCOUVER,SELKIRK ST,W 37TH AVE,33a5f24d-b3ea-5384-8226-42abe1e7a33f,"SELKIRK ST & W 37TH AVE, VANCOUVER",49.237795,-123.132422,incomplete_2018_2022_observations_no_zero_fill
VANCOUVER,SELKIRK ST,W 38TH AVE,6bfdde72-1ccf-5f5d-882a-79a00bafb6e9,"SELKIRK ST & W 38TH AVE, VANCOUVER",49.236876,-123.132454,incomplete_2018_2022_observations_no_zero_fill
VANCOUVER,SELKIRK ST,W 39TH AVE,d96a9c11-d559-52d2-9b06-54a4536efbbd,"SELKIRK ST & W 39TH AVE, VANCOUVER",49.235953,-123.132488,incomplete_2018_2022_observations_no_zero_fill
VANCOUVER,SELKIRK ST,W 41ST AVE,44234afa-1cda-59fd-8cfb-3b9ef1d47bc7,"SELKIRK ST & W 41ST AVE, VANCOUVER",49.234124,-123.133356,incomplete_2018_2022_observations_no_zero_fill
VANCOUVER,SELKIRK ST,W 43RD AVE,069027d2-a435-546c-bfc8-8604a1e01d6b,"SELKIRK ST & W 43RD AVE, VANCOUVER",49.232259,-123.133405,incomplete_2018_2022_observations_no_zero_fill
VANCOUVER,SELKIRK ST,W 45TH AVE,439f61e3-c75a-5f04-b2e2-c9524e18e56c,"SELKIRK ST & W 45TH AVE, VANCOUVER",49.230401,-123.133462,incomplete_2018_2022_observations_no_zero_fill
VANCOUVER,SELKIRK ST,W 52ND AVE,596703bf-85d8-5bcf-91fa-cf20479abe36,"SELKIRK ST & W 52ND AVE, VANCOUVER",49.22398,-123.133406,incomplete_2018_2022_observations_no_zero_fill
VANCOUVER,SELKIRK ST,W 59TH AVE,66bf2de4-905a-5a53-b727-5cccdbdc8f50,"SELKIRK ST & W 59TH AVE, VANCOUVER",49.217211,-123.132719,incomplete_2018_2022_observations_no_zero_fill
VANCOUVER,SELKIRK ST,W 64TH AVE,ff1fe209-571d-5e36-b2fe-a819f4ec0745,"SELKIRK ST & W 64TH AVE, VANCOUVER",49.213031,-123.13286,incomplete_2018_2022_observations_no_zero_fill
VANCOUVER,SELKIRK ST,W 67TH AVE,60dfe847-94ec-529d-98f2-089c699675df,"SELKIRK ST & W 67TH AVE, VANCOUVER",49.210767,-123.132935,incomplete_2018_2022_observations_no_zero_fill
VANCOUVER,SELKIRK ST,W 70TH AVE,51f15e6f-bc28-533e-9205-3d54dcb20046,"SELKIRK ST & W 70TH AVE, VANCOUVER",49.208513,-123.13315,incomplete_2018_2022_observations_no_zero_fill
VANCOUVER,SELKIRK ST,W 72ND AVE,21b67c7a-09c2-55e8-9081-9d471c77aae4,"SELKIRK ST & W 72ND AVE, VANCOUVER",49.205683,-123.133389,incomplete_2018_2022_observations_no_zero_fill
VANCOUVER,SELKIRK ST,W KING EDWARD AVE,ace6fcfc-0b2b-5721-a526-1b673a3a1d55,"SELKIRK ST & W KING EDWARD AVE, VANCOUVER",49.249274,-123.132,incomplete_2018_2022_observations_no_zero_fill
VANCOUVER,SEMLIN DR,TRIUMPH ST,7d753ad8-fdc8-5d2f-b7d1-29eb04e8e8f6,"SEMLIN DR & TRIUMPH ST, VANCOUVER",49.283924,-123.063561,incomplete_2018_2022_observations_no_zero_fill
VANCOUVER,SEMLIN DR,TURNER ST,47cc91aa-611c-5f8f-a97c-cefd4d6bcb54,"SEMLIN DR & TURNER ST, VANCOUVER",49.279133,-123.063697,incomplete_2018_2022_observations_no_zero_fill
VANCOUVER,SEMLIN DR,VENABLES ST,5283e31a-7dbb-57ed-91bf-69c360065a4f,"SEMLIN DR & VENABLES ST, VANCOUVER",49.27662,-123.063669,incomplete_2018_2022_observations_no_zero_fill
VANCOUVER,SEMLIN DR,WILLIAM ST,2242e528-1805-574d-bfe6-21a83a4fb9be,"SEMLIN DR & WILLIAM ST, VANCOUVER",49.273766,-123.06355,incomplete_2018_2022_observations_no_zero_fill
VANCOUVER,SHANGHAI ALLEY,TAYLOR ST,5c901bfc-8ec8-50c1-ab0e-22b05dbf7b9f,"SHANGHAI ALLEY & TAYLOR ST, VANCOUVER",49.280096,-123.105849,incomplete_2018_2022_observations_no_zero_fill
VANCOUVER,SHANGHAI ALLEY,W PENDER ST,c0be9acb-4165-513e-964a-f13ecb4bde88,"SHANGHAI ALLEY & W PENDER ST, VANCOUVER",49.280597,-123.104956,incomplete_2018_2022_observations_no_zero_fill
VANCOUVER,SHAUGHNESSY ST,W 64TH AVE,7bccafa4-2252-5306-b540-de991612fb86,"SHAUGHNESSY ST & W 64TH AVE, VANCOUVER",49.212952,-123.128728,incomplete_2018_2022_observations_no_zero_fill
VANCOUVER,SHAUGHNESSY ST,W 67TH AVE,186a0b30-25b1-5438-9c5f-d924ecdeff17,"SHAUGHNESSY ST & W 67TH AVE, VANCOUVER",49.210709,-123.128784,incomplete_2018_2022_observations_no_zero_fill
VANCOUVER,SHAUGHNESSY ST,W KENT AVE N,b00d9e85-ec31-543f-a30c-e9316491569c,"SHAUGHNESSY ST & W KENT AVE N, VANCOUVER",49.203854,-123.127687,incomplete_2018_2022_observations_no_zero_fill
VANCOUVER,SHAUGHNESSY ST,W KENT AVE S,c44e5d7c-8d39-5103-a946-324188cadcc3,"SHAUGHNESSY ST & W KENT AVE S, VANCOUVER",49.203608,-123.12743,incomplete_2018_2022_observations_no_zero_fill
VANCOUVER,SI-LU DR,W 51ST AVE,b113c3e0-c475-53d1-8abe-95e132715f46,"SI-LU DR & W 51ST AVE, VANCOUVER",49.225953,-123.195137,incomplete_2018_2022_observations_no_zero_fill
VANCOUVER,SIDNEY ST,STAINSBURY AVE,2729a26a-af3b-5137-9db4-4cb91dd05efc,"SIDNEY ST & STAINSBURY AVE, VANCOUVER",49.250727,-123.062551,incomplete_2018_2022_observations_no_zero_fill
VANCOUVER,SIMPSON AVE,TOLMIE ST,a1704ed8-1311-59ca-8105-325fbcfede84,"SIMPSON AVE & TOLMIE ST, VANCOUVER",49.274332,-123.211752,incomplete_2018_2022_observations_no_zero_fill
VANCOUVER,SKEENA ST,TRIUMPH ST,dabd7a81-74f2-5f75-910e-c1d38740547c,"SKEENA ST & TRIUMPH ST, VANCOUVER",49.283865,-123.028313,incomplete_2018_2022_observations_no_zero_fill
VANCOUVER,SKEENA ST,TURNER ST,e2c6191b-96cd-5c36-8865-2057bc531c7a,"SKEENA ST & TURNER ST, VANCOUVER",49.279071,-123.028315,incomplete_2018_2022_observations_no_zero_fill
VANCOUVER,SKEENA ST,WILLIAM ST,6095fdab-b43e-553c-b77c-50cb8820ab60,"SKEENA ST & WILLIAM ST, VANCOUVER",49.274101,-123.0284,incomplete_2018_2022_observations_no_zero_fill
VANCOUVER,SLOCAN ST,TRIUMPH ST,5284ffee-8a13-5725-ba9d-945698ac52cf,"SLOCAN ST & TRIUMPH ST, VANCOUVER",49.283887,-123.049323,incomplete_2018_2022_observations_no_zero_fill
VANCOUVER,SLOCAN ST,TURNER ST,0b8a17b8-58f6-52b8-9063-437a79052e3c,"SLOCAN ST & TURNER ST, VANCOUVER",49.279101,-123.049339,incomplete_2018_2022_observations_no_zero_fill
VANCOUVER,SLOCAN ST,VANNESS AVE,25d3b9c9-43e9-57e2-93ac-d96cb84d2636,"SLOCAN ST & VANNESS AVE, VANCOUVER",49.245856,-123.049655,incomplete_2018_2022_observations_no_zero_fill
VANCOUVER,SLOCAN ST,VENABLES ST,47b3b256-63df-5a23-ae29-b417e6940104,"SLOCAN ST & VENABLES ST, VANCOUVER",49.276635,-123.049353,incomplete_2018_2022_observations_no_zero_fill
VANCOUVER,SLOCAN ST,WARD ST,4703597a-462d-5e3b-8b27-88fc169ae0bf,"SLOCAN ST & WARD ST, VANCOUVER",49.241519,-123.052587,incomplete_2018_2022_observations_no_zero_fill
VANCOUVER,SLOCAN ST,WILLIAM ST,0108c8e5-0ea6-5f58-8b2c-a758b5847794,"SLOCAN ST & WILLIAM ST, VANCOUVER",49.274142,-123.049388,incomplete_2018_2022_observations_no_zero_fill
VANCOUVER,SMITHE ST,STOVOLD LANE,9f72ff06-ab61-565f-8e47-52ab559a1636,"SMITHE ST & STOVOLD LANE, VANCOUVER",49.282863,-123.125059,incomplete_2018_2022_observations_no_zero_fill
VANCOUVER,SOUTHERN ST,STATION ST,6a2628e6-9dc3-5b5d-b2e1-095b37dbe8dc,"SOUTHERN ST & STATION ST, VANCOUVER",49.270515,-123.098072,incomplete_2018_2022_observations_no_zero_fill
VANCOUVER,SOUTHERN ST,WESTERN ST,980f21e6-de38-5833-a5ee-277f4e76c3e3,"SOUTHERN ST & WESTERN ST, VANCOUVER",49.270927,-123.09986,incomplete_2018_2022_observations_no_zero_fill
VANCOUVER,SPENCER ST,VANNESS AVE,4dd630c5-b55b-5ad1-803a-231af33dc399,"SPENCER ST & VANNESS AVE, VANCOUVER",49.240259,-123.03668,incomplete_2018_2022_observations_no_zero_fill
VANCOUVER,SPRUCE ST,W 10TH AVE,e87817ca-9740-5ac8-b147-fb01fff99041,"SPRUCE ST & W 10TH AVE, VANCOUVER",49.262485,-123.129037,incomplete_2018_2022_observations_no_zero_fill
VANCOUVER,SPRUCE ST,W 14TH AVE,28a934aa-5236-5399-9069-58f64469efbe,"SPRUCE ST & W 14TH AVE, VANCOUVER",49.258757,-123.129153,incomplete_2018_2022_observations_no_zero_fill
VANCOUVER,SPRUCE ST,W 15TH AVE,f8eb3153-325f-5710-8504-7d770f476851,"SPRUCE ST & W 15TH AVE, VANCOUVER",49.257847,-123.12918,incomplete_2018_2022_observations_no_zero_fill
VANCOUVER,SPYGLASS PL,WHEELHOUSE SQ,90425a62-f3fd-586f-a265-20e17e0130cc,"SPYGLASS PL & WHEELHOUSE SQ, VANCOUVER",49.269078,-123.11529,incomplete_2018_2022_observations_no_zero_fill
VANCOUVER,ST GEORGE ST,TERMINAL AVE,5acb4cea-89e5-5ee1-9451-d871dacb02dd,"ST GEORGE ST & TERMINAL AVE, VANCOUVER",49.271173,-123.090865,incomplete_2018_2022_observations_no_zero_fill
VANCOUVER,STANLEY PARK CAUSEWAY,STANLEY PARK DR OFFRAMP,0b55adb8-38b0-52f6-809b-a68f10c8428f,"STANLEY PARK CAUSEWAY & STANLEY PARK DR OFFRAMP, VANCOUVER",49.310161,-123.143364,incomplete_2018_2022_observations_no_zero_fill
VANCOUVER,STANLEY PARK CAUSEWAY,WREN TRAIL,d7b9e6ad-ce94-5b58-8924-c9978b277970,"STANLEY PARK CAUSEWAY & WREN TRAIL, VANCOUVER",49.300962,-123.143284,incomplete_2018_2022_observations_no_zero_fill
VANCOUVER,STANLEY PARK DR,STANLEY PARK DR OFFRAMP,e6287484-bcfc-58c7-a725-6374837887c3,"STANLEY PARK DR & STANLEY PARK DR OFFRAMP, VANCOUVER",49.31156,-123.142804,incomplete_2018_2022_observations_no_zero_fill
VANCOUVER,STANLEY PARK DR,TATLOW WALK,fa50cd54-5921-50dd-beb5-f53124ab67e1,"STANLEY PARK DR & TATLOW WALK, VANCOUVER",49.303565,-123.153343,incomplete_2018_2022_observations_no_zero_fill
VANCOUVER,STEPHENS ST,W 10TH AVE,b6487b19-e0b6-5ac5-94f9-e03da3ffc2bd,"STEPHENS ST & W 10TH AVE, VANCOUVER",49.263197,-123.166288,incomplete_2018_2022_observations_no_zero_fill
VANCOUVER,STEPHENS ST,W 11TH AVE,e15e5104-4e5d-5cc5-9075-1b43f1e9e2de,"STEPHENS ST & W 11TH AVE, VANCOUVER",49.262271,-123.166333,incomplete_2018_2022_observations_no_zero_fill
VANCOUVER,STEPHENS ST,W 15TH AVE,17365621-12be-5b0c-8e64-e15829a31310,"STEPHENS ST & W 15TH AVE, VANCOUVER",49.258633,-123.166484,incomplete_2018_2022_observations_no_zero_fill
VANCOUVER,STEPHENS ST,W 1ST AVE,532da833-955d-5196-8105-a7dc22702051,"STEPHENS ST & W 1ST AVE, VANCOUVER",49.27103,-123.166287,incomplete_2018_2022_observations_no_zero_fill
VANCOUVER,STEPHENS ST,W 2ND AVE,12e221ae-f2ad-553f-8a50-bb9005aacc26,"STEPHENS ST & W 2ND AVE, VANCOUVER",49.270113,-123.166301,incomplete_2018_2022_observations_no_zero_fill
VANCOUVER,STEPHENS ST,W 3RD AVE,22f51454-f1a8-513d-b19c-cecef1e2f583,"STEPHENS ST & W 3RD AVE, VANCOUVER",49.26922,-123.166329,incomplete_2018_2022_observations_no_zero_fill
VANCOUVER,STEPHENS ST,W 5TH AVE,10d10ca7-af4b-546e-9c1f-cd63c332b308,"STEPHENS ST & W 5TH AVE, VANCOUVER",49.267444,-123.166385,incomplete_2018_2022_observations_no_zero_fill
VANCOUVER,STEPHENS ST,W 6TH AVE,cdf8e3d6-4af3-5a29-b753-028723055c29,"STEPHENS ST & W 6TH AVE, VANCOUVER",49.266607,-123.166409,incomplete_2018_2022_observations_no_zero_fill
VANCOUVER,STEPHENS ST,W 7TH AVE,c8aa5f43-99eb-52c2-acfe-67fefc1f57bd,"STEPHENS ST & W 7TH AVE, VANCOUVER",49.265769,-123.166436,incomplete_2018_2022_observations_no_zero_fill
VANCOUVER,STEPHENS ST,W 8TH AVE,7968a13f-3d57-5a60-b7e9-c4d778c9185e,"STEPHENS ST & W 8TH AVE, VANCOUVER",49.264945,-123.166458,incomplete_2018_2022_observations_no_zero_fill
VANCOUVER,STEPHENS ST,YORK AVE,26043a8a-b186-5759-8842-62cf83b44a3b,"STEPHENS ST & YORK AVE, VANCOUVER",49.271915,-123.166243,incomplete_2018_2022_observations_no_zero_fill
VANCOUVER,STOVOLD LANE,THURLOW ST,9e94b3a9-634a-5431-8cb2-c82fcf3f9f83,"STOVOLD LANE & THURLOW ST, VANCOUVER",49.283572,-123.1264,incomplete_2018_2022_observations_no_zero_fill
VANCOUVER,SW MARINE DR,SW MARINE DR ONRAMP,fa13dd71-f06c-5df5-9008-25ee8fa6fbbc,"SW MARINE DR & SW MARINE DR ONRAMP, VANCOUVER",49.204026,-123.131964,incomplete_2018_2022_observations_no_zero_fill
VANCOUVER,SW MARINE DR,TAMATH CRES,76a2e015-8560-5b1d-933f-aaf161dda4a6,"SW MARINE DR & TAMATH CRES, VANCOUVER",49.235593,-123.199794,incomplete_2018_2022_observations_no_zero_fill
VANCOUVER,SW MARINE DR,W 48TH AVE,b9526e1e-21b9-5ced-90b0-96af42d85a32,"SW MARINE DR & W 48TH AVE, VANCOUVER",49.228589,-123.174664,incomplete_2018_2022_observations_no_zero_fill
VANCOUVER,SW MARINE DR,W 54TH AVE,7137b462-298e-5b48-87c3-73dd683f2ed1,"SW MARINE DR & W 54TH AVE, VANCOUVER",49.221962,-123.158925,incomplete_2018_2022_observations_no_zero_fill
VANCOUVER,SW MARINE DR,W 59TH AVE,5d2bc256-f20e-5b50-9e60-db9a134250e2,"SW MARINE DR & W 59TH AVE, VANCOUVER",49.217704,-123.157003,incomplete_2018_2022_observations_no_zero_fill
VANCOUVER,SW MARINE DR,W 62ND AVE,6a7d3b45-f8cb-5c05-bcfa-d3b06d6509f4,"SW MARINE DR & W 62ND AVE, VANCOUVER",49.215141,-123.154422,incomplete_2018_2022_observations_no_zero_fill
VANCOUVER,SW MARINE DR,W 63RD AVE,1633efc6-a34d-58ef-b888-c067f54ed93d,"SW MARINE DR & W 63RD AVE, VANCOUVER",49.21387,-123.153136,incomplete_2018_2022_observations_no_zero_fill
VANCOUVER,SW MARINE DR,WALLACE PL,4085cdd6-da85-5e63-89cf-120c0ca2fcb6,"SW MARINE DR & WALLACE PL, VANCOUVER",49.232683,-123.190912,incomplete_2018_2022_observations_no_zero_fill
VANCOUVER,SW MARINE DR,WALLACE ST,e2ff7726-2966-5122-a3dc-e6a409b060c9,"SW MARINE DR & WALLACE ST, VANCOUVER",49.232683,-123.190912,incomplete_2018_2022_observations_no_zero_fill
VANCOUVER,SW MARINE DR,WILTSHIRE ST,874091b9-8bd0-51c4-a10b-edb6777253b9,"SW MARINE DR & WILTSHIRE ST, VANCOUVER",49.208608,-123.146432,incomplete_2018_2022_observations_no_zero_fill
VANCOUVER,SW MARINE DR OFFRAMP,W 75TH AVE,2f0319f8-58ba-5970-b231-5db8a2aebb55,"SW MARINE DR OFFRAMP & W 75TH AVE, VANCOUVER",49.202151,-123.134622,incomplete_2018_2022_observations_no_zero_fill
VANCOUVER,TALISMAN AVE,YUKON ST,d0a8b5ff-28da-51f1-9d5c-ed056e0fa95e,"TALISMAN AVE & YUKON ST, VANCOUVER",49.246989,-123.112278,incomplete_2018_2022_observations_no_zero_fill
VANCOUVER,TECUMSEH AVE,THE CRESCENT,9a39901b-c36f-5df4-9ab3-649d752b4013,"TECUMSEH AVE & THE CRESCENT, VANCOUVER",49.256246,-123.134256,incomplete_2018_2022_observations_no_zero_fill
VANCOUVER,TECUMSEH AVE,W 16TH AVE,e20aaea0-a0aa-53a6-8c78-2d56693bd89f,"TECUMSEH AVE & W 16TH AVE, VANCOUVER",49.257106,-123.131803,incomplete_2018_2022_observations_no_zero_fill
VANCOUVER,TECUMSEH AVE,WOLFE AVE,4ff58d91-178b-5716-b0ab-ee33e2ad6607,"TECUMSEH AVE & WOLFE AVE, VANCOUVER",49.257106,-123.131803,incomplete_2018_2022_observations_no_zero_fill
VANCOUVER,TED NORTHE LANE,THURLOW ST,936b5395-3c12-5488-9f7f-c6fa03fd03e1,"TED NORTHE LANE & THURLOW ST, VANCOUVER",49.282882,-123.127448,incomplete_2018_2022_observations_no_zero_fill
VANCOUVER,TEMPLETON DR,TRIUMPH ST,3457b6c3-745e-5838-b092-94526350a434,"TEMPLETON DR & TRIUMPH ST, VANCOUVER",49.283913,-123.059712,incomplete_2018_2022_observations_no_zero_fill
VANCOUVER,TEMPLETON DR,TURNER ST,7cbc08a0-bea8-5186-84f4-a10488fbb642,"TEMPLETON DR & TURNER ST, VANCOUVER",49.279115,-123.059794,incomplete_2018_2022_observations_no_zero_fill
VANCOUVER,TEMPLETON DR,VENABLES ST,5ffec707-441e-5c57-8591-e2eada50ca68,"TEMPLETON DR & VENABLES ST, VANCOUVER",49.276605,-123.059833,incomplete_2018_2022_observations_no_zero_fill
VANCOUVER,TEMPLETON DR,WILLIAM ST,15ae0f1b-5be0-5965-b484-adba6de74906,"TEMPLETON DR & WILLIAM ST, VANCOUVER",49.273866,-123.059882,incomplete_2018_2022_observations_no_zero_fill
VANCOUVER,TERMINAL AVE,WESTERN ST,2f93e132-914d-50e9-99ae-47e973c7f756,"TERMINAL AVE & WESTERN ST, VANCOUVER",49.272633,-123.099345,incomplete_2018_2022_observations_no_zero_fill
VANCOUVER,THURLOW ST,W WATERFRONT RD,5405d7e0-a690-514b-ac87-131a0e108447,"THURLOW ST & W WATERFRONT RD, VANCOUVER",49.288851,-123.118279,incomplete_2018_2022_observations_no_zero_fill
VANCOUVER,THURLOW ST,WATERFRONT RD,d4bb23dd-4fb1-5f58-ba5c-45a32025601b,"THURLOW ST & WATERFRONT RD, VANCOUVER",49.288851,-123.118279,incomplete_2018_2022_observations_no_zero_fill
VANCOUVER,TISDALL ST,W 42ND AVE,e12632eb-cf42-5610-8112-e469a9ffad03,"TISDALL ST & W 42ND AVE, VANCOUVER",49.232773,-123.122603,incomplete_2018_2022_observations_no_zero_fill
VANCOUVER,TISDALL ST,W 45TH AVE,7bc40d31-450e-58d3-9bf8-6e00dd32883b,"TISDALL ST & W 45TH AVE, VANCOUVER",49.229996,-123.121665,incomplete_2018_2022_observations_no_zero_fill
VANCOUVER,TISDALL ST,W 46TH AVE,729954f9-0b46-5340-aec4-a230eeafed01,"TISDALL ST & W 46TH AVE, VANCOUVER",49.229078,-123.121697,incomplete_2018_2022_observations_no_zero_fill
VANCOUVER,TISDALL ST,W 48TH AVE,be7092f6-2927-545a-af6a-b6b06e87b5e6,"TISDALL ST & W 48TH AVE, VANCOUVER",49.227258,-123.121758,incomplete_2018_2022_observations_no_zero_fill
VANCOUVER,TISDALL ST,W 50TH AVE,560114dd-b689-5006-a063-505b6f6f45fb,"TISDALL ST & W 50TH AVE, VANCOUVER",49.225373,-123.120897,incomplete_2018_2022_observations_no_zero_fill
VANCOUVER,TISDALL ST,W 51ST AVE,fd8a8c22-a586-5f70-a56f-acda17bc6691,"TISDALL ST & W 51ST AVE, VANCOUVER",49.224473,-123.120922,incomplete_2018_2022_observations_no_zero_fill
VANCOUVER,TOLMIE ST,W 11TH AVE,084f38c5-4d5b-5a7f-b292-98626ef952a0,"TOLMIE ST & W 11TH AVE, VANCOUVER",49.262971,-123.212183,incomplete_2018_2022_observations_no_zero_fill
VANCOUVER,TOLMIE ST,W 13TH AVE,75dcca13-9b49-531e-ab2c-2adf0ccdf635,"TOLMIE ST & W 13TH AVE, VANCOUVER",49.261153,-123.212231,incomplete_2018_2022_observations_no_zero_fill
VANCOUVER,TOLMIE ST,W 14TH AVE,31e41940-0226-5e63-ad08-be32d718d4d8,"TOLMIE ST & W 14TH AVE, VANCOUVER",49.260249,-123.212257,incomplete_2018_2022_observations_no_zero_fill
VANCOUVER,TOLMIE ST,W 15TH AVE,fc0d9433-11d3-5e00-928d-206cd5af3501,"TOLMIE ST & W 15TH AVE, VANCOUVER",49.259337,-123.212294,incomplete_2018_2022_observations_no_zero_fill
VANCOUVER,TOLMIE ST,W 16TH AVE,33d35976-6874-5334-8eb1-8b350ae8a145,"TOLMIE ST & W 16TH AVE, VANCOUVER",49.258353,-123.212338,incomplete_2018_2022_observations_no_zero_fill
VANCOUVER,TOLMIE ST,W 3RD AVE,20dd96f5-2d17-5e5e-9084-2cd572e54f3a,"TOLMIE ST & W 3RD AVE, VANCOUVER",49.270232,-123.211902,incomplete_2018_2022_observations_no_zero_fill
VANCOUVER,TOLMIE ST,W 4TH AVE,949cccd7-84ce-54da-ac30-e336eb091167,"TOLMIE ST & W 4TH AVE, VANCOUVER",49.269061,-123.211945,incomplete_2018_2022_observations_no_zero_fill
VANCOUVER,TOLMIE ST,W 5TH AVE,2ec147d4-6c43-51b9-9d0c-cec6b254ee17,"TOLMIE ST & W 5TH AVE, VANCOUVER",49.26819,-123.211975,incomplete_2018_2022_observations_no_zero_fill
VANCOUVER,TOLMIE ST,W 6TH AVE,6dce78bd-322c-52c0-8400-2e84d9245a9c,"TOLMIE ST & W 6TH AVE, VANCOUVER",49.267324,-123.212007,incomplete_2018_2022_observations_no_zero_fill
VANCOUVER,TOLMIE ST,W 7TH AVE,d08de6cc-c13c-5274-b1a1-657224b73d23,"TOLMIE ST & W 7TH AVE, VANCOUVER",49.26648,-123.212037,incomplete_2018_2022_observations_no_zero_fill
VANCOUVER,TOLMIE ST,W 8TH AVE,ee822e72-0f99-56d8-bcdd-09e9b06e0c64,"TOLMIE ST & W 8TH AVE, VANCOUVER",49.26562,-123.212065,incomplete_2018_2022_observations_no_zero_fill
VANCOUVER,TRAFALGAR ST,W 11TH AVE,7d00e8c9-0f16-5eae-8074-7e478aa4aebb,"TRAFALGAR ST & W 11TH AVE, VANCOUVER",49.262195,-123.164708,incomplete_2018_2022_observations_no_zero_fill
VANCOUVER,TRAFALGAR ST,W 14TH AVE,328405d1-4a00-5347-a87d-64d962bea380,"TRAFALGAR ST & W 14TH AVE, VANCOUVER",49.259436,-123.164836,incomplete_2018_2022_observations_no_zero_fill
VANCOUVER,TRAFALGAR ST,W 15TH AVE,1ee05769-e4b7-51db-92f8-1d7c7e3695a8,"TRAFALGAR ST & W 15TH AVE, VANCOUVER",49.258507,-123.164881,incomplete_2018_2022_observations_no_zero_fill
VANCOUVER,TRAFALGAR ST,W 18TH AVE,93af3d81-3482-5223-a347-e32ec0fccded,"TRAFALGAR ST & W 18TH AVE, VANCOUVER",49.256396,-123.165093,incomplete_2018_2022_observations_no_zero_fill
VANCOUVER,TRAFALGAR ST,W 19TH AVE,9aac0728-f461-5ef0-a9bc-52d1efad6114,"TRAFALGAR ST & W 19TH AVE, VANCOUVER",49.255486,-123.165128,incomplete_2018_2022_observations_no_zero_fill
VANCOUVER,TRAFALGAR ST,W 1ST AVE,3d405a92-1da7-594f-85ec-2fab31d8d99d,"TRAFALGAR ST & W 1ST AVE, VANCOUVER",49.271,-123.16446,incomplete_2018_2022_observations_no_zero_fill
VANCOUVER,TRAFALGAR ST,W 20TH AVE,e1d3634d-8264-5f31-ab8a-6fc703fd90d9,"TRAFALGAR ST & W 20TH AVE, VANCOUVER",49.254574,-123.165162,incomplete_2018_2022_observations_no_zero_fill
VANCOUVER,TRAFALGAR ST,W 21ST AVE,0d22cfe2-afd7-56ca-9283-51256daf1de9,"TRAFALGAR ST & W 21ST AVE, VANCOUVER",49.253679,-123.165196,incomplete_2018_2022_observations_no_zero_fill
VANCOUVER,TRAFALGAR ST,W 22ND AVE,da6db283-85fd-5054-a9c6-4e262fb72d86,"TRAFALGAR ST & W 22ND AVE, VANCOUVER",49.252758,-123.165229,incomplete_2018_2022_observations_no_zero_fill
VANCOUVER,TRAFALGAR ST,W 23RD AVE,d3fd48a8-80b2-584f-89a6-afa5bcbc3506,"TRAFALGAR ST & W 23RD AVE, VANCOUVER",49.251858,-123.165263,incomplete_2018_2022_observations_no_zero_fill
VANCOUVER,TRAFALGAR ST,W 24TH AVE,cb7a23ff-4a2c-55ec-9076-473f95ed9f18,"TRAFALGAR ST & W 24TH AVE, VANCOUVER",49.25097,-123.165252,incomplete_2018_2022_observations_no_zero_fill
VANCOUVER,TRAFALGAR ST,W 2ND AVE,7214c974-e955-526e-8cfb-d8486185bb21,"TRAFALGAR ST & W 2ND AVE, VANCOUVER",49.270085,-123.164479,incomplete_2018_2022_observations_no_zero_fill
VANCOUVER,TRAFALGAR ST,W 32ND AVE,4b6db42a-e052-588e-86f8-8508d5ed7277,"TRAFALGAR ST & W 32ND AVE, VANCOUVER",49.243233,-123.16556,incomplete_2018_2022_observations_no_zero_fill
VANCOUVER,TRAFALGAR ST,W 33RD AVE,ff7b5cc1-18df-55d8-a91a-d119d3e14733,"TRAFALGAR ST & W 33RD AVE, VANCOUVER",49.242298,-123.165589,incomplete_2018_2022_observations_no_zero_fill
VANCOUVER,TRAFALGAR ST,W 34TH AVE,10e507c0-4978-53d5-a869-7af1e66e4e9f,"TRAFALGAR ST & W 34TH AVE, VANCOUVER",49.241334,-123.165627,incomplete_2018_2022_observations_no_zero_fill
VANCOUVER,TRAFALGAR ST,W 36TH AVE,7acb6818-fbaf-5dfc-bc06-a3b2191585da,"TRAFALGAR ST & W 36TH AVE, VANCOUVER",49.23944,-123.165729,incomplete_2018_2022_observations_no_zero_fill
VANCOUVER,TRAFALGAR ST,W 37TH AVE,51388913-e208-522b-8619-174730440a16,"TRAFALGAR ST & W 37TH AVE, VANCOUVER",49.238495,-123.165765,incomplete_2018_2022_observations_no_zero_fill
VANCOUVER,TRAFALGAR ST,W 38TH AVE,41213e57-554d-5206-b1d6-26e6e55f7658,"TRAFALGAR ST & W 38TH AVE, VANCOUVER",49.23755,-123.165766,incomplete_2018_2022_observations_no_zero_fill
VANCOUVER,TRAFALGAR ST,W 39TH AVE,f0d65c58-05bf-5983-bbc1-cf318de3167b,"TRAFALGAR ST & W 39TH AVE, VANCOUVER",49.236612,-123.165826,incomplete_2018_2022_observations_no_zero_fill
VANCOUVER,TRAFALGAR ST,W 3RD AVE,d68e71ac-3e67-5379-8bbe-4304f92bad90,"TRAFALGAR ST & W 3RD AVE, VANCOUVER",49.269194,-123.164516,incomplete_2018_2022_observations_no_zero_fill
VANCOUVER,TRAFALGAR ST,W 43RD AVE,06ff37cd-5f6d-549e-97d8-1ab934eeab6f,"TRAFALGAR ST & W 43RD AVE, VANCOUVER",49.232877,-123.165812,incomplete_2018_2022_observations_no_zero_fill
VANCOUVER,TRAFALGAR ST,W 5TH AVE,1281cd64-c94a-57ab-bd9b-c89b1957ada5,"TRAFALGAR ST & W 5TH AVE, VANCOUVER",49.267431,-123.164552,incomplete_2018_2022_observations_no_zero_fill
VANCOUVER,TRAFALGAR ST,W 6TH AVE,1271f3ad-0ad7-56ff-a6a1-1641d4202f02,"TRAFALGAR ST & W 6TH AVE, VANCOUVER",49.266582,-123.164581,incomplete_2018_2022_observations_no_zero_fill
VANCOUVER,TRAFALGAR ST,W 7TH AVE,12a76a4c-4488-5e87-b202-4b7b2baa3713,"TRAFALGAR ST & W 7TH AVE, VANCOUVER",49.265763,-123.164617,incomplete_2018_2022_observations_no_zero_fill
VANCOUVER,TRAFALGAR ST,W 8TH AVE,fd20fa0f-31cf-58b3-bd25-bc313ba5bd6e,"TRAFALGAR ST & W 8TH AVE, VANCOUVER",49.264917,-123.16464,incomplete_2018_2022_observations_no_zero_fill
VANCOUVER,TRAFALGAR ST,YORK AVE,907726f5-a708-5e53-a80e-bf816dd67ae5,"TRAFALGAR ST & YORK AVE, VANCOUVER",49.271878,-123.164411,incomplete_2018_2022_observations_no_zero_fill
VANCOUVER,TRIMBLE ST,W 12TH AVE,3b8054cf-2e90-55bc-9159-8ad47e3d134f,"TRIMBLE ST & W 12TH AVE, VANCOUVER",49.261966,-123.206149,incomplete_2018_2022_observations_no_zero_fill
VANCOUVER,TRIMBLE ST,W 14TH AVE,6f3570d4-243f-5169-a8af-1cb877d5de86,"TRIMBLE ST & W 14TH AVE, VANCOUVER",49.260156,-123.20621,incomplete_2018_2022_observations_no_zero_fill
VANCOUVER,TRIMBLE ST,W 15TH AVE,10345428-752e-5bcb-87ef-ec07d69087b7,"TRIMBLE ST & W 15TH AVE, VANCOUVER",49.25924,-123.20624,incomplete_2018_2022_observations_no_zero_fill
VANCOUVER,TRIMBLE ST,W 16TH AVE,76ac5bc0-ab7b-57b6-907f-dbb80cfb2962,"TRIMBLE ST & W 16TH AVE, VANCOUVER",49.258246,-123.206272,incomplete_2018_2022_observations_no_zero_fill
VANCOUVER,TRIMBLE ST,W 3RD AVE,1c60af85-5bef-5e00-ac24-f50bd14943a8,"TRIMBLE ST & W 3RD AVE, VANCOUVER",49.270148,-123.205858,incomplete_2018_2022_observations_no_zero_fill
VANCOUVER,TRIMBLE ST,W 5TH AVE,ecfd82f4-af9c-59bc-b7ef-c0b6ac1ad549,"TRIMBLE ST & W 5TH AVE, VANCOUVER",49.26809,-123.205923,incomplete_2018_2022_observations_no_zero_fill
VANCOUVER,TRIMBLE ST,W 6TH AVE,5e36090a-074e-57d6-8235-9ab5b4dd737a,"TRIMBLE ST & W 6TH AVE, VANCOUVER",49.267232,-123.205933,incomplete_2018_2022_observations_no_zero_fill
VANCOUVER,TRIMBLE ST,W 7TH AVE,609f1e4c-270f-5400-99f2-db704bc262c9,"TRIMBLE ST & W 7TH AVE, VANCOUVER",49.266396,-123.20597,incomplete_2018_2022_observations_no_zero_fill
VANCOUVER,TRIMBLE ST,W 8TH AVE,67a34148-a9a6-535c-a9c2-9bcf6c5305a3,"TRIMBLE ST & W 8TH AVE, VANCOUVER",49.265527,-123.206006,incomplete_2018_2022_observations_no_zero_fill
VANCOUVER,TRIMBLE ST,W 9TH AVE,1eacbf5f-bdcb-5054-a7ed-072cbac1ca45,"TRIMBLE ST & W 9TH AVE, VANCOUVER",49.264662,-123.206044,incomplete_2018_2022_observations_no_zero_fill
VANCOUVER,TRINITY ST,WALL ST,f48a85e6-72d9-5f4f-9f8c-f127b475e54c,"TRINITY ST & WALL ST, VANCOUVER",49.289679,-123.042151,incomplete_2018_2022_observations_no_zero_fill
VANCOUVER,TRIUMPH ST,VICTORIA DR,bb475b60-dc2e-534e-8154-71fa9c99ede6,"TRIUMPH ST & VICTORIA DR, VANCOUVER",49.283929,-123.065539,incomplete_2018_2022_observations_no_zero_fill
VANCOUVER,TRUTCH ST,W 11TH AVE,6cdbf216-3722-5593-afec-3dcabd556db9,"TRUTCH ST & W 11TH AVE, VANCOUVER",49.262397,-123.175969,incomplete_2018_2022_observations_no_zero_fill
VANCOUVER,TRUTCH ST,W 12TH AVE,b5bc6786-2e72-5901-9eec-8cd768bf3e47,"TRUTCH ST & W 12TH AVE, VANCOUVER",49.261502,-123.176,incomplete_2018_2022_observations_no_zero_fill
VANCOUVER,TRUTCH ST,W 15TH AVE,e268ff7f-3db6-5a96-964f-990696344d1a,"TRUTCH ST & W 15TH AVE, VANCOUVER",49.258781,-123.176107,incomplete_2018_2022_observations_no_zero_fill
VANCOUVER,TRUTCH ST,W 16TH AVE,4de896ce-41bb-5e3b-8f14-91487bb7ac07,"TRUTCH ST & W 16TH AVE, VANCOUVER",49.257868,-123.176148,incomplete_2018_2022_observations_no_zero_fill
VANCOUVER,TRUTCH ST,W 18TH AVE,906bf9ee-bd4d-5f1b-884e-e0396d737649,"TRUTCH ST & W 18TH AVE, VANCOUVER",49.256653,-123.175687,incomplete_2018_2022_observations_no_zero_fill
VANCOUVER,TRUTCH ST,W 1ST AVE,d7aaee92-e22e-5fad-89db-e865fea8a607,"TRUTCH ST & W 1ST AVE, VANCOUVER",49.271242,-123.175628,incomplete_2018_2022_observations_no_zero_fill
VANCOUVER,TRUTCH ST,W 2ND AVE,c29701de-688b-5e36-8cf6-ec86fca14fee,"TRUTCH ST & W 2ND AVE, VANCOUVER",49.270272,-123.175696,incomplete_2018_2022_observations_no_zero_fill
VANCOUVER,TRUTCH ST,W 3RD AVE,c8e54242-0e00-506f-aaec-9a8fe7e4338b,"TRUTCH ST & W 3RD AVE, VANCOUVER",49.269367,-123.17571,incomplete_2018_2022_observations_no_zero_fill
VANCOUVER,TRUTCH ST,W 5TH AVE,ea4f4b3e-3eb0-5ab2-b300-0bb5de9b47b5,"TRUTCH ST & W 5TH AVE, VANCOUVER",49.267599,-123.175801,incomplete_2018_2022_observations_no_zero_fill
VANCOUVER,TRUTCH ST,W 6TH AVE,e81734dd-4a53-5156-a424-274edf8d587e,"TRUTCH ST & W 6TH AVE, VANCOUVER",49.266754,-123.175834,incomplete_2018_2022_observations_no_zero_fill
VANCOUVER,TRUTCH ST,W 7TH AVE,4f0a597c-3227-594f-a1d9-f9fa22a626d6,"TRUTCH ST & W 7TH AVE, VANCOUVER",49.265891,-123.175866,incomplete_2018_2022_observations_no_zero_fill
VANCOUVER,TRUTCH ST,W 8TH AVE,ea06d886-55ff-56bc-b152-f61f8155ca6c,"TRUTCH ST & W 8TH AVE, VANCOUVER",49.265072,-123.1759,incomplete_2018_2022_observations_no_zero_fill
VANCOUVER,TUPPER ST,W 16TH AVE,478a133c-e2dc-5a83-91ab-08d194627ba3,"TUPPER ST & W 16TH AVE, VANCOUVER",49.256922,-123.116003,incomplete_2018_2022_observations_no_zero_fill
VANCOUVER,TUPPER ST,W 17TH AVE,3d7788f9-4466-546a-9e3e-33492c1ef670,"TUPPER ST & W 17TH AVE, VANCOUVER",49.256029,-123.11601,incomplete_2018_2022_observations_no_zero_fill
VANCOUVER,TUPPER ST,W 18TH AVE,e7fd3644-f0c1-5446-bdc7-6c096903157b,"TUPPER ST & W 18TH AVE, VANCOUVER",49.255066,-123.116019,incomplete_2018_2022_observations_no_zero_fill
VANCOUVER,TUPPER ST,W 19TH AVE,e31c3853-d2ac-5128-bd85-43f534862aab,"TUPPER ST & W 19TH AVE, VANCOUVER",49.254203,-123.116,incomplete_2018_2022_observations_no_zero_fill
VANCOUVER,TUPPER ST,W 20TH AVE,67475713-9129-5582-b629-101846002033,"TUPPER ST & W 20TH AVE, VANCOUVER",49.253283,-123.116051,incomplete_2018_2022_observations_no_zero_fill
VANCOUVER,TUPPER ST,W 21ST AVE,1c36edb7-a958-524c-83be-b2e5c8acfa78,"TUPPER ST & W 21ST AVE, VANCOUVER",49.2524,-123.116096,incomplete_2018_2022_observations_no_zero_fill
VANCOUVER,TUPPER ST,W 24TH AVE,68d0ddf4-9e11-51e7-8c14-d043b09a8f32,"TUPPER ST & W 24TH AVE, VANCOUVER",49.250028,-123.116209,incomplete_2018_2022_observations_no_zero_fill
VANCOUVER,TURNER ST,VICTORIA DR,b1b464e1-5c0f-5891-a333-5b224660ccc2,"TURNER ST & VICTORIA DR, VANCOUVER",49.279236,-123.065599,incomplete_2018_2022_observations_no_zero_fill
VANCOUVER,TURNER ST,WINDERMERE ST,f7e0c44d-5f0d-5927-aa62-2d2ee34eef2c,"TURNER ST & WINDERMERE ST, VANCOUVER",49.279074,-123.036211,incomplete_2018_2022_observations_no_zero_fill
VANCOUVER,UNION ST,VERNON DR,f35e53cb-76b8-5b81-9da6-5902c0b15db4,"UNION ST & VERNON DR, VANCOUVER",49.277303,-123.079281,incomplete_2018_2022_observations_no_zero_fill
VANCOUVER,VALLEY DR,W 18TH AVE,38ed4db0-0596-5604-8649-8d27298dcbb3,"VALLEY DR & W 18TH AVE, VANCOUVER",49.256382,-123.164105,incomplete_2018_2022_observations_no_zero_fill
VANCOUVER,VALLEY DR,W 21ST AVE,a3a88c70-1121-57db-9b8b-cec38a56cc8c,"VALLEY DR & W 21ST AVE, VANCOUVER",49.25363,-123.162076,incomplete_2018_2022_observations_no_zero_fill
VANCOUVER,VALLEY DR,W 22ND AVE,2a4bddf9-012b-5f65-be16-7d7e5fa68276,"VALLEY DR & W 22ND AVE, VANCOUVER",49.252706,-123.161403,incomplete_2018_2022_observations_no_zero_fill
VANCOUVER,VALLEY DR,W 30TH AVE,b4c176b6-6c2e-51bc-a81a-856fca52aca5,"VALLEY DR & W 30TH AVE, VANCOUVER",49.244767,-123.152372,incomplete_2018_2022_observations_no_zero_fill
VANCOUVER,VALLEY DR,W 33RD AVE,dff0a482-3538-5a1a-816f-dc0b6eb208b6,"VALLEY DR & W 33RD AVE, VANCOUVER",49.242052,-123.149436,incomplete_2018_2022_observations_no_zero_fill
VANCOUVER,VALLEY DR,YEW ST,348e40ee-117d-5974-8eec-7e2fc334901d,"VALLEY DR & YEW ST, VANCOUVER",49.245732,-123.154823,incomplete_2018_2022_observations_no_zero_fill
VANCOUVER,VANNESS AVE,WALKER ST,22da2e05-c59f-5903-ba3c-a43ce0c73d23,"VANNESS AVE & WALKER ST, VANCOUVER",49.24959,-123.059433,incomplete_2018_2022_observations_no_zero_fill
VANCOUVER,VENABLES ST,WOODLAND DR,08925c4d-05e6-58f0-a8d6-d045dacb2dc7,"VENABLES ST & WOODLAND DR, VANCOUVER",49.276714,-123.073338,incomplete_2018_2022_observations_no_zero_fill
VANCOUVER,VERNON DR,WILLIAM ST,bdcdc6ab-20dc-50a9-a838-ce900158b1e7,"VERNON DR & WILLIAM ST, VANCOUVER",49.274061,-123.078668,incomplete_2018_2022_observations_no_zero_fill
VANCOUVER,VINE ST,W 13TH AVE,0eb00be3-9761-532e-be45-40512b46a1f5,"VINE ST & W 13TH AVE, VANCOUVER",49.260154,-123.157788,incomplete_2018_2022_observations_no_zero_fill
VANCOUVER,VINE ST,W 14TH AVE,45215950-0094-5dbe-a885-f5a0cb98647d,"VINE ST & W 14TH AVE, VANCOUVER",49.259265,-123.157816,incomplete_2018_2022_observations_no_zero_fill
VANCOUVER,VINE ST,W 15TH AVE,574ec1d4-dd58-54f3-b6bb-813cef602107,"VINE ST & W 15TH AVE, VANCOUVER",49.258306,-123.157871,incomplete_2018_2022_observations_no_zero_fill
VANCOUVER,VINE ST,W 16TH AVE,2a4ed62f-7a7d-5adc-b60f-567e236b2ded,"VINE ST & W 16TH AVE, VANCOUVER",49.257354,-123.15791,incomplete_2018_2022_observations_no_zero_fill
VANCOUVER,VINE ST,W 18TH AVE,1d948321-7de0-5e24-888c-6b5e79f04d1a,"VINE ST & W 18TH AVE, VANCOUVER",49.256277,-123.157954,incomplete_2018_2022_observations_no_zero_fill
VANCOUVER,VINE ST,W 1ST AVE,8c852386-1b11-5c0c-92f8-847dd492bce3,"VINE ST & W 1ST AVE, VANCOUVER",49.27086,-123.157415,incomplete_2018_2022_observations_no_zero_fill
VANCOUVER,VINE ST,W 21ST AVE,ccc1980c-0d66-5746-bf82-7d0fda780e4c,"VINE ST & W 21ST AVE, VANCOUVER",49.253568,-123.158051,incomplete_2018_2022_observations_no_zero_fill
VANCOUVER,VINE ST,W 22ND AVE,57a7f7f8-b210-54c6-947e-e1657693e452,"VINE ST & W 22ND AVE, VANCOUVER",49.252661,-123.158083,incomplete_2018_2022_observations_no_zero_fill
VANCOUVER,VINE ST,W 34TH AVE,f13b6e47-c5a0-5a60-9b7b-20233da90953,"VINE ST & W 34TH AVE, VANCOUVER",49.241275,-123.159686,incomplete_2018_2022_observations_no_zero_fill
VANCOUVER,VINE ST,W 36TH AVE,01bb5d11-3361-51e6-b85b-a2fcbfb2bfff,"VINE ST & W 36TH AVE, VANCOUVER",49.239329,-123.159754,incomplete_2018_2022_observations_no_zero_fill
VANCOUVER,VINE ST,W 37TH AVE,cc917441-0d01-5343-a543-0c8b7b16854b,"VINE ST & W 37TH AVE, VANCOUVER",49.238369,-123.159792,incomplete_2018_2022_observations_no_zero_fill
VANCOUVER,VINE ST,W 39TH AVE,3301ec53-a7c3-5ab2-8f26-fb94098dfab1,"VINE ST & W 39TH AVE, VANCOUVER",49.236497,-123.159861,incomplete_2018_2022_observations_no_zero_fill
VANCOUVER,VINE ST,W 45TH AVE,094709fc-90e5-52a4-a527-dce8b86b9944,"VINE ST & W 45TH AVE, VANCOUVER",49.230935,-123.160071,incomplete_2018_2022_observations_no_zero_fill
VANCOUVER,VINE ST,W 47TH AVE,ab9c0f30-547b-578e-80f1-a2a67f5b1d7a,"VINE ST & W 47TH AVE, VANCOUVER",49.229079,-123.160113,incomplete_2018_2022_observations_no_zero_fill
VANCOUVER,VINE ST,W 49TH AVE,53139308-87d2-5018-a32f-d68b7f04b589,"VINE ST & W 49TH AVE, VANCOUVER",49.227221,-123.160143,incomplete_2018_2022_observations_no_zero_fill
VANCOUVER,VINE ST,W 6TH AVE,664131df-1c3f-5060-af9a-14aafd75eca8,"VINE ST & W 6TH AVE, VANCOUVER",49.266491,-123.157571,incomplete_2018_2022_observations_no_zero_fill
VANCOUVER,VINE ST,W KING EDWARD AVE,dd356210-9247-567d-aed8-297fd433fd4f,"VINE ST & W KING EDWARD AVE, VANCOUVER",49.250592,-123.156897,incomplete_2018_2022_observations_no_zero_fill
VANCOUVER,VINE ST,YORK AVE,d57fa103-bfc3-5e24-8664-60dfe0214cae,"VINE ST & YORK AVE, VANCOUVER",49.271725,-123.157388,incomplete_2018_2022_observations_no_zero_fill
VANCOUVER,W 10TH AVE,WALLACE CRES,c3a0b71f-ddf4-5931-b542-36c004493e7d,"W 10TH AVE & WALLACE CRES, VANCOUVER",49.263578,-123.190841,incomplete_2018_2022_observations_no_zero_fill
VANCOUVER,W 10TH AVE,WALLACE ST,8b2c1677-27ff-5194-9201-e41a067d2d06,"W 10TH AVE & WALLACE ST, VANCOUVER",49.263578,-123.190841,incomplete_2018_2022_observations_no_zero_fill
VANCOUVER,W 10TH AVE,WATERLOO ST,e7574356-c48b-5475-95d1-29b3213c19bd,"W 10TH AVE & WATERLOO ST, VANCOUVER",49.26339,-123.179842,incomplete_2018_2022_observations_no_zero_fill
VANCOUVER,W 11TH AVE,WALLACE ST,3003f3d7-6a21-5503-9c8b-b05cd0bb0645,"W 11TH AVE & WALLACE ST, VANCOUVER",49.262624,-123.190878,incomplete_2018_2022_observations_no_zero_fill
VANCOUVER,W 11TH AVE,YEW ST,5839e0de-8daf-5f46-b680-4fdcc9b37d44,"W 11TH AVE & YEW ST, VANCOUVER",49.262005,-123.155364,incomplete_2018_2022_observations_no_zero_fill
VANCOUVER,W 11TH AVE,YUKON ST,efd3bbeb-7443-556f-834b-9c14057b5815,"W 11TH AVE & YUKON ST, VANCOUVER",49.261293,-123.11297,incomplete_2018_2022_observations_no_zero_fill
VANCOUVER,W 12TH AVE,WALLACE ST,4f6d3b69-46e1-58a4-9b77-cd714d42410d,"W 12TH AVE & WALLACE ST, VANCOUVER",49.261744,-123.19089,incomplete_2018_2022_observations_no_zero_fill
VANCOUVER,W 12TH AVE,WATERLOO ST,3147972e-ecbe-56cf-9842-42c7df4889e9,"W 12TH AVE & WATERLOO ST, VANCOUVER",49.261578,-123.179924,incomplete_2018_2022_observations_no_zero_fill
VANCOUVER,W 12TH AVE,WILLOW ST,ddbbd88c-b81c-5188-a8f4-335b282550d9,"W 12TH AVE & WILLOW ST, VANCOUVER",49.260523,-123.121951,incomplete_2018_2022_observations_no_zero_fill
VANCOUVER,W 13TH AVE,WALLACE ST,e11da775-5de9-5f80-94b0-f918bfbc90a7,"W 13TH AVE & WALLACE ST, VANCOUVER",49.260829,-123.190959,incomplete_2018_2022_observations_no_zero_fill
VANCOUVER,W 13TH AVE,WATERLOO ST,51f22a81-a09e-5869-a090-bace8b72bc6b,"W 13TH AVE & WATERLOO ST, VANCOUVER",49.260671,-123.179966,incomplete_2018_2022_observations_no_zero_fill
VANCOUVER,W 13TH AVE,WILLOW ST,e245c8ff-20ac-5574-a007-10b9a761e24e,"W 13TH AVE & WILLOW ST, VANCOUVER",49.259553,-123.121988,incomplete_2018_2022_observations_no_zero_fill
VANCOUVER,W 13TH AVE,YEW ST,43828141-2f81-57ee-8c4a-77f0f7280975,"W 13TH AVE & YEW ST, VANCOUVER",49.260099,-123.15547,incomplete_2018_2022_observations_no_zero_fill
VANCOUVER,W 13TH AVE,YUKON ST,0fdcbc46-11f9-5687-9ffc-d1d3aee72d2f,"W 13TH AVE & YUKON ST, VANCOUVER",49.259406,-123.113048,incomplete_2018_2022_observations_no_zero_fill
VANCOUVER,W 14TH AVE,WALLACE ST,9d3d28fc-7c30-581d-97b6-ed73d9df4f08,"W 14TH AVE & WALLACE ST, VANCOUVER",49.259923,-123.190996,incomplete_2018_2022_observations_no_zero_fill
VANCOUVER,W 14TH AVE,YEW ST,5af1bff5-0dae-5db8-ad5b-a1f9e2c112e5,"W 14TH AVE & YEW ST, VANCOUVER",49.259206,-123.15547,incomplete_2018_2022_observations_no_zero_fill
VANCOUVER,W 14TH AVE,YUKON ST,e7fe2107-a933-503c-b00e-b3ad6d0e285e,"W 14TH AVE & YUKON ST, VANCOUVER",49.258701,-123.113076,incomplete_2018_2022_observations_no_zero_fill
VANCOUVER,W 15TH AVE,WALLACE ST,a84837a5-5dc3-5fe8-884c-fd98ec1f8d69,"W 15TH AVE & WALLACE ST, VANCOUVER",49.259005,-123.191035,incomplete_2018_2022_observations_no_zero_fill
VANCOUVER,W 15TH AVE,WILLOW ST,88b45484-92e6-51be-98a0-abfe6c7a0b42,"W 15TH AVE & WILLOW ST, VANCOUVER",49.257731,-123.122051,incomplete_2018_2022_observations_no_zero_fill
VANCOUVER,W 15TH AVE,YEW ST,7b674dbb-d22a-5e24-bfbd-8f29957a2c0a,"W 15TH AVE & YEW ST, VANCOUVER",49.258244,-123.155505,incomplete_2018_2022_observations_no_zero_fill
VANCOUVER,W 15TH AVE,YUKON ST,9a87fa7e-3157-55c9-8a6f-661a86192ad4,"W 15TH AVE & YUKON ST, VANCOUVER",49.257795,-123.113096,incomplete_2018_2022_observations_no_zero_fill
VANCOUVER,W 16TH AVE,WATERLOO ST,ee0d1ce4-76e3-5cf0-b3b4-fd59ef7e42fe,"W 16TH AVE & WATERLOO ST, VANCOUVER",49.257949,-123.180049,incomplete_2018_2022_observations_no_zero_fill
VANCOUVER,W 16TH AVE,YEW ST,269bac45-5f7a-5ab3-975d-3208d9ac2a4b,"W 16TH AVE & YEW ST, VANCOUVER",49.257334,-123.155543,incomplete_2018_2022_observations_no_zero_fill
VANCOUVER,W 17TH AVE,WALLACE ST,1f57f44d-cf9f-5413-b11d-7c4a3734597b,"W 17TH AVE & WALLACE ST, VANCOUVER",49.257439,-123.190789,incomplete_2018_2022_observations_no_zero_fill
VANCOUVER,W 17TH AVE,WILLOW ST,0fcadc85-b134-5ffd-95fc-8f901b91e685,"W 17TH AVE & WILLOW ST, VANCOUVER",49.25615,-123.122062,incomplete_2018_2022_observations_no_zero_fill
VANCOUVER,W 17TH AVE,YUKON ST,6a3914e9-ffff-5aec-93cb-b20d19c46f28,"W 17TH AVE & YUKON ST, VANCOUVER",49.255798,-123.112533,incomplete_2018_2022_observations_no_zero_fill
VANCOUVER,W 18TH AVE,WALLACE ST,1b9841d3-27d3-5ac2-9571-7abb1f61741f,"W 18TH AVE & WALLACE ST, VANCOUVER",49.256498,-123.190798,incomplete_2018_2022_observations_no_zero_fill
VANCOUVER,W 18TH AVE,YEW ST,2d4fac63-0146-5dc1-95e2-5cefce58e4fa,"W 18TH AVE & YEW ST, VANCOUVER",49.256246,-123.155582,incomplete_2018_2022_observations_no_zero_fill
VANCOUVER,W 18TH AVE,YUKON ST,1970398d-0e4a-5fc3-bc81-1458cb54dd7e,"W 18TH AVE & YUKON ST, VANCOUVER",49.254815,-123.112581,incomplete_2018_2022_observations_no_zero_fill
VANCOUVER,W 19TH AVE,WALLACE ST,cf1a71ca-a92d-50c8-a818-b9ac7ef7edeb,"W 19TH AVE & WALLACE ST, VANCOUVER",49.255584,-123.190807,incomplete_2018_2022_observations_no_zero_fill
VANCOUVER,W 19TH AVE,WILLOW ST,b183a7c0-e983-53a0-907e-f663dba4567b,"W 19TH AVE & WILLOW ST, VANCOUVER",49.254323,-123.122139,incomplete_2018_2022_observations_no_zero_fill
VANCOUVER,W 19TH AVE,YUKON ST,c4899b85-a6d2-56d1-9660-4097836734b1,"W 19TH AVE & YUKON ST, VANCOUVER",49.253906,-123.112623,incomplete_2018_2022_observations_no_zero_fill
VANCOUVER,W 1ST AVE,WALLACE ST,03b2bbc5-b2e7-5baa-9fa2-95e8a6ddd293,"W 1ST AVE & WALLACE ST, VANCOUVER",49.271376,-123.189479,incomplete_2018_2022_observations_no_zero_fill
VANCOUVER,W 1ST AVE,WATERLOO ST,487ee7c1-00ca-5094-a205-a9f2473b944d,"W 1ST AVE & WATERLOO ST, VANCOUVER",49.271219,-123.179603,incomplete_2018_2022_observations_no_zero_fill
VANCOUVER,W 20TH AVE,WALLACE ST,8d4092ac-3ff0-56e0-b4d7-b17d505ad312,"W 20TH AVE & WALLACE ST, VANCOUVER",49.254693,-123.190791,incomplete_2018_2022_observations_no_zero_fill
VANCOUVER,W 20TH AVE,WILLOW ST,7cb3c6bb-9138-5890-857a-676e30bb2b17,"W 20TH AVE & WILLOW ST, VANCOUVER",49.253437,-123.12218,incomplete_2018_2022_observations_no_zero_fill
VANCOUVER,W 20TH AVE,YEW ST,5efabf6e-1f85-5898-9e21-909051bf35f1,"W 20TH AVE & YEW ST, VANCOUVER",49.254437,-123.155652,incomplete_2018_2022_observations_no_zero_fill
VANCOUVER,W 20TH AVE,YUKON ST,25807260-e1e2-5f59-9ea9-4e6be68eb49f,"W 20TH AVE & YUKON ST, VANCOUVER",49.252898,-123.11267,incomplete_2018_2022_observations_no_zero_fill
VANCOUVER,W 21ST AVE,YUKON ST,cef885c5-39c5-594b-a5a0-88f2e8cc69f8,"W 21ST AVE & YUKON ST, VANCOUVER",49.252013,-123.11271,incomplete_2018_2022_observations_no_zero_fill
VANCOUVER,W 22ND AVE,WALLACE ST,80366c7e-aa85-5e3f-b73c-f1bf78104997,"W 22ND AVE & WALLACE ST, VANCOUVER",49.252879,-123.190832,incomplete_2018_2022_observations_no_zero_fill
VANCOUVER,W 22ND AVE,WILLOW ST,9496d906-c08a-5d94-bd0d-5651b768eb12,"W 22ND AVE & WILLOW ST, VANCOUVER",49.251623,-123.122215,incomplete_2018_2022_observations_no_zero_fill
VANCOUVER,W 22ND AVE,YEW ST,e054131c-ab06-5eb0-b8ec-777ab053240c,"W 22ND AVE & YEW ST, VANCOUVER",49.252629,-123.155722,incomplete_2018_2022_observations_no_zero_fill
VANCOUVER,W 22ND AVE,YUKON ST,c413d75c-64ed-585c-8140-da315ce32f05,"W 22ND AVE & YUKON ST, VANCOUVER",49.251113,-123.112753,incomplete_2018_2022_observations_no_zero_fill
VANCOUVER,W 23RD AVE,W KING EDWARD AVE,a60cfa3b-8088-52a1-874d-e2b57f677ec3,"W 23RD AVE & W KING EDWARD AVE, VANCOUVER",49.251648,-123.154569,incomplete_2018_2022_observations_no_zero_fill
VANCOUVER,W 23RD AVE,WALLACE ST,4ffbdc00-96fd-535a-bbf2-96c2aa3a466e,"W 23RD AVE & WALLACE ST, VANCOUVER",49.251965,-123.190836,incomplete_2018_2022_observations_no_zero_fill
VANCOUVER,W 23RD AVE,WILLOW ST,b2c217af-4e3d-550d-a869-1a558b9d1e26,"W 23RD AVE & WILLOW ST, VANCOUVER",49.250719,-123.122254,incomplete_2018_2022_observations_no_zero_fill
VANCOUVER,W 23RD AVE,YUKON ST,f58fa942-7cdd-509b-aca0-8a7dee1e149d,"W 23RD AVE & YUKON ST, VANCOUVER",49.250069,-123.1128,incomplete_2018_2022_observations_no_zero_fill
VANCOUVER,W 24TH AVE,WALLACE ST,53ec3a08-2283-5e34-9937-021ac08b9ff2,"W 24TH AVE & WALLACE ST, VANCOUVER",49.251076,-123.190845,incomplete_2018_2022_observations_no_zero_fill
VANCOUVER,W 24TH AVE,WILLOW ST,3d63214f-50bf-54eb-a88f-51790ac6b31e,"W 24TH AVE & WILLOW ST, VANCOUVER",49.250117,-123.12229,incomplete_2018_2022_observations_no_zero_fill
VANCOUVER,W 25TH AVE,YUKON ST,0cf4bf4a-77a3-506b-b286-080cd3739307,"W 25TH AVE & YUKON ST, VANCOUVER",49.249006,-123.112853,incomplete_2018_2022_observations_no_zero_fill
VANCOUVER,W 26TH AVE,WALLACE ST,4bbb7405-ac1d-5b4e-9f50-d11d7cc18dcf,"W 26TH AVE & WALLACE ST, VANCOUVER",49.249034,-123.190874,incomplete_2018_2022_observations_no_zero_fill
VANCOUVER,W 26TH AVE,WILLOW ST,e3d2eede-90c8-575a-a4aa-02f342825e2e,"W 26TH AVE & WILLOW ST, VANCOUVER",49.248067,-123.122373,incomplete_2018_2022_observations_no_zero_fill
VANCOUVER,W 26TH AVE,YUKON ST,c16ceb2d-cb01-5bea-95f9-61a747044dcf,"W 26TH AVE & YUKON ST, VANCOUVER",49.247879,-123.112236,incomplete_2018_2022_observations_no_zero_fill
VANCOUVER,W 27TH AVE,WALLACE ST,9260fbe1-bccb-5204-82e6-df59d7fac00a,"W 27TH AVE & WALLACE ST, VANCOUVER",49.248098,-123.190881,incomplete_2018_2022_observations_no_zero_fill
VANCOUVER,W 27TH AVE,WILLOW ST,9745f46e-dd05-567f-8caf-78c587f9d3ad,"W 27TH AVE & WILLOW ST, VANCOUVER",49.247141,-123.122406,incomplete_2018_2022_observations_no_zero_fill
VANCOUVER,W 28TH AVE,WILLOW ST,cb1387fa-95e7-53b1-9229-0fe63a2c863c,"W 28TH AVE & WILLOW ST, VANCOUVER",49.246226,-123.122439,incomplete_2018_2022_observations_no_zero_fill
VANCOUVER,W 28TH AVE,YUKON ST,4557da0c-9b8d-5aa8-a554-c25c4cf3fecd,"W 28TH AVE & YUKON ST, VANCOUVER",49.246044,-123.112319,incomplete_2018_2022_observations_no_zero_fill
VANCOUVER,W 29TH AVE,WALLACE ST,3c4fee1a-9fce-5d7c-ae74-ba61b85ade1d,"W 29TH AVE & WALLACE ST, VANCOUVER",49.246186,-123.190894,incomplete_2018_2022_observations_no_zero_fill
VANCOUVER,W 2ND AVE,W 3RD AVE,970b97f3-e76f-557f-a911-ab4b096ab0f2,"W 2ND AVE & W 3RD AVE, VANCOUVER",49.268397,-123.111203,incomplete_2018_2022_observations_no_zero_fill
VANCOUVER,W 2ND AVE,W 5TH AVE,d9708474-e611-5833-aa90-5b0963010b94,"W 2ND AVE & W 5TH AVE, VANCOUVER",49.266821,-123.114345,incomplete_2018_2022_observations_no_zero_fill
VANCOUVER,W 2ND AVE,WALLACE ST,ef513647-0597-5eb8-98b5-1cabdfd90dc6,"W 2ND AVE & WALLACE ST, VANCOUVER",49.270093,-123.189509,incomplete_2018_2022_observations_no_zero_fill
VANCOUVER,W 30TH AVE,WALLACE ST,a188bd59-7e4f-528c-9be8-e52224b34e70,"W 30TH AVE & WALLACE ST, VANCOUVER",49.245243,-123.1909,incomplete_2018_2022_observations_no_zero_fill
VANCOUVER,W 31ST AVE,WALLACE ST,49c5370e-6bb4-5879-ae01-f23dba6bff7b,"W 31ST AVE & WALLACE ST, VANCOUVER",49.244288,-123.190907,incomplete_2018_2022_observations_no_zero_fill
VANCOUVER,W 32ND AVE,WALLACE ST,d5ab3d9e-91ce-5cfb-b605-3697e62e9db9,"W 32ND AVE & WALLACE ST, VANCOUVER",49.243346,-123.190914,incomplete_2018_2022_observations_no_zero_fill
VANCOUVER,W 32ND AVE,WILLOW ST,deba54f3-973d-5a01-b5b6-aff8f64f8f37,"W 32ND AVE & WILLOW ST, VANCOUVER",49.24234,-123.123589,incomplete_2018_2022_observations_no_zero_fill
VANCOUVER,W 32ND AVE,YEW ST,7157abb7-6611-5fd1-8643-bd3e72c836fa,"W 32ND AVE & YEW ST, VANCOUVER",49.243057,-123.155527,incomplete_2018_2022_observations_no_zero_fill
VANCOUVER,W 33RD AVE,WALLACE ST,19202767-a85b-52f8-b171-d1a64a2a0e31,"W 33RD AVE & WALLACE ST, VANCOUVER",49.242427,-123.190922,incomplete_2018_2022_observations_no_zero_fill
VANCOUVER,W 33RD AVE,YEW ST,445208a4-4c45-560b-ba9f-a65b735a7f5f,"W 33RD AVE & YEW ST, VANCOUVER",49.242172,-123.157406,incomplete_2018_2022_observations_no_zero_fill
VANCOUVER,W 35TH AVE,WALLACE ST,38849da0-7eac-5159-9c00-59fa63664385,"W 35TH AVE & WALLACE ST, VANCOUVER",49.240495,-123.19094,incomplete_2018_2022_observations_no_zero_fill
VANCOUVER,W 35TH AVE,WILLOW ST,1cde05db-9282-594a-8392-662dd38d2388,"W 35TH AVE & WILLOW ST, VANCOUVER",49.239395,-123.123687,incomplete_2018_2022_observations_no_zero_fill
VANCOUVER,W 36TH AVE,WALLACE ST,f2ebb243-6e25-5b96-a4e0-e389367b8626,"W 36TH AVE & WALLACE ST, VANCOUVER",49.239533,-123.190941,incomplete_2018_2022_observations_no_zero_fill
VANCOUVER,W 36TH AVE,YEW ST,b6260800-0e0c-5a4f-801e-300720207dad,"W 36TH AVE & YEW ST, VANCOUVER",49.239289,-123.158125,incomplete_2018_2022_observations_no_zero_fill
VANCOUVER,W 37TH AVE,WALLACE ST,dc661c44-8f94-5fcc-88f6-8a75935532a0,"W 37TH AVE & WALLACE ST, VANCOUVER",49.238594,-123.190945,incomplete_2018_2022_observations_no_zero_fill
VANCOUVER,W 37TH AVE,WILLOW ST,6b458801-6b0e-5af1-aa09-64a359de347f,"W 37TH AVE & WILLOW ST, VANCOUVER",49.237514,-123.123758,incomplete_2018_2022_observations_no_zero_fill
VANCOUVER,W 37TH AVE,YEW ST,65458b04-0a75-5875-b423-5b9ee1f50714,"W 37TH AVE & YEW ST, VANCOUVER",49.238343,-123.158396,incomplete_2018_2022_observations_no_zero_fill
VANCOUVER,W 38TH AVE,WILLOW ST,e133849f-54c0-5b6b-8851-f31b6bb2fdb1,"W 38TH AVE & WILLOW ST, VANCOUVER",49.236617,-123.12377,incomplete_2018_2022_observations_no_zero_fill
VANCOUVER,W 38TH AVE,YEW ST,ba0a7ddf-5b30-5109-b2f7-b8239a776a6c,"W 38TH AVE & YEW ST, VANCOUVER",49.237362,-123.158435,incomplete_2018_2022_observations_no_zero_fill
VANCOUVER,W 39TH AVE,WALLACE ST,f48343b4-02d7-55d2-88b4-c1d61dfc4700,"W 39TH AVE & WALLACE ST, VANCOUVER",49.236438,-123.1909,incomplete_2018_2022_observations_no_zero_fill
VANCOUVER,W 39TH AVE,WEST BLVD,98158944-705f-53cd-8323-cabb8620b404,"W 39TH AVE & WEST BLVD, VANCOUVER",49.236433,-123.155513,incomplete_2018_2022_observations_no_zero_fill
VANCOUVER,W 39TH AVE,WILLOW ST,a570b2be-0240-52d6-bc07-d9b38ef07f6d,"W 39TH AVE & WILLOW ST, VANCOUVER",49.23566,-123.123792,incomplete_2018_2022_observations_no_zero_fill
VANCOUVER,W 39TH AVE,YEW ST,7053fad0-3b99-56f1-ae3f-e5b2268e5f23,"W 39TH AVE & YEW ST, VANCOUVER",49.236476,-123.158473,incomplete_2018_2022_observations_no_zero_fill
VANCOUVER,W 3RD AVE,WATERLOO ST,cb08b39a-53b1-55d7-ab25-844f2ad85828,"W 3RD AVE & WATERLOO ST, VANCOUVER",49.269431,-123.179666,incomplete_2018_2022_observations_no_zero_fill
VANCOUVER,W 41ST AVE,WALLACE ST,fe4f161c-88ba-5c17-ae52-7f98b5f288a4,"W 41ST AVE & WALLACE ST, VANCOUVER",49.234777,-123.190918,incomplete_2018_2022_observations_no_zero_fill
VANCOUVER,W 41ST AVE,WEST BLVD,c88d338d-0ae0-5f84-afe0-fd570e3900bb,"W 41ST AVE & WEST BLVD, VANCOUVER",49.234583,-123.155541,incomplete_2018_2022_observations_no_zero_fill
VANCOUVER,W 41ST AVE,WILTSHIRE ST,c966ba61-1158-56e5-a7a8-a5a694e9e448,"W 41ST AVE & WILTSHIRE ST, VANCOUVER",49.234439,-123.146299,incomplete_2018_2022_observations_no_zero_fill
VANCOUVER,W 42ND AVE,WILLOW ST,cd2fa7ea-86cc-5477-a6b3-ed0e30fc362d,"W 42ND AVE & WILLOW ST, VANCOUVER",49.23288,-123.123901,incomplete_2018_2022_observations_no_zero_fill
VANCOUVER,W 44TH AVE,YEW ST,7491f59c-1839-5bf7-9b84-71b65a237a7c,"W 44TH AVE & YEW ST, VANCOUVER",49.231883,-123.158617,incomplete_2018_2022_observations_no_zero_fill
VANCOUVER,W 45TH AVE,WEST BLVD,692756ad-44dc-5920-ac34-d5d01e0572eb,"W 45TH AVE & WEST BLVD, VANCOUVER",49.230864,-123.155707,incomplete_2018_2022_observations_no_zero_fill
VANCOUVER,W 45TH AVE,YEW ST,592857e8-1b5a-5cac-8994-27352bdb86e4,"W 45TH AVE & YEW ST, VANCOUVER",49.230912,-123.158649,incomplete_2018_2022_observations_no_zero_fill
VANCOUVER,W 46TH AVE,WEST BOULEVARD,334671cf-d02b-55b6-9152-a074397f7bce,"W 46TH AVE & WEST BOULEVARD, VANCOUVER",49.22988,-123.155761,incomplete_2018_2022_observations_no_zero_fill
VANCOUVER,W 46TH AVE,WILLOW ST,2fec2a55-ed5a-5e10-95de-99cf52dc0308,"W 46TH AVE & WILLOW ST, VANCOUVER",49.229137,-123.123409,incomplete_2018_2022_observations_no_zero_fill
VANCOUVER,W 46TH AVE,YEW ST,d4e2e828-4e1f-5937-8695-cfdb8d58cd08,"W 46TH AVE & YEW ST, VANCOUVER",49.229929,-123.158679,incomplete_2018_2022_observations_no_zero_fill
VANCOUVER,W 46TH AVE,YUKON ST,7d09c775-f339-5042-a801-642edabfa9ef,"W 46TH AVE & YUKON ST, VANCOUVER",49.228762,-123.114626,incomplete_2018_2022_observations_no_zero_fill
VANCOUVER,W 47TH AVE,WEST BOULEVARD,7fd0c364-de74-50f6-9909-a98804c30cbf,"W 47TH AVE & WEST BOULEVARD, VANCOUVER",49.229011,-123.155817,incomplete_2018_2022_observations_no_zero_fill
VANCOUVER,W 47TH AVE,WILTSHIRE ST,013f8920-ffd7-57fa-b747-448d4b27a994,"W 47TH AVE & WILTSHIRE ST, VANCOUVER",49.228866,-123.146516,incomplete_2018_2022_observations_no_zero_fill
VANCOUVER,W 48TH AVE,WEST BLVD,d464d9ff-51fb-591d-b165-d0f19572f166,"W 48TH AVE & WEST BLVD, VANCOUVER",49.228118,-123.155642,incomplete_2018_2022_observations_no_zero_fill
VANCOUVER,W 48TH AVE,YEW ST,be0702b7-7325-5480-a338-2e21e740efdb,"W 48TH AVE & YEW ST, VANCOUVER",49.228156,-123.158763,incomplete_2018_2022_observations_no_zero_fill
VANCOUVER,W 48TH AVE,YUKON ST,cbf3c12c-5c8b-51f5-b9eb-0c702924111c,"W 48TH AVE & YUKON ST, VANCOUVER",49.226936,-123.11463,incomplete_2018_2022_observations_no_zero_fill
VANCOUVER,W 49TH AVE,WILTSHIRE ST,db65ca6f-b8d1-58f0-b66a-a3a0c4c32a08,"W 49TH AVE & WILTSHIRE ST, VANCOUVER",49.227051,-123.146586,incomplete_2018_2022_observations_no_zero_fill
VANCOUVER,W 4TH AVE,WEST POINT PL,b12fe6ad-12de-57c5-a6e5-f8f2da3139d1,"W 4TH AVE & WEST POINT PL, VANCOUVER",49.268577,-123.204507,incomplete_2018_2022_observations_no_zero_fill
VANCOUVER,W 51ST AVE,WEST BOULEVARD,0aab2c32-070b-530b-9157-000b8e3655ae,"W 51ST AVE & WEST BOULEVARD, VANCOUVER",49.224956,-123.153986,incomplete_2018_2022_observations_no_zero_fill
VANCOUVER,W 51ST AVE,YEW ST,ca276bc4-fd80-5342-99e8-83a45ba0e4a1,"W 51ST AVE & YEW ST, VANCOUVER",49.225025,-123.158979,incomplete_2018_2022_observations_no_zero_fill
VANCOUVER,W 52ND AVE,WILTSHIRE ST,438d15ba-d162-5455-a0c3-f8956bce979f,"W 52ND AVE & WILTSHIRE ST, VANCOUVER",49.22416,-123.146691,incomplete_2018_2022_observations_no_zero_fill
VANCOUVER,W 57TH AVE,WEST BLVD,e6f9cf25-0af5-5a18-9115-f318357acc08,"W 57TH AVE & WEST BLVD, VANCOUVER",49.21948,-123.15051,incomplete_2018_2022_observations_no_zero_fill
VANCOUVER,W 57TH AVE,WILTSHIRE ST,95d5edfe-08b2-52fa-aa0b-4503773708a5,"W 57TH AVE & WILTSHIRE ST, VANCOUVER",49.219436,-123.146803,incomplete_2018_2022_observations_no_zero_fill
VANCOUVER,W 57TH AVE,YEW ST,f663807f-a850-5fe5-8ead-cd3fee357872,"W 57TH AVE & YEW ST, VANCOUVER",49.219535,-123.158542,incomplete_2018_2022_observations_no_zero_fill
VANCOUVER,W 59TH AVE,YUKON ST,f0606eac-ed22-577a-a096-eddc822f33ab,"W 59TH AVE & YUKON ST, VANCOUVER",49.216925,-123.115385,incomplete_2018_2022_observations_no_zero_fill
VANCOUVER,W 5TH AVE,WATERLOO ST,cc17f765-6f94-509c-972f-2b266c262828,"W 5TH AVE & WATERLOO ST, VANCOUVER",49.267664,-123.179751,incomplete_2018_2022_observations_no_zero_fill
VANCOUVER,W 60TH AVE,WEST BOULEVARD,120630e7-ee80-5c07-baea-0bcbc4bac411,"W 60TH AVE & WEST BOULEVARD, VANCOUVER",49.21715,-123.149116,incomplete_2018_2022_observations_no_zero_fill
VANCOUVER,W 62ND AVE,YUKON ST,64e40704-d2e7-540c-a124-5ed0e1ada92f,"W 62ND AVE & YUKON ST, VANCOUVER",49.214094,-123.115486,incomplete_2018_2022_observations_no_zero_fill
VANCOUVER,W 63RD AVE,YUKON ST,9eb506bb-41df-58c9-ab6b-4da4fdbc325c,"W 63RD AVE & YUKON ST, VANCOUVER",49.213171,-123.114638,incomplete_2018_2022_observations_no_zero_fill
VANCOUVER,W 64TH AVE,YUKON ST,3a50ae09-0c62-5ece-937d-f92ca5be39e2,"W 64TH AVE & YUKON ST, VANCOUVER",49.212255,-123.114674,incomplete_2018_2022_observations_no_zero_fill
VANCOUVER,W 69TH AVE,WILTSHIRE ST,7e833b51-3397-5e99-8d70-8c1e09fa11b2,"W 69TH AVE & WILTSHIRE ST, VANCOUVER",49.209575,-123.146394,incomplete_2018_2022_observations_no_zero_fill
VANCOUVER,W 6TH AVE,WATERLOO ST,12c34ad1-73f5-51ce-9fde-c93850b08013,"W 6TH AVE & WATERLOO ST, VANCOUVER",49.266822,-123.179787,incomplete_2018_2022_observations_no_zero_fill
VANCOUVER,W 6TH AVE,YEW ST,c2a11d99-b929-56f8-9435-ee63ec9e3512,"W 6TH AVE & YEW ST, VANCOUVER",49.266443,-123.155202,incomplete_2018_2022_observations_no_zero_fill
VANCOUVER,W 72ND AVE,W 73RD AVE,d45d0e60-85ef-53d5-922c-cc892fb6ad8e,"W 72ND AVE & W 73RD AVE, VANCOUVER",49.205775,-123.139308,incomplete_2018_2022_observations_no_zero_fill
VANCOUVER,W 7TH AVE,WATERLOO ST,3e665a3b-fa31-5e07-a02d-70585605c75c,"W 7TH AVE & WATERLOO ST, VANCOUVER",49.265962,-123.179798,incomplete_2018_2022_observations_no_zero_fill
VANCOUVER,W 8TH AVE,WALLACE CRES,2fdfc8ab-1dc2-529f-8f60-deba273d1af0,"W 8TH AVE & WALLACE CRES, VANCOUVER",49.265095,-123.193414,incomplete_2018_2022_observations_no_zero_fill
VANCOUVER,W 8TH AVE,WATERLOO ST,48dcb8b0-d17d-5c4f-9af1-139b336aeb5a,"W 8TH AVE & WATERLOO ST, VANCOUVER",49.265143,-123.179813,incomplete_2018_2022_observations_no_zero_fill
VANCOUVER,W 9TH AVE,WILLOW ST,c58ab342-acac-53f7-a013-ca582b43d24a,"W 9TH AVE & WILLOW ST, VANCOUVER",49.263317,-123.121819,incomplete_2018_2022_observations_no_zero_fill
VANCOUVER,W 9TH AVE,YEW ST,e9dcea67-bcd6-5a75-a6e5-93ef9ebe8f7f,"W 9TH AVE & YEW ST, VANCOUVER",49.26386,-123.155298,incomplete_2018_2022_observations_no_zero_fill
VANCOUVER,W CORDOVA ST,W WATERFRONT RD,f016b2d9-4c10-5c2d-aca7-8bafcc37349e,"W CORDOVA ST & W WATERFRONT RD, VANCOUVER",49.288368,-123.118924,incomplete_2018_2022_observations_no_zero_fill
VANCOUVER,W CORDOVA ST,WATERFRONT RD,6aa6f16d-d101-5dc3-b4c8-53724782d560,"W CORDOVA ST & WATERFRONT RD, VANCOUVER",49.288368,-123.118924,incomplete_2018_2022_observations_no_zero_fill
VANCOUVER,W KING EDWARD AVE,WALLACE ST,e6c8b6a1-8412-57a3-acf2-1d5b9d82fbb4,"W KING EDWARD AVE & WALLACE ST, VANCOUVER",49.250076,-123.190865,incomplete_2018_2022_observations_no_zero_fill
VANCOUVER,W KING EDWARD AVE,YEW ST,5aded073-e799-5550-817e-76f0ac90cedc,"W KING EDWARD AVE & YEW ST, VANCOUVER",49.25124,-123.155773,incomplete_2018_2022_observations_no_zero_fill
VANCOUVER,W KING EDWARD AVE,YUKON ST,c6d7330c-396b-5e56-a872-291d5b88d2e5,"W KING EDWARD AVE & YUKON ST, VANCOUVER",49.249006,-123.112853,incomplete_2018_2022_observations_no_zero_fill
VANCOUVER,WILLIAM ST,WINDERMERE ST,f42b5a3e-395f-56a3-bfc4-1073ec0d3dff,"WILLIAM ST & WINDERMERE ST, VANCOUVER",49.274135,-123.036364,incomplete_2018_2022_observations_no_zero_fill
VANCOUVER,WILLIAM ST,WOODLAND DR,b45f2866-e778-5833-b2ef-ad5a4599fef7,"WILLIAM ST & WOODLAND DR, VANCOUVER",49.273987,-123.073402,incomplete_2018_2022_observations_no_zero_fill
VANCOUVER,WORTHINGTON DR,WORTHINGTON PL,aab80661-2824-5731-864c-dc9efa541dae,"WORTHINGTON DR & WORTHINGTON PL, VANCOUVER",49.254743,-123.032431,incomplete_2018_2022_observations_no_zero_fill
