municipality,road_a,road_b,total_crashes,pedestrian_crashes,cyclist_crashes,period_start_year,period_end_year,latitude,longitude,max_distance_m,shared_coordinate
VANCOUVER,29TH AVE STATION LOOP,E 29TH AVE,1,0,0,2021,2021,49.244594,-123.045601,0.0,False
VANCOUVER,54TH AVE AND VICTORIA LOOP,VICTORIA DR,6,0,0,2018,2022,49.219687,-123.06589,0.0,False
VANCOUVER,63RD AVE AND GRANVILLE LOOP,GRANVILLE ST,6,0,0,2018,2022,49.213735,-123.14036,0.0,False
VANCOUVER,ABBOTT ST,EXPO BLVD,92,5,4,2018,2022,49.278645,-123.107641,0.0,True
VANCOUVER,ABBOTT ST,KEEFER PL,75,3,5,2018,2022,49.27971,-123.107629,0.0,False
VANCOUVER,ABBOTT ST,PACIFIC BLVD,19,1,3,2018,2022,49.277132,-123.107677,0.0,True
VANCOUVER,ABBOTT ST,W CORDOVA ST,47,3,1,2018,2022,49.282927,-123.106793,0.0,False
VANCOUVER,ABBOTT ST,W HASTINGS ST,131,18,16,2018,2022,49.282001,-123.107193,0.0,False
VANCOUVER,ABBOTT ST,W PENDER ST,127,19,16,2018,2022,49.281065,-123.107583,0.0,False
VANCOUVER,ABBOTT ST,WATER ST,47,1,2,2018,2022,49.283892,-123.106413,0.0,False
VANCOUVER,ABERDEEN ST,CROWLEY DR,4,0,0,2018,2019,49.235398,-123.027894,0.0,False
VANCOUVER,ABERDEEN ST,EUCLID AVE,3,0,0,2019,2022,49.234744,-123.028142,0.0,False
VANCOUVER,ABERDEEN ST,FOSTER AVE,1,0,0,2022,2022,49.23413,-123.028143,0.0,False
VANCOUVER,ABERDEEN ST,KINGSWAY,70,1,0,2018,2022,49.232097,-123.028143,0.0,False
VANCOUVER,ABERDEEN ST,WELLINGTON AVE,1,0,0,2020,2020,49.238431,-123.026169,0.0,False
VANCOUVER,ADANAC ST,BOUNDARY RD,18,1,0,2018,2022,49.277492,-123.023519,0.0,True
VANCOUVER,ADANAC ST,CASSIAR ST,2,0,0,2019,2022,49.277431,-123.030769,0.0,False
VANCOUVER,ADANAC ST,CLARK DR,51,0,6,2018,2022,49.277667,-123.077246,0.0,False
VANCOUVER,ADANAC ST,COMMERCIAL DIVERS N,1,0,0,2019,2019,49.277572,-123.070071,0.0,False
VANCOUVER,ADANAC ST,COMMERCIAL DR,18,1,5,2018,2022,49.27757,-123.070476,0.0,False
VANCOUVER,ADANAC ST,GARDEN DR,2,0,1,2018,2018,49.277468,-123.057878,0.0,False
VANCOUVER,ADANAC ST,HWY 1,2,0,0,2019,2020,49.277431,-123.031683,0.0,True
VANCOUVER,ADANAC ST,KAMLOOPS ST,3,0,2,2019,2022,49.27747,-123.054611,0.0,False
VANCOUVER,ADANAC ST,KASLO ST,4,0,2,2019,2022,49.277449,-123.046768,0.0,False
VANCOUVER,ADANAC ST,KOOTENAY ST,1,0,0,2018,2018,49.277424,-123.025751,0.0,False
VANCOUVER,ADANAC ST,LAKEWOOD DR,2,0,1,2019,2019,49.277492,-123.061745,0.0,False
VANCOUVER,ADANAC ST,LILLOOET ST,2,0,1,2018,2018,49.277449,-123.038877,0.0,False
VANCOUVER,ADANAC ST,MCLEAN DR,15,0,7,2018,2022,49.277638,-123.074142,0.0,False
VANCOUVER,ADANAC ST,NANAIMO ST,29,0,5,2018,2022,49.277469,-123.056561,0.0,False
VANCOUVER,ADANAC ST,NOOTKA ST,3,0,3,2018,2022,49.277451,-123.041429,0.0,False
VANCOUVER,ADANAC ST,PENTICTON ST,3,0,2,2018,2021,49.277471,-123.052013,0.0,False
VANCOUVER,ADANAC ST,RENFREW ST,7,0,2,2018,2022,49.277464,-123.044106,0.0,False
VANCOUVER,ADANAC ST,RUPERT ST,5,0,2,2018,2022,49.277445,-123.03361,0.0,False
VANCOUVER,ADANAC ST,SALSBURY DR,5,0,2,2020,2022,49.277548,-123.068349,0.0,False
VANCOUVER,ADANAC ST,SEMLIN DR,1,0,0,2019,2019,49.277503,-123.063698,0.0,False
VANCOUVER,ADANAC ST,SKEENA ST,6,0,2,2018,2022,49.277431,-123.02835,0.0,False
VANCOUVER,ADANAC ST,SLOCAN ST,8,0,4,2019,2022,49.277468,-123.049365,0.0,False
VANCOUVER,ADANAC ST,TEMPLETON DR,5,0,2,2018,2022,49.27748,-123.059815,0.0,False
VANCOUVER,ADANAC ST,TRANS-CANADA HWY,1,0,0,2020,2020,49.277431,-123.031683,0.0,True
VANCOUVER,ADANAC ST,VERNON DR,2,0,0,2019,2021,49.277705,-123.079269,0.0,False
VANCOUVER,ADANAC ST,VICTORIA DR,16,0,1,2018,2022,49.277522,-123.065605,0.0,False
VANCOUVER,ADANAC ST,WINDERMERE ST,5,1,0,2018,2022,49.27746,-123.036234,0.0,False
VANCOUVER,ADANAC ST,WOODLAND DR,5,0,3,2018,2022,49.277605,-123.072745,0.0,False
VANCOUVER,ADANAC TUNNEL,E HASTINGS ST,1,0,0,2019,2019,49.281193,-123.031483,0.0,True
VANCOUVER,ADERA ST,SW MARINE DR,11,1,0,2018,2022,49.208571,-123.143732,0.0,False
VANCOUVER,ADERA ST,W 41ST AVE,4,0,1,2018,2021,49.234392,-123.143334,0.0,False
VANCOUVER,ADERA ST,W 43RD AVE,1,0,0,2019,2019,49.232521,-123.143387,0.0,False
VANCOUVER,ADERA ST,W 45TH AVE,1,0,0,2018,2018,49.230678,-123.143443,0.0,False
VANCOUVER,ADERA ST,W 49TH AVE,9,0,0,2018,2022,49.227012,-123.143582,0.0,False
VANCOUVER,ADERA ST,W 52ND AVE,2,0,0,2019,2020,49.22412,-123.143609,0.0,False
VANCOUVER,ADERA ST,W 57TH AVE,13,0,0,2018,2022,49.219424,-123.143806,0.0,False
VANCOUVER,ADERA ST,W 58TH AVE,5,0,0,2018,2022,49.218556,-123.143828,0.0,False
VANCOUVER,ADERA ST,W 59TH AVE,2,1,2,2021,2022,49.217693,-123.143889,0.0,False
VANCOUVER,ADERA ST,W 61ST AVE,1,0,0,2020,2020,49.215964,-123.143434,0.0,False
VANCOUVER,ADERA ST,W 62ND AVE,1,0,0,2019,2019,49.21498,-123.143488,0.0,False
VANCOUVER,ADERA ST,W 63RD AVE,5,0,0,2019,2022,49.214061,-123.143483,0.0,False
VANCOUVER,ADERA ST,W 64TH AVE,3,0,0,2018,2022,49.213202,-123.143544,0.0,False
VANCOUVER,ADERA ST,W 65TH AVE,2,0,0,2019,2020,49.212308,-123.143581,0.0,False
VANCOUVER,ADERA ST,W 66TH AVE,3,0,0,2020,2021,49.211425,-123.143608,0.0,False
VANCOUVER,ADERA ST,W 68TH AVE,3,0,0,2018,2021,49.210559,-123.143661,0.0,False
VANCOUVER,AEGEAN CRES,CORSICA WAY,1,0,0,2019,2019,49.20853,-123.029835,0.0,False
VANCOUVER,AISNE ST,SW MARINE DR,13,0,0,2018,2022,49.207762,-123.122797,0.0,False
VANCOUVER,ALAMEIN AVE,MACDONALD ST,13,0,0,2018,2022,49.250062,-123.167831,0.0,False
VANCOUVER,ALAMEIN AVE,PUGET DR,3,0,0,2021,2022,49.250412,-123.170859,0.0,False
VANCOUVER,ALAMEIN AVE,TRAFALGAR ST,5,0,0,2018,2022,49.250061,-123.165284,0.0,False
VANCOUVER,ALBERNI ST,BIDWELL ST,23,2,1,2018,2022,49.291162,-123.132808,0.0,False
VANCOUVER,ALBERNI ST,BROUGHTON ST,67,3,3,2018,2022,49.288594,-123.128861,0.0,False
VANCOUVER,ALBERNI ST,BURRARD ST,161,4,6,2018,2022,49.284014,-123.121665,0.0,False
VANCOUVER,ALBERNI ST,BUTE ST,50,3,0,2018,2022,49.286748,-123.12592,0.0,False
VANCOUVER,ALBERNI ST,CARDERO ST,31,1,1,2018,2022,49.290144,-123.131232,0.0,False
VANCOUVER,ALBERNI ST,CHILCO ST,4,0,0,2018,2021,49.294077,-123.137319,0.0,False
VANCOUVER,ALBERNI ST,DENMAN ST,123,0,1,2018,2022,49.292192,-123.134398,0.0,False
VANCOUVER,ALBERNI ST,GILFORD ST,9,0,1,2018,2022,49.293185,-123.135968,0.0,False
VANCOUVER,ALBERNI ST,JERVIS ST,40,1,1,2018,2022,49.287728,-123.127469,0.0,False
VANCOUVER,ALBERNI ST,NICOLA ST,18,2,2,2018,2022,49.289362,-123.130033,0.0,False
VANCOUVER,ALBERNI ST,THURLOW ST,131,2,3,2018,2022,49.28535,-123.123706,0.0,False
VANCOUVER,ALBERT ST,BOUNDARY RD,24,0,0,2018,2022,49.282048,-123.023492,0.0,True
VANCOUVER,ALBERTA ST,W 10TH AVE,13,0,1,2018,2022,49.262175,-123.111006,0.0,False
VANCOUVER,ALBERTA ST,W 11TH AVE,7,0,0,2018,2022,49.261273,-123.111036,0.0,False
VANCOUVER,ALBERTA ST,W 12TH AVE,45,2,0,2018,2022,49.260362,-123.111036,0.0,False
VANCOUVER,ALBERTA ST,W 13TH AVE,1,0,0,2022,2022,49.259366,-123.111084,0.0,False
VANCOUVER,ALBERTA ST,W 14TH AVE,2,0,0,2020,2021,49.258677,-123.111111,0.0,False
VANCOUVER,ALBERTA ST,W 15TH AVE,2,0,0,2019,2021,49.257737,-123.111114,0.0,False
VANCOUVER,ALBERTA ST,W 16TH AVE,5,0,0,2018,2020,49.256791,-123.111183,0.0,False
VANCOUVER,ALBERTA ST,W 2ND AVE,36,0,0,2018,2022,49.268643,-123.11072,0.0,False
VANCOUVER,ALBERTA ST,W 37TH AVE,1,0,0,2021,2021,49.237041,-123.113265,0.0,False
VANCOUVER,ALBERTA ST,W 39TH AVE,3,0,0,2018,2022,49.235296,-123.113355,0.0,False
VANCOUVER,ALBERTA ST,W 3RD AVE,6,1,0,2018,2021,49.268388,-123.110732,0.0,False
VANCOUVER,ALBERTA ST,W 41ST AVE,24,0,0,2018,2022,49.233488,-123.11345,0.0,False
VANCOUVER,ALBERTA ST,W 42ND AVE,3,0,0,2021,2022,49.232439,-123.113482,0.0,False
VANCOUVER,ALBERTA ST,W 44TH AVE,4,0,0,2018,2022,49.230627,-123.112977,0.0,False
VANCOUVER,ALBERTA ST,W 45TH AVE,4,0,1,2018,2022,49.229702,-123.11302,0.0,False
VANCOUVER,ALBERTA ST,W 46TH AVE,2,0,0,2019,2020,49.228696,-123.113013,0.0,False
VANCOUVER,ALBERTA ST,W 47TH AVE,1,0,0,2019,2019,49.22778,-123.112983,0.0,False
VANCOUVER,ALBERTA ST,W 48TH AVE,3,0,0,2018,2022,49.226877,-123.112977,0.0,False
VANCOUVER,ALBERTA ST,W 49TH AVE,47,5,0,2018,2022,49.225952,-123.112951,0.0,False
VANCOUVER,ALBERTA ST,W 4TH AVE,14,0,0,2018,2022,49.267471,-123.11078,0.0,False
VANCOUVER,ALBERTA ST,W 58TH AVE,3,0,0,2020,2022,49.21779,-123.113339,0.0,False
VANCOUVER,ALBERTA ST,W 59TH AVE,2,1,0,2019,2019,49.216897,-123.113356,0.0,False
VANCOUVER,ALBERTA ST,W 5TH AVE,10,0,0,2018,2022,49.2666,-123.11081,0.0,False
VANCOUVER,ALBERTA ST,W 6TH AVE,9,1,0,2018,2022,49.26567,-123.110837,0.0,False
VANCOUVER,ALBERTA ST,W 7TH AVE,64,0,4,2018,2022,49.264782,-123.110882,0.0,False
VANCOUVER,ALBERTA ST,W 8TH AVE,21,0,0,2018,2022,49.263875,-123.11092,0.0,False
VANCOUVER,ALBERTA ST,W 9TH AVE,1,1,0,2022,2022,49.263145,-123.110952,0.0,True
VANCOUVER,ALBERTA ST,W BROADWAY,81,1,3,2018,2022,49.263145,-123.110952,0.0,True
VANCOUVER,ALDER BAY CRT,LAMEYS MILL RD,1,0,0,2018,2018,49.266979,-123.133423,0.0,False
VANCOUVER,ALDER CROSSING,LAMEYS MILL RD,9,1,5,2018,2022,49.266646,-123.132012,0.0,False
VANCOUVER,ALDER CROSSING,W 6TH AVE,29,0,0,2018,2022,49.266112,-123.1321,0.0,False
VANCOUVER,ALDER ST,W 10TH AVE,13,0,2,2019,2022,49.262521,-123.131416,0.0,False
VANCOUVER,ALDER ST,W 11TH AVE,6,0,0,2018,2021,49.261592,-123.131448,0.0,False
VANCOUVER,ALDER ST,W 12TH AVE,44,1,1,2018,2022,49.260681,-123.131481,0.0,False
VANCOUVER,ALDER ST,W 13TH AVE,6,0,0,2018,2022,49.259709,-123.131521,0.0,False
VANCOUVER,ALDER ST,W 14TH AVE,10,0,2,2018,2022,49.258796,-123.131553,12.065204002795706,False
VANCOUVER,ALDER ST,W 15TH AVE,4,0,0,2018,2021,49.257882,-123.131586,0.0,False
VANCOUVER,ALDER ST,W 6TH AVE,31,1,0,2018,2022,49.266081,-123.131241,0.0,False
VANCOUVER,ALDER ST,W 7TH AVE,16,1,1,2018,2021,49.265231,-123.131283,0.0,False
VANCOUVER,ALDER ST,W 8TH AVE,23,0,0,2018,2022,49.264398,-123.131313,0.0,False
VANCOUVER,ALDER ST,W BROADWAY,50,0,2,2018,2022,49.263484,-123.131367,0.0,False
VANCOUVER,ALEXANDER ST,COLUMBIA ST,4,0,0,2018,2022,49.283791,-123.102162,0.0,False
VANCOUVER,ALEXANDER ST,DUNLEVY AVE,15,1,1,2018,2022,49.284016,-123.095293,0.0,False
VANCOUVER,ALEXANDER ST,GORE AVE,15,2,3,2018,2022,49.284067,-123.097836,0.0,False
VANCOUVER,ALEXANDER ST,HAWKS AVE,2,0,0,2018,2019,49.283542,-123.087107,0.0,False
VANCOUVER,ALEXANDER ST,HEATLEY AVE,3,0,0,2018,2020,49.283906,-123.089469,0.0,False
VANCOUVER,ALEXANDER ST,JACKSON AVE,14,1,4,2018,2022,49.283988,-123.093305,0.0,False
VANCOUVER,ALEXANDER ST,MAIN ST,22,0,2,2018,2022,49.284104,-123.099491,0.0,False
VANCOUVER,ALEXANDER ST,POWELL ST,20,4,0,2018,2022,49.283368,-123.104002,0.0,True
VANCOUVER,ALEXANDER ST,PRINCESS AVE,11,0,4,2018,2022,49.283944,-123.091363,0.0,True
VANCOUVER,ALEXANDER ST,RAILWAY ST,1,0,1,2022,2022,49.283944,-123.091363,0.0,True
VANCOUVER,ALEXANDER ST,WATER ST,3,0,0,2018,2022,49.283368,-123.104002,0.0,True
VANCOUVER,ALEXANDRA ST,BALFOUR AVE,2,0,0,2018,2021,49.251787,-123.141359,0.0,False
VANCOUVER,ALEXANDRA ST,NANTON AVE,11,0,0,2018,2022,49.247438,-123.141573,0.0,False
VANCOUVER,ALEXANDRA ST,W 25TH AVE,1,0,0,2018,2018,49.24946,-123.141482,0.0,True
VANCOUVER,ALEXANDRA ST,W 26TH AVE,6,0,0,2018,2022,49.248364,-123.141515,0.0,False
VANCOUVER,ALEXANDRA ST,W 28TH AVE,9,0,0,2018,2022,49.246533,-123.141601,0.0,False
VANCOUVER,ALEXANDRA ST,W 29TH AVE,4,0,0,2018,2022,49.245482,-123.141631,0.0,False
VANCOUVER,ALEXANDRA ST,W KING EDWARD AVE,27,1,1,2018,2022,49.24946,-123.141482,0.0,True
VANCOUVER,ALICE ST,E 22ND AVE,3,0,0,2018,2022,49.250278,-123.065789,0.0,False
VANCOUVER,ALMA ST,CAMERON AVE,3,0,0,2019,2020,49.272873,-123.185555,0.0,False
VANCOUVER,ALMA ST,DUNBAR DIVERS,3,0,0,2018,2022,49.261149,-123.185795,0.0,False
VANCOUVER,ALMA ST,POINT GREY RD,5,0,0,2018,2020,49.272274,-123.185574,0.0,False
VANCOUVER,ALMA ST,SW MARINE DR,5,0,0,2018,2021,49.231184,-123.18687,0.0,False
VANCOUVER,ALMA ST,W 10TH AVE,220,2,1,2018,2022,49.263481,-123.185898,0.0,False
VANCOUVER,ALMA ST,W 11TH AVE,14,1,0,2018,2022,49.262547,-123.185921,0.0,False
VANCOUVER,ALMA ST,W 12TH AVE,15,0,0,2018,2022,49.261668,-123.185915,0.0,False
VANCOUVER,ALMA ST,W 13TH AVE,1,0,0,2022,2022,49.260722,-123.185986,0.0,False
VANCOUVER,ALMA ST,W 14TH AVE,3,0,0,2019,2022,49.259846,-123.186021,0.0,False
VANCOUVER,ALMA ST,W 15TH AVE,2,0,0,2018,2022,49.258931,-123.186056,0.0,False
VANCOUVER,ALMA ST,W 16TH AVE,30,0,2,2018,2022,49.257937,-123.186093,0.0,False
VANCOUVER,ALMA ST,W 1ST AVE,1,0,0,2019,2019,49.271315,-123.185614,0.0,False
VANCOUVER,ALMA ST,W 27TH AVE,3,0,0,2018,2021,49.24808,-123.186742,0.0,False
VANCOUVER,ALMA ST,W 28TH AVE,7,0,1,2018,2021,49.24713,-123.186751,0.0,False
VANCOUVER,ALMA ST,W 29TH AVE,4,0,0,2019,2022,49.246167,-123.186761,0.0,False
VANCOUVER,ALMA ST,W 2ND AVE,2,0,0,2018,2021,49.270398,-123.185643,0.0,False
VANCOUVER,ALMA ST,W 39TH AVE,3,0,0,2020,2022,49.236439,-123.186765,0.0,False
VANCOUVER,ALMA ST,W 3RD AVE,7,0,0,2018,2022,49.269525,-123.185669,0.0,False
VANCOUVER,ALMA ST,W 41ST AVE,3,0,0,2018,2019,49.234783,-123.186817,0.0,False
VANCOUVER,ALMA ST,W 4TH AVE,271,7,4,2018,2022,49.268607,-123.185686,0.0,False
VANCOUVER,ALMA ST,W 5TH AVE,12,0,0,2018,2022,49.267752,-123.185727,0.0,False
VANCOUVER,ALMA ST,W 6TH AVE,6,0,0,2018,2022,49.266927,-123.185761,0.0,False
VANCOUVER,ALMA ST,W 7TH AVE,4,0,0,2018,2021,49.266068,-123.185795,0.0,False
VANCOUVER,ALMA ST,W 8TH AVE,9,1,0,2018,2022,49.265246,-123.185828,0.0,False
VANCOUVER,ALMA ST,W 9TH AVE,1,0,0,2019,2019,49.264369,-123.185879,0.0,True
VANCOUVER,ALMA ST,W BROADWAY,86,2,3,2018,2022,49.264369,-123.185879,0.0,True
VANCOUVER,ALVIN NAROD MEWS,PACIFIC BLVD,4,1,0,2018,2022,49.274495,-123.119985,0.0,False
VANCOUVER,AMBERLY PL,SE MARINE DR,5,0,0,2018,2022,49.208308,-123.032608,0.0,False
VANCOUVER,ANCASTER CRES,ELLIOTT ST,8,0,0,2018,2022,49.212421,-123.055121,0.0,False
VANCOUVER,ANCASTER CRES,FRASERVIEW DR,1,0,0,2019,2019,49.212457,-123.057852,0.0,False
VANCOUVER,ANCASTER CRES,HARRISON DR,1,0,0,2018,2018,49.212027,-123.056524,0.0,False
VANCOUVER,ANDERSON ST,CARTWRIGHT ST,12,0,1,2018,2022,49.270629,-123.136053,0.0,True
VANCOUVER,ANDERSON ST,DURANLEAU ST,9,1,2,2018,2022,49.270629,-123.136053,0.0,True
VANCOUVER,ANDERSON ST,HWY 99,1,0,0,2021,2021,49.269263,-123.137909,0.0,False
VANCOUVER,ANDERSON ST,ISLAND PARK WALK,10,1,7,2018,2022,49.269956,-123.137115,0.0,False
VANCOUVER,ANDERSON ST,JOHNSTON ST,30,0,2,2018,2022,49.271914,-123.135012,0.0,False
VANCOUVER,ANDERSON ST,LAMEYS MILL RD,18,0,5,2018,2022,49.26933,-123.137797,0.0,False
VANCOUVER,ANDERSON ST,W 3RD AVE,13,0,0,2018,2022,49.268775,-123.138191,0.0,False
VANCOUVER,ANDERSON ST,W 4TH AVE,43,0,0,2018,2022,49.26819,-123.138372,0.0,False
VANCOUVER,ANGUS DR,GRANVILLE ST,50,2,0,2018,2022,49.254557,-123.138912,0.0,False
VANCOUVER,ANGUS DR,HOSMER AVE,1,0,0,2020,2020,49.253678,-123.144732,0.0,False
VANCOUVER,ANGUS DR,MATTHEWS AVE,1,0,0,2018,2018,49.251551,-123.145544,0.0,False
VANCOUVER,ANGUS DR,NANTON AVE,3,0,0,2019,2021,49.247513,-123.146172,0.0,False
VANCOUVER,ANGUS DR,SW MARINE DR,69,0,8,2018,2022,49.209472,-123.148711,0.0,False
VANCOUVER,ANGUS DR,THE CRESCENT,1,0,0,2018,2018,49.255561,-123.136394,0.0,False
VANCOUVER,ANGUS DR,W 29TH AVE,3,0,1,2019,2022,49.245534,-123.14548,0.0,False
VANCOUVER,ANGUS DR,W 32ND AVE,1,0,0,2018,2018,49.243561,-123.145519,0.0,False
VANCOUVER,ANGUS DR,W 33RD AVE,16,0,1,2018,2022,49.241989,-123.145513,0.0,False
VANCOUVER,ANGUS DR,W 35TH AVE,3,0,0,2018,2022,49.239925,-123.145479,0.0,False
VANCOUVER,ANGUS DR,W 37TH AVE,1,0,0,2019,2019,49.238132,-123.146395,0.0,False
VANCOUVER,ANGUS DR,W 39TH AVE,1,0,0,2021,2021,49.236309,-123.147599,0.0,False
VANCOUVER,ANGUS DR,W 40TH AVE,2,0,0,2019,2021,49.235746,-123.147633,0.0,False
VANCOUVER,ANGUS DR,W 41ST AVE,6,0,2,2018,2022,49.23446,-123.147668,0.0,False
VANCOUVER,ANGUS DR,W 45TH AVE,3,0,1,2019,2021,49.230745,-123.147807,0.0,False
VANCOUVER,ANGUS DR,W 47TH AVE,1,0,0,2020,2020,49.228886,-123.147878,0.0,False
VANCOUVER,ANGUS DR,W 49TH AVE,10,0,1,2018,2021,49.227069,-123.147944,0.0,False
VANCOUVER,ANGUS DR,W 50TH AVE,2,0,2,2020,2020,49.225751,-123.147995,0.0,False
VANCOUVER,ANGUS DR,W 52ND AVE,4,0,0,2018,2022,49.224176,-123.148057,0.0,False
VANCOUVER,ANGUS DR,W 54TH AVE,2,0,0,2018,2019,49.221799,-123.148154,0.0,False
VANCOUVER,ANGUS DR,W 57TH AVE,10,0,1,2018,2022,49.219452,-123.14825,0.0,False
VANCOUVER,ANGUS DR,W 58TH AVE,2,0,0,2018,2020,49.218574,-123.148277,0.0,False
VANCOUVER,ANGUS DR,W 59TH AVE,2,0,0,2018,2020,49.217746,-123.148313,0.0,False
VANCOUVER,ANGUS DR,W 60TH AVE,2,0,0,2019,2021,49.216909,-123.14831,0.0,False
VANCOUVER,ANGUS DR,W 61ST AVE,1,0,0,2018,2018,49.216062,-123.148496,0.0,False
VANCOUVER,ANGUS DR,W 64TH AVE,3,0,0,2018,2018,49.213274,-123.148478,0.0,False
VANCOUVER,ANGUS DR,W 75TH AVE,4,0,0,2019,2022,49.207489,-123.149341,0.0,False
VANCOUVER,ANGUS DR,W KING EDWARD AVE,12,0,0,2018,2022,49.249577,-123.146099,0.0,False
VANCOUVER,ANN ST,WELLINGTON AVE,1,0,0,2022,2022,49.239213,-123.02811,0.0,False
VANCOUVER,ANZIO DR,E 22ND AVE,3,0,0,2018,2021,49.250625,-123.028522,0.0,True
VANCOUVER,ANZIO DR,MONS DR,2,0,0,2018,2019,49.252316,-123.031058,0.0,False
VANCOUVER,ANZIO DR,RUPERT ST,9,0,0,2019,2022,49.252306,-123.03381,0.0,True
VANCOUVER,AQUA DR,WATERSIDE AVE,1,0,0,2021,2021,49.207582,-123.063419,0.0,False
VANCOUVER,AQUARIUS MEWS,MARINASIDE CRES,6,0,0,2018,2021,49.273446,-123.118845,0.0,False
VANCOUVER,ARBOR AVE,BOUNDARY RD,16,0,0,2018,2022,49.217464,-123.023802,0.0,False
VANCOUVER,ARBOR AVE,MATHESON CRES,3,0,0,2019,2022,49.217415,-123.025078,0.0,True
VANCOUVER,ARBUTUS DIVERS,ARBUTUS ST,2,0,0,2019,2022,49.222842,-123.155335,0.0,True
VANCOUVER,ARBUTUS DIVERS,W 53RD AVE,1,0,0,2018,2018,49.222842,-123.155335,0.0,True
VANCOUVER,ARBUTUS GREENWAY,BURRARD ST,1,0,0,2022,2022,49.266475,-123.145659,0.0,False
VANCOUVER,ARBUTUS GREENWAY,SW MARINE DR,1,0,0,2022,2022,49.208578,-123.144463,0.0,False
VANCOUVER,ARBUTUS GREENWAY,W 11TH AVE,1,0,1,2022,2022,49.261934,-123.152455,0.0,False
VANCOUVER,ARBUTUS GREENWAY,W 12TH AVE,8,1,4,2020,2022,49.261005,-123.152508,0.0,False
VANCOUVER,ARBUTUS GREENWAY,W 14TH AVE,2,0,2,2022,2022,49.259139,-123.152558,0.0,False
VANCOUVER,ARBUTUS GREENWAY,W 16TH AVE,1,0,0,2022,2022,49.257288,-123.152709,0.0,False
VANCOUVER,ARBUTUS GREENWAY,W 33RD AVE,5,0,4,2021,2022,49.242014,-123.147022,0.0,False
VANCOUVER,ARBUTUS GREENWAY,W 37TH AVE,2,0,2,2020,2022,49.238286,-123.155161,0.0,False
VANCOUVER,ARBUTUS GREENWAY,W 41ST AVE,13,0,0,2019,2022,49.234581,-123.155314,3.405876378194499,False
VANCOUVER,ARBUTUS GREENWAY,W 4TH AVE,2,0,0,2022,2022,49.267924,-123.140422,0.0,False
VANCOUVER,ARBUTUS GREENWAY,W 64TH AVE,1,0,1,2021,2021,49.213257,-123.146832,0.0,False
VANCOUVER,ARBUTUS GREENWAY,W BROADWAY,6,1,3,2019,2022,49.263812,-123.152389,0.0,False
VANCOUVER,ARBUTUS GREENWAY,W KING EDWARD AVE,1,0,0,2022,2022,49.251529,-123.15308,0.0,True
VANCOUVER,ARBUTUS ST,BRIAR AVE,3,0,0,2018,2019,49.249719,-123.153153,0.0,False
VANCOUVER,ARBUTUS ST,CORNWALL AVE,102,1,3,2018,2022,49.272549,-123.152601,0.0,False
VANCOUVER,ARBUTUS ST,CREELMAN AVE,6,0,2,2019,2021,49.274533,-123.152523,0.0,False
VANCOUVER,ARBUTUS ST,LAHB AVE,15,0,0,2020,2022,49.248458,-123.153254,0.0,False
VANCOUVER,ARBUTUS ST,MCNICOLL AVE,9,0,0,2019,2022,49.276266,-123.151081,0.0,False
VANCOUVER,ARBUTUS ST,NANTON AVE,66,0,0,2018,2022,49.247666,-123.153243,0.0,False
VANCOUVER,ARBUTUS ST,QUILCHENA CRES,6,0,0,2018,2022,49.24111,-123.154452,0.0,True
VANCOUVER,ARBUTUS ST,SW MARINE DR,13,0,2,2018,2022,49.215534,-123.154818,0.0,False
VANCOUVER,ARBUTUS ST,VALLEY DR,58,6,1,2018,2022,49.245181,-123.153329,0.0,False
VANCOUVER,ARBUTUS ST,W 10TH AVE,35,2,2,2018,2022,49.262861,-123.152974,0.0,False
VANCOUVER,ARBUTUS ST,W 11TH AVE,29,1,2,2018,2022,49.261943,-123.153001,0.0,False
VANCOUVER,ARBUTUS ST,W 12TH AVE,179,4,3,2018,2022,49.261003,-123.15306,0.0,False
VANCOUVER,ARBUTUS ST,W 13TH AVE,25,2,2,2018,2022,49.260049,-123.153096,0.0,False
VANCOUVER,ARBUTUS ST,W 14TH AVE,15,0,0,2018,2022,49.259145,-123.153115,0.0,False
VANCOUVER,ARBUTUS ST,W 15TH AVE,26,1,1,2018,2022,49.258215,-123.153076,0.0,False
VANCOUVER,ARBUTUS ST,W 16TH AVE,234,4,1,2018,2022,49.257292,-123.152892,13.288296519237672,False
VANCOUVER,ARBUTUS ST,W 18TH AVE,8,0,0,2019,2021,49.256197,-123.152873,0.0,False
VANCOUVER,ARBUTUS ST,W 19TH AVE,3,0,0,2018,2022,49.255288,-123.152904,0.0,False
VANCOUVER,ARBUTUS ST,W 1ST AVE,28,1,1,2018,2022,49.270783,-123.152669,0.0,False
VANCOUVER,ARBUTUS ST,W 20TH AVE,9,0,1,2018,2022,49.254392,-123.152948,0.0,False
VANCOUVER,ARBUTUS ST,W 21ST AVE,4,0,0,2020,2022,49.25349,-123.15297,0.0,False
VANCOUVER,ARBUTUS ST,W 22ND AVE,4,0,0,2018,2022,49.252591,-123.153032,0.0,False
VANCOUVER,ARBUTUS ST,W 25TH AVE,26,0,4,2018,2021,49.251529,-123.15308,0.0,True
VANCOUVER,ARBUTUS ST,W 2ND AVE,20,0,1,2018,2022,49.269901,-123.152702,0.0,False
VANCOUVER,ARBUTUS ST,W 32ND AVE,8,0,0,2018,2022,49.243025,-123.153441,0.0,False
VANCOUVER,ARBUTUS ST,W 33RD AVE,116,1,2,2018,2022,49.242116,-123.153482,0.0,False
VANCOUVER,ARBUTUS ST,W 34TH AVE,2,0,0,2022,2022,49.24111,-123.154452,0.0,True
VANCOUVER,ARBUTUS ST,W 35TH AVE,3,0,0,2021,2022,49.240254,-123.155292,0.0,False
VANCOUVER,ARBUTUS ST,W 36TH AVE,2,0,0,2018,2018,49.239185,-123.155376,0.0,False
VANCOUVER,ARBUTUS ST,W 37TH AVE,42,0,8,2018,2022,49.238291,-123.155447,21.790483178077793,True
VANCOUVER,ARBUTUS ST,W 3RD AVE,16,1,0,2018,2022,49.269023,-123.152738,0.0,False
VANCOUVER,ARBUTUS ST,W 49TH AVE,35,1,0,2018,2022,49.227157,-123.155104,22.225330861599897,True
VANCOUVER,ARBUTUS ST,W 4TH AVE,247,4,3,2018,2022,49.268116,-123.152773,0.0,False
VANCOUVER,ARBUTUS ST,W 51ST AVE,10,0,0,2018,2022,49.224989,-123.155212,0.0,False
VANCOUVER,ARBUTUS ST,W 53RD AVE,3,0,0,2018,2022,49.222842,-123.155335,0.0,True
VANCOUVER,ARBUTUS ST,W 57TH AVE,7,0,1,2018,2022,49.219571,-123.154515,0.0,False
VANCOUVER,ARBUTUS ST,W 59TH AVE,3,0,0,2020,2022,49.218124,-123.154569,0.0,False
VANCOUVER,ARBUTUS ST,W 5TH AVE,43,0,1,2018,2022,49.267248,-123.152814,0.0,False
VANCOUVER,ARBUTUS ST,W 6TH AVE,25,0,0,2018,2022,49.266409,-123.152837,0.0,False
VANCOUVER,ARBUTUS ST,W 7TH AVE,12,1,2,2018,2022,49.265582,-123.152874,0.0,False
VANCOUVER,ARBUTUS ST,W 8TH AVE,25,2,1,2018,2022,49.26476,-123.152883,0.0,False
VANCOUVER,ARBUTUS ST,W BROADWAY,223,5,13,2018,2022,49.263821,-123.152938,0.0,False
VANCOUVER,ARBUTUS ST,W KING EDWARD AVE,151,3,8,2018,2022,49.251529,-123.15308,0.0,True
VANCOUVER,ARBUTUS ST,WEST BOULEVARD,3,0,0,2018,2020,49.238291,-123.155447,0.0,True
VANCOUVER,ARBUTUS ST,WHYTE AVE,3,0,0,2021,2022,49.2754,-123.151808,0.0,False
VANCOUVER,ARBUTUS ST,YORK AVE,21,0,14,2018,2022,49.271649,-123.152636,0.0,False
VANCOUVER,ARCHIMEDES ST,JOYCE ST,9,0,0,2018,2022,49.235789,-123.034256,0.0,False
VANCOUVER,ARGYLE DR,BRAEBURN ST,13,0,0,2018,2022,49.218925,-123.069695,0.0,False
VANCOUVER,ARGYLE DR,E 54TH AVE,4,0,0,2020,2021,49.220178,-123.06587,9.896362141011855,False
VANCOUVER,ARGYLE DR,E 57TH AVE,37,0,0,2018,2022,49.217878,-123.071197,0.0,False
VANCOUVER,ARGYLE DR,VICTORIA DR,51,0,0,2018,2022,49.220267,-123.06587,9.896362141011855,True
VANCOUVER,ARGYLE ST,E 30TH AVE,1,0,0,2022,2022,49.243425,-123.070738,0.0,False
VANCOUVER,ARGYLE ST,E 31ST AVE,1,0,0,2022,2022,49.242987,-123.070757,0.0,False
VANCOUVER,ARGYLE ST,E 32ND AVE,3,0,0,2019,2022,49.241588,-123.070815,0.0,False
VANCOUVER,ARGYLE ST,E 33RD AVE,20,0,0,2018,2022,49.240133,-123.071061,0.0,False
VANCOUVER,ARGYLE ST,E 34TH AVE,3,1,1,2018,2019,49.239309,-123.071282,0.0,False
VANCOUVER,ARGYLE ST,E 35TH AVE,6,0,0,2019,2022,49.238429,-123.071317,0.0,False
VANCOUVER,ARGYLE ST,E 36TH AVE,2,0,0,2018,2019,49.237607,-123.071352,0.0,False
VANCOUVER,ARGYLE ST,E 37TH AVE,6,1,1,2019,2022,49.236763,-123.071387,0.0,False
VANCOUVER,ARGYLE ST,E 39TH AVE,2,0,0,2021,2022,49.234731,-123.07145,0.0,False
VANCOUVER,ARGYLE ST,E 41ST AVE,37,1,1,2018,2022,49.232629,-123.071514,0.0,False
VANCOUVER,ARGYLE ST,E 43RD AVE,8,1,0,2019,2022,49.230568,-123.071572,0.0,False
VANCOUVER,ARGYLE ST,E 45TH AVE,2,0,0,2020,2020,49.228937,-123.07165,0.0,False
VANCOUVER,ARGYLE ST,E 46TH AVE,3,1,0,2018,2020,49.228525,-123.07166,0.0,False
VANCOUVER,ARGYLE ST,E 47TH AVE,3,0,2,2018,2021,49.227127,-123.071696,0.0,False
VANCOUVER,ARGYLE ST,E 49TH AVE,31,2,2,2018,2022,49.225219,-123.071761,0.0,False
VANCOUVER,ARGYLE ST,E 51ST AVE,2,0,0,2018,2021,49.223326,-123.071826,0.0,False
VANCOUVER,ARGYLE ST,E 53RD AVE,3,0,0,2021,2022,49.221743,-123.071905,0.0,False
VANCOUVER,ARGYLE ST,E 54TH AVE,4,0,0,2018,2020,49.220368,-123.071952,0.0,False
VANCOUVER,ARGYLE ST,E 55TH AVE,6,0,0,2018,2022,49.219961,-123.071969,0.0,False
VANCOUVER,ARGYLE ST,E 56TH AVE,4,0,0,2018,2019,49.218994,-123.072037,0.0,False
VANCOUVER,ARGYLE ST,E 57TH AVE,56,0,0,2018,2022,49.218092,-123.07202,0.0,False
VANCOUVER,ARGYLE ST,E 59TH AVE,9,1,0,2019,2022,49.216286,-123.071975,0.0,False
VANCOUVER,ARGYLE ST,E 60TH AVE,7,0,2,2018,2022,49.215422,-123.072013,0.0,False
VANCOUVER,ARGYLE ST,E 61ST AVE,17,1,1,2018,2022,49.214577,-123.072028,0.0,False
VANCOUVER,ARGYLE ST,E 62ND AVE,19,0,0,2018,2022,49.213736,-123.07203,0.0,False
VANCOUVER,ARGYLE ST,E 63RD AVE,8,0,0,2018,2022,49.212866,-123.072041,0.0,False
VANCOUVER,ARGYLE ST,E 64TH AVE,14,0,0,2018,2021,49.211963,-123.072046,0.0,False
VANCOUVER,ARGYLE ST,E KENT AVE N,12,1,0,2018,2022,49.208969,-123.071318,0.0,False
VANCOUVER,ARGYLE ST,E KENT AVE S,11,1,0,2018,2021,49.20869,-123.071319,0.0,False
VANCOUVER,ARGYLE ST,ISLAND AVE,2,0,0,2019,2021,49.210046,-123.071316,0.0,False
VANCOUVER,ARGYLE ST,SE MARINE DR,243,0,1,2018,2022,49.211037,-123.072075,0.0,False
VANCOUVER,ARLINGTON ST,CHAMPLAIN CRES,3,0,0,2018,2021,49.219031,-123.032401,0.0,False
VANCOUVER,ARLINGTON ST,E 43RD AVE,1,0,0,2019,2019,49.230804,-123.027807,0.0,False
VANCOUVER,ARLINGTON ST,E 45TH AVE,4,0,0,2021,2022,49.229251,-123.027805,0.0,False
VANCOUVER,ARLINGTON ST,E 46TH AVE,2,0,0,2018,2021,49.228113,-123.02778,0.0,False
VANCOUVER,ARLINGTON ST,E 47TH AVE,1,0,0,2022,2022,49.226405,-123.027876,0.0,False
VANCOUVER,ARLINGTON ST,E 49TH AVE,56,1,1,2018,2022,49.223251,-123.02816,0.0,False
VANCOUVER,ASCOT PL,MCGEER ST,1,1,0,2022,2022,49.23927,-123.033485,0.0,False
VANCOUVER,ASH CRES,W 54TH AVE,2,0,0,2019,2021,49.221773,-123.118849,0.0,False
VANCOUVER,ASH CRES,W 57TH AVE,4,0,0,2019,2022,49.219097,-123.120405,0.0,False
VANCOUVER,ASH ST,MCGUIGAN AVE,2,0,0,2022,2022,49.239815,-123.119514,0.0,False
VANCOUVER,ASH ST,SW MARINE DR,130,4,0,2018,2022,49.209373,-123.118961,0.0,False
VANCOUVER,ASH ST,W 10TH AVE,66,3,3,2018,2022,49.26228,-123.11757,0.0,False
VANCOUVER,ASH ST,W 12TH AVE,171,8,0,2018,2022,49.260441,-123.117629,0.0,False
VANCOUVER,ASH ST,W 13TH AVE,23,0,0,2018,2022,49.259493,-123.117658,0.0,False
VANCOUVER,ASH ST,W 14TH AVE,9,0,1,2018,2022,49.258787,-123.117707,0.0,False
VANCOUVER,ASH ST,W 16TH AVE,21,0,0,2018,2022,49.256945,-123.118128,0.0,False
VANCOUVER,ASH ST,W 17TH AVE,6,0,0,2018,2021,49.256069,-123.118159,0.0,False
VANCOUVER,ASH ST,W 18TH AVE,3,1,0,2018,2022,49.255159,-123.118191,0.0,False
VANCOUVER,ASH ST,W 19TH AVE,6,0,1,2018,2022,49.254257,-123.118223,0.0,False
VANCOUVER,ASH ST,W 20TH AVE,1,0,0,2019,2019,49.253361,-123.118257,0.0,False
VANCOUVER,ASH ST,W 21ST AVE,1,0,0,2018,2018,49.252452,-123.118287,0.0,False
VANCOUVER,ASH ST,W 22ND AVE,3,0,0,2018,2022,49.251551,-123.118321,0.0,False
VANCOUVER,ASH ST,W 24TH AVE,5,0,0,2018,2022,49.250031,-123.118372,0.0,False
VANCOUVER,ASH ST,W 25TH AVE,2,0,0,2018,2022,49.249035,-123.118414,0.0,True
VANCOUVER,ASH ST,W 26TH AVE,3,0,0,2019,2021,49.247998,-123.118497,0.0,False
VANCOUVER,ASH ST,W 27TH AVE,2,1,0,2019,2022,49.247078,-123.118534,0.7917884843950825,False
VANCOUVER,ASH ST,W 28TH AVE,1,0,0,2021,2021,49.246162,-123.118558,0.0,False
VANCOUVER,ASH ST,W 29TH AVE,3,0,0,2019,2020,49.245242,-123.118573,0.0,False
VANCOUVER,ASH ST,W 2ND AVE,21,0,2,2018,2022,49.265893,-123.117416,0.0,True
VANCOUVER,ASH ST,W 30TH AVE,1,0,0,2018,2018,49.244323,-123.118633,0.0,False
VANCOUVER,ASH ST,W 37TH AVE,2,0,0,2020,2022,49.237287,-123.117749,0.0,False
VANCOUVER,ASH ST,W 39TH AVE,10,0,0,2018,2022,49.235451,-123.117805,0.0,False
VANCOUVER,ASH ST,W 41ST AVE,23,0,0,2018,2022,49.23366,-123.117864,0.0,False
VANCOUVER,ASH ST,W 45TH AVE,13,0,1,2018,2022,49.229871,-123.117972,0.0,False
VANCOUVER,ASH ST,W 49TH AVE,9,0,0,2018,2022,49.226132,-123.118119,0.0,False
VANCOUVER,ASH ST,W 54TH AVE,1,0,0,2021,2021,49.221767,-123.118262,0.0,False
VANCOUVER,ASH ST,W 59TH AVE,5,0,0,2018,2022,49.216984,-123.120045,0.0,False
VANCOUVER,ASH ST,W 61ST AVE,2,0,0,2019,2021,49.21509,-123.120121,0.0,False
VANCOUVER,ASH ST,W 62ND AVE,3,0,0,2018,2022,49.214202,-123.120125,0.0,False
VANCOUVER,ASH ST,W 63RD AVE,5,0,0,2018,2022,49.213292,-123.120168,0.0,False
VANCOUVER,ASH ST,W 64TH AVE,5,0,0,2018,2022,49.212378,-123.120197,0.0,False
VANCOUVER,ASH ST,W 65TH AVE,1,0,0,2020,2020,49.211495,-123.120225,0.0,False
VANCOUVER,ASH ST,W 66TH AVE,3,0,0,2019,2021,49.211136,-123.120239,0.0,False
VANCOUVER,ASH ST,W 68TH AVE,3,1,1,2019,2020,49.210222,-123.120269,0.0,False
VANCOUVER,ASH ST,W 69TH AVE,2,0,0,2022,2022,49.209327,-123.120362,0.0,False
VANCOUVER,ASH ST,W 6TH AVE,57,3,4,2018,2022,49.265893,-123.117416,0.0,True
VANCOUVER,ASH ST,W 70TH AVE,9,0,0,2018,2022,49.20822,-123.119006,0.0,False
VANCOUVER,ASH ST,W 71ST AVE,1,0,0,2019,2019,49.207334,-123.119048,0.0,False
VANCOUVER,ASH ST,W 7TH AVE,35,4,1,2018,2022,49.265013,-123.117445,0.0,False
VANCOUVER,ASH ST,W 8TH AVE,70,3,4,2018,2022,49.264176,-123.117463,0.0,False
VANCOUVER,ASH ST,W 9TH AVE,1,0,0,2019,2019,49.26325,-123.11752,0.0,True
VANCOUVER,ASH ST,W BROADWAY,216,9,6,2018,2022,49.26325,-123.11752,0.0,True
VANCOUVER,ASH ST,W KENT AVE N,12,0,0,2018,2022,49.205741,-123.119119,0.0,False
VANCOUVER,ASH ST,W KENT AVE S,3,0,0,2018,2022,49.205475,-123.119074,0.0,False
VANCOUVER,ASH ST,W KING EDWARD AVE,37,1,0,2018,2022,49.249035,-123.118414,0.0,True
VANCOUVER,ASHBURN ST,ELLIOTT ST,3,0,0,2018,2022,49.21854,-123.054862,0.0,False
VANCOUVER,ASHBURN ST,UPLAND DR,2,0,0,2020,2021,49.217841,-123.056324,0.0,False
VANCOUVER,ASPEN AVE,QUILCHENA CRES,1,0,0,2021,2021,49.241193,-123.151607,0.0,False
VANCOUVER,ATHLETES WAY,COLUMBIA ST,3,0,0,2019,2021,49.271591,-123.109382,0.0,False
VANCOUVER,ATHLETES WAY,MANITOBA ST,7,0,0,2018,2021,49.271542,-123.106634,0.0,False
VANCOUVER,ATHLETES WAY,ONTARIO ST,7,1,0,2019,2022,49.271506,-123.104592,0.0,False
VANCOUVER,ATHLETES WAY,SALT ST,4,0,0,2018,2020,49.271532,-123.106062,0.0,False
VANCOUVER,ATHLONE ST,W 41ST AVE,4,0,0,2018,2019,49.234228,-123.13639,0.0,False
VANCOUVER,ATHLONE ST,W 43RD AVE,3,0,0,2018,2021,49.232354,-123.136472,0.0,False
VANCOUVER,ATLANTIC ST,PRINCESS AVE,2,0,0,2018,2022,49.275757,-123.091764,0.0,False
VANCOUVER,ATLAS LANE,GRANVILLE ST,7,0,0,2018,2022,49.220813,-123.140059,0.0,True
VANCOUVER,ATLIN ST,E 27TH AVE,2,0,0,2020,2021,49.246253,-123.045863,0.0,False
VANCOUVER,ATLIN ST,E 29TH AVE,16,1,0,2018,2022,49.244598,-123.045875,0.0,False
VANCOUVER,AUSTREY AVE,MCHARDY ST,1,0,0,2021,2021,49.238246,-123.035816,0.0,False
VANCOUVER,AVERY AVE,SW MARINE DR,13,0,1,2018,2022,49.208005,-123.142192,0.0,False
VANCOUVER,AVISON TRAIL,STANLEY PARK DR,3,0,1,2019,2022,49.31015,-123.142332,0.0,False
VANCOUVER,AVISON WAY,BROCKTON OVAL TRAIL,1,0,0,2022,2022,49.298701,-123.130651,0.0,False
VANCOUVER,AVISON WAY,STANLEY PARK DR,26,0,4,2018,2022,49.302566,-123.129217,0.0,False
VANCOUVER,BAILLIE ST,W 37TH AVE,2,0,0,2019,2022,49.237457,-123.122249,0.0,False
VANCOUVER,BAILLIE ST,W 39TH AVE,2,1,0,2021,2022,49.235609,-123.122315,0.0,False
VANCOUVER,BAILLIE ST,W 41ST AVE,10,0,0,2018,2022,49.233819,-123.122378,0.0,False
VANCOUVER,BALACLAVA ST,POINT GREY RD,4,0,2,2018,2022,49.271114,-123.173732,0.0,False
VANCOUVER,BALACLAVA ST,SW MARINE DR,43,1,2,2018,2022,49.22908,-123.175831,0.0,False
VANCOUVER,BALACLAVA ST,W 10TH AVE,33,1,0,2018,2022,49.263301,-123.174022,0.0,False
VANCOUVER,BALACLAVA ST,W 11TH AVE,2,0,0,2018,2019,49.262366,-123.174024,0.0,False
VANCOUVER,BALACLAVA ST,W 12TH AVE,4,0,1,2020,2021,49.261475,-123.174055,0.0,False
VANCOUVER,BALACLAVA ST,W 13TH AVE,2,0,0,2019,2022,49.26057,-123.17412,0.0,False
VANCOUVER,BALACLAVA ST,W 14TH AVE,1,0,0,2019,2019,49.259663,-123.174155,0.0,False
VANCOUVER,BALACLAVA ST,W 15TH AVE,3,0,0,2019,2022,49.258751,-123.174155,0.0,False
VANCOUVER,BALACLAVA ST,W 16TH AVE,16,0,0,2018,2022,49.257835,-123.174222,0.0,False
VANCOUVER,BALACLAVA ST,W 19TH AVE,1,0,0,2020,2020,49.255537,-123.174392,0.0,False
VANCOUVER,BALACLAVA ST,W 23RD AVE,2,0,0,2020,2022,49.251927,-123.175663,0.0,False
VANCOUVER,BALACLAVA ST,W 24TH AVE,3,0,0,2018,2022,49.251018,-123.175673,0.0,False
VANCOUVER,BALACLAVA ST,W 27TH AVE,2,0,0,2019,2020,49.248026,-123.175728,0.0,False
VANCOUVER,BALACLAVA ST,W 28TH AVE,2,0,0,2019,2020,49.247085,-123.175733,0.0,False
VANCOUVER,BALACLAVA ST,W 29TH AVE,1,0,1,2022,2022,49.246126,-123.175731,0.0,False
VANCOUVER,BALACLAVA ST,W 2ND AVE,2,0,1,2019,2021,49.270246,-123.173743,0.0,False
VANCOUVER,BALACLAVA ST,W 31ST AVE,3,0,0,2018,2020,49.244238,-123.175712,0.0,False
VANCOUVER,BALACLAVA ST,W 33RD AVE,4,0,0,2018,2022,49.242355,-123.175748,0.0,False
VANCOUVER,BALACLAVA ST,W 34TH AVE,1,0,0,2021,2021,49.241379,-123.175758,0.0,False
VANCOUVER,BALACLAVA ST,W 35TH AVE,1,0,0,2018,2018,49.240443,-123.175774,0.0,False
VANCOUVER,BALACLAVA ST,W 36TH AVE,1,0,0,2022,2022,49.239471,-123.175778,0.0,False
VANCOUVER,BALACLAVA ST,W 38TH AVE,1,0,0,2020,2020,49.237585,-123.175821,0.0,False
VANCOUVER,BALACLAVA ST,W 39TH AVE,1,0,0,2022,2022,49.23663,-123.176717,0.0,False
VANCOUVER,BALACLAVA ST,W 3RD AVE,6,0,1,2019,2022,49.269336,-123.173771,0.0,False
VANCOUVER,BALACLAVA ST,W 41ST AVE,18,0,0,2018,2022,49.234751,-123.176728,0.0,False
VANCOUVER,BALACLAVA ST,W 42ND AVE,5,0,0,2019,2022,49.233766,-123.175775,0.0,False
VANCOUVER,BALACLAVA ST,W 43RD AVE,4,0,0,2018,2020,49.232788,-123.175801,0.0,False
VANCOUVER,BALACLAVA ST,W 49TH AVE,6,0,0,2019,2022,49.22741,-123.175873,0.0,False
VANCOUVER,BALACLAVA ST,W 4TH AVE,34,0,0,2018,2022,49.268448,-123.173815,0.0,False
VANCOUVER,BALACLAVA ST,W 51ST AVE,1,0,0,2018,2018,49.2254,-123.175927,0.0,False
VANCOUVER,BALACLAVA ST,W 53RD AVE,1,0,0,2022,2022,49.223422,-123.17599,0.0,False
VANCOUVER,BALACLAVA ST,W 55TH AVE,1,0,0,2021,2021,49.221435,-123.176099,0.0,False
VANCOUVER,BALACLAVA ST,W 5TH AVE,3,0,0,2019,2022,49.267555,-123.17387,0.0,False
VANCOUVER,BALACLAVA ST,W 6TH AVE,3,0,0,2021,2022,49.266723,-123.173899,0.0,False
VANCOUVER,BALACLAVA ST,W 7TH AVE,8,0,0,2018,2022,49.265866,-123.173931,0.0,False
VANCOUVER,BALACLAVA ST,W 8TH AVE,8,0,2,2018,2022,49.265053,-123.17396,0.0,False
VANCOUVER,BALACLAVA ST,W 9TH AVE,1,0,0,2018,2018,49.264173,-123.173993,0.0,True
VANCOUVER,BALACLAVA ST,W BROADWAY,82,3,0,2018,2022,49.264173,-123.173993,0.0,True
VANCOUVER,BALACLAVA ST,W KING EDWARD AVE,4,0,0,2020,2022,49.250018,-123.175677,0.0,False
VANCOUVER,BALDWIN ST,BROCK ST,1,0,0,2021,2021,49.243985,-123.057893,0.0,False
VANCOUVER,BALDWIN ST,E 30TH AVE,1,0,0,2018,2018,49.241518,-123.06014,0.0,True
VANCOUVER,BALDWIN ST,E 32ND AVE,1,0,0,2021,2021,49.241518,-123.06014,0.0,True
VANCOUVER,BALDWIN ST,GALT ST,1,0,0,2018,2018,49.243113,-123.058452,0.0,False
VANCOUVER,BALDWIN ST,KINGSWAY,16,0,0,2018,2022,49.242353,-123.059161,0.0,False
VANCOUVER,BALFOUR AVE,GRANVILLE ST,37,0,1,2018,2022,49.251905,-123.139024,0.0,True
VANCOUVER,BALFOUR AVE,HWY 99,1,0,0,2021,2021,49.251905,-123.139024,0.0,True
VANCOUVER,BALFOUR AVE,OAK ST,11,0,0,2019,2022,49.251719,-123.127448,0.0,True
VANCOUVER,BALFOUR AVE,OSLER ST,2,0,0,2019,2019,49.251971,-123.129868,0.0,False
VANCOUVER,BALKAN ST,E 26TH AVE,2,0,0,2018,2022,49.247365,-123.095475,0.0,False
VANCOUVER,BALMORAL ST,E 53RD AVE,1,0,0,2022,2022,49.221832,-123.068413,0.0,False
VANCOUVER,BALMORAL ST,E 55TH AVE,4,0,0,2019,2022,49.220334,-123.068454,0.0,False
VANCOUVER,BALMORAL ST,E 56TH AVE,1,0,0,2020,2020,49.219618,-123.068477,0.0,False
VANCOUVER,BALSAM ST,CORNWALL AVE,23,0,1,2018,2022,49.272657,-123.159694,0.0,False
VANCOUVER,BALSAM ST,POINT GREY RD,1,0,0,2021,2021,49.273486,-123.159868,0.0,False
VANCOUVER,BALSAM ST,SW MARINE DR,4,0,1,2018,2022,49.222529,-123.161595,0.0,False
VANCOUVER,BALSAM ST,W 10TH AVE,2,0,0,2022,2022,49.262984,-123.160043,0.0,False
VANCOUVER,BALSAM ST,W 12TH AVE,18,0,1,2018,2022,49.261149,-123.160145,0.0,False
VANCOUVER,BALSAM ST,W 16TH AVE,5,0,0,2018,2022,49.257398,-123.160285,0.0,False
VANCOUVER,BALSAM ST,W 19TH AVE,1,0,0,2022,2022,49.255401,-123.160359,0.0,False
VANCOUVER,BALSAM ST,W 1ST AVE,8,0,0,2018,2022,49.270898,-123.159758,0.0,False
VANCOUVER,BALSAM ST,W 21ST AVE,1,0,0,2021,2021,49.253605,-123.160425,0.0,False
VANCOUVER,BALSAM ST,W 2ND AVE,11,1,0,2018,2022,49.270012,-123.159792,0.0,False
VANCOUVER,BALSAM ST,W 37TH AVE,5,0,0,2018,2022,49.238395,-123.161218,0.0,False
VANCOUVER,BALSAM ST,W 39TH AVE,5,0,0,2018,2022,49.236518,-123.161281,0.0,False
VANCOUVER,BALSAM ST,W 3RD AVE,13,0,0,2018,2022,49.269125,-123.159823,0.0,False
VANCOUVER,BALSAM ST,W 41ST AVE,71,1,0,2018,2022,49.234676,-123.161343,0.0,False
VANCOUVER,BALSAM ST,W 45TH AVE,2,0,0,2019,2021,49.230953,-123.161491,0.0,False
VANCOUVER,BALSAM ST,W 49TH AVE,3,0,0,2018,2022,49.227236,-123.161294,0.0,False
VANCOUVER,BALSAM ST,W 4TH AVE,96,1,0,2018,2022,49.26825,-123.159845,0.0,False
VANCOUVER,BALSAM ST,W 5TH AVE,9,0,0,2018,2022,49.267381,-123.159905,0.0,False
VANCOUVER,BALSAM ST,W 6TH AVE,12,0,1,2018,2022,49.266513,-123.159919,0.0,False
VANCOUVER,BALSAM ST,W 7TH AVE,6,0,1,2018,2022,49.265688,-123.159947,0.0,False
VANCOUVER,BALSAM ST,W 8TH AVE,8,0,1,2018,2022,49.264841,-123.159985,0.0,False
VANCOUVER,BALSAM ST,W BROADWAY,15,0,1,2018,2022,49.26394,-123.160012,0.0,False
VANCOUVER,BALSAM ST,YORK AVE,10,0,0,2018,2022,49.271782,-123.159727,0.0,False
VANCOUVER,BARCLAY ST,BIDWELL ST,8,2,1,2018,2020,49.289058,-123.135977,0.0,False
VANCOUVER,BARCLAY ST,BROUGHTON ST,13,2,0,2018,2022,49.286512,-123.132058,0.0,False
VANCOUVER,BARCLAY ST,BURRARD ST,48,0,0,2018,2022,49.28188,-123.124968,0.0,False
VANCOUVER,BARCLAY ST,BUTE ST,20,1,1,2018,2022,49.284639,-123.129096,0.0,False
VANCOUVER,BARCLAY ST,CARDERO ST,5,1,0,2019,2022,49.288018,-123.13437,0.0,False
VANCOUVER,BARCLAY ST,CHILCO ST,10,0,1,2018,2022,49.291976,-123.140504,0.0,False
VANCOUVER,BARCLAY ST,DENMAN ST,48,1,0,2018,2022,49.29007,-123.137549,0.0,False
VANCOUVER,BARCLAY ST,GILFORD ST,5,0,0,2019,2022,49.291082,-123.139129,0.0,False
VANCOUVER,BARCLAY ST,JERVIS ST,14,0,1,2018,2021,49.285613,-123.130633,0.0,False
VANCOUVER,BARCLAY ST,LAGOON DR,1,0,0,2020,2020,49.292934,-123.14184,0.0,False
VANCOUVER,BARCLAY ST,NICOLA ST,10,0,2,2018,2021,49.287279,-123.133214,0.0,False
VANCOUVER,BARCLAY ST,THURLOW ST,42,1,0,2018,2022,49.283217,-123.126936,0.0,False
VANCOUVER,BARNARD ST,SW MARINE DR,32,2,0,2018,2022,49.208582,-123.145162,0.0,False
VANCOUVER,BARNARD ST,W 75TH AVE,3,0,0,2019,2020,49.205836,-123.145848,0.0,False
VANCOUVER,BATTISON ST,E 43RD AVE,4,0,0,2018,2022,49.230826,-123.03059,0.0,False
VANCOUVER,BATTISON ST,E 45TH AVE,5,0,1,2019,2021,49.229245,-123.030509,0.0,False
VANCOUVER,BATTISON ST,E 47TH AVE,4,0,0,2018,2022,49.226399,-123.030594,0.0,False
VANCOUVER,BATTISON ST,KINGSWAY,8,0,1,2018,2022,49.231971,-123.030602,0.0,False
VANCOUVER,BAUER ST,E 5TH AVE,1,0,0,2020,2020,49.265755,-123.067485,0.0,False
VANCOUVER,BAUER ST,MCSPADDEN AVE,1,0,0,2020,2020,49.266398,-123.067394,0.0,False
VANCOUVER,BAYSHORE DR,CARDERO ST,21,0,0,2018,2022,49.291418,-123.129298,0.0,False
VANCOUVER,BAYSHORE DR,DENMAN ST,8,0,1,2018,2022,49.293048,-123.133094,0.0,False
VANCOUVER,BAYSHORE DR,MENCHIONS MEWS,1,0,0,2020,2020,49.292183,-123.130611,0.0,False
VANCOUVER,BAYSWATER ST,POINT GREY RD,3,0,1,2019,2020,49.271078,-123.170986,0.0,False
VANCOUVER,BAYSWATER ST,W 2ND AVE,2,0,0,2018,2021,49.270208,-123.171028,0.0,False
VANCOUVER,BAYSWATER ST,W 3RD AVE,8,1,1,2018,2022,49.269292,-123.171051,0.0,False
VANCOUVER,BAYSWATER ST,W 4TH AVE,62,1,2,2018,2022,49.268422,-123.171072,0.0,False
VANCOUVER,BAYSWATER ST,W 5TH AVE,7,0,0,2018,2022,49.267491,-123.171115,0.0,False
VANCOUVER,BAYSWATER ST,W 6TH AVE,3,0,0,2018,2020,49.266676,-123.171145,0.0,False
VANCOUVER,BAYSWATER ST,W 7TH AVE,1,0,0,2019,2019,49.26583,-123.171178,0.0,False
VANCOUVER,BAYSWATER ST,W 8TH AVE,9,0,3,2018,2022,49.265026,-123.171207,0.0,False
VANCOUVER,BAYSWATER ST,W 9TH AVE,1,0,0,2022,2022,49.264126,-123.171241,0.0,True
VANCOUVER,BAYSWATER ST,W BROADWAY,41,1,0,2018,2022,49.264126,-123.171241,0.0,True
VANCOUVER,BEACH AVE,BEACH CRES,1,0,0,2018,2018,49.274115,-123.130809,0.0,True
VANCOUVER,BEACH AVE,BIDWELL ST,17,1,2,2018,2022,49.284569,-123.142724,0.0,False
VANCOUVER,BEACH AVE,BROUGHTON ST,16,2,2,2018,2022,49.281576,-123.139518,0.0,False
VANCOUVER,BEACH AVE,BURNABY ST,11,0,1,2018,2022,49.286283,-123.14249,0.0,False
VANCOUVER,BEACH AVE,BURRARD ST,25,1,0,2018,2022,49.276325,-123.134146,0.0,True
VANCOUVER,BEACH AVE,BURRARD ST BRIDGE,6,0,0,2018,2022,49.276325,-123.134146,0.0,True
VANCOUVER,BEACH AVE,BUTE ST,9,0,0,2018,2022,49.279284,-123.137129,0.0,False
VANCOUVER,BEACH AVE,CARDERO ST,12,0,0,2018,2022,49.283079,-123.141787,0.0,False
VANCOUVER,BEACH AVE,CHILCO ST,2,0,0,2018,2019,49.289487,-123.144272,0.0,False
VANCOUVER,BEACH AVE,DAVIE ST,7,0,1,2018,2022,49.28768,-123.142371,0.0,False
VANCOUVER,BEACH AVE,DENMAN ST,30,1,3,2018,2022,49.286911,-123.142346,0.0,True
VANCOUVER,BEACH AVE,GILFORD ST,9,1,1,2018,2021,49.288597,-123.142911,0.0,False
VANCOUVER,BEACH AVE,GRANVILLE ST,12,0,0,2018,2022,49.274115,-123.130809,0.0,True
VANCOUVER,BEACH AVE,GRANVILLE ST BRIDGE,1,0,0,2019,2019,49.274147,-123.130857,0.0,True
VANCOUVER,BEACH AVE,HORNBY ST,32,0,3,2018,2022,49.27536,-123.132758,0.0,False
VANCOUVER,BEACH AVE,HOWE ST,32,0,4,2018,2022,49.27473,-123.131812,0.0,False
VANCOUVER,BEACH AVE,HWY 99,1,0,0,2022,2022,49.274147,-123.130857,0.0,True
VANCOUVER,BEACH AVE,JERVIS ST,19,2,4,2018,2022,49.280513,-123.138363,0.0,False
VANCOUVER,BEACH AVE,MORTON AVE,3,0,1,2018,2018,49.288203,-123.142413,0.0,False
VANCOUVER,BEACH AVE,NICOLA ST,12,0,0,2018,2022,49.282365,-123.140722,0.0,False
VANCOUVER,BEACH AVE,PACIFIC ST,10,1,0,2018,2022,49.281282,-123.139058,0.0,False
VANCOUVER,BEACH AVE,PANTAGES LANE,3,0,0,2020,2022,49.286911,-123.142346,0.0,True
VANCOUVER,BEACH AVE,PARK LANE,1,0,0,2020,2020,49.290766,-123.146722,0.0,False
VANCOUVER,BEACH AVE,THURLOW ST,23,1,1,2018,2022,49.277593,-123.135424,0.0,False
VANCOUVER,BEACH CRES,GRANVILLE ST,3,0,0,2018,2022,49.274115,-123.130809,0.0,True
VANCOUVER,BEACH CRES,HOMER MEWS,2,0,0,2021,2022,49.271597,-123.126866,0.0,True
VANCOUVER,BEACH CRES,HOMER ST,3,0,1,2018,2021,49.271597,-123.126866,0.0,True
VANCOUVER,BEACH CRES,HWY 99,2,0,0,2022,2022,49.274015,-123.130688,0.0,False
VANCOUVER,BEACH CRES,RICHARDS ST,10,0,2,2018,2021,49.273182,-123.128341,0.0,False
VANCOUVER,BEACH CRES,SEYMOUR MEWS,3,0,0,2018,2020,49.273439,-123.129816,0.0,False
VANCOUVER,BEACH CRES,STRATHMORE MEWS,2,0,1,2021,2022,49.27228,-123.128012,0.0,False
VANCOUVER,BEATRICE ST,E 22ND AVE,5,0,0,2018,2022,49.250296,-123.066945,0.0,False
VANCOUVER,BEATRICE ST,E 31ST AVE,4,0,0,2018,2019,49.242871,-123.066617,0.0,False
VANCOUVER,BEATRICE ST,E 32ND AVE,8,0,0,2018,2022,49.241542,-123.066605,0.0,False
VANCOUVER,BEATRICE ST,E 33RD AVE,4,0,0,2020,2021,49.240092,-123.066598,0.0,False
VANCOUVER,BEATRICE ST,E 41ST AVE,32,1,1,2018,2022,49.232537,-123.066915,0.0,False
VANCOUVER,BEATRICE ST,E 43RD AVE,12,0,0,2018,2022,49.230508,-123.066967,0.0,False
VANCOUVER,BEATRICE ST,E 47TH AVE,6,0,0,2018,2022,49.227625,-123.067033,0.0,False
VANCOUVER,BEATRICE ST,E 49TH AVE,9,0,0,2018,2021,49.225178,-123.067091,0.0,False
VANCOUVER,BEATRICE ST,E 53RD AVE,1,0,0,2018,2018,49.221807,-123.067149,0.0,False
VANCOUVER,BEATRICE ST,E 55TH AVE,7,0,0,2018,2022,49.220334,-123.067197,0.0,False
VANCOUVER,BEATRICE ST,ISLAND AVE,2,0,0,2020,2022,49.20906,-123.067803,0.0,False
VANCOUVER,BEATRICE ST,KINGSWAY,39,0,3,2018,2022,49.245786,-123.066531,0.0,False
VANCOUVER,BEATRICE ST,SE MARINE DR,24,1,2,2018,2022,49.210264,-123.06779,0.0,False
VANCOUVER,BEATRICE ST,STAINSBURY AVE,2,0,0,2020,2022,49.251922,-123.066695,0.0,False
VANCOUVER,BEATTY ST,CAMBIE ST,7,0,0,2018,2022,49.27549,-123.117162,0.0,True
VANCOUVER,BEATTY ST,CAMBIE ST BRIDGE,1,0,0,2019,2019,49.27549,-123.117162,0.0,True
VANCOUVER,BEATTY ST,DUNSMUIR ST,79,2,19,2018,2022,49.279839,-123.110537,0.0,True
VANCOUVER,BEATTY ST,DUNSMUIR VIADUCT,7,1,2,2018,2022,49.279839,-123.110537,0.0,True
VANCOUVER,BEATTY ST,HWY 1A,1,0,0,2018,2018,49.28122,-123.108459,0.0,True
VANCOUVER,BEATTY ST,ROBSON ST,29,0,3,2018,2022,49.277588,-123.113963,0.0,False
VANCOUVER,BEATTY ST,SMITHE ST,101,1,6,2018,2022,49.276538,-123.115575,0.0,False
VANCOUVER,BEATTY ST,W GEORGIA ST,96,4,4,2018,2022,49.27871,-123.112254,0.0,False
VANCOUVER,BEATTY ST,W PENDER ST,45,2,11,2018,2022,49.28122,-123.108459,0.0,True
VANCOUVER,BEATTY WALK,CAMBIE ST,7,2,2,2018,2020,49.274554,-123.119271,0.0,True
VANCOUVER,BEATTY WALK,EXPO BLVD,1,0,0,2019,2019,49.274554,-123.119271,0.0,True
VANCOUVER,BEATTY WALK,PACIFIC BLVD,2,1,0,2018,2018,49.274554,-123.119271,0.0,True
VANCOUVER,BEECHWOOD ST,W 49TH AVE,2,0,0,2018,2022,49.227182,-123.156331,0.0,False
VANCOUVER,BEECHWOOD ST,W 51ST AVE,1,0,0,2018,2018,49.225005,-123.157016,0.0,False
VANCOUVER,BEECHWOOD ST,W 54TH AVE,2,0,0,2018,2021,49.221953,-123.156359,0.0,False
VANCOUVER,BEECHWOOD ST,W 57TH AVE,1,0,0,2019,2019,49.219555,-123.156462,0.0,False
VANCOUVER,BEGG ST,EVANS AVE,9,0,0,2018,2022,49.271748,-123.087058,0.0,False
VANCOUVER,BEGG ST,TERMINAL AVE,52,1,2,2018,2022,49.270683,-123.087441,0.0,False
VANCOUVER,BELLA-VISTA ST,E 20TH AVE,1,0,0,2018,2018,49.25251,-123.070501,0.0,False
VANCOUVER,BELLEVUE DR,BELMONT AVE,1,0,0,2021,2021,49.273784,-123.214842,0.0,True
VANCOUVER,BELMONT AVE,BLANCA ST,3,0,0,2020,2020,49.273784,-123.214842,0.0,True
VANCOUVER,BELMONT AVE,NW MARINE DR,4,0,0,2019,2022,49.273585,-123.205692,0.0,False
VANCOUVER,BELMONT AVE,TOLMIE ST,2,0,0,2021,2022,49.273736,-123.211767,0.0,False
VANCOUVER,BENTALL ST,CORNETT RD,6,0,0,2018,2022,49.259752,-123.032008,0.0,False
VANCOUVER,BENTALL ST,GRANDVIEW HWY,60,4,0,2018,2022,49.258131,-123.031992,0.0,False
VANCOUVER,BENTLEY ST,W 75TH AVE,10,0,0,2018,2022,49.204342,-123.142578,0.0,False
VANCOUVER,BERKELEY ST,E 41ST AVE,14,0,0,2018,2022,49.232831,-123.057865,0.0,False
VANCOUVER,BERKELEY ST,E 45TH AVE,2,0,0,2018,2020,49.229396,-123.057934,0.0,False
VANCOUVER,BERKELEY ST,E 49TH AVE,3,0,0,2019,2022,49.224891,-123.057671,0.0,False
VANCOUVER,BERKELEY ST,E 54TH AVE,7,0,0,2019,2022,49.220196,-123.057894,0.0,False
VANCOUVER,BERKELEY ST,UPLAND DR,1,0,0,2019,2019,49.217967,-123.057869,0.0,False
VANCOUVER,BIDWELL ST,BURNABY ST,8,0,0,2018,2022,49.285508,-123.141328,0.0,False
VANCOUVER,BIDWELL ST,COMOX ST,6,0,0,2018,2022,49.287628,-123.13812,0.0,False
VANCOUVER,BIDWELL ST,DAVIE ST,38,1,2,2018,2022,49.286241,-123.140236,0.0,False
VANCOUVER,BIDWELL ST,HARO ST,3,0,0,2019,2022,49.289762,-123.134926,0.0,False
VANCOUVER,BIDWELL ST,HARWOOD ST,2,0,0,2018,2021,49.28481,-123.142368,0.0,False
VANCOUVER,BIDWELL ST,HENSHAW LANE,7,0,0,2019,2022,49.28801,-123.137547,0.0,False
VANCOUVER,BIDWELL ST,HWY 99,1,0,0,2022,2022,49.291606,-123.132114,0.0,True
VANCOUVER,BIDWELL ST,JEPSON-YOUNG LANE,2,0,0,2019,2021,49.287285,-123.138638,0.0,False
VANCOUVER,BIDWELL ST,MAXINE LANE,1,1,0,2021,2021,49.285216,-123.141763,0.0,False
VANCOUVER,BIDWELL ST,NELSON ST,16,1,2,2018,2022,49.288355,-123.13708,0.0,False
VANCOUVER,BIDWELL ST,PANTAGES LANE,4,0,0,2020,2022,49.285911,-123.140728,0.0,False
VANCOUVER,BIDWELL ST,PENDRELL ST,5,0,1,2018,2022,49.286927,-123.139177,0.0,False
VANCOUVER,BIDWELL ST,ROBSON ST,65,0,4,2018,2022,49.290467,-123.133879,0.0,False
VANCOUVER,BIDWELL ST,ROSEMARY BROWN LANE,2,0,0,2021,2021,49.290093,-123.134434,0.0,False
VANCOUVER,BIDWELL ST,SEE-EM-IA LANE,8,0,0,2020,2022,49.286609,-123.139696,0.0,False
VANCOUVER,BIDWELL ST,W GEORGIA ST,43,0,3,2018,2022,49.291606,-123.132114,0.0,True
VANCOUVER,BIRCH ST,PARK DR,1,0,0,2020,2020,49.216206,-123.136242,0.0,False
VANCOUVER,BIRCH ST,W 10TH AVE,14,0,3,2018,2022,49.262555,-123.133753,0.0,False
VANCOUVER,BIRCH ST,W 11TH AVE,17,0,0,2018,2022,49.261623,-123.133793,0.0,False
VANCOUVER,BIRCH ST,W 12TH AVE,39,0,0,2018,2022,49.260718,-123.133828,0.0,False
VANCOUVER,BIRCH ST,W 13TH AVE,8,0,1,2018,2021,49.259747,-123.13387,0.0,False
VANCOUVER,BIRCH ST,W 14TH AVE,6,0,0,2018,2022,49.258834,-123.133908,0.0,False
VANCOUVER,BIRCH ST,W 15TH AVE,9,1,0,2018,2021,49.257854,-123.133919,0.0,False
VANCOUVER,BIRCH ST,W 4TH AVE,5,0,0,2018,2022,49.266184,-123.133618,0.0,True
VANCOUVER,BIRCH ST,W 64TH AVE,1,0,0,2021,2021,49.21309,-123.136287,0.0,False
VANCOUVER,BIRCH ST,W 6TH AVE,17,0,0,2018,2022,49.266184,-123.133618,0.0,True
VANCOUVER,BIRCH ST,W 7TH AVE,14,0,0,2018,2022,49.265268,-123.13366,0.0,False
VANCOUVER,BIRCH ST,W 8TH AVE,14,0,0,2019,2022,49.264424,-123.133691,0.0,False
VANCOUVER,BIRCH ST,W BROADWAY,73,3,2,2018,2022,49.263519,-123.13372,0.0,False
VANCOUVER,BLAKE ST,CHAMPLAIN CRES,9,0,0,2018,2022,49.216675,-123.031151,0.0,False
VANCOUVER,BLAKE ST,GARIBALDI DR,3,0,0,2018,2021,49.21818,-123.028944,0.0,False
VANCOUVER,BLAKE ST,MATHESON CRES,2,0,0,2018,2019,49.218798,-123.028177,0.0,False
VANCOUVER,BLANCA ST,CHANCELLOR BLVD,4,1,0,2018,2020,49.265674,-123.215105,0.0,True
VANCOUVER,BLANCA ST,SIMPSON AVE,1,0,0,2021,2021,49.274373,-123.214841,0.0,False
VANCOUVER,BLANCA ST,UNIVERSITY BLVD,8,0,1,2018,2022,49.263927,-123.215243,0.0,True
VANCOUVER,BLANCA ST,W 10TH AVE,43,2,2,2018,2022,49.263927,-123.215243,0.0,True
VANCOUVER,BLANCA ST,W 11TH AVE,3,0,1,2018,2022,49.262986,-123.215266,0.0,False
VANCOUVER,BLANCA ST,W 13TH AVE,2,0,0,2020,2020,49.261196,-123.215312,0.0,False
VANCOUVER,BLANCA ST,W 15TH AVE,1,0,1,2018,2018,49.259388,-123.215368,0.0,False
VANCOUVER,BLANCA ST,W 16TH AVE,43,0,1,2018,2022,49.258414,-123.215391,0.0,False
VANCOUVER,BLANCA ST,W 3RD AVE,1,0,0,2022,2022,49.270263,-123.214976,0.0,False
VANCOUVER,BLANCA ST,W 4TH AVE,32,0,2,2018,2022,49.26911,-123.214998,0.0,False
VANCOUVER,BLANCA ST,W 6TH AVE,1,0,1,2018,2018,49.267368,-123.21504,0.0,False
VANCOUVER,BLANCA ST,W 8TH AVE,2,0,0,2019,2020,49.265674,-123.215105,0.0,True
VANCOUVER,BLANCA ST,W 9TH AVE,1,0,0,2018,2018,49.264807,-123.215189,0.0,False
VANCOUVER,BLANCHE ST,E KENT AVE N,1,0,0,2019,2019,49.206082,-123.052352,0.0,False
VANCOUVER,BLENHEIM ST,CELTIC AVE,3,0,0,2019,2022,49.218616,-123.178961,0.0,False
VANCOUVER,BLENHEIM ST,MAYFAIR AVE,1,0,0,2021,2021,49.236851,-123.178687,0.0,False
VANCOUVER,BLENHEIM ST,POINT GREY RD,1,0,1,2020,2020,49.271537,-123.177612,0.0,False
VANCOUVER,BLENHEIM ST,PUGET DR,5,0,1,2018,2022,49.257233,-123.178188,0.0,False
VANCOUVER,BLENHEIM ST,QUESNEL DR,4,0,1,2019,2022,49.256383,-123.178539,0.0,False
VANCOUVER,BLENHEIM ST,SW MARINE DR,71,1,3,2018,2022,49.23012,-123.178705,0.0,False
VANCOUVER,BLENHEIM ST,W 10TH AVE,25,0,1,2018,2022,49.26336,-123.177838,0.0,False
VANCOUVER,BLENHEIM ST,W 11TH AVE,6,0,0,2018,2022,49.262426,-123.177881,0.0,False
VANCOUVER,BLENHEIM ST,W 12TH AVE,8,0,0,2018,2022,49.261529,-123.177919,0.0,False
VANCOUVER,BLENHEIM ST,W 13TH AVE,4,0,1,2019,2020,49.260632,-123.177962,0.0,False
VANCOUVER,BLENHEIM ST,W 14TH AVE,3,0,0,2018,2020,49.259722,-123.178004,0.0,False
VANCOUVER,BLENHEIM ST,W 15TH AVE,3,0,0,2018,2019,49.25881,-123.178046,0.0,False
VANCOUVER,BLENHEIM ST,W 16TH AVE,68,1,2,2018,2022,49.257817,-123.178092,0.0,False
VANCOUVER,BLENHEIM ST,W 20TH AVE,6,0,0,2018,2022,49.254644,-123.178549,0.0,False
VANCOUVER,BLENHEIM ST,W 21ST AVE,5,0,0,2018,2022,49.253732,-123.178558,0.0,False
VANCOUVER,BLENHEIM ST,W 22ND AVE,3,0,0,2018,2021,49.252833,-123.17857,0.0,False
VANCOUVER,BLENHEIM ST,W 23RD AVE,3,0,0,2018,2022,49.251924,-123.178581,0.0,False
VANCOUVER,BLENHEIM ST,W 24TH AVE,6,0,0,2018,2022,49.251029,-123.17859,0.0,False
VANCOUVER,BLENHEIM ST,W 25TH AVE,3,0,0,2020,2021,49.250036,-123.178634,0.0,True
VANCOUVER,BLENHEIM ST,W 26TH AVE,4,0,1,2019,2021,49.248988,-123.178577,0.0,False
VANCOUVER,BLENHEIM ST,W 27TH AVE,9,0,0,2018,2022,49.248033,-123.178608,0.0,False
VANCOUVER,BLENHEIM ST,W 28TH AVE,4,0,0,2019,2022,49.247068,-123.178584,0.0,False
VANCOUVER,BLENHEIM ST,W 29TH AVE,12,1,5,2019,2022,49.246153,-123.178596,0.0,False
VANCOUVER,BLENHEIM ST,W 2ND AVE,2,0,0,2018,2020,49.27031,-123.177644,0.0,False
VANCOUVER,BLENHEIM ST,W 30TH AVE,5,1,0,2019,2022,49.245192,-123.178609,0.0,False
VANCOUVER,BLENHEIM ST,W 31ST AVE,7,0,0,2018,2021,49.244255,-123.178629,0.0,False
VANCOUVER,BLENHEIM ST,W 32ND AVE,4,0,0,2018,2021,49.243293,-123.178667,0.0,False
VANCOUVER,BLENHEIM ST,W 33RD AVE,38,1,0,2018,2022,49.242358,-123.178645,0.0,False
VANCOUVER,BLENHEIM ST,W 34TH AVE,3,0,0,2021,2022,49.241392,-123.178645,0.0,False
VANCOUVER,BLENHEIM ST,W 35TH AVE,3,0,0,2020,2020,49.240455,-123.178656,0.0,False
VANCOUVER,BLENHEIM ST,W 36TH AVE,2,0,0,2019,2022,49.239504,-123.178663,0.0,False
VANCOUVER,BLENHEIM ST,W 37TH AVE,20,0,10,2018,2022,49.238564,-123.178659,0.0,False
VANCOUVER,BLENHEIM ST,W 38TH AVE,4,0,0,2018,2021,49.237652,-123.178676,0.0,False
VANCOUVER,BLENHEIM ST,W 39TH AVE,4,0,0,2019,2021,49.236518,-123.178693,0.0,False
VANCOUVER,BLENHEIM ST,W 3RD AVE,4,0,1,2018,2022,49.269399,-123.177652,0.0,False
VANCOUVER,BLENHEIM ST,W 40TH AVE,3,0,0,2018,2020,49.235682,-123.178706,0.0,False
VANCOUVER,BLENHEIM ST,W 41ST AVE,60,3,2,2018,2022,49.23476,-123.178714,0.0,False
VANCOUVER,BLENHEIM ST,W 42ND AVE,18,0,0,2018,2022,49.233808,-123.178712,0.0,False
VANCOUVER,BLENHEIM ST,W 43RD AVE,16,0,0,2018,2022,49.232847,-123.178697,0.0,False
VANCOUVER,BLENHEIM ST,W 44TH AVE,2,0,0,2018,2022,49.232139,-123.17874,0.0,False
VANCOUVER,BLENHEIM ST,W 49TH AVE,2,0,0,2018,2019,49.227469,-123.178743,0.0,False
VANCOUVER,BLENHEIM ST,W 4TH AVE,58,3,0,2018,2022,49.268502,-123.17769,0.0,False
VANCOUVER,BLENHEIM ST,W 53RD AVE,2,0,0,2021,2022,49.223433,-123.178899,0.0,False
VANCOUVER,BLENHEIM ST,W 5TH AVE,4,0,0,2018,2022,49.267631,-123.177681,0.0,False
VANCOUVER,BLENHEIM ST,W 6TH AVE,1,0,0,2019,2019,49.2668,-123.177745,0.0,False
VANCOUVER,BLENHEIM ST,W 7TH AVE,1,0,1,2020,2020,49.265928,-123.177789,0.0,False
VANCOUVER,BLENHEIM ST,W 8TH AVE,7,0,2,2018,2022,49.26511,-123.177793,0.0,False
VANCOUVER,BLENHEIM ST,W BROADWAY,119,2,1,2018,2022,49.264235,-123.177798,0.0,False
VANCOUVER,BLENHEIM ST,W KING EDWARD AVE,29,1,0,2018,2022,49.250036,-123.178634,0.0,True
VANCOUVER,BLUE JAY CRES,HUMMINGBIRD PL,1,0,0,2022,2022,49.212765,-123.02739,0.0,False
VANCOUVER,BOATHOUSE MEWS,MARINASIDE CRES,1,0,0,2019,2019,49.273412,-123.117293,0.0,False
VANCOUVER,BOATLIFT LANE,DURANLEAU ST,1,0,0,2018,2018,49.271798,-123.135963,0.0,False
VANCOUVER,BOBOLINK AVE,ELLIOTT ST,1,0,0,2018,2018,49.2149,-123.054397,0.0,False
VANCOUVER,BOBOLINK AVE,MUIRFIELD DR,1,0,0,2021,2021,49.21443,-123.056276,0.0,False
VANCOUVER,BONACCORD DR,BURQUITLAM DR,1,0,0,2021,2021,49.210562,-123.062075,0.0,False
VANCOUVER,BONACCORD DR,HARRISON DR,1,0,0,2022,2022,49.211396,-123.056666,0.0,False
VANCOUVER,BONNYVALE AVE,STIRLING ST,1,0,0,2022,2022,49.217104,-123.06069,0.0,False
VANCOUVER,BONSAI ST,W 16TH AVE,1,0,0,2019,2019,49.257579,-123.16773,0.0,False
VANCOUVER,BONSAI ST,W 17TH AVE,2,0,0,2019,2021,49.257076,-123.167736,0.0,False
VANCOUVER,BORDEN ST,E 60TH AVE,4,0,0,2018,2022,49.215448,-123.074024,0.0,False
VANCOUVER,BORDEN ST,E 61ST AVE,3,0,1,2018,2020,49.214598,-123.074037,0.0,False
VANCOUVER,BORDEN ST,E 62ND AVE,2,0,1,2021,2021,49.213752,-123.074049,0.0,False
VANCOUVER,BORDEN ST,E 63RD AVE,1,0,0,2018,2018,49.212869,-123.074061,0.0,False
VANCOUVER,BORDEN ST,E 64TH AVE,6,0,0,2018,2022,49.211969,-123.074076,0.0,False
VANCOUVER,BORDEN ST,E KENT AVE N,8,0,0,2019,2022,49.209533,-123.073999,0.0,False
VANCOUVER,BORDEN ST,E KENT AVE S,4,0,0,2018,2021,49.20926,-123.074021,0.0,False
VANCOUVER,BORDEN ST,SE MARINE DR,72,0,0,2018,2022,49.211071,-123.074013,0.0,False
VANCOUVER,BORHAM CRES,MATHESON CRES,2,0,0,2019,2020,49.215848,-123.025293,0.0,False
VANCOUVER,BOUNDARY LOOP,LOUGHEED HWY,3,1,0,2018,2022,49.265326,-123.024926,0.0,False
VANCOUVER,BOUNDARY RD,BOUNDARY RD OFFRAMP,1,0,0,2019,2019,49.261007,-123.023626,0.0,True
VANCOUVER,BOUNDARY RD,BOUNDARY RD ONRAMP,1,0,0,2022,2022,49.261007,-123.023626,0.0,True
VANCOUVER,BOUNDARY RD,COQUIHALLA DR,2,0,0,2018,2021,49.223252,-123.023494,0.0,False
VANCOUVER,BOUNDARY RD,E 11TH AVE,42,0,0,2018,2022,49.260096,-123.023778,0.0,False
VANCOUVER,BOUNDARY RD,E 22ND AVE,138,4,1,2018,2022,49.250655,-123.023652,0.0,True
VANCOUVER,BOUNDARY RD,E 26TH AVE,10,1,0,2018,2022,49.247046,-123.023696,0.0,True
VANCOUVER,BOUNDARY RD,E 27TH AVE,10,0,0,2018,2022,49.24618,-123.023687,0.0,False
VANCOUVER,BOUNDARY RD,E 28TH AVE,14,0,0,2019,2022,49.245341,-123.023793,0.0,False
VANCOUVER,BOUNDARY RD,E 29TH AVE,160,0,0,2018,2022,49.245123,-123.02379,78.30505781585322,False
VANCOUVER,BOUNDARY RD,E 45TH AVE,45,2,3,2018,2022,49.229234,-123.023512,0.0,False
VANCOUVER,BOUNDARY RD,E 46TH AVE,19,2,0,2018,2022,49.228093,-123.023516,0.0,False
VANCOUVER,BOUNDARY RD,E 47TH AVE,21,0,0,2018,2022,49.226376,-123.023523,0.0,False
VANCOUVER,BOUNDARY RD,E 48TH AVE,7,0,0,2019,2022,49.225198,-123.023479,0.0,False
VANCOUVER,BOUNDARY RD,E 49TH AVE,186,2,1,2018,2022,49.221948,-123.023697,0.0,True
VANCOUVER,BOUNDARY RD,E KENT AVE N,3,0,0,2018,2021,49.204288,-123.023425,0.0,False
VANCOUVER,BOUNDARY RD,E KENT AVE S,1,0,0,2022,2022,49.203932,-123.023401,0.0,False
VANCOUVER,BOUNDARY RD,ELMWOOD ST,17,1,0,2018,2022,49.250655,-123.023652,0.0,True
VANCOUVER,BOUNDARY RD,FRANKLIN ST,20,0,0,2018,2022,49.282048,-123.023492,0.0,True
VANCOUVER,BOUNDARY RD,GRANDVIEW HWY,1128,3,1,2018,2022,49.258209,-123.023636,0.0,True
VANCOUVER,BOUNDARY RD,GRANDVIEW HWY ONRAMP,8,1,0,2018,2022,49.258209,-123.023636,0.0,True
VANCOUVER,BOUNDARY RD,GRAVELEY ST,32,0,1,2018,2022,49.270289,-123.023569,0.0,False
VANCOUVER,BOUNDARY RD,HURST AVE,5,0,0,2018,2022,49.220139,-123.023802,0.0,False
VANCOUVER,BOUNDARY RD,HWY 1,5,0,0,2018,2021,49.261007,-123.023626,0.0,True
VANCOUVER,BOUNDARY RD,IMPERIAL ST,205,2,1,2018,2022,49.221948,-123.023697,0.0,True
VANCOUVER,BOUNDARY RD,MARINE WAY,322,1,0,2018,2022,49.205426,-123.023441,0.0,False
VANCOUVER,BOUNDARY RD,MONMOUTH AVE,3,0,0,2020,2022,49.239569,-123.023583,0.0,False
VANCOUVER,BOUNDARY RD,MOSCROP ST,39,2,0,2018,2022,49.242547,-123.023688,0.0,False
VANCOUVER,BOUNDARY RD,NAPIER ST,18,1,0,2018,2022,49.274875,-123.023534,0.0,False
VANCOUVER,BOUNDARY RD,NITHSDALE ST,25,0,0,2018,2022,49.2515,-123.023656,0.0,True
VANCOUVER,BOUNDARY RD,NORMANDY DR,73,0,0,2018,2022,49.2515,-123.023656,0.0,True
VANCOUVER,BOUNDARY RD,PRICE ST,4,0,0,2018,2019,49.240351,-123.023687,0.0,False
VANCOUVER,BOUNDARY RD,RAE AVE,9,0,0,2018,2022,49.236212,-123.023513,0.0,False
VANCOUVER,BOUNDARY RD,SE MARINE DR,54,0,0,2019,2022,49.208167,-123.023671,0.0,False
VANCOUVER,BOUNDARY RD,SPRUCE ST,27,1,0,2018,2022,49.247046,-123.023696,0.0,True
VANCOUVER,BOUNDARY RD,TANNER ST,2,0,0,2021,2021,49.241523,-123.023705,0.0,False
VANCOUVER,BOUNDARY RD,TRIUMPH ST,10,0,0,2018,2021,49.283857,-123.023461,0.0,False
VANCOUVER,BOUNDARY RD,TURNER ST,4,0,0,2018,2022,49.279054,-123.023523,0.0,False
VANCOUVER,BOUNDARY RD,UNION ST,10,0,1,2018,2022,49.277492,-123.023519,0.0,True
VANCOUVER,BOUNDARY RD,VANNESS AVE,86,1,3,2018,2022,49.234918,-123.023635,0.0,False
VANCOUVER,BOUNDARY RD,WELLINGTON AVE,20,0,0,2018,2022,49.23776,-123.023496,0.0,False
VANCOUVER,BOUNDARY RD OFFRAMP,HWY 1,95,0,0,2018,2022,49.261007,-123.023626,0.0,True
VANCOUVER,BOUNDARY RD OFFRAMP,TRANS-CANADA HWY,1,0,0,2022,2022,49.261007,-123.023626,0.0,True
VANCOUVER,BOUNDARY RD ONRAMP,HWY 1,115,0,0,2018,2022,49.261007,-123.023626,0.0,True
VANCOUVER,BOUNDARY RD ONRAMP,TRANS-CANADA HWY,3,0,0,2018,2020,49.261007,-123.023626,0.0,True
VANCOUVER,BOYD DIVERS,E 22ND AVE,9,2,1,2018,2022,49.250627,-123.044181,0.0,True
VANCOUVER,BOYD DIVERS,NOOTKA ST,3,0,0,2019,2020,49.249183,-123.04178,0.0,False
VANCOUVER,BOYD DIVERS,RENFREW ST,1,0,0,2022,2022,49.250627,-123.044181,0.0,True
VANCOUVER,BRAEBURN ST,E 56TH AVE,2,0,0,2018,2019,49.219096,-123.069829,0.0,False
VANCOUVER,BRAEBURN ST,NASSAU DR,3,0,0,2019,2021,49.218704,-123.069473,0.0,False
VANCOUVER,BRAEBURN ST,UPLAND DR,1,0,0,2019,2019,49.21792,-123.068891,0.0,False
VANCOUVER,BRAKENRIDGE ST,EDDINGTON DR,5,0,0,2018,2022,49.245583,-123.159202,7.2123242088954855,False
VANCOUVER,BRAKENRIDGE ST,MCBAIN AVE,1,0,0,2022,2022,49.247718,-123.161509,0.0,False
VANCOUVER,BRAKENRIDGE ST,W KING EDWARD AVE,10,0,0,2018,2022,49.248551,-123.162429,0.0,False
VANCOUVER,BRANDYWINE PL,GARIBALDI DR,1,0,0,2018,2018,49.216816,-123.029479,0.0,True
VANCOUVER,BRANT ST,E 24TH AVE,1,0,0,2018,2018,49.248915,-123.057992,0.0,True
VANCOUVER,BRANT ST,E 25TH AVE,1,0,0,2022,2022,49.248104,-123.058012,0.0,False
VANCOUVER,BRANT ST,E 27TH AVE,1,0,0,2022,2022,49.246708,-123.058043,0.0,False
VANCOUVER,BRANT ST,VANNESS AVE,1,0,1,2020,2020,49.248915,-123.057992,0.0,True
VANCOUVER,BRIDGEWAY,HWY 1,8,0,0,2018,2022,49.283771,-123.032033,0.0,True
VANCOUVER,BRIDGEWAY,MCGILL ST,1,0,0,2019,2019,49.287032,-123.031028,0.0,True
VANCOUVER,BRIDGEWAY,MCGILL ST ONRAMP,2,0,0,2018,2018,49.287489,-123.033603,0.0,True
VANCOUVER,BRIDGEWAY,N SKEENA ST,1,0,0,2019,2019,49.290475,-123.028512,0.0,True
VANCOUVER,BRIDGEWAY ST,CASSIAR CONNECTOR,1,0,0,2022,2022,49.287032,-123.031028,0.0,True
VANCOUVER,BRIDGEWAY ST,CASSIAR TUNNEL,1,0,0,2018,2018,49.283771,-123.032033,0.0,True
VANCOUVER,BRIDGEWAY ST,E HASTINGS ST OFFRAMP,1,0,0,2018,2018,49.287032,-123.031028,0.0,True
VANCOUVER,BRIDGEWAY ST,HWY 1,9,0,0,2018,2022,49.283771,-123.032033,0.0,True
VANCOUVER,BRIDGEWAY ST,MCGILL ST,7,0,0,2018,2021,49.287032,-123.031028,0.0,True
VANCOUVER,BRIDGEWAY ST,MCGILL ST ONRAMP,2,0,0,2018,2018,49.287489,-123.033603,0.0,True
VANCOUVER,BRIDGEWAY ST,MILLER DR,2,0,0,2018,2020,49.285875,-123.03294,0.0,False
VANCOUVER,BRIDGEWAY ST,N SKEENA ST,5,0,2,2019,2022,49.290475,-123.028512,0.0,True
VANCOUVER,BRIGADOON AVE,DUFF ST,4,0,0,2018,2020,49.216599,-123.064689,0.0,False
VANCOUVER,BRIGADOON AVE,GLADSTONE ST,3,0,0,2018,2022,49.216559,-123.062083,0.0,False
VANCOUVER,BRIGADOON AVE,HUMM ST,3,0,0,2018,2019,49.216578,-123.063396,0.0,False
VANCOUVER,BRIGADOON AVE,VICTORIA DR,4,0,0,2020,2021,49.216618,-123.065971,0.0,False
VANCOUVER,BRIGHTWOOD PL,VIVIAN DR,2,0,0,2018,2020,49.214973,-123.052265,0.0,False
VANCOUVER,BROCK ST,CLARENDON ST,1,0,0,2018,2018,49.243712,-123.053484,0.0,False
VANCOUVER,BROCK ST,NANAIMO ST,16,0,0,2018,2022,49.243861,-123.056656,0.0,False
VANCOUVER,BROCK ST,WENONAH ST,1,0,0,2019,2019,49.243997,-123.05865,0.0,False
VANCOUVER,BROOKS ST,E 47TH AVE,1,0,0,2020,2020,49.226416,-123.035107,0.0,False
VANCOUVER,BROOKS ST,E 49TH AVE,16,0,0,2018,2022,49.224673,-123.035186,0.0,False
VANCOUVER,BROOKS ST,E 54TH AVE,1,0,0,2019,2019,49.220136,-123.035277,0.0,False
VANCOUVER,BROUGHTON ST,BURNABY ST,4,0,0,2020,2021,49.282982,-123.137393,0.0,False
VANCOUVER,BROUGHTON ST,COMOX ST,9,1,0,2018,2022,49.285092,-123.1342,0.0,False
VANCOUVER,BROUGHTON ST,DAVIE ST,43,6,2,2018,2022,49.283711,-123.136303,0.0,False
VANCOUVER,BROUGHTON ST,EIHU LANE,3,0,0,2022,2022,49.288294,-123.129344,0.0,False
VANCOUVER,BROUGHTON ST,HARO ST,6,0,1,2019,2022,49.287206,-123.131009,0.0,False
VANCOUVER,BROUGHTON ST,HARWOOD ST,6,1,0,2019,2022,49.28233,-123.138434,0.0,False
VANCOUVER,BROUGHTON ST,HENSHAW LANE,1,0,0,2022,2022,49.285454,-123.133654,0.0,False
VANCOUVER,BROUGHTON ST,HWY 1A,1,0,0,2021,2021,49.289005,-123.128224,0.0,True
VANCOUVER,BROUGHTON ST,HWY 99,1,0,0,2022,2022,49.289005,-123.128224,0.0,True
VANCOUVER,BROUGHTON ST,JEPSON-YOUNG LANE,4,0,0,2019,2021,49.284722,-123.134761,0.0,False
VANCOUVER,BROUGHTON ST,JUNG LANE,1,0,0,2021,2021,49.281957,-123.138936,0.0,False
VANCOUVER,BROUGHTON ST,MAXINE LANE,1,0,0,2022,2022,49.282668,-123.137852,0.0,False
VANCOUVER,BROUGHTON ST,NELSON ST,11,0,0,2019,2022,49.285787,-123.133114,0.0,False
VANCOUVER,BROUGHTON ST,PANTAGES LANE,1,0,0,2021,2021,49.283363,-123.136824,0.0,False
VANCOUVER,BROUGHTON ST,PENDRELL ST,11,0,2,2018,2022,49.284406,-123.135239,0.0,False
VANCOUVER,BROUGHTON ST,ROBSON ST,38,2,4,2018,2022,49.287918,-123.129948,0.0,False
VANCOUVER,BROUGHTON ST,ROSEMARY BROWN LANE,2,0,0,2020,2022,49.287566,-123.130473,0.0,False
VANCOUVER,BROUGHTON ST,SEE-EM-IA LANE,6,0,1,2018,2022,49.284068,-123.135756,0.0,False
VANCOUVER,BROUGHTON ST,STOVOLD LANE,1,0,0,2021,2021,49.286862,-123.13153,0.0,False
VANCOUVER,BROUGHTON ST,TED NORTHE LANE,3,0,0,2020,2022,49.286158,-123.132574,0.0,False
VANCOUVER,BROUGHTON ST,W GEORGIA ST,182,1,1,2018,2022,49.289005,-123.128224,0.0,True
VANCOUVER,BROUGHTON ST,W HASTINGS ST,14,3,0,2018,2022,49.28999,-123.126792,0.0,False
VANCOUVER,BROUGHTON ST,W PENDER ST,78,0,4,2018,2022,49.289568,-123.127447,0.0,False
VANCOUVER,BRUCE ST,E 32ND AVE,1,0,0,2022,2022,49.241566,-123.06945,0.0,False
VANCOUVER,BRUCE ST,E 37TH AVE,1,0,0,2018,2018,49.236744,-123.070011,0.0,False
VANCOUVER,BRUCE ST,E 41ST AVE,19,0,0,2018,2022,49.232618,-123.070111,0.0,False
VANCOUVER,BRUCE ST,E 45TH AVE,1,0,0,2021,2021,49.228982,-123.069788,0.0,False
VANCOUVER,BRUCE ST,E 47TH AVE,4,0,0,2019,2022,49.227663,-123.06984,0.0,False
VANCOUVER,BRUCE ST,E 49TH AVE,12,1,0,2018,2022,49.2252,-123.069937,0.0,False
VANCOUVER,BRUNSWICK ST,E 2ND AVE,28,0,0,2018,2022,49.266741,-123.096256,0.0,True
VANCOUVER,BRUNSWICK ST,E 5TH AVE,8,0,1,2018,2022,49.266331,-123.096765,0.0,False
VANCOUVER,BRUNSWICK ST,E 6TH AVE,11,1,1,2018,2022,49.265432,-123.096932,0.0,False
VANCOUVER,BRUNSWICK ST,E 7TH AVE,5,0,0,2019,2022,49.264548,-123.096969,0.0,False
VANCOUVER,BRUNSWICK ST,E 8TH AVE,11,1,0,2019,2022,49.263633,-123.09699,0.0,False
VANCOUVER,BRUNSWICK ST,E BROADWAY,40,0,0,2018,2022,49.262785,-123.097017,0.0,True
VANCOUVER,BRUNSWICK ST,GREAT NORTHERN WAY,28,0,3,2018,2022,49.266741,-123.096256,0.0,True
VANCOUVER,BRUNSWICK ST,HWY 7,2,0,0,2021,2021,49.262785,-123.097017,0.0,True
VANCOUVER,BUCKETWHEEL,MOBERLY RD,3,0,0,2019,2022,49.267871,-123.117465,0.0,False
VANCOUVER,BURNABY ST,BURRARD ST,34,1,0,2018,2022,49.278359,-123.130288,0.0,False
VANCOUVER,BURNABY ST,BUTE ST,14,1,1,2018,2021,49.281071,-123.134457,0.0,False
VANCOUVER,BURNABY ST,CARDERO ST,2,0,0,2018,2021,49.284497,-123.139739,0.0,False
VANCOUVER,BURNABY ST,JERVIS ST,14,0,0,2018,2022,49.282112,-123.13601,0.0,False
VANCOUVER,BURNABY ST,NICOLA ST,8,0,0,2018,2021,49.283741,-123.138562,0.0,False
VANCOUVER,BURNABY ST,THURLOW ST,49,3,2,2018,2022,49.279657,-123.132241,0.0,False
VANCOUVER,BURQUITLAM DR,FRASERVIEW DR,3,0,0,2018,2020,49.211783,-123.064695,0.0,False
VANCOUVER,BURQUITLAM DR,HARRISON DR,2,0,0,2018,2021,49.209758,-123.057035,0.0,False
VANCOUVER,BURRARD ST,CANADA PL,16,2,0,2018,2022,49.288095,-123.115505,0.0,False
VANCOUVER,BURRARD ST,COMOX ST,39,1,2,2018,2022,49.280479,-123.127078,0.0,False
VANCOUVER,BURRARD ST,CORNWALL AVE,122,1,4,2018,2022,49.272406,-123.145229,0.0,True
VANCOUVER,BURRARD ST,DAVIE ST,474,15,20,2018,2022,49.279077,-123.129182,0.0,False
VANCOUVER,BURRARD ST,DRAKE ST,50,1,3,2018,2022,49.278036,-123.130786,0.0,True
VANCOUVER,BURRARD ST,DUNSMUIR ST,151,7,7,2018,2022,49.285551,-123.119379,0.0,False
VANCOUVER,BURRARD ST,EIHU LANE,7,1,0,2019,2021,49.283645,-123.122239,0.0,False
VANCOUVER,BURRARD ST,HARWOOD ST,43,1,11,2018,2022,49.277669,-123.131347,0.0,False
VANCOUVER,BURRARD ST,HELMCKEN ST,52,1,4,2018,2022,49.280115,-123.127624,0.0,False
VANCOUVER,BURRARD ST,HENSHAW LANE,4,0,1,2019,2022,49.28086,-123.126524,0.0,False
VANCOUVER,BURRARD ST,JUNG LANE,16,0,12,2019,2022,49.27736,-123.131816,0.0,False
VANCOUVER,BURRARD ST,MAXINE LANE,3,0,1,2018,2022,49.278036,-123.130786,0.0,True
VANCOUVER,BURRARD ST,MELVILLE ST,27,4,0,2018,2022,49.285153,-123.120017,0.0,False
VANCOUVER,BURRARD ST,NELSON ST,249,10,5,2018,2022,49.281194,-123.126037,0.0,False
VANCOUVER,BURRARD ST,PACIFIC ST,214,5,15,2018,2022,49.276971,-123.132435,1.7891838256787866,True
VANCOUVER,BURRARD ST,PACIFIC ST OFFRAMP,1,0,0,2018,2018,49.276971,-123.132435,0.0,True
VANCOUVER,BURRARD ST,PACIFIC ST ONRAMP,1,0,0,2019,2019,49.276971,-123.132435,0.0,True
VANCOUVER,BURRARD ST,PANTAGES LANE,11,0,1,2019,2022,49.278739,-123.129703,0.0,False
VANCOUVER,BURRARD ST,ROBSON ST,204,4,9,2018,2022,49.283281,-123.122803,0.0,False
VANCOUVER,BURRARD ST,ROSEMARY BROWN LANE,4,0,1,2019,2022,49.282918,-123.123359,0.0,False
VANCOUVER,BURRARD ST,SEE-EM-IA LANE,8,0,0,2021,2022,49.279434,-123.128647,0.0,False
VANCOUVER,BURRARD ST,SMITHE ST,181,13,13,2018,2022,49.282225,-123.124422,0.0,False
VANCOUVER,BURRARD ST,TED NORTHE LANE,1,0,0,2019,2019,49.281584,-123.12543,0.0,False
VANCOUVER,BURRARD ST,W 10TH AVE,23,0,3,2018,2022,49.262749,-123.145796,0.0,False
VANCOUVER,BURRARD ST,W 11TH AVE,22,1,0,2018,2022,49.261827,-123.145828,0.0,False
VANCOUVER,BURRARD ST,W 12TH AVE,165,4,0,2018,2022,49.260941,-123.145866,0.0,False
VANCOUVER,BURRARD ST,W 13TH AVE,4,0,0,2019,2022,49.25994,-123.145903,0.0,False
VANCOUVER,BURRARD ST,W 14TH AVE,20,1,0,2018,2022,49.259051,-123.145937,0.0,False
VANCOUVER,BURRARD ST,W 15TH AVE,15,0,1,2018,2022,49.258096,-123.145972,0.0,False
VANCOUVER,BURRARD ST,W 16TH AVE,105,1,0,2018,2022,49.257179,-123.145979,0.0,False
VANCOUVER,BURRARD ST,W 1ST AVE,68,1,15,2018,2022,49.270666,-123.145483,0.0,False
VANCOUVER,BURRARD ST,W 2ND AVE,94,3,15,2018,2022,49.269782,-123.145561,0.0,False
VANCOUVER,BURRARD ST,W 3RD AVE,59,0,8,2018,2022,49.2689,-123.145594,0.0,False
VANCOUVER,BURRARD ST,W 4TH AVE,353,5,11,2018,2022,49.268005,-123.14564,0.0,False
VANCOUVER,BURRARD ST,W 5TH AVE,69,0,1,2018,2022,49.267152,-123.145644,0.0,False
VANCOUVER,BURRARD ST,W 6TH AVE,43,2,0,2018,2022,49.266304,-123.145662,0.0,False
VANCOUVER,BURRARD ST,W 7TH AVE,34,0,2,2018,2021,49.265454,-123.145708,0.0,False
VANCOUVER,BURRARD ST,W 8TH AVE,31,1,1,2018,2022,49.264637,-123.145737,0.0,False
VANCOUVER,BURRARD ST,W 9TH AVE,1,0,0,2022,2022,49.263701,-123.145756,0.0,True
VANCOUVER,BURRARD ST,W BROADWAY,185,6,0,2018,2022,49.263701,-123.145756,0.0,True
VANCOUVER,BURRARD ST,W CORDOVA ST,95,5,2,2018,2022,49.287664,-123.116194,0.0,False
VANCOUVER,BURRARD ST,W GEORGIA ST,330,15,0,2018,2022,49.284409,-123.121096,0.0,False
VANCOUVER,BURRARD ST,W HASTINGS ST,86,2,4,2018,2022,49.287173,-123.11696,0.0,False
VANCOUVER,BURRARD ST,W PENDER ST,116,5,5,2018,2022,49.286556,-123.117889,0.0,False
VANCOUVER,BURRARD ST BRIDGE,CORNWALL AVE OFFRAMP,5,0,1,2018,2019,49.272406,-123.145229,0.0,True
VANCOUVER,BURRARD ST BRIDGE,CORNWALL AVE ONRAMP,4,0,0,2018,2020,49.272406,-123.145229,0.0,True
VANCOUVER,BURRARD ST BRIDGE,PACIFIC ST,45,0,0,2018,2022,49.276971,-123.132435,1.7891838256787866,True
VANCOUVER,BURRARD ST BRIDGE,PACIFIC ST OFFRAMP,2,0,0,2018,2019,49.276971,-123.132435,0.0,True
VANCOUVER,BURRARD ST BRIDGE,PACIFIC ST ONRAMP,1,0,0,2018,2018,49.276971,-123.132435,0.0,True
VANCOUVER,BURSILL ST,HORLEY ST,1,0,0,2020,2020,49.23798,-123.042435,0.0,False
VANCOUVER,BURSILL ST,KINGSWAY,14,0,0,2018,2022,49.236056,-123.044366,0.0,True
VANCOUVER,BUSCOMBE ST,E 63RD AVE,3,0,0,2018,2018,49.213269,-123.095341,0.0,False
VANCOUVER,BUSCOMBE ST,E 64TH AVE,1,0,0,2022,2022,49.212163,-123.095345,0.0,False
VANCOUVER,BUSCOMBE ST,SE MARINE DR,10,0,0,2018,2022,49.211063,-123.095348,0.0,False
VANCOUVER,BUTE ST,COMOX ST,10,2,1,2018,2022,49.283195,-123.131246,0.0,False
VANCOUVER,BUTE ST,DAVIE ST,70,2,3,2018,2022,49.281806,-123.133352,0.0,False
VANCOUVER,BUTE ST,EIHU LANE,5,0,0,2020,2021,49.286371,-123.126425,0.0,False
VANCOUVER,BUTE ST,HARO ST,11,0,0,2018,2022,49.28532,-123.128043,0.0,False
VANCOUVER,BUTE ST,HARWOOD ST,8,0,0,2018,2022,49.280378,-123.135495,0.0,False
VANCOUVER,BUTE ST,HENSHAW LANE,1,0,0,2019,2019,49.283547,-123.130714,0.0,False
VANCOUVER,BUTE ST,HWY 99,1,0,0,2022,2022,49.287135,-123.12533,0.0,True
VANCOUVER,BUTE ST,JUNG LANE,6,0,1,2019,2022,49.280024,-123.136025,0.0,False
VANCOUVER,BUTE ST,MAXINE LANE,3,0,0,2018,2021,49.280742,-123.13495,0.0,False
VANCOUVER,BUTE ST,MELVILLE ST,57,1,4,2018,2022,49.287855,-123.124192,0.0,False
VANCOUVER,BUTE ST,NELSON ST,28,2,1,2018,2022,49.283888,-123.130197,0.0,False
VANCOUVER,BUTE ST,PACIFIC ST,39,0,4,2018,2022,49.279659,-123.13657,0.0,False
VANCOUVER,BUTE ST,PANTAGES LANE,1,0,0,2022,2022,49.281425,-123.133919,0.0,False
VANCOUVER,BUTE ST,PENDRELL ST,7,0,0,2018,2022,49.282527,-123.132325,0.0,False
VANCOUVER,BUTE ST,ROBSON ST,78,4,8,2018,2022,49.285973,-123.126958,0.0,False
VANCOUVER,BUTE ST,ROSEMARY BROWN LANE,3,1,1,2018,2022,49.285633,-123.127523,0.0,False
VANCOUVER,BUTE ST,SEE-EM-IA LANE,6,0,1,2020,2022,49.282148,-123.132811,0.0,False
VANCOUVER,BUTE ST,STOVOLD LANE,6,0,2,2019,2022,49.284952,-123.128613,0.0,False
VANCOUVER,BUTE ST,TED NORTHE LANE,1,0,0,2021,2021,49.284271,-123.129635,0.0,False
VANCOUVER,BUTE ST,W CORDOVA ST,16,0,1,2018,2022,49.289222,-123.122073,0.0,False
VANCOUVER,BUTE ST,W GEORGIA ST,167,2,3,2018,2022,49.287135,-123.12533,0.0,True
VANCOUVER,BUTE ST,W HASTINGS ST,38,2,2,2018,2022,49.288794,-123.12276,0.0,False
VANCOUVER,BUTE ST,W PENDER ST,79,4,4,2018,2022,49.288364,-123.123384,0.0,False
VANCOUVER,BUTLER ST,E 47TH AVE,1,0,0,2019,2019,49.226411,-123.033675,0.0,False
VANCOUVER,BUTLER ST,E 49TH AVE,15,0,0,2018,2022,49.224663,-123.033692,0.0,False
VANCOUVER,BUTLER ST,E 54TH AVE,1,0,0,2018,2018,49.220128,-123.033843,0.0,False
VANCOUVER,BUTLER ST,E 62ND AVE,1,0,0,2020,2020,49.214033,-123.033265,0.0,False
VANCOUVER,BUTLER ST,MAQUINNA DR,1,1,0,2020,2020,49.215663,-123.033735,0.0,False
VANCOUVER,BUTLER ST,ROSEMONT DR,1,0,0,2019,2019,49.21643,-123.034811,0.0,True
VANCOUVER,CAMBIE ST,CAMBIE ST BRIDGE,4,0,0,2018,2018,49.27315,-123.114704,0.0,True
VANCOUVER,CAMBIE ST,DUNSMUIR ST,72,8,19,2018,2022,49.280488,-123.111556,0.0,False
VANCOUVER,CAMBIE ST,EXPO BLVD,38,1,1,2018,2022,49.274779,-123.11612,0.0,True
VANCOUVER,CAMBIE ST,HWY 1A,1,0,0,2020,2020,49.28156,-123.110066,0.0,True
VANCOUVER,CAMBIE ST,HWY 7A,1,0,0,2019,2019,49.282555,-123.109609,0.0,True
VANCOUVER,CAMBIE ST,MARINASIDE CRES,4,0,0,2019,2021,49.273521,-123.114899,0.0,True
VANCOUVER,CAMBIE ST,MCGUIGAN AVE,9,0,0,2018,2022,49.240397,-123.118341,0.0,False
VANCOUVER,CAMBIE ST,NELSON ST,166,3,19,2018,2022,49.276078,-123.118097,0.0,False
VANCOUVER,CAMBIE ST,PACIFIC BLVD OFFRAMP,4,0,0,2019,2021,49.27315,-123.114704,0.0,True
VANCOUVER,CAMBIE ST,ROBSON ST,60,0,2,2018,2022,49.278209,-123.114962,0.0,False
VANCOUVER,CAMBIE ST,SMITHE ST,111,6,4,2018,2022,49.277167,-123.116587,0.0,False
VANCOUVER,CAMBIE ST,SW MARINE DR,511,17,3,2018,2022,49.210132,-123.117149,0.0,False
VANCOUVER,CAMBIE ST,W 10TH AVE,122,2,3,2018,2022,49.262239,-123.114914,0.0,False
VANCOUVER,CAMBIE ST,W 12TH AVE,475,7,0,2018,2022,49.260396,-123.114989,0.0,False
VANCOUVER,CAMBIE ST,W 13TH AVE,63,1,2,2018,2022,49.259444,-123.115012,0.0,False
VANCOUVER,CAMBIE ST,W 14TH AVE,106,0,6,2018,2022,49.258738,-123.115022,0.0,False
VANCOUVER,CAMBIE ST,W 15TH AVE,21,0,1,2018,2022,49.257827,-123.115037,0.0,False
VANCOUVER,CAMBIE ST,W 16TH AVE,153,3,1,2018,2022,49.256913,-123.115053,0.0,False
VANCOUVER,CAMBIE ST,W 17TH AVE,74,2,2,2018,2022,49.255869,-123.115114,0.0,False
VANCOUVER,CAMBIE ST,W 18TH AVE,138,3,1,2018,2022,49.254903,-123.11516,0.0,False
VANCOUVER,CAMBIE ST,W 19TH AVE,113,1,0,2018,2022,49.253984,-123.11521,0.0,False
VANCOUVER,CAMBIE ST,W 1ST AVE,4,1,0,2018,2020,49.268172,-123.114706,0.0,False
VANCOUVER,CAMBIE ST,W 20TH AVE,57,1,0,2018,2022,49.253006,-123.115245,0.0,False
VANCOUVER,CAMBIE ST,W 21ST AVE,15,0,1,2018,2022,49.252092,-123.115273,0.0,False
VANCOUVER,CAMBIE ST,W 22ND AVE,38,0,2,2018,2022,49.251214,-123.115325,0.0,False
VANCOUVER,CAMBIE ST,W 23RD AVE,37,0,0,2018,2022,49.250095,-123.11536,0.0,True
VANCOUVER,CAMBIE ST,W 24TH AVE,22,1,0,2018,2022,49.250095,-123.11536,0.0,True
VANCOUVER,CAMBIE ST,W 25TH AVE,27,0,0,2018,2022,49.248986,-123.115396,0.0,True
VANCOUVER,CAMBIE ST,W 26TH AVE,7,0,2,2018,2022,49.247959,-123.115236,0.0,False
VANCOUVER,CAMBIE ST,W 27TH AVE,31,0,2,2018,2022,49.247029,-123.115486,0.0,False
VANCOUVER,CAMBIE ST,W 28TH AVE,10,1,0,2018,2022,49.246112,-123.115738,0.0,False
VANCOUVER,CAMBIE ST,W 29TH AVE,120,3,2,2018,2022,49.245163,-123.115602,0.0,False
VANCOUVER,CAMBIE ST,W 2ND AVE,134,7,11,2018,2022,49.266721,-123.11478,0.0,True
VANCOUVER,CAMBIE ST,W 2ND AVE OFFRAMP,1,0,0,2021,2021,49.266629,-123.114844,0.0,False
VANCOUVER,CAMBIE ST,W 30TH AVE,11,0,0,2018,2022,49.243676,-123.117305,0.0,False
VANCOUVER,CAMBIE ST,W 31ST AVE,7,0,0,2020,2021,49.24323,-123.117922,0.0,False
VANCOUVER,CAMBIE ST,W 32ND AVE,8,0,0,2018,2022,49.242176,-123.118498,0.0,False
VANCOUVER,CAMBIE ST,W 33RD AVE,158,4,4,2018,2022,49.241084,-123.118437,0.0,False
VANCOUVER,CAMBIE ST,W 35TH AVE,19,1,0,2018,2022,49.239063,-123.116747,0.0,False
VANCOUVER,CAMBIE ST,W 37TH AVE,45,1,3,2018,2022,49.237264,-123.116045,0.0,False
VANCOUVER,CAMBIE ST,W 38TH AVE,18,0,0,2018,2022,49.236296,-123.115959,0.0,False
VANCOUVER,CAMBIE ST,W 39TH AVE,93,1,1,2018,2022,49.235391,-123.116149,0.0,False
VANCOUVER,CAMBIE ST,W 40TH AVE,28,0,0,2018,2022,49.234467,-123.116043,0.0,False
VANCOUVER,CAMBIE ST,W 41ST AVE,700,11,3,2018,2022,49.23354,-123.116194,0.0,False
VANCOUVER,CAMBIE ST,W 42ND AVE,31,0,0,2018,2022,49.232534,-123.11607,0.0,False
VANCOUVER,CAMBIE ST,W 43RD AVE,28,0,1,2018,2022,49.231631,-123.116279,0.0,False
VANCOUVER,CAMBIE ST,W 44TH AVE,28,1,1,2018,2022,49.230738,-123.116161,0.0,False
VANCOUVER,CAMBIE ST,W 45TH AVE,81,2,4,2018,2022,49.229814,-123.116358,0.0,False
VANCOUVER,CAMBIE ST,W 46TH AVE,2,0,0,2018,2019,49.228809,-123.116407,0.0,False
VANCOUVER,CAMBIE ST,W 48TH AVE,15,1,0,2018,2022,49.227002,-123.116335,0.0,False
VANCOUVER,CAMBIE ST,W 49TH AVE,298,26,3,2018,2022,49.226076,-123.116515,0.0,False
VANCOUVER,CAMBIE ST,W 50TH AVE,17,0,0,2018,2022,49.225191,-123.116563,0.0,False
VANCOUVER,CAMBIE ST,W 54TH AVE,31,2,2,2018,2022,49.221716,-123.116685,0.0,False
VANCOUVER,CAMBIE ST,W 57TH AVE,112,4,7,2018,2022,49.219058,-123.116784,0.0,False
VANCOUVER,CAMBIE ST,W 58TH AVE,2,0,0,2018,2022,49.217807,-123.11671,0.0,False
VANCOUVER,CAMBIE ST,W 59TH AVE,61,1,3,2018,2022,49.216944,-123.116868,0.0,False
VANCOUVER,CAMBIE ST,W 60TH AVE,14,1,0,2018,2022,49.215931,-123.117036,0.0,False
VANCOUVER,CAMBIE ST,W 61ST AVE,22,0,3,2018,2022,49.215002,-123.116942,0.0,False
VANCOUVER,CAMBIE ST,W 62ND AVE,20,0,2,2018,2022,49.214122,-123.117111,0.0,False
VANCOUVER,CAMBIE ST,W 63RD AVE,55,3,4,2018,2022,49.213204,-123.117009,0.0,False
VANCOUVER,CAMBIE ST,W 64TH AVE,68,2,2,2018,2022,49.212313,-123.117107,0.0,False
VANCOUVER,CAMBIE ST,W 65TH AVE,10,0,0,2018,2022,49.211423,-123.117229,0.0,False
VANCOUVER,CAMBIE ST,W 6TH AVE,62,1,6,2018,2022,49.265763,-123.114674,97.08177962556348,False
VANCOUVER,CAMBIE ST,W 7TH AVE,308,13,14,2018,2022,49.26495,-123.114804,0.0,False
VANCOUVER,CAMBIE ST,W 8TH AVE,441,6,7,2018,2022,49.26405,-123.114821,0.0,False
VANCOUVER,CAMBIE ST,W 9TH AVE,3,0,0,2019,2021,49.263205,-123.114853,0.0,True
VANCOUVER,CAMBIE ST,W BROADWAY,412,17,2,2018,2022,49.263205,-123.114853,0.0,True
VANCOUVER,CAMBIE ST,W CORDOVA ST,72,2,3,2018,2022,49.283537,-123.109152,0.0,False
VANCOUVER,CAMBIE ST,W GEORGIA ST,138,5,2,2018,2022,49.279321,-123.113277,0.0,False
VANCOUVER,CAMBIE ST,W HASTINGS ST,140,4,8,2018,2022,49.282555,-123.109609,0.0,True
VANCOUVER,CAMBIE ST,W KENT AVE N,17,0,4,2018,2022,49.206071,-123.117291,0.0,False
VANCOUVER,CAMBIE ST,W KING EDWARD AVE,244,12,3,2018,2022,49.248986,-123.115396,0.0,True
VANCOUVER,CAMBIE ST,W PENDER ST,70,2,4,2018,2022,49.28156,-123.110066,0.0,True
VANCOUVER,CAMBIE ST,WATER ST,54,4,4,2018,2022,49.28431,-123.108822,0.0,False
VANCOUVER,CAMBIE ST BRIDGE,COMMODORE RD,1,0,1,2021,2021,49.268135,-123.114866,0.0,False
VANCOUVER,CAMBIE ST BRIDGE,COOPERAGE WAY,1,0,0,2019,2019,49.27362,-123.114701,0.0,False
VANCOUVER,CAMBIE ST BRIDGE,EXPO BLVD,10,0,0,2018,2022,49.274779,-123.11612,0.0,True
VANCOUVER,CAMBIE ST BRIDGE,MARINASIDE CRES,1,0,0,2022,2022,49.273521,-123.114899,0.0,True
VANCOUVER,CAMBIE ST BRIDGE,PACIFIC BLVD OFFRAMP,16,0,1,2018,2022,49.27315,-123.114704,0.0,True
VANCOUVER,CAMBIE ST BRIDGE,W 2ND AVE,20,1,2,2018,2022,49.266721,-123.11478,0.0,True
VANCOUVER,CAMBRIDGE ST,N BOUNDARY RD,7,0,0,2018,2022,49.286634,-123.023416,0.0,False
VANCOUVER,CAMBRIDGE ST,N CASSIAR ST,1,0,0,2018,2018,49.286657,-123.030041,0.0,False
VANCOUVER,CAMBRIDGE ST,N GARDEN DR,2,0,0,2019,2022,49.286601,-123.057745,0.0,False
VANCOUVER,CAMBRIDGE ST,N KASLO ST,1,0,0,2018,2018,49.286721,-123.046696,0.0,False
VANCOUVER,CAMBRIDGE ST,N KOOTENAY ST,4,0,0,2018,2022,49.286695,-123.025702,0.0,False
VANCOUVER,CAMBRIDGE ST,N NANAIMO ST,23,0,0,2018,2022,49.286665,-123.056527,0.0,False
VANCOUVER,CAMBRIDGE ST,N RENFREW ST,5,0,0,2018,2022,49.286716,-123.044061,0.0,True
VANCOUVER,CAMBRIDGE ST,N SKEENA ST,2,0,0,2020,2022,49.286695,-123.028311,0.0,False
VANCOUVER,CAMBRIDGE ST,N SLOCAN ST,1,0,0,2021,2021,49.286725,-123.049312,0.0,False
VANCOUVER,CAMOSUN ST,CROWN CRES,1,0,0,2018,2018,49.264593,-123.196913,0.0,False
VANCOUVER,CAMOSUN ST,SW MARINE DR,9,0,3,2019,2021,49.234777,-123.19622,0.0,True
VANCOUVER,CAMOSUN ST,W 10TH AVE,28,1,0,2018,2022,49.263647,-123.19697,0.0,False
VANCOUVER,CAMOSUN ST,W 11TH AVE,1,0,0,2019,2019,49.262741,-123.197008,0.0,False
VANCOUVER,CAMOSUN ST,W 12TH AVE,2,0,0,2021,2022,49.261842,-123.196999,0.0,False
VANCOUVER,CAMOSUN ST,W 13TH AVE,2,0,0,2019,2022,49.260921,-123.197041,0.0,False
VANCOUVER,CAMOSUN ST,W 14TH AVE,2,0,0,2019,2020,49.260017,-123.197077,0.0,False
VANCOUVER,CAMOSUN ST,W 15TH AVE,2,0,0,2020,2020,49.25907,-123.197116,0.0,False
VANCOUVER,CAMOSUN ST,W 16TH AVE,16,0,1,2018,2022,49.258118,-123.197165,0.0,False
VANCOUVER,CAMOSUN ST,W 17TH AVE,1,0,0,2019,2019,49.257523,-123.196553,0.0,False
VANCOUVER,CAMOSUN ST,W 18TH AVE,1,0,0,2021,2021,49.256523,-123.196545,0.0,False
VANCOUVER,CAMOSUN ST,W 19TH AVE,5,0,0,2020,2022,49.255616,-123.196538,0.0,False
VANCOUVER,CAMOSUN ST,W 28TH AVE,5,0,0,2018,2021,49.24717,-123.196746,0.0,False
VANCOUVER,CAMOSUN ST,W 29TH AVE,9,0,0,2018,2022,49.24622,-123.196752,0.0,False
VANCOUVER,CAMOSUN ST,W 33RD AVE,11,0,0,2018,2022,49.242421,-123.196785,0.0,False
VANCOUVER,CAMOSUN ST,W 34TH AVE,2,0,0,2018,2019,49.241474,-123.196799,0.0,False
VANCOUVER,CAMOSUN ST,W 37TH AVE,4,0,0,2018,2022,49.238639,-123.196822,0.0,False
VANCOUVER,CAMOSUN ST,W 38TH AVE,7,1,0,2018,2021,49.237629,-123.196841,0.0,False
VANCOUVER,CAMOSUN ST,W 39TH AVE,6,0,0,2018,2021,49.23648,-123.196835,0.0,False
VANCOUVER,CAMOSUN ST,W 40TH AVE,1,0,0,2018,2018,49.235638,-123.196831,0.0,False
VANCOUVER,CAMPBELL AVE,E CORDOVA ST,8,1,0,2018,2022,49.28201,-123.084754,0.0,False
VANCOUVER,CAMPBELL AVE,E GEORGIA ST,5,0,0,2018,2022,49.278299,-123.084919,0.0,False
VANCOUVER,CAMPBELL AVE,E HASTINGS ST,83,4,3,2018,2022,49.281043,-123.084797,0.0,False
VANCOUVER,CAMPBELL AVE,E PENDER ST,6,1,0,2018,2022,49.280107,-123.084839,0.0,False
VANCOUVER,CAMPBELL AVE,KEEFER ST,13,0,0,2018,2022,49.279203,-123.08488,0.0,False
VANCOUVER,CAMPBELL AVE,PRIOR ST,45,3,1,2018,2022,49.276493,-123.084998,0.0,True
VANCOUVER,CAMPBELL AVE,UNION ST,28,0,16,2018,2022,49.277399,-123.084959,0.0,False
VANCOUVER,CAMPBELL AVE,VENABLES ST,6,0,0,2019,2022,49.276493,-123.084998,0.0,True
VANCOUVER,CANADA PL,HOWE ST,7,1,0,2018,2022,49.287359,-123.113083,0.0,False
VANCOUVER,CANADA PL,THURLOW ST,8,0,0,2018,2022,49.288851,-123.118279,0.0,True
VANCOUVER,CANADA PL,WATERFRONT RD,3,0,0,2018,2022,49.288851,-123.118279,0.0,True
VANCOUVER,CARDERO ST,COAL HARBOUR QUAY,2,0,0,2018,2020,49.291811,-123.128641,0.0,False
VANCOUVER,CARDERO ST,COMOX ST,7,1,1,2018,2022,49.286612,-123.136536,0.0,False
VANCOUVER,CARDERO ST,DAVIE ST,50,3,2,2018,2022,49.285223,-123.13867,0.0,False
VANCOUVER,CARDERO ST,HARO ST,7,2,1,2018,2020,49.288787,-123.13334,0.0,False
VANCOUVER,CARDERO ST,HARWOOD ST,4,0,1,2018,2020,49.283787,-123.140782,0.0,False
VANCOUVER,CARDERO ST,HENSHAW LANE,5,0,0,2019,2022,49.286965,-123.135984,0.0,False
VANCOUVER,CARDERO ST,MAXINE LANE,2,0,0,2020,2022,49.284178,-123.140208,0.0,False
VANCOUVER,CARDERO ST,NELSON ST,5,0,1,2018,2022,49.287297,-123.135466,0.0,False
VANCOUVER,CARDERO ST,PANTAGES LANE,3,1,1,2020,2022,49.284884,-123.139193,0.0,False
VANCOUVER,CARDERO ST,PENDRELL ST,5,0,3,2018,2021,49.285932,-123.137571,0.0,False
VANCOUVER,CARDERO ST,ROBSON ST,63,2,7,2018,2022,49.289416,-123.132281,0.0,False
VANCOUVER,CARDERO ST,ROSEMARY BROWN LANE,6,0,0,2020,2022,49.289065,-123.13284,0.0,False
VANCOUVER,CARDERO ST,SEE-EM-IA LANE,3,1,0,2021,2022,49.285584,-123.13811,0.0,False
VANCOUVER,CARDERO ST,STOVOLD LANE,1,0,0,2021,2021,49.288354,-123.133873,0.0,False
VANCOUVER,CARDERO ST,TED NORTHE LANE,2,0,0,2021,2022,49.287664,-123.134908,0.0,False
VANCOUVER,CARDERO ST,W GEORGIA ST,175,4,8,2018,2022,49.290575,-123.130597,0.0,True
VANCOUVER,CARDERO ST,W HASTINGS ST,3,0,0,2018,2021,49.291075,-123.129818,0.0,False
VANCOUVER,CARDERO ST,W PENDER ST,8,0,0,2018,2022,49.290575,-123.130597,0.0,True
VANCOUVER,CARIBOO ST,E 29TH AVE,1,0,0,2021,2021,49.244472,-123.027371,0.0,False
VANCOUVER,CARLISLE ST,RENFREW ST,1,0,0,2022,2022,49.279624,-123.044085,0.0,False
VANCOUVER,CARNARVON ST,PUGET DR,1,0,0,2018,2018,49.252416,-123.172897,0.0,False
VANCOUVER,CARNARVON ST,SW MARINE DR,13,0,0,2018,2022,49.228194,-123.173603,0.0,False
VANCOUVER,CARNARVON ST,W 10TH AVE,15,0,0,2018,2022,49.263266,-123.17209,0.0,False
VANCOUVER,CARNARVON ST,W 11TH AVE,2,0,0,2021,2021,49.262337,-123.172119,0.0,False
VANCOUVER,CARNARVON ST,W 12TH AVE,2,0,0,2019,2021,49.261448,-123.172153,0.0,False
VANCOUVER,CARNARVON ST,W 14TH AVE,1,0,0,2019,2019,49.259647,-123.172215,0.0,False
VANCOUVER,CARNARVON ST,W 16TH AVE,12,1,0,2018,2022,49.257812,-123.172276,0.0,False
VANCOUVER,CARNARVON ST,W 19TH AVE,2,0,1,2021,2021,49.25553,-123.172868,0.0,False
VANCOUVER,CARNARVON ST,W 20TH AVE,1,0,0,2018,2018,49.254624,-123.172878,0.0,False
VANCOUVER,CARNARVON ST,W 22ND AVE,1,0,0,2022,2022,49.252811,-123.172894,0.0,False
VANCOUVER,CARNARVON ST,W 28TH AVE,5,0,0,2018,2022,49.247073,-123.172947,0.0,False
VANCOUVER,CARNARVON ST,W 30TH AVE,2,0,0,2020,2021,49.245179,-123.172986,0.0,False
VANCOUVER,CARNARVON ST,W 31ST AVE,1,0,0,2018,2018,49.244228,-123.172994,0.0,False
VANCOUVER,CARNARVON ST,W 32ND AVE,1,0,0,2020,2020,49.243271,-123.173001,0.0,False
VANCOUVER,CARNARVON ST,W 33RD AVE,8,0,0,2018,2022,49.242334,-123.173002,0.0,False
VANCOUVER,CARNARVON ST,W 34TH AVE,1,0,0,2020,2020,49.241366,-123.172996,0.0,False
VANCOUVER,CARNARVON ST,W 35TH AVE,1,0,0,2018,2018,49.240437,-123.173002,0.0,False
VANCOUVER,CARNARVON ST,W 37TH AVE,1,0,0,2022,2022,49.238546,-123.17302,0.0,False
VANCOUVER,CARNARVON ST,W 38TH AVE,3,0,0,2018,2022,49.237579,-123.173051,0.0,False
VANCOUVER,CARNARVON ST,W 39TH AVE,5,0,0,2018,2021,49.236612,-123.173052,0.0,False
VANCOUVER,CARNARVON ST,W 40TH AVE,2,0,0,2018,2018,49.235687,-123.173056,0.0,False
VANCOUVER,CARNARVON ST,W 41ST AVE,28,3,0,2018,2022,49.234734,-123.173066,0.0,False
VANCOUVER,CARNARVON ST,W 42ND AVE,1,0,0,2018,2018,49.233761,-123.173057,0.0,False
VANCOUVER,CARNARVON ST,W 43RD AVE,2,0,0,2020,2020,49.232779,-123.173069,0.0,False
VANCOUVER,CARNARVON ST,W 44TH AVE,3,0,2,2018,2020,49.231909,-123.173081,0.0,False
VANCOUVER,CARNARVON ST,W 45TH AVE,2,0,0,2019,2022,49.231013,-123.173126,0.0,False
VANCOUVER,CARNARVON ST,W 55TH AVE,1,0,0,2019,2019,49.221396,-123.173055,0.0,False
VANCOUVER,CARNARVON ST,W BROADWAY,46,6,0,2018,2022,49.264141,-123.172058,0.0,False
VANCOUVER,CAROLINA ST,E 10TH AVE,7,0,0,2018,2022,49.261548,-123.091101,0.0,False
VANCOUVER,CAROLINA ST,E 11TH AVE,7,0,1,2019,2022,49.260635,-123.091091,0.0,False
VANCOUVER,CAROLINA ST,E 12TH AVE,26,0,0,2018,2022,49.259748,-123.091087,0.0,False
VANCOUVER,CAROLINA ST,E 13TH AVE,1,0,0,2018,2018,49.258836,-123.091128,0.0,False
VANCOUVER,CAROLINA ST,E 14TH AVE,2,0,1,2019,2022,49.257951,-123.091118,0.0,False
VANCOUVER,CAROLINA ST,E 15TH AVE,6,0,1,2018,2022,49.257326,-123.091813,0.0,True
VANCOUVER,CAROLINA ST,E 16TH AVE,30,0,0,2018,2022,49.256461,-123.091843,0.0,False
VANCOUVER,CAROLINA ST,E 17TH AVE,6,0,1,2019,2022,49.255565,-123.091869,0.0,False
VANCOUVER,CAROLINA ST,E 18TH AVE,1,0,0,2018,2018,49.254654,-123.091915,0.0,False
VANCOUVER,CAROLINA ST,E 19TH AVE,4,0,0,2018,2021,49.253745,-123.091951,0.0,False
VANCOUVER,CAROLINA ST,E 1ST AVE,3,0,0,2018,2019,49.267948,-123.090873,0.0,False
VANCOUVER,CAROLINA ST,E 20TH AVE,1,0,0,2022,2022,49.252848,-123.091987,0.0,False
VANCOUVER,CAROLINA ST,E 21ST AVE,1,0,0,2022,2022,49.251932,-123.092024,0.0,False
VANCOUVER,CAROLINA ST,E 22ND AVE,3,0,0,2018,2021,49.25104,-123.092053,0.0,False
VANCOUVER,CAROLINA ST,E 23RD AVE,3,0,0,2018,2022,49.25014,-123.092088,0.0,False
VANCOUVER,CAROLINA ST,E 5TH AVE,5,0,1,2018,2022,49.266161,-123.091005,0.0,False
VANCOUVER,CAROLINA ST,E 6TH AVE,4,0,0,2018,2022,49.265252,-123.091007,0.0,False
VANCOUVER,CAROLINA ST,E 7TH AVE,4,0,0,2018,2022,49.264343,-123.091055,0.0,False
VANCOUVER,CAROLINA ST,E 8TH AVE,6,1,0,2018,2021,49.263448,-123.091056,0.0,False
VANCOUVER,CAROLINA ST,E BROADWAY,48,1,2,2018,2022,49.26249,-123.091043,0.0,False
VANCOUVER,CAROLINA ST,E KING EDWARD AVE,6,0,0,2018,2022,49.248665,-123.092139,0.0,False
VANCOUVER,CAROLINA ST,EVANS AVE,2,0,0,2020,2020,49.272105,-123.08908,0.0,False
VANCOUVER,CAROLINA ST,GREAT NORTHERN WAY,32,0,12,2018,2022,49.266785,-123.090802,0.0,False
VANCOUVER,CAROLINA ST,HWY 99A,1,0,0,2022,2022,49.257326,-123.091813,0.0,True
VANCOUVER,CAROLINA ST,KINGSWAY,57,0,1,2018,2022,49.257326,-123.091813,0.0,True
VANCOUVER,CAROLINA ST,TERMINAL AVE,31,1,0,2018,2022,49.270949,-123.089574,0.0,False
VANCOUVER,CARRALL ST,DUNSMUIR VIADUCT,2,0,0,2018,2019,49.277677,-123.106316,0.0,False
VANCOUVER,CARRALL ST,E CORDOVA ST,23,3,1,2018,2022,49.282429,-123.104267,0.0,True
VANCOUVER,CARRALL ST,E HASTINGS ST,80,12,12,2018,2022,49.281474,-123.104327,0.0,True
VANCOUVER,CARRALL ST,E PENDER ST,55,1,5,2018,2022,49.280492,-123.104378,0.0,True
VANCOUVER,CARRALL ST,EXPO BLVD,45,0,14,2018,2022,49.278046,-123.106155,0.0,False
VANCOUVER,CARRALL ST,KEEFER PL,5,0,2,2018,2022,49.279226,-123.104464,0.0,True
VANCOUVER,CARRALL ST,KEEFER ST,18,1,5,2018,2022,49.279226,-123.104464,0.0,True
VANCOUVER,CARRALL ST,PACIFIC BLVD,32,0,4,2018,2022,49.277106,-123.106445,0.0,False
VANCOUVER,CARRALL ST,W CORDOVA ST,25,1,2,2018,2022,49.282429,-123.104267,0.0,True
VANCOUVER,CARRALL ST,W HASTINGS ST,38,5,1,2018,2022,49.281474,-123.104327,0.0,True
VANCOUVER,CARRALL ST,W PENDER ST,66,2,2,2018,2022,49.280492,-123.104378,0.0,True
VANCOUVER,CARRALL ST,WATER ST,26,2,1,2018,2022,49.283473,-123.104222,0.0,False
VANCOUVER,CARRINGTON ST,DEERING ISLAND PL,1,0,0,2018,2018,49.218214,-123.184139,0.0,False
VANCOUVER,CARRINGTON ST,W 55TH AVE,1,0,0,2021,2021,49.221517,-123.182751,0.0,False
VANCOUVER,CARTIER PL,W 70TH AVE,4,0,0,2019,2022,49.208582,-123.137121,0.0,False
VANCOUVER,CARTIER ST,LAURIER AVE,1,0,0,2020,2020,49.250791,-123.136636,0.0,False
VANCOUVER,CARTIER ST,NANTON AVE,3,0,0,2019,2022,49.247368,-123.136777,0.0,False
VANCOUVER,CARTIER ST,PARK DR,1,0,0,2019,2019,49.216576,-123.137557,0.0,False
VANCOUVER,CARTIER ST,W 25TH AVE,1,0,0,2021,2021,49.249357,-123.136705,0.0,True
VANCOUVER,CARTIER ST,W 37TH AVE,1,0,0,2020,2020,49.237981,-123.137088,0.0,False
VANCOUVER,CARTIER ST,W 38TH AVE,5,0,0,2018,2021,49.237039,-123.137119,0.0,False
VANCOUVER,CARTIER ST,W 39TH AVE,10,0,0,2018,2022,49.236163,-123.137147,0.0,False
VANCOUVER,CARTIER ST,W 40TH AVE,4,0,0,2018,2021,49.235275,-123.137177,0.0,False
VANCOUVER,CARTIER ST,W 41ST AVE,16,0,0,2018,2022,49.234282,-123.137993,0.0,False
VANCOUVER,CARTIER ST,W 43RD AVE,2,0,0,2020,2021,49.232405,-123.138061,0.0,False
VANCOUVER,CARTIER ST,W 47TH AVE,2,0,0,2018,2019,49.228699,-123.137401,0.0,False
VANCOUVER,CARTIER ST,W 48TH AVE,1,0,0,2020,2020,49.227801,-123.137429,0.0,False
VANCOUVER,CARTIER ST,W 49TH AVE,14,0,0,2018,2022,49.22688,-123.137452,0.0,False
VANCOUVER,CARTIER ST,W 50TH AVE,2,0,1,2021,2022,49.225812,-123.137493,0.0,False
VANCOUVER,CARTIER ST,W 51ST AVE,1,0,0,2018,2018,49.224937,-123.137526,0.0,False
VANCOUVER,CARTIER ST,W 53RD AVE,1,0,0,2018,2018,49.222583,-123.137627,0.0,False
VANCOUVER,CARTIER ST,W 54TH AVE,1,0,0,2020,2020,49.221671,-123.137655,0.0,False
VANCOUVER,CARTIER ST,W 57TH AVE,7,1,0,2018,2022,49.219322,-123.137746,0.0,False
VANCOUVER,CARTIER ST,W 59TH AVE,1,0,0,2022,2022,49.217347,-123.137677,0.0,False
VANCOUVER,CARTIER ST,W 62ND AVE,4,0,0,2019,2022,49.214998,-123.13761,0.0,False
VANCOUVER,CARTIER ST,W 64TH AVE,7,0,0,2018,2022,49.213113,-123.137651,0.0,False
VANCOUVER,CARTIER ST,W 67TH AVE,2,0,0,2018,2019,49.210839,-123.137736,0.0,False
VANCOUVER,CARTIER ST,W 70TH AVE,10,0,0,2021,2022,49.208593,-123.13774,0.0,False
VANCOUVER,CARTIER ST,W 71ST AVE,5,0,0,2018,2022,49.207025,-123.137714,0.0,False
VANCOUVER,CARTIER ST,W 72ND AVE,2,0,0,2019,2021,49.205751,-123.137752,0.0,False
VANCOUVER,CARTIER ST,W 73RD AVE,3,0,0,2018,2020,49.205045,-123.137775,0.0,False
VANCOUVER,CARTIER ST,W KING EDWARD AVE,9,0,0,2018,2022,49.249357,-123.136705,0.0,True
VANCOUVER,CARTWRIGHT ST,DURANLEAU ST,3,0,0,2019,2022,49.270629,-123.136053,0.0,True
VANCOUVER,CARTWRIGHT ST,HWY 99,1,0,0,2020,2020,49.270594,-123.136,0.0,False
VANCOUVER,CARTWRIGHT ST,JOHNSTON ST,24,1,0,2018,2022,49.269513,-123.131869,0.0,False
VANCOUVER,CARTWRIGHT ST,OLD BRIDGE ST,18,0,0,2018,2022,49.270109,-123.135158,0.0,False
VANCOUVER,CASSIAR CONNECTR,CASSIAR TUNNEL,1,0,0,2019,2019,49.281228,-123.031485,0.0,True
VANCOUVER,CASSIAR CONNECTR,E HASTINGS ST,293,3,0,2018,2022,49.28117,-123.031463,0.0,True
VANCOUVER,CASSIAR CONNECTR,HWY 1,121,0,0,2018,2022,49.283126,-123.031967,0.0,True
VANCOUVER,CASSIAR CONNECTR,MCGILL ST OFFRAMP,1,0,0,2018,2018,49.287032,-123.031028,0.0,True
VANCOUVER,CASSIAR CONNECTR,MCGILL ST ONRAMP,1,0,0,2021,2021,49.287088,-123.031371,0.0,False
VANCOUVER,CASSIAR CONNECTR,TRANS-CANADA HWY,6,0,0,2018,2022,49.283126,-123.031967,0.0,True
VANCOUVER,CASSIAR ST,E 1ST AVE,25,1,0,2018,2022,49.269366,-123.03099,0.0,False
VANCOUVER,CASSIAR ST,E 22ND AVE,4,0,0,2018,2022,49.250608,-123.031068,0.0,False
VANCOUVER,CASSIAR ST,E 24TH AVE,2,1,0,2018,2022,49.248785,-123.031065,0.0,False
VANCOUVER,CASSIAR ST,E 25TH AVE,1,0,0,2022,2022,49.247883,-123.031064,0.0,False
VANCOUVER,CASSIAR ST,E 26TH AVE,1,0,0,2022,2022,49.247073,-123.031061,0.0,False
VANCOUVER,CASSIAR ST,E 2ND AVE,3,0,0,2021,2022,49.268455,-123.030991,0.0,False
VANCOUVER,CASSIAR ST,E 3RD AVE,1,0,0,2021,2021,49.26755,-123.030991,0.0,False
VANCOUVER,CASSIAR ST,E 4TH AVE,1,0,0,2020,2020,49.266628,-123.030998,0.0,False
VANCOUVER,CASSIAR ST,E 5TH AVE,5,1,0,2018,2022,49.265644,-123.031003,0.0,False
VANCOUVER,CASSIAR ST,E 6TH AVE,2,0,0,2019,2019,49.264699,-123.031008,0.0,False
VANCOUVER,CASSIAR ST,E 8TH AVE,1,0,0,2018,2018,49.262895,-123.03102,0.0,False
VANCOUVER,CASSIAR ST,E BROADWAY,14,0,0,2018,2022,49.262113,-123.031026,0.0,True
VANCOUVER,CASSIAR ST,E PENDER ST,2,0,1,2019,2022,49.280215,-123.030838,0.0,False
VANCOUVER,CASSIAR ST,FRANKLIN ST,2,0,0,2018,2019,49.282069,-123.03083,0.0,False
VANCOUVER,CASSIAR ST,HERMON DR,2,0,0,2019,2022,49.26309,-123.031018,0.0,False
VANCOUVER,CASSIAR ST,LOUGHEED HWY,10,0,0,2018,2022,49.262113,-123.031026,0.0,True
VANCOUVER,CASSIAR ST,NAPIER ST,1,0,0,2020,2020,49.274957,-123.030735,0.0,False
VANCOUVER,CASSIAR ST,TURNER ST,1,0,1,2018,2018,49.279077,-123.030863,0.0,False
VANCOUVER,CASSIAR ST,WILLIAM ST,2,0,0,2018,2018,49.274123,-123.030909,0.0,False
VANCOUVER,CASSIAR TUNNEL,E HASTINGS ST,9,0,0,2018,2022,49.281193,-123.031483,0.0,True
VANCOUVER,CASSIAR TUNNEL,E HASTINGS ST ONRAMP,4,0,0,2018,2022,49.281377,-123.031789,39.34677106920888,False
VANCOUVER,CASSIAR TUNNEL,HWY 7A,2,0,0,2018,2020,49.281228,-123.031485,3.894530857887849,True
VANCOUVER,CECIL ST,EUCLID AVE,1,0,0,2018,2018,49.236859,-123.034696,0.0,False
VANCOUVER,CECIL ST,KINGSWAY,14,0,0,2018,2022,49.234623,-123.036889,0.0,False
VANCOUVER,CEDAR COTTAGE MEWS,E KING EDWARD AVE,5,0,1,2018,2021,49.248505,-123.074945,0.0,False
VANCOUVER,CEDAR COTTAGE MEWS,KNIGHT ST,7,0,0,2020,2022,49.249263,-123.076025,0.0,False
VANCOUVER,CEDAR CRES,PINE ST,2,0,0,2019,2021,49.256184,-123.143679,0.0,False
VANCOUVER,CEDAR CRES,W 17TH AVE,1,0,0,2019,2019,49.256226,-123.146007,0.0,False
VANCOUVER,CEDARHURST ST,SW MARINE DR,4,0,0,2019,2021,49.227367,-123.171556,0.0,True
VANCOUVER,CELISTA DR,MATHESON CRES,2,0,0,2021,2022,49.21887,-123.026633,0.0,False
VANCOUVER,CENTENNIAL RD,HEATLEY AVE,2,0,0,2021,2022,49.285052,-123.08949,0.0,False
VANCOUVER,CENTENNIAL RD,ROGERS ST,2,0,0,2020,2021,49.283348,-123.079981,0.0,True
VANCOUVER,CENTENNIAL RD,STEWART ST,2,0,0,2022,2022,49.283348,-123.079981,0.0,True
VANCOUVER,CENTRAL ST,MAIN ST,6,1,0,2018,2022,49.271594,-123.100337,0.0,False
VANCOUVER,CENTRAL ST,QUEBEC ST,8,0,1,2019,2022,49.271882,-123.101817,0.0,False
VANCOUVER,CENTRAL ST,STATION ST,4,0,1,2018,2020,49.271029,-123.098065,0.0,False
VANCOUVER,CHAMBERS ST,E 34TH AVE,3,0,0,2018,2018,49.238882,-123.053005,0.0,False
VANCOUVER,CHAMBERS ST,E 37TH AVE,1,0,0,2020,2020,49.237387,-123.053008,0.0,False
VANCOUVER,CHAMPLAIN CRES,E 54TH AVE,2,0,0,2019,2020,49.220122,-123.03239,0.0,True
VANCOUVER,CHAMPLAIN CRES,FLAGSTAFF PL,1,0,0,2018,2018,49.211315,-123.029312,0.0,False
VANCOUVER,CHAMPLAIN CRES,LANGFORD AVE,2,0,0,2021,2021,49.215019,-123.029988,0.0,False
VANCOUVER,CHAMPLAIN CRES,LAVAL PL,1,0,0,2020,2020,49.211471,-123.029444,0.0,False
VANCOUVER,CHAMPLAIN CRES,MAQUINNA DR,5,0,0,2018,2019,49.215644,-123.030279,0.0,False
VANCOUVER,CHAMPLAIN CRES,MARQUETTE CRES,8,0,0,2018,2022,49.212726,-123.029713,0.0,True
VANCOUVER,CHAMPLAIN CRES,MATHESON CRES,11,0,0,2018,2022,49.210558,-123.027277,0.0,False
VANCOUVER,CHAMPLAIN CRES,RIEL PL,2,0,0,2018,2019,49.210905,-123.028579,0.0,False
VANCOUVER,CHAMPLAIN CRES,SWANSACRE,1,0,0,2019,2019,49.212177,-123.029726,0.0,False
VANCOUVER,CHAMPLAIN CRES,TOLBOOTH,1,0,0,2022,2022,49.212726,-123.029713,0.0,True
VANCOUVER,CHAMPLAIN CRES,TYNE ST,1,1,0,2019,2019,49.220122,-123.03239,0.0,True
VANCOUVER,CHAMPLAIN MALL,KERR ST,3,0,0,2019,2020,49.219127,-123.041357,0.0,False
VANCOUVER,CHANDLERY PL,E KENT AVE N,3,0,0,2021,2022,49.206248,-123.050445,0.0,False
VANCOUVER,CHARLES ST,CLARK DR,46,1,0,2018,2022,49.27313,-123.077315,0.0,False
VANCOUVER,CHARLES ST,COMMERCIAL DR,53,2,3,2018,2022,49.273053,-123.069582,0.0,False
VANCOUVER,CHARLES ST,COTTON DR,6,0,1,2018,2020,49.273078,-123.071517,0.0,False
VANCOUVER,CHARLES ST,GARDEN DR,4,0,1,2019,2022,49.272951,-123.057968,0.0,False
VANCOUVER,CHARLES ST,KAMLOOPS ST,1,0,0,2018,2018,49.273275,-123.054684,0.0,False
VANCOUVER,CHARLES ST,KASLO ST,3,1,0,2018,2022,49.273264,-123.04686,0.0,False
VANCOUVER,CHARLES ST,KELOWNA ST,1,0,0,2019,2019,49.273256,-123.042744,0.0,False
VANCOUVER,CHARLES ST,LEROI ST,1,0,0,2019,2019,49.273252,-123.040161,0.0,False
VANCOUVER,CHARLES ST,LILLOOET ST,3,0,0,2018,2021,49.273249,-123.038912,0.0,False
VANCOUVER,CHARLES ST,MCLEAN DR,3,0,0,2018,2021,49.27307,-123.074477,0.0,False
VANCOUVER,CHARLES ST,NANAIMO ST,39,1,0,2018,2022,49.273283,-123.056581,0.0,False
VANCOUVER,CHARLES ST,NOOTKA ST,3,0,0,2018,2022,49.273254,-123.041429,0.0,False
VANCOUVER,CHARLES ST,ODLUM DR,6,0,0,2020,2022,49.2731,-123.075933,0.0,False
VANCOUVER,CHARLES ST,PENTICTON ST,5,0,0,2019,2022,49.273274,-123.05204,0.0,False
VANCOUVER,CHARLES ST,RENFREW ST,19,0,2,2018,2022,49.273259,-123.044161,0.0,False
VANCOUVER,CHARLES ST,ROSSLAND ST,1,0,0,2022,2022,49.273257,-123.045576,0.0,False
VANCOUVER,CHARLES ST,RUPERT ST,4,0,0,2018,2021,49.273239,-123.033635,0.0,False
VANCOUVER,CHARLES ST,SALSBURY DR,6,0,0,2018,2022,49.273027,-123.067623,0.0,False
VANCOUVER,CHARLES ST,SLOCAN ST,3,0,0,2019,2022,49.273269,-123.049398,0.0,False
VANCOUVER,CHARLES ST,TEMPLETON DR,2,0,0,2018,2021,49.272948,-123.059896,0.0,False
VANCOUVER,CHARLES ST,VERNON DR,4,0,0,2018,2020,49.27316,-123.078683,0.0,False
VANCOUVER,CHARLES ST,VICTORIA DR,16,0,2,2018,2021,49.273012,-123.065693,0.0,False
VANCOUVER,CHARLES ST,WINDERMERE ST,4,0,0,2018,2022,49.273244,-123.03638,0.0,False
VANCOUVER,CHARLES ST,WOODLAND DR,4,0,0,2018,2022,49.273046,-123.073434,0.0,False
VANCOUVER,CHARLESON,MOBERLY RD,2,0,0,2018,2018,49.266251,-123.120538,0.0,False
VANCOUVER,CHATHAM ST,EUCLID AVE,1,0,0,2020,2020,49.239242,-123.040583,0.0,False
VANCOUVER,CHATHAM ST,HORLEY ST,1,0,0,2019,2019,49.237795,-123.041977,0.0,False
VANCOUVER,CHATHAM ST,VANNESS AVE,1,0,0,2021,2021,49.241115,-123.038778,0.0,False
VANCOUVER,CHERRY ST,JOYCE ST,9,0,0,2018,2022,49.235433,-123.03459,0.0,False
VANCOUVER,CHERRY ST,STAMFORD ST,3,0,0,2018,2019,49.233963,-123.030955,0.0,False
VANCOUVER,CHESS ST,MALKIN AVE,6,0,0,2018,2021,49.274182,-123.086071,0.0,False
VANCOUVER,CHESS ST,NATIONAL AVE,1,1,0,2022,2022,49.272584,-123.086744,0.0,False
VANCOUVER,CHESTER ST,E 33RD AVE,4,0,0,2019,2021,49.240279,-123.089144,0.0,False
VANCOUVER,CHESTER ST,E 35TH AVE,6,0,0,2018,2022,49.238312,-123.089192,0.0,False
VANCOUVER,CHESTER ST,E 37TH AVE,2,0,0,2021,2021,49.236535,-123.089241,0.0,False
VANCOUVER,CHESTER ST,E 39TH AVE,1,0,0,2020,2020,49.234751,-123.089232,0.0,False
VANCOUVER,CHESTER ST,E 41ST AVE,11,0,0,2019,2022,49.232891,-123.089294,0.0,False
VANCOUVER,CHESTER ST,E 43RD AVE,7,0,0,2018,2022,49.230981,-123.089228,0.0,False
VANCOUVER,CHESTER ST,E 45TH AVE,8,0,1,2018,2022,49.229141,-123.089292,0.0,False
VANCOUVER,CHESTER ST,E 47TH AVE,12,0,0,2018,2022,49.227359,-123.089346,0.0,False
VANCOUVER,CHESTER ST,E 49TH AVE,10,0,0,2018,2022,49.225434,-123.089402,0.0,False
VANCOUVER,CHESTER ST,E 63RD AVE,9,0,0,2019,2022,49.212982,-123.089526,0.0,False
VANCOUVER,CHESTER ST,E KENT AVE N,6,0,0,2019,2021,49.208346,-123.089265,0.0,False
VANCOUVER,CHESTER ST,SE MARINE DR,31,0,0,2018,2022,49.211036,-123.089575,0.0,False
VANCOUVER,CHESTNUT ST,CORNWALL AVE,2,0,0,2021,2022,49.272444,-123.14634,0.0,False
VANCOUVER,CHESTNUT ST,CORNWALL AVE OFFRAMP,4,0,1,2018,2020,49.272406,-123.145229,0.0,True
VANCOUVER,CHESTNUT ST,CREELMAN AVE,3,0,1,2020,2022,49.274426,-123.146255,0.0,False
VANCOUVER,CHESTNUT ST,GREER AVE,4,0,0,2018,2021,49.273554,-123.146322,0.0,False
VANCOUVER,CHESTNUT ST,MCNICOLL AVE,2,0,0,2018,2019,49.276086,-123.146192,0.0,False
VANCOUVER,CHESTNUT ST,OGDEN AVE,2,0,0,2018,2021,49.276777,-123.146165,0.0,False
VANCOUVER,CHESTNUT ST,W 1ST AVE,8,0,0,2018,2022,49.270681,-123.146403,0.0,False
VANCOUVER,CHESTNUT ST,WHYTE AVE,14,0,1,2018,2022,49.275305,-123.146217,0.0,False
VANCOUVER,CHESTNUT ST,YORK AVE,8,2,4,2018,2022,49.27155,-123.146401,0.0,False
VANCOUVER,CHEYENNE AVE,DUCHESS ST,3,0,0,2019,2022,49.241808,-123.049588,0.0,False
VANCOUVER,CHEYENNE AVE,EARLES ST,4,0,0,2018,2022,49.240409,-123.046128,0.0,False
VANCOUVER,CHICKADEE PL,MATHESON CRES,1,0,0,2021,2021,49.212686,-123.025083,0.0,False
VANCOUVER,CHILCO ST,COMOX ST,3,0,1,2018,2021,49.29056,-123.142627,0.0,False
VANCOUVER,CHILCO ST,HARO ST,6,0,0,2018,2022,49.292672,-123.139443,0.0,False
VANCOUVER,CHILCO ST,HENSHAW LANE,1,0,0,2020,2020,49.290929,-123.142077,0.0,False
VANCOUVER,CHILCO ST,JEPSON-YOUNG LANE,1,0,0,2020,2020,49.290236,-123.143111,0.0,False
VANCOUVER,CHILCO ST,LAGOON DR,1,0,0,2021,2021,49.293406,-123.138362,0.0,True
VANCOUVER,CHILCO ST,NELSON ST,8,0,3,2018,2022,49.291271,-123.141568,0.0,False
VANCOUVER,CHILCO ST,PENDRELL ST,3,0,0,2018,2022,49.289862,-123.143669,0.0,False
VANCOUVER,CHILCO ST,ROBSON ST,3,0,1,2018,2022,49.293406,-123.138362,0.0,True
VANCOUVER,CHILCO ST,ROSEMARY BROWN LANE,4,0,0,2020,2021,49.293036,-123.138907,0.0,False
VANCOUVER,CHILCO ST,STOVOLD LANE,3,0,0,2020,2021,49.292318,-123.139983,0.0,False
VANCOUVER,CHILCO ST,TED NORTHE LANE,1,1,0,2020,2020,49.291641,-123.14101,0.0,False
VANCOUVER,CHURCH ST,JOYCE ST,17,0,0,2018,2022,49.234802,-123.035219,0.0,False
VANCOUVER,CHURCH ST,STAMFORD ST,9,0,1,2018,2022,49.233299,-123.031612,0.0,False
VANCOUVER,CHURCHILL ST,CONNAUGHT DR,1,0,0,2019,2019,49.236841,-123.140694,0.0,False
VANCOUVER,CHURCHILL ST,W 41ST AVE,10,0,0,2018,2022,49.234359,-123.141428,0.0,False
VANCOUVER,CHURCHILL ST,W 43RD AVE,5,0,0,2018,2021,49.232493,-123.141484,0.0,False
VANCOUVER,CHURCHILL ST,W 45TH AVE,4,0,1,2019,2022,49.230648,-123.141535,0.0,False
VANCOUVER,CHURCHILL ST,W 47TH AVE,3,0,0,2019,2022,49.228795,-123.141574,0.0,False
VANCOUVER,CHURCHILL ST,W 49TH AVE,7,0,0,2018,2022,49.227001,-123.141634,0.0,False
VANCOUVER,CHURCHILL ST,W 52ND AVE,2,0,0,2019,2022,49.224113,-123.141757,0.0,False
VANCOUVER,CHURCHILL ST,W 54TH AVE,1,0,0,2021,2021,49.221725,-123.141838,0.0,False
VANCOUVER,CITADEL PARADE,DUNSMUIR ST,14,1,1,2018,2022,49.279462,-123.11004,0.0,True
VANCOUVER,CITADEL PARADE,DUNSMUIR VIADUCT,6,0,0,2019,2022,49.279462,-123.11004,0.0,True
VANCOUVER,CITADEL PARADE,GEORGIA VIADUCT,5,0,1,2018,2022,49.278416,-123.111703,0.0,True
VANCOUVER,CITADEL PARADE,REGIMENT SQ,9,0,1,2018,2022,49.278958,-123.11084,0.0,False
VANCOUVER,CITADEL PARADE,W GEORGIA ST,19,1,1,2018,2022,49.278416,-123.111703,0.0,True
VANCOUVER,CITY EDGE PL,SE MARINE DR,6,1,0,2018,2022,49.207969,-123.0261,0.0,False
VANCOUVER,CLANCY LORANGER WAY,MIDLOTHIAN AVE,20,3,1,2018,2022,49.243009,-123.109102,0.0,False
VANCOUVER,CLARENDON ST,E 29TH AVE,3,0,0,2019,2022,49.244619,-123.052614,0.0,False
VANCOUVER,CLARENDON ST,E 33RD AVE,26,0,2,2018,2022,49.239772,-123.055455,0.0,False
VANCOUVER,CLARENDON ST,E 34TH AVE,42,1,1,2018,2022,49.238892,-123.055462,0.0,False
VANCOUVER,CLARENDON ST,E 37TH AVE,13,1,1,2018,2022,49.237393,-123.055482,0.0,False
VANCOUVER,CLARENDON ST,E 38TH AVE,14,1,1,2018,2022,49.235903,-123.055493,0.0,False
VANCOUVER,CLARENDON ST,E 39TH AVE,4,0,0,2018,2022,49.234871,-123.055511,0.0,False
VANCOUVER,CLARENDON ST,E 40TH AVE,6,0,0,2018,2022,49.233859,-123.055528,0.0,False
VANCOUVER,CLARENDON ST,E 41ST AVE,207,4,0,2018,2022,49.232812,-123.05548,0.0,False
VANCOUVER,CLARENDON ST,E 42ND AVE,1,0,0,2020,2020,49.231787,-123.05522,0.0,False
VANCOUVER,CLARENDON ST,E 43RD AVE,4,0,0,2018,2022,49.230867,-123.055203,0.0,False
VANCOUVER,CLARENDON ST,E 45TH AVE,20,0,5,2018,2022,49.229376,-123.05492,0.0,True
VANCOUVER,CLARENDON ST,E 48TH AVE,1,0,0,2018,2018,49.225748,-123.056083,0.0,False
VANCOUVER,CLARENDON ST,E 49TH AVE,29,1,0,2018,2022,49.224813,-123.056139,0.0,False
VANCOUVER,CLARENDON ST,E 54TH AVE,6,0,0,2018,2022,49.220189,-123.056439,0.0,False
VANCOUVER,CLARENDON ST,GALT ST,3,0,0,2019,2020,49.241166,-123.05453,0.0,False
VANCOUVER,CLARENDON ST,KINGSWAY,15,0,0,2018,2022,49.240239,-123.054535,0.0,False
VANCOUVER,CLARENDON ST,WAVERLEY AVE,1,0,0,2022,2022,49.226867,-123.056019,0.0,False
VANCOUVER,CLARK DR,E 10TH AVE,41,1,18,2018,2022,49.261417,-123.077602,0.0,False
VANCOUVER,CLARK DR,E 11TH AVE,20,1,0,2018,2022,49.260518,-123.077534,0.0,False
VANCOUVER,CLARK DR,E 12TH AVE,374,4,2,2018,2022,49.259628,-123.077527,0.0,False
VANCOUVER,CLARK DR,E 13TH AVE,5,0,0,2018,2022,49.258737,-123.077586,0.0,False
VANCOUVER,CLARK DR,E 14TH AVE,7,0,0,2018,2022,49.25782,-123.077118,0.0,True
VANCOUVER,CLARK DR,E 15TH AVE,6,0,0,2018,2022,49.256691,-123.077721,0.0,False
VANCOUVER,CLARK DR,E 16TH AVE,3,0,0,2018,2020,49.256248,-123.077839,0.0,False
VANCOUVER,CLARK DR,E 17TH AVE,4,0,0,2018,2021,49.255337,-123.077868,0.0,False
VANCOUVER,CLARK DR,E 18TH AVE,5,1,0,2018,2022,49.254433,-123.077898,0.0,False
VANCOUVER,CLARK DR,E 19TH AVE,6,0,1,2018,2022,49.253524,-123.077932,0.0,False
VANCOUVER,CLARK DR,E 1ST AVE,475,4,16,2018,2022,49.269649,-123.077365,0.0,True
VANCOUVER,CLARK DR,E 20TH AVE,7,1,0,2018,2022,49.25263,-123.077961,0.0,False
VANCOUVER,CLARK DR,E 21ST AVE,6,0,0,2018,2022,49.251711,-123.077991,0.0,False
VANCOUVER,CLARK DR,E 22ND AVE,7,0,0,2018,2022,49.250837,-123.078022,0.0,False
VANCOUVER,CLARK DR,E 23RD AVE,6,0,0,2019,2022,49.249926,-123.078044,0.0,False
VANCOUVER,CLARK DR,E 24TH AVE,3,0,0,2020,2022,49.249015,-123.078074,0.0,False
VANCOUVER,CLARK DR,E 25TH AVE,1,0,0,2020,2020,49.248534,-123.078088,0.0,True
VANCOUVER,CLARK DR,E 2ND AVE,101,2,1,2018,2022,49.268754,-123.077385,0.0,False
VANCOUVER,CLARK DR,E 3RD AVE,69,0,0,2018,2022,49.267849,-123.07738,0.0,False
VANCOUVER,CLARK DR,E 4TH AVE,94,1,4,2018,2022,49.266943,-123.077407,0.0,False
VANCOUVER,CLARK DR,E 6TH AVE,196,1,5,2018,2022,49.265174,-123.077429,0.0,False
VANCOUVER,CLARK DR,E 7TH AVE,89,0,3,2018,2022,49.264234,-123.077487,0.0,False
VANCOUVER,CLARK DR,E 8TH AVE,28,0,0,2018,2022,49.263332,-123.077527,0.0,False
VANCOUVER,CLARK DR,E BROADWAY,374,11,4,2018,2022,49.262392,-123.077552,0.0,False
VANCOUVER,CLARK DR,E GEORGIA ST,27,0,0,2018,2022,49.278555,-123.077227,0.0,False
VANCOUVER,CLARK DR,E HASTINGS ST,292,14,6,2018,2022,49.281344,-123.0771,0.0,False
VANCOUVER,CLARK DR,E KING EDWARD AVE,5,0,0,2019,2022,49.248534,-123.078088,0.0,True
VANCOUVER,CLARK DR,E PENDER ST,40,2,2,2018,2022,49.280357,-123.077162,0.0,False
VANCOUVER,CLARK DR,FRANCES ST,37,3,1,2018,2022,49.279468,-123.077195,0.0,False
VANCOUVER,CLARK DR,FRANKLIN ST,20,1,0,2018,2022,49.282259,-123.077222,0.0,False
VANCOUVER,CLARK DR,GRANDVIEW HWY N,42,0,4,2018,2022,49.266296,-123.077412,0.0,False
VANCOUVER,CLARK DR,GRANDVIEW VIADUCT,2,0,0,2018,2022,49.269649,-123.077365,0.0,True
VANCOUVER,CLARK DR,GRANT ST,53,2,4,2018,2022,49.271501,-123.077338,0.0,False
VANCOUVER,CLARK DR,GRAVELEY ST,11,0,1,2018,2022,49.270564,-123.077353,0.0,False
VANCOUVER,CLARK DR,KINGSWAY,117,6,2,2018,2022,49.251162,-123.078009,0.0,False
VANCOUVER,CLARK DR,KNIGHT ST,8,0,0,2018,2021,49.25782,-123.077118,0.0,True
VANCOUVER,CLARK DR,NAPIER ST,32,0,0,2018,2022,49.274941,-123.077297,0.0,False
VANCOUVER,CLARK DR,PARKER ST,40,0,2,2018,2022,49.275854,-123.077288,0.0,False
VANCOUVER,CLARK DR,POWELL ST,120,0,0,2018,2022,49.283064,-123.077105,0.0,False
VANCOUVER,CLARK DR,STEWART ST,15,0,0,2018,2022,49.283966,-123.075796,11.96391814261242,False
VANCOUVER,CLARK DR,VENABLES ST,341,3,1,2018,2022,49.276759,-123.077265,0.0,False
VANCOUVER,CLARK DR,WILLIAM ST,49,3,0,2018,2022,49.27404,-123.077299,0.0,False
VANCOUVER,CLIVE AVE,MCHARDY ST,2,0,0,2020,2021,49.239003,-123.035103,0.0,False
VANCOUVER,COAL HARBOUR QUAY,NICOLA ST,1,0,0,2018,2018,49.2911,-123.127533,0.0,False
VANCOUVER,COLLEGE ST,E 41ST AVE,8,0,0,2018,2022,49.232947,-123.044505,0.0,False
VANCOUVER,COLLEGE ST,KINGSWAY,20,0,2,2018,2022,49.236056,-123.044366,0.0,True
VANCOUVER,COLLEGE ST,SCHOOL AVE,3,0,1,2018,2022,49.236056,-123.044366,0.0,True
VANCOUVER,COLLINGWOOD PL,COLLINGWOOD ST,2,0,0,2020,2021,49.231684,-123.182065,0.0,False
VANCOUVER,COLLINGWOOD ST,POINT GREY RD,1,0,0,2022,2022,49.271966,-123.181598,0.0,False
VANCOUVER,COLLINGWOOD ST,SW MARINE DR,25,0,3,2018,2022,49.230144,-123.182012,0.0,False
VANCOUVER,COLLINGWOOD ST,W 10TH AVE,15,0,0,2018,2022,49.26342,-123.181884,0.0,False
VANCOUVER,COLLINGWOOD ST,W 11TH AVE,4,0,0,2019,2022,49.262487,-123.181916,0.0,False
VANCOUVER,COLLINGWOOD ST,W 12TH AVE,2,0,0,2019,2019,49.261615,-123.181958,0.0,False
VANCOUVER,COLLINGWOOD ST,W 13TH AVE,1,0,0,2018,2018,49.260699,-123.181976,0.0,False
VANCOUVER,COLLINGWOOD ST,W 15TH AVE,2,0,0,2018,2021,49.258869,-123.182037,0.0,False
VANCOUVER,COLLINGWOOD ST,W 16TH AVE,10,0,0,2018,2021,49.257963,-123.18207,0.0,False
VANCOUVER,COLLINGWOOD ST,W 18TH AVE,1,0,0,2018,2018,49.256471,-123.181832,0.0,False
VANCOUVER,COLLINGWOOD ST,W 19TH AVE,1,0,0,2022,2022,49.255565,-123.181842,0.0,False
VANCOUVER,COLLINGWOOD ST,W 1ST AVE,1,0,1,2018,2018,49.271252,-123.181624,0.0,False
VANCOUVER,COLLINGWOOD ST,W 20TH AVE,3,0,0,2018,2019,49.254661,-123.181851,0.0,False
VANCOUVER,COLLINGWOOD ST,W 21ST AVE,3,0,1,2019,2021,49.253748,-123.181863,0.0,False
VANCOUVER,COLLINGWOOD ST,W 23RD AVE,5,0,0,2018,2022,49.251933,-123.18186,0.0,False
VANCOUVER,COLLINGWOOD ST,W 24TH AVE,1,0,0,2018,2018,49.25104,-123.181858,0.0,False
VANCOUVER,COLLINGWOOD ST,W 25TH AVE,1,0,0,2021,2021,49.250047,-123.181839,0.0,True
VANCOUVER,COLLINGWOOD ST,W 27TH AVE,3,0,0,2019,2022,49.248059,-123.18184,0.0,False
VANCOUVER,COLLINGWOOD ST,W 28TH AVE,1,0,0,2022,2022,49.247114,-123.181911,0.0,False
VANCOUVER,COLLINGWOOD ST,W 29TH AVE,3,0,0,2018,2022,49.246162,-123.181936,0.0,False
VANCOUVER,COLLINGWOOD ST,W 2ND AVE,7,2,0,2019,2022,49.270348,-123.181644,0.0,False
VANCOUVER,COLLINGWOOD ST,W 30TH AVE,2,0,0,2019,2021,49.245194,-123.181947,0.0,False
VANCOUVER,COLLINGWOOD ST,W 31ST AVE,1,0,0,2019,2019,49.244258,-123.181958,0.0,False
VANCOUVER,COLLINGWOOD ST,W 32ND AVE,1,0,0,2021,2021,49.243307,-123.18193,0.0,False
VANCOUVER,COLLINGWOOD ST,W 33RD AVE,12,0,1,2018,2022,49.242353,-123.181971,0.0,False
VANCOUVER,COLLINGWOOD ST,W 34TH AVE,2,0,0,2020,2021,49.241407,-123.181956,0.0,False
VANCOUVER,COLLINGWOOD ST,W 35TH AVE,1,0,0,2018,2018,49.240466,-123.181965,0.0,False
VANCOUVER,COLLINGWOOD ST,W 36TH AVE,2,0,0,2018,2022,49.239514,-123.181981,0.0,False
VANCOUVER,COLLINGWOOD ST,W 37TH AVE,2,0,0,2021,2022,49.238593,-123.181991,0.0,False
VANCOUVER,COLLINGWOOD ST,W 39TH AVE,1,0,0,2022,2022,49.236439,-123.182017,0.0,False
VANCOUVER,COLLINGWOOD ST,W 3RD AVE,4,0,0,2018,2022,49.269461,-123.181678,0.0,False
VANCOUVER,COLLINGWOOD ST,W 40TH AVE,4,0,0,2018,2022,49.235694,-123.182028,0.0,False
VANCOUVER,COLLINGWOOD ST,W 41ST AVE,32,1,0,2018,2022,49.234763,-123.182031,0.0,False
VANCOUVER,COLLINGWOOD ST,W 42ND AVE,4,0,0,2018,2022,49.23381,-123.182032,0.0,False
VANCOUVER,COLLINGWOOD ST,W 43RD AVE,1,0,0,2022,2022,49.232882,-123.182067,0.0,False
VANCOUVER,COLLINGWOOD ST,W 48TH AVE,1,0,0,2021,2021,49.228544,-123.182102,0.0,False
VANCOUVER,COLLINGWOOD ST,W 49TH AVE,2,0,0,2018,2019,49.227455,-123.182164,0.0,False
VANCOUVER,COLLINGWOOD ST,W 4TH AVE,70,0,3,2018,2022,49.268561,-123.181736,0.0,False
VANCOUVER,COLLINGWOOD ST,W 5TH AVE,1,0,0,2022,2022,49.267688,-123.181741,0.0,False
VANCOUVER,COLLINGWOOD ST,W 7TH AVE,3,0,0,2019,2022,49.265994,-123.181799,0.0,False
VANCOUVER,COLLINGWOOD ST,W 8TH AVE,8,0,0,2019,2021,49.265177,-123.181828,0.0,False
VANCOUVER,COLLINGWOOD ST,W BROADWAY,22,0,0,2018,2022,49.264303,-123.181856,0.0,False
VANCOUVER,COLLINGWOOD ST,W KING EDWARD AVE,10,0,0,2018,2022,49.250047,-123.181839,0.0,True
VANCOUVER,COLUMBIA ST,E CORDOVA ST,35,3,2,2018,2021,49.282345,-123.102224,0.0,False
VANCOUVER,COLUMBIA ST,E HASTINGS ST,84,8,9,2018,2022,49.281401,-123.102263,0.0,False
VANCOUVER,COLUMBIA ST,E PENDER ST,49,1,5,2018,2022,49.280443,-123.102269,0.0,False
VANCOUVER,COLUMBIA ST,KEEFER ST,20,1,3,2018,2022,49.279286,-123.102155,0.0,True
VANCOUVER,COLUMBIA ST,POWELL ST,37,1,1,2018,2022,49.283241,-123.102183,0.0,False
VANCOUVER,COLUMBIA ST,QUEBEC ST,1,0,0,2018,2018,49.279286,-123.102155,0.0,True
VANCOUVER,COLUMBIA ST,SW MARINE DR,25,0,0,2018,2022,49.21142,-123.112814,0.0,False
VANCOUVER,COLUMBIA ST,W 10TH AVE,7,0,3,2018,2021,49.26215,-123.109491,0.0,False
VANCOUVER,COLUMBIA ST,W 11TH AVE,4,0,0,2018,2022,49.261238,-123.109525,0.0,False
VANCOUVER,COLUMBIA ST,W 12TH AVE,32,0,0,2018,2022,49.260337,-123.109558,0.0,False
VANCOUVER,COLUMBIA ST,W 13TH AVE,3,0,0,2018,2022,49.259397,-123.109606,0.0,False
VANCOUVER,COLUMBIA ST,W 14TH AVE,2,0,0,2018,2022,49.258592,-123.109609,0.0,False
VANCOUVER,COLUMBIA ST,W 15TH AVE,2,0,0,2019,2022,49.25767,-123.109639,0.0,False
VANCOUVER,COLUMBIA ST,W 16TH AVE,11,0,0,2018,2022,49.256753,-123.109699,0.0,False
VANCOUVER,COLUMBIA ST,W 17TH AVE,4,0,0,2018,2020,49.255746,-123.109744,0.0,False
VANCOUVER,COLUMBIA ST,W 18TH AVE,11,0,1,2018,2022,49.25476,-123.109793,0.0,False
VANCOUVER,COLUMBIA ST,W 19TH AVE,3,0,0,2018,2020,49.253851,-123.109834,0.0,False
VANCOUVER,COLUMBIA ST,W 1ST AVE,28,0,4,2018,2022,49.270302,-123.109404,0.0,False
VANCOUVER,COLUMBIA ST,W 22ND AVE,3,0,0,2019,2020,49.251041,-123.109911,0.0,False
VANCOUVER,COLUMBIA ST,W 23RD AVE,2,0,0,2019,2022,49.250014,-123.109961,0.0,False
VANCOUVER,COLUMBIA ST,W 25TH AVE,1,0,0,2018,2018,49.248956,-123.11001,0.0,True
VANCOUVER,COLUMBIA ST,W 26TH AVE,3,0,0,2020,2022,49.247761,-123.110048,0.0,False
VANCOUVER,COLUMBIA ST,W 2ND AVE,114,2,2,2018,2022,49.26923,-123.109427,0.0,False
VANCOUVER,COLUMBIA ST,W 37TH AVE,2,0,0,2018,2020,49.237172,-123.110593,0.0,False
VANCOUVER,COLUMBIA ST,W 3RD AVE,12,0,0,2018,2022,49.26839,-123.109434,0.0,False
VANCOUVER,COLUMBIA ST,W 41ST AVE,26,0,0,2018,2022,49.233341,-123.110765,0.0,False
VANCOUVER,COLUMBIA ST,W 42ND AVE,3,0,0,2018,2022,49.232353,-123.110802,0.0,False
VANCOUVER,COLUMBIA ST,W 43RD AVE,1,0,0,2019,2019,49.231432,-123.110833,0.0,False
VANCOUVER,COLUMBIA ST,W 44TH AVE,3,0,0,2018,2019,49.23056,-123.110867,0.0,False
VANCOUVER,COLUMBIA ST,W 45TH AVE,1,0,0,2021,2021,49.229622,-123.11086,0.0,False
VANCOUVER,COLUMBIA ST,W 47TH AVE,1,0,0,2020,2020,49.227735,-123.110788,0.0,False
VANCOUVER,COLUMBIA ST,W 48TH AVE,2,0,0,2018,2019,49.226851,-123.110771,0.0,False
VANCOUVER,COLUMBIA ST,W 49TH AVE,16,0,0,2018,2022,49.225901,-123.110734,0.0,False
VANCOUVER,COLUMBIA ST,W 4TH AVE,14,0,1,2018,2022,49.26745,-123.109445,0.0,False
VANCOUVER,COLUMBIA ST,W 59TH AVE,7,0,0,2018,2022,49.216889,-123.112629,0.0,False
VANCOUVER,COLUMBIA ST,W 5TH AVE,23,0,2,2018,2022,49.266577,-123.109451,0.0,False
VANCOUVER,COLUMBIA ST,W 62ND AVE,10,0,0,2018,2022,49.214176,-123.112722,0.0,False
VANCOUVER,COLUMBIA ST,W 63RD AVE,5,0,0,2019,2022,49.213363,-123.112749,0.0,False
VANCOUVER,COLUMBIA ST,W 64TH AVE,3,0,0,2018,2021,49.212565,-123.112776,0.0,False
VANCOUVER,COLUMBIA ST,W 6TH AVE,15,0,2,2018,2022,49.265645,-123.109461,0.0,False
VANCOUVER,COLUMBIA ST,W 7TH AVE,44,1,1,2018,2022,49.264753,-123.109464,0.0,False
VANCOUVER,COLUMBIA ST,W 8TH AVE,27,2,1,2018,2022,49.263849,-123.109477,0.0,False
VANCOUVER,COLUMBIA ST,W BROADWAY,65,0,2,2018,2022,49.263119,-123.109484,0.0,False
VANCOUVER,COLUMBIA ST,W KING EDWARD AVE,23,0,3,2018,2022,49.248956,-123.11001,0.0,True
VANCOUVER,COLUMBIA ST,W WOODSTOCK AVE,1,0,0,2019,2019,49.233867,-123.110726,0.0,False
VANCOUVER,COLUMBIA ST,WALTER HARDWICK AVE,5,0,0,2019,2022,49.270977,-123.109397,0.0,False
VANCOUVER,COMMERCIAL DIVERS N,COMMERCIAL DR,1,0,0,2021,2021,49.27801,-123.07042,0.0,False
VANCOUVER,COMMERCIAL DIVERS N,VENABLES ST,1,0,0,2019,2019,49.276656,-123.06947,0.0,False
VANCOUVER,COMMERCIAL DR,COMMERCIAL ST,3,0,0,2019,2022,49.254248,-123.067997,0.0,True
VANCOUVER,COMMERCIAL DR,E 10TH AVE,70,3,7,2018,2022,49.26138,-123.069805,0.0,False
VANCOUVER,COMMERCIAL DR,E 11TH AVE,57,1,0,2018,2022,49.260447,-123.069828,0.0,False
VANCOUVER,COMMERCIAL DR,E 12TH AVE,252,3,3,2018,2022,49.259588,-123.069846,0.0,False
VANCOUVER,COMMERCIAL DR,E 13TH AVE,27,2,2,2018,2022,49.258687,-123.069859,0.0,False
VANCOUVER,COMMERCIAL DR,E 14TH AVE,27,1,0,2018,2022,49.257754,-123.069867,0.0,False
VANCOUVER,COMMERCIAL DR,E 15TH AVE,9,0,0,2018,2022,49.256845,-123.069877,0.0,False
VANCOUVER,COMMERCIAL DR,E 16TH AVE,10,1,0,2018,2022,49.256364,-123.069821,0.0,False
VANCOUVER,COMMERCIAL DR,E 18TH AVE,17,1,0,2018,2022,49.254248,-123.067997,0.0,True
VANCOUVER,COMMERCIAL DR,E 1ST AVE,411,6,4,2018,2022,49.269586,-123.069675,0.0,False
VANCOUVER,COMMERCIAL DR,E 2ND AVE,98,0,3,2018,2022,49.2687,-123.069673,0.0,False
VANCOUVER,COMMERCIAL DR,E 3RD AVE,77,6,2,2018,2022,49.267792,-123.069678,0.0,False
VANCOUVER,COMMERCIAL DR,E 4TH AVE,50,2,3,2018,2022,49.266982,-123.069697,0.0,False
VANCOUVER,COMMERCIAL DR,E 5TH AVE,42,2,2,2018,2022,49.265887,-123.06972,0.0,False
VANCOUVER,COMMERCIAL DR,E 6TH AVE,70,3,3,2018,2022,49.265079,-123.06974,0.0,False
VANCOUVER,COMMERCIAL DR,E 7TH AVE,31,0,0,2018,2022,49.264168,-123.069758,0.0,False
VANCOUVER,COMMERCIAL DR,E 8TH AVE,14,0,0,2018,2022,49.262926,-123.069784,0.0,False
VANCOUVER,COMMERCIAL DR,E 9TH AVE,2,1,0,2018,2020,49.262326,-123.069794,0.0,True
VANCOUVER,COMMERCIAL DR,E BROADWAY,505,29,3,2018,2022,49.262326,-123.069794,0.0,True
VANCOUVER,COMMERCIAL DR,E GEORGIA ST,11,1,0,2018,2022,49.278482,-123.070471,0.0,False
VANCOUVER,COMMERCIAL DR,E HASTINGS ST,153,6,4,2018,2022,49.281248,-123.070399,0.0,False
VANCOUVER,COMMERCIAL DR,E PENDER ST,21,1,3,2018,2022,49.280284,-123.070428,0.0,False
VANCOUVER,COMMERCIAL DR,FINDLAY ST,4,1,0,2018,2022,49.254248,-123.067997,0.0,True
VANCOUVER,COMMERCIAL DR,FRANCES ST,11,0,1,2018,2022,49.279379,-123.070451,0.0,False
VANCOUVER,COMMERCIAL DR,FRANKLIN ST,19,1,0,2018,2022,49.282184,-123.070378,0.0,False
VANCOUVER,COMMERCIAL DR,GRANDVIEW HWY N,45,1,5,2018,2022,49.263743,-123.069767,0.0,False
VANCOUVER,COMMERCIAL DR,GRANT ST,72,3,3,2018,2022,49.271372,-123.069625,0.0,False
VANCOUVER,COMMERCIAL DR,GRAVELEY ST,64,5,2,2018,2022,49.270499,-123.069649,0.0,False
VANCOUVER,COMMERCIAL DR,KITCHENER ST,59,4,0,2018,2022,49.272138,-123.069607,0.0,False
VANCOUVER,COMMERCIAL DR,MCSPADDEN AVE,12,0,0,2018,2022,49.266436,-123.06971,0.0,False
VANCOUVER,COMMERCIAL DR,NAPIER ST,45,1,3,2018,2022,49.274864,-123.069545,0.0,False
VANCOUVER,COMMERCIAL DR,PANDORA ST,7,0,0,2018,2021,49.283083,-123.070348,0.0,False
VANCOUVER,COMMERCIAL DR,PARKER ST,37,1,0,2018,2022,49.275761,-123.069532,0.0,False
VANCOUVER,COMMERCIAL DR,POWELL ST,92,4,1,2018,2022,49.283863,-123.070348,0.0,False
VANCOUVER,COMMERCIAL DR,VENABLES ST,103,2,3,2018,2022,49.276673,-123.070461,0.0,False
VANCOUVER,COMMERCIAL DR,VICTORIA DIVERS,12,2,1,2018,2022,49.254248,-123.067997,0.0,True
VANCOUVER,COMMERCIAL DR,WILLIAM ST,47,0,2,2018,2022,49.273951,-123.069559,0.0,False
VANCOUVER,COMMERCIAL ST,E 18TH AVE,3,0,0,2018,2020,49.254248,-123.067997,0.0,True
VANCOUVER,COMMERCIAL ST,E 20TH AVE,7,0,0,2018,2022,49.252409,-123.068048,0.0,True
VANCOUVER,COMMERCIAL ST,E 22ND AVE,9,0,0,2018,2022,49.250311,-123.06797,0.0,False
VANCOUVER,COMMERCIAL ST,E 28TH AVE,3,0,0,2018,2019,49.245,-123.067888,0.0,False
VANCOUVER,COMMERCIAL ST,E 29TH AVE,2,0,0,2019,2022,49.243975,-123.067955,0.0,False
VANCOUVER,COMMERCIAL ST,E 32ND AVE,7,0,0,2018,2021,49.241554,-123.068006,0.0,False
VANCOUVER,COMMERCIAL ST,E 33RD AVE,32,0,0,2018,2022,49.240097,-123.068015,0.0,False
VANCOUVER,COMMERCIAL ST,E 34TH AVE,7,0,0,2018,2022,49.239269,-123.068534,0.0,False
VANCOUVER,COMMERCIAL ST,E 35TH AVE,5,0,0,2018,2022,49.238376,-123.068571,0.0,False
VANCOUVER,COMMERCIAL ST,E 36TH AVE,1,0,0,2021,2021,49.237551,-123.068598,0.0,False
VANCOUVER,COMMERCIAL ST,E 37TH AVE,8,0,0,2018,2022,49.236727,-123.068619,0.0,False
VANCOUVER,COMMERCIAL ST,E 38TH AVE,4,0,0,2018,2020,49.23527,-123.068642,0.0,False
VANCOUVER,COMMERCIAL ST,E 39TH AVE,6,0,0,2018,2022,49.234611,-123.068652,0.0,False
VANCOUVER,COMMERCIAL ST,E 40TH AVE,5,0,0,2018,2022,49.233617,-123.068666,0.0,False
VANCOUVER,COMMERCIAL ST,E 41ST AVE,57,3,0,2018,2022,49.2326,-123.068686,0.0,False
VANCOUVER,COMMERCIAL ST,E 43RD AVE,5,1,0,2018,2022,49.230535,-123.068781,0.0,False
VANCOUVER,COMMERCIAL ST,E 45TH AVE,2,0,0,2018,2021,49.228978,-123.068319,0.0,False
VANCOUVER,COMMERCIAL ST,E 47TH AVE,3,1,1,2018,2020,49.227644,-123.068355,0.0,False
VANCOUVER,COMMERCIAL ST,E 49TH AVE,29,0,0,2018,2022,49.225192,-123.069052,0.0,False
VANCOUVER,COMMERCIAL ST,E 50TH AVE,1,0,0,2018,2018,49.224294,-123.069035,0.0,False
VANCOUVER,COMMERCIAL ST,E 51ST AVE,4,1,0,2018,2021,49.223472,-123.069069,0.0,False
VANCOUVER,COMMERCIAL ST,E 53RD AVE,1,0,0,2019,2019,49.221841,-123.069133,0.0,False
VANCOUVER,COMMERCIAL ST,E 55TH AVE,2,0,0,2019,2019,49.220327,-123.069192,0.0,False
VANCOUVER,COMMERCIAL ST,FINDLAY ST,1,0,0,2021,2021,49.254248,-123.067997,0.0,True
VANCOUVER,COMMERCIAL ST,KINGSWAY,54,0,1,2018,2022,49.246389,-123.067834,0.0,False
VANCOUVER,COMMERCIAL ST,STAINSBURY AVE,6,0,1,2019,2022,49.252409,-123.068048,0.0,True
VANCOUVER,COMMERCIAL ST,VICTORIA DIVERS,9,0,0,2019,2022,49.254248,-123.067997,0.0,True
VANCOUVER,COMMISSIONER ST,MCGILL ST,77,0,0,2018,2022,49.288899,-123.040609,0.0,False
VANCOUVER,COMMISSIONER ST,NEW BRIGHTON RD,9,0,0,2019,2022,49.290852,-123.041402,0.0,False
VANCOUVER,COMMISSIONER ST,STEWART ST,3,1,0,2020,2021,49.285484,-123.065517,0.0,False
VANCOUVER,COMMODORE RD,MOBERLY RD,8,0,2,2018,2022,49.266965,-123.11792,0.0,False
VANCOUVER,COMMODORE RD,SPYGLASS PL,6,0,1,2018,2022,49.267917,-123.115317,0.0,False
VANCOUVER,COMOX ST,DENMAN ST,50,4,3,2018,2022,49.288672,-123.139697,0.0,False
VANCOUVER,COMOX ST,GILFORD ST,9,0,0,2018,2022,49.289694,-123.141267,0.0,False
VANCOUVER,COMOX ST,JERVIS ST,10,1,0,2018,2022,49.284212,-123.13283,0.0,False
VANCOUVER,COMOX ST,NICOLA ST,7,1,5,2018,2022,49.285856,-123.135376,0.0,False
VANCOUVER,COMOX ST,THURLOW ST,35,2,1,2018,2022,49.281793,-123.129097,0.0,False
VANCOUVER,CONNAUGHT DR,GRANVILLE ST,31,0,0,2018,2022,49.24536,-123.139167,0.0,True
VANCOUVER,CONNAUGHT DR,HUDSON ST,3,0,0,2018,2021,49.244988,-123.13537,0.0,False
VANCOUVER,CONNAUGHT DR,OAK ST,19,1,0,2018,2022,49.243577,-123.127684,0.0,False
VANCOUVER,CONNAUGHT DR,W 32ND AVE,2,0,1,2022,2022,49.242975,-123.142112,0.0,False
VANCOUVER,CONNAUGHT DR,W 33RD AVE,28,0,0,2018,2022,49.241916,-123.142356,0.0,False
VANCOUVER,CONNAUGHT DR,W 34TH AVE,2,0,0,2018,2020,49.240909,-123.142439,0.0,False
VANCOUVER,CONNAUGHT DR,W 35TH AVE,4,0,0,2018,2022,49.240021,-123.142482,0.0,False
VANCOUVER,CONNAUGHT DR,W 36TH AVE,2,0,0,2021,2022,49.239075,-123.142545,0.0,False
VANCOUVER,CONNAUGHT DR,W 37TH AVE,8,0,3,2018,2022,49.238082,-123.142029,0.0,False
VANCOUVER,CONTINENTAL ST,DRAKE ST,13,1,0,2018,2022,49.276458,-123.128326,0.0,False
VANCOUVER,CONTINENTAL ST,GRANVILLE BRIDGE,1,0,0,2021,2021,49.27437,-123.130523,0.0,False
VANCOUVER,COOK ST,W 1ST AVE,6,0,1,2018,2022,49.26985,-123.110893,0.0,False
VANCOUVER,COOK ST,W 2ND AVE,11,1,2,2018,2022,49.269031,-123.109955,0.0,False
VANCOUVER,COOPERAGE WAY,MARINASIDE CRES,4,0,0,2018,2019,49.273583,-123.114882,0.0,False
VANCOUVER,COOPERAGE WAY,SMITHE MEWS,1,0,0,2021,2021,49.274504,-123.11252,0.0,True
VANCOUVER,COOPERAGE WAY,SMITHE ST,9,0,0,2018,2022,49.274504,-123.11252,0.0,True
VANCOUVER,COOPERATIVE WAY,SLOCAN ST,2,0,1,2018,2019,49.257409,-123.049558,0.0,False
VANCOUVER,COPLEY ST,E 15TH AVE,3,1,0,2018,2021,49.256607,-123.055007,0.0,False
VANCOUVER,COPLEY ST,E 17TH AVE,2,0,0,2019,2022,49.25486,-123.055253,0.0,False
VANCOUVER,COPLEY ST,E 18TH AVE,1,0,0,2019,2019,49.25405,-123.055781,0.0,False
VANCOUVER,COPLEY ST,E 19TH AVE,3,0,0,2018,2021,49.253441,-123.056177,0.0,False
VANCOUVER,COPLEY ST,GRANDVIEW HWY S,12,0,0,2018,2022,49.257533,-123.055007,0.0,False
VANCOUVER,COPLEY ST,NANAIMO ST,21,0,1,2018,2022,49.252878,-123.05659,0.0,False
VANCOUVER,COQUIHALLA DR,E 49TH AVE,3,0,0,2018,2021,49.222503,-123.026867,0.0,False
VANCOUVER,CORAL REEF PL,PORTSIDE DR,2,0,0,2020,2020,49.206584,-123.061431,0.0,False
VANCOUVER,CORDIALE DR,MATHESON CRES,2,0,0,2019,2019,49.210051,-123.027682,0.0,False
VANCOUVER,CORDOVA DIVERS,E CORDOVA ST,6,0,0,2018,2022,49.282047,-123.087109,51.97497486902379,True
VANCOUVER,CORDOVA DIVERS,HAWKS AVE,3,0,0,2021,2022,49.282047,-123.087109,0.0,True
VANCOUVER,CORDOVA DIVERS,POWELL ST,18,0,1,2018,2022,49.28273,-123.085029,0.0,False
VANCOUVER,CORNETT RD,SKEENA ST,10,0,0,2019,2022,49.261181,-123.028505,0.0,False
VANCOUVER,CORNISH ST,SW MARINE DR,17,0,0,2018,2022,49.208553,-123.142154,0.0,True
VANCOUVER,CORNISH ST,W 68TH AVE,3,0,1,2019,2021,49.210541,-123.142039,0.0,False
VANCOUVER,CORNISH ST,W 70TH AVE,8,1,0,2018,2022,49.208553,-123.142154,0.0,True
VANCOUVER,CORNWALL AVE,CYPRESS ST,112,5,5,2018,2022,49.272475,-123.147806,0.0,False
VANCOUVER,CORNWALL AVE,LABURNUM ST,6,0,1,2018,2022,49.272531,-123.151417,0.0,False
VANCOUVER,CORNWALL AVE,LARCH ST,13,0,0,2018,2022,49.272694,-123.162103,0.0,False
VANCOUVER,CORNWALL AVE,MAPLE ST,48,3,4,2018,2022,49.272513,-123.150222,0.0,False
VANCOUVER,CORNWALL AVE,POINT GREY RD,6,0,2,2018,2021,49.272717,-123.164369,0.0,True
VANCOUVER,CORNWALL AVE,TRAFALGAR ST,10,0,0,2018,2021,49.272717,-123.164369,0.0,True
VANCOUVER,CORNWALL AVE,VINE ST,20,1,1,2018,2022,49.272622,-123.157361,0.0,False
VANCOUVER,CORNWALL AVE,WALNUT ST,24,0,3,2018,2022,49.272494,-123.148977,0.0,False
VANCOUVER,CORNWALL AVE,YEW ST,32,1,3,2018,2022,49.272584,-123.154979,0.0,False
VANCOUVER,CORSICA WAY,SE MARINE DR,8,0,0,2018,2022,49.207936,-123.029309,0.0,False
VANCOUVER,COTTON DR,E 1ST AVE,37,1,0,2018,2022,49.269601,-123.071574,0.0,False
VANCOUVER,COTTON DR,E 2ND AVE,2,0,0,2018,2021,49.268715,-123.071589,0.0,False
VANCOUVER,COTTON DR,E 3RD AVE,1,0,0,2022,2022,49.267808,-123.071605,0.0,False
VANCOUVER,COTTON DR,GRANT ST,8,0,0,2018,2022,49.271429,-123.071545,0.0,False
VANCOUVER,COTTON DR,GRAVELEY ST,9,0,0,2018,2022,49.270511,-123.071561,0.0,False
VANCOUVER,COTTON DR,KITCHENER ST,3,0,0,2018,2022,49.272147,-123.071526,0.0,False
VANCOUVER,COTTON DR,VENABLES ST,14,0,1,2018,2022,49.276683,-123.071416,0.0,False
VANCOUVER,COTTON DR,WILLIAM ST,8,1,1,2018,2022,49.273964,-123.071492,0.0,False
VANCOUVER,COTTRELL ST,TERMINAL AVE,35,0,0,2018,2022,49.269861,-123.083872,0.0,False
VANCOUVER,COURTENAY ST,W 10TH AVE,5,0,0,2018,2021,49.263699,-123.200081,0.0,False
VANCOUVER,COURTENAY ST,W 11TH AVE,4,0,0,2018,2022,49.262787,-123.200017,0.0,False
VANCOUVER,COURTENAY ST,W 12TH AVE,1,0,0,2019,2019,49.261883,-123.200046,0.0,False
VANCOUVER,COURTENAY ST,W 13TH AVE,4,0,0,2018,2021,49.260969,-123.200078,0.0,False
VANCOUVER,COURTENAY ST,W 15TH AVE,1,0,0,2019,2019,49.259142,-123.20014,0.0,False
VANCOUVER,COURTENAY ST,W 16TH AVE,13,0,0,2018,2021,49.258157,-123.200152,0.0,False
VANCOUVER,COURTENAY ST,W 8TH AVE,2,0,0,2018,2022,49.265444,-123.201381,0.0,False
VANCOUVER,COURTENAY ST,W 9TH AVE,5,0,0,2018,2020,49.264585,-123.201199,0.0,False
VANCOUVER,CRANBERRY DR,SALAL DR,4,0,0,2018,2022,49.261535,-123.15374,0.0,False
VANCOUVER,CRANBERRY DR,W 10TH AVE,1,0,1,2022,2022,49.262873,-123.1538,0.0,False
VANCOUVER,CRANBERRY DR,W 11TH AVE,5,0,0,2018,2019,49.261952,-123.153643,0.0,False
VANCOUVER,CREE ST,E 41ST AVE,2,0,0,2019,2019,49.233034,-123.100002,0.0,False
VANCOUVER,CREEKSIDE DR,PENNYFARTHING DR,2,0,0,2018,2018,49.272778,-123.140908,0.0,False
VANCOUVER,CREEKSIDE DR,W 1ST AVE,6,0,2,2018,2022,49.271378,-123.140233,0.0,False
VANCOUVER,CREELMAN AVE,CYPRESS ST,10,1,2,2018,2022,49.274462,-123.147747,0.0,False
VANCOUVER,CREELMAN AVE,LABURNUM ST,1,0,0,2022,2022,49.274512,-123.15134,0.0,False
VANCOUVER,CREELMAN AVE,MAPLE ST,10,0,2,2018,2022,49.274492,-123.150128,0.0,False
VANCOUVER,CREELMAN AVE,WALNUT ST,5,0,0,2018,2022,49.274471,-123.148901,0.0,False
VANCOUVER,CROMPTON ST,E 66TH AVE,1,0,0,2020,2020,49.210129,-123.080737,0.0,False
VANCOUVER,CROMPTON ST,E KENT AVE N,13,0,0,2018,2022,49.20906,-123.080791,0.0,False
VANCOUVER,CROMPTON ST,E KENT AVE S,3,0,0,2018,2019,49.208804,-123.080804,0.0,False
VANCOUVER,CROMPTON ST,SE MARINE DR,32,0,0,2018,2022,49.211105,-123.080694,0.0,False
VANCOUVER,CROWE ST,W 1ST AVE,10,0,0,2018,2022,49.269014,-123.112326,0.0,False
VANCOUVER,CROWE ST,W 2ND AVE,43,1,1,2018,2022,49.268259,-123.1115,0.0,False
VANCOUVER,CROWLEY DR,GASTON ST,8,1,0,2018,2021,49.236631,-123.030641,0.0,False
VANCOUVER,CROWLEY DR,JOYCE ST,44,2,0,2018,2022,49.237472,-123.032577,0.0,False
VANCOUVER,CROWLEY DR,MELBOURNE ST,6,0,0,2019,2022,49.235852,-123.028877,0.0,False
VANCOUVER,CROWLEY DR,OBEN ST,4,0,0,2018,2021,49.235017,-123.026985,0.0,False
VANCOUVER,CROWLEY DR,TYNE ST,7,1,0,2019,2021,49.236224,-123.02976,0.0,False
VANCOUVER,CROWN CRES,W 8TH AVE,5,0,0,2018,2022,49.265416,-123.199799,0.0,False
VANCOUVER,CROWN ST,STAUTLO AVE,1,0,0,2019,2019,49.229467,-123.195163,0.0,False
VANCOUVER,CROWN ST,SW MARINE DR,29,0,1,2018,2022,49.233695,-123.193751,0.0,False
VANCOUVER,CROWN ST,W 10TH AVE,27,1,0,2018,2022,49.263624,-123.193912,0.0,False
VANCOUVER,CROWN ST,W 11TH AVE,1,0,0,2019,2019,49.26266,-123.193942,0.0,False
VANCOUVER,CROWN ST,W 12TH AVE,3,0,0,2019,2022,49.261786,-123.193981,0.0,False
VANCOUVER,CROWN ST,W 13TH AVE,4,0,0,2019,2022,49.260875,-123.194036,0.0,False
VANCOUVER,CROWN ST,W 14TH AVE,13,0,0,2018,2022,49.259971,-123.194064,0.0,False
VANCOUVER,CROWN ST,W 15TH AVE,7,0,0,2018,2022,49.259022,-123.194094,0.0,False
VANCOUVER,CROWN ST,W 16TH AVE,42,0,1,2018,2022,49.258069,-123.194126,0.0,False
VANCOUVER,CROWN ST,W 17TH AVE,3,0,0,2020,2022,49.257479,-123.193563,0.0,False
VANCOUVER,CROWN ST,W 18TH AVE,2,0,0,2020,2021,49.25651,-123.193569,0.0,False
VANCOUVER,CROWN ST,W 19TH AVE,1,0,0,2021,2021,49.255599,-123.193576,0.0,False
VANCOUVER,CROWN ST,W 20TH AVE,1,0,0,2021,2021,49.254716,-123.193581,0.0,False
VANCOUVER,CROWN ST,W 21ST AVE,2,0,0,2021,2022,49.2538,-123.193586,0.0,False
VANCOUVER,CROWN ST,W 23RD AVE,2,0,0,2018,2019,49.252006,-123.193617,0.0,False
VANCOUVER,CROWN ST,W 24TH AVE,2,0,0,2018,2019,49.251086,-123.193622,0.0,False
VANCOUVER,CROWN ST,W 27TH AVE,6,0,1,2018,2021,49.24811,-123.193624,0.0,False
VANCOUVER,CROWN ST,W 28TH AVE,4,0,0,2019,2021,49.247158,-123.193627,0.0,False
VANCOUVER,CROWN ST,W 29TH AVE,1,0,0,2022,2022,49.246205,-123.193639,0.0,False
VANCOUVER,CROWN ST,W 30TH AVE,2,0,0,2021,2022,49.245254,-123.193652,0.0,False
VANCOUVER,CROWN ST,W 32ND AVE,2,0,0,2018,2020,49.243355,-123.193667,0.0,False
VANCOUVER,CROWN ST,W 33RD AVE,4,0,0,2018,2022,49.242424,-123.193672,0.0,False
VANCOUVER,CROWN ST,W 36TH AVE,2,0,0,2018,2018,49.239564,-123.193685,0.0,False
VANCOUVER,CROWN ST,W 38TH AVE,2,0,0,2018,2019,49.237615,-123.193705,0.0,False
VANCOUVER,CROWN ST,W 39TH AVE,1,0,0,2019,2019,49.236452,-123.193711,0.0,False
VANCOUVER,CROWN ST,W 40TH AVE,3,0,0,2018,2020,49.235622,-123.193717,0.0,False
VANCOUVER,CROWN ST,W 41ST AVE,18,1,0,2018,2022,49.234772,-123.193723,0.0,False
VANCOUVER,CROWN ST,W KING EDWARD AVE,5,0,0,2018,2021,49.250083,-123.193612,0.0,False
VANCOUVER,CULLODEN ST,E 29TH AVE,3,0,0,2019,2022,49.244582,-123.078879,0.0,False
VANCOUVER,CULLODEN ST,E 31ST AVE,1,0,1,2019,2019,49.242516,-123.078941,0.0,False
VANCOUVER,CULLODEN ST,E 33RD AVE,14,1,0,2018,2022,49.240216,-123.078983,0.0,False
VANCOUVER,CULLODEN ST,E 35TH AVE,11,1,0,2018,2022,49.238563,-123.079066,0.0,False
VANCOUVER,CULLODEN ST,E 36TH AVE,4,0,0,2018,2022,49.237727,-123.079094,0.0,False
VANCOUVER,CULLODEN ST,E 37TH AVE,3,0,1,2018,2020,49.236868,-123.079122,0.0,False
VANCOUVER,CULLODEN ST,E 39TH AVE,4,0,0,2019,2020,49.234807,-123.078344,0.0,False
VANCOUVER,CULLODEN ST,E 41ST AVE,30,0,0,2018,2022,49.232755,-123.078413,0.0,False
VANCOUVER,CULLODEN ST,E 43RD AVE,3,0,0,2018,2020,49.230743,-123.078483,0.0,False
VANCOUVER,CULLODEN ST,E 45TH AVE,1,0,0,2018,2018,49.229024,-123.078541,0.0,False
VANCOUVER,CULLODEN ST,E 49TH AVE,20,0,1,2018,2022,49.225305,-123.078683,0.0,False
VANCOUVER,CULLODEN ST,E 51ST AVE,2,0,0,2018,2018,49.223408,-123.07875,0.0,False
VANCOUVER,CULLODEN ST,E 53RD AVE,7,0,1,2018,2022,49.221816,-123.078809,0.0,False
VANCOUVER,CULLODEN ST,E 54TH AVE,3,0,0,2019,2022,49.220462,-123.078859,0.0,False
VANCOUVER,CULLODEN ST,E 55TH AVE,2,0,0,2021,2021,49.219584,-123.078714,0.0,False
VANCOUVER,CULLODEN ST,E 57TH AVE,15,0,0,2018,2022,49.218138,-123.078567,0.0,False
VANCOUVER,CULLODEN ST,E 59TH AVE,4,0,0,2018,2022,49.216404,-123.07858,0.0,False
VANCOUVER,CYPRESS CRES,CYPRESS ST,1,0,0,2022,2022,49.249673,-123.148797,0.0,True
VANCOUVER,CYPRESS ST,GREER AVE,6,1,0,2018,2021,49.273519,-123.147767,0.0,False
VANCOUVER,CYPRESS ST,MAPLE CRES,3,0,0,2019,2022,49.246276,-123.148915,0.0,False
VANCOUVER,CYPRESS ST,MATTHEWS AVE,1,0,1,2021,2021,49.251133,-123.148658,0.0,False
VANCOUVER,CYPRESS ST,MCNICOLL AVE,2,0,0,2018,2020,49.27622,-123.147678,0.0,False
VANCOUVER,CYPRESS ST,NANTON AVE,3,0,0,2020,2022,49.247568,-123.148895,0.0,False
VANCOUVER,CYPRESS ST,W 10TH AVE,6,1,0,2018,2021,49.262787,-123.14818,0.0,False
VANCOUVER,CYPRESS ST,W 11TH AVE,6,0,1,2018,2022,49.261866,-123.148213,0.0,False
VANCOUVER,CYPRESS ST,W 12TH AVE,28,2,2,2018,2022,49.260976,-123.14825,0.0,False
VANCOUVER,CYPRESS ST,W 13TH AVE,3,0,0,2018,2022,49.259969,-123.148287,0.0,False
VANCOUVER,CYPRESS ST,W 14TH AVE,2,0,0,2020,2021,49.259096,-123.148334,0.0,False
VANCOUVER,CYPRESS ST,W 15TH AVE,3,0,0,2018,2021,49.258122,-123.148356,0.0,False
VANCOUVER,CYPRESS ST,W 16TH AVE,17,1,1,2018,2022,49.257221,-123.148371,0.0,False
VANCOUVER,CYPRESS ST,W 18TH AVE,1,0,0,2021,2021,49.25531,-123.14845,0.0,False
VANCOUVER,CYPRESS ST,W 1ST AVE,33,2,2,2018,2022,49.270704,-123.147876,0.0,False
VANCOUVER,CYPRESS ST,W 2ND AVE,9,0,4,2018,2021,49.269825,-123.147908,0.0,False
VANCOUVER,CYPRESS ST,W 33RD AVE,2,0,0,2019,2022,49.242052,-123.149436,0.0,True
VANCOUVER,CYPRESS ST,W 36TH AVE,2,0,0,2022,2022,49.239089,-123.148771,0.0,False
VANCOUVER,CYPRESS ST,W 37TH AVE,1,0,0,2021,2021,49.23819,-123.148948,0.0,False
VANCOUVER,CYPRESS ST,W 3RD AVE,15,3,2,2018,2022,49.268954,-123.147945,0.0,False
VANCOUVER,CYPRESS ST,W 41ST AVE,12,0,0,2018,2022,49.234485,-123.149229,0.0,False
VANCOUVER,CYPRESS ST,W 42ND AVE,2,0,0,2020,2021,49.23345,-123.149265,0.0,False
VANCOUVER,CYPRESS ST,W 43RD AVE,3,0,0,2021,2022,49.232608,-123.149295,0.0,False
VANCOUVER,CYPRESS ST,W 45TH AVE,6,0,0,2019,2021,49.23077,-123.14936,0.0,False
VANCOUVER,CYPRESS ST,W 47TH AVE,6,0,0,2018,2022,49.22891,-123.149426,0.0,False
VANCOUVER,CYPRESS ST,W 49TH AVE,4,0,0,2019,2022,49.227092,-123.149489,0.0,False
VANCOUVER,CYPRESS ST,W 4TH AVE,125,2,2,2018,2022,49.268045,-123.147977,0.0,False
VANCOUVER,CYPRESS ST,W 50TH AVE,1,0,0,2018,2018,49.225771,-123.149527,0.0,False
VANCOUVER,CYPRESS ST,W 54TH AVE,1,0,0,2022,2022,49.221816,-123.149636,0.0,False
VANCOUVER,CYPRESS ST,W 57TH AVE,11,1,0,2018,2022,49.219479,-123.150094,0.0,True
VANCOUVER,CYPRESS ST,W 5TH AVE,8,1,1,2018,2022,49.267203,-123.148017,0.0,False
VANCOUVER,CYPRESS ST,W 6TH AVE,17,0,6,2018,2022,49.26634,-123.148044,0.0,False
VANCOUVER,CYPRESS ST,W 7TH AVE,1,0,0,2019,2019,49.265501,-123.148076,0.0,False
VANCOUVER,CYPRESS ST,W 8TH AVE,12,0,3,2018,2022,49.264677,-123.148102,0.0,False
VANCOUVER,CYPRESS ST,W BROADWAY,31,0,4,2018,2022,49.263742,-123.148141,0.0,False
VANCOUVER,CYPRESS ST,W KING EDWARD AVE,6,0,0,2018,2022,49.249673,-123.148797,0.0,True
VANCOUVER,CYPRESS ST,WHYTE AVE,14,0,1,2018,2022,49.27533,-123.1477,0.0,False
VANCOUVER,CYPRESS ST,YORK AVE,21,0,4,2018,2022,49.271572,-123.147841,0.0,False
VANCOUVER,DARTMOOR PL,LYNMOOR PL,1,0,0,2018,2018,49.209807,-123.028512,0.0,False
VANCOUVER,DAVIE ST,DENMAN ST,108,3,3,2018,2022,49.28727,-123.141822,0.0,False
VANCOUVER,DAVIE ST,GRANVILLE ST,154,21,5,2018,2022,49.277154,-123.126192,0.0,False
VANCOUVER,DAVIE ST,HAMILTON ST,23,1,2,2018,2022,49.274871,-123.122664,0.0,False
VANCOUVER,DAVIE ST,HOMER ST,66,0,4,2018,2022,49.275246,-123.123273,0.0,False
VANCOUVER,DAVIE ST,HORNBY ST,117,5,5,2018,2022,49.278405,-123.128134,0.0,False
VANCOUVER,DAVIE ST,HOWE ST,209,6,3,2018,2022,49.277802,-123.127193,0.0,False
VANCOUVER,DAVIE ST,JERVIS ST,51,0,2,2018,2022,49.28281,-123.134916,0.0,False
VANCOUVER,DAVIE ST,MAINLAND ST,50,1,0,2018,2022,49.274524,-123.122136,0.0,False
VANCOUVER,DAVIE ST,MARINASIDE CRES,33,0,2,2018,2022,49.273126,-123.119925,0.0,False
VANCOUVER,DAVIE ST,NICOLA ST,26,1,3,2018,2022,49.284452,-123.137481,0.0,False
VANCOUVER,DAVIE ST,PACIFIC BLVD,165,23,9,2018,2022,49.274047,-123.121365,0.0,False
VANCOUVER,DAVIE ST,RICHARDS ST,82,2,3,2018,2022,49.27589,-123.124257,0.0,False
VANCOUVER,DAVIE ST,SEYMOUR ST,130,6,1,2018,2022,49.276501,-123.125189,0.0,False
VANCOUVER,DAVIE ST,THURLOW ST,217,10,13,2018,2022,49.280383,-123.131214,0.0,False
VANCOUVER,DAWSON ST,E 49TH AVE,6,0,0,2018,2021,49.224764,-123.048777,0.0,False
VANCOUVER,DAWSON ST,E 51ST AVE,4,0,0,2019,2022,49.222766,-123.048884,0.0,False
VANCOUVER,DAWSON ST,E 54TH AVE,3,0,0,2019,2021,49.220213,-123.049025,0.0,False
VANCOUVER,DENMAN ST,HARO ST,51,5,4,2018,2022,49.290777,-123.136527,0.0,False
VANCOUVER,DENMAN ST,HENSHAW LANE,4,0,0,2020,2022,49.289052,-123.139117,0.0,False
VANCOUVER,DENMAN ST,HWY 1A,1,0,0,2019,2019,49.292623,-123.133718,0.0,True
VANCOUVER,DENMAN ST,HWY 99,8,0,0,2019,2022,49.292623,-123.133718,0.0,True
VANCOUVER,DENMAN ST,JEPSON-YOUNG LANE,8,0,0,2020,2022,49.288306,-123.140247,0.0,False
VANCOUVER,DENMAN ST,MORTON AVE,20,0,0,2018,2022,49.287572,-123.141361,0.0,True
VANCOUVER,DENMAN ST,NELSON ST,77,4,2,2018,2022,49.28938,-123.138616,0.0,False
VANCOUVER,DENMAN ST,PANTAGES LANE,1,0,0,2021,2021,49.286911,-123.142346,0.0,True
VANCOUVER,DENMAN ST,PENDRELL ST,56,2,1,2018,2022,49.287956,-123.140773,0.0,False
VANCOUVER,DENMAN ST,ROBSON ST,205,7,5,2018,2022,49.291479,-123.135476,0.0,False
VANCOUVER,DENMAN ST,ROSEMARY BROWN LANE,13,0,0,2019,2022,49.291126,-123.136005,0.0,False
VANCOUVER,DENMAN ST,SEE-EM-IA LANE,8,0,0,2019,2022,49.287572,-123.141361,0.0,True
VANCOUVER,DENMAN ST,STOVOLD LANE,2,0,0,2020,2022,49.29041,-123.137057,0.0,False
VANCOUVER,DENMAN ST,TED NORTHE LANE,11,1,0,2019,2022,49.289751,-123.138042,0.0,False
VANCOUVER,DENMAN ST,W GEORGIA ST,415,3,11,2018,2022,49.292623,-123.133718,0.0,True
VANCOUVER,DEVONSHIRE CRES,GRANVILLE ST,9,0,0,2018,2022,49.246482,-123.139173,0.0,True
VANCOUVER,DEVONSHIRE CRES,HUDSON ST,1,0,0,2021,2021,49.24577,-123.134484,0.0,False
VANCOUVER,DEVONSHIRE CRES,OAK ST,25,1,0,2018,2022,49.244498,-123.127659,0.0,False
VANCOUVER,DEVONSHIRE CRES,SELKIRK ST,1,0,1,2022,2022,49.245297,-123.132206,0.0,True
VANCOUVER,DEVONSHIRE CRES,W 29TH AVE,1,0,0,2019,2019,49.245297,-123.132206,0.0,True
VANCOUVER,DIEPPE DR,DIEPPE PL,2,0,0,2020,2022,49.25645,-123.026704,0.0,False
VANCOUVER,DIEPPE DR,E 18TH AVE,2,0,0,2021,2021,49.254202,-123.024634,0.0,False
VANCOUVER,DIEPPE DR,FALAISE AVE,1,0,0,2019,2019,49.256895,-123.027392,0.0,False
VANCOUVER,DIEPPE DR,HAIDA DR,1,0,0,2022,2022,49.253581,-123.024632,0.0,False
VANCOUVER,DIEPPE DR,MALTA AVE,2,0,0,2020,2022,49.255767,-123.025679,0.0,False
VANCOUVER,DIEPPE DR,MATAPAN CRES,1,0,0,2020,2020,49.257269,-123.027808,0.0,True
VANCOUVER,DIEPPE DR,NORMANDY DR,1,0,0,2020,2020,49.251507,-123.024627,0.0,False
VANCOUVER,DIEPPE DR,VIMY CRES,6,0,0,2018,2022,49.257269,-123.027808,0.0,True
VANCOUVER,DIEPPE LANE,W 4TH AVE,5,0,1,2018,2020,49.268714,-123.19345,0.0,False
VANCOUVER,DINMONT AVE,MIDLOTHIAN AVE,11,0,2,2018,2021,49.244821,-123.111359,0.0,False
VANCOUVER,DINMONT AVE,NIGEL AVE,2,0,2,2018,2022,49.245448,-123.110104,0.0,False
VANCOUVER,DINMONT AVE,PEVERIL AVE,2,0,0,2019,2020,49.246555,-123.107876,0.0,False
VANCOUVER,DINMONT AVE,TALISMAN AVE,2,0,0,2018,2022,49.24602,-123.10895,0.0,False
VANCOUVER,DISCOVERY ST,NW MARINE DR,12,0,5,2018,2022,49.271694,-123.202684,0.0,False
VANCOUVER,DISCOVERY ST,W 10TH AVE,64,0,0,2018,2022,49.263743,-123.203011,0.0,False
VANCOUVER,DISCOVERY ST,W 11TH AVE,8,0,1,2018,2021,49.262807,-123.203047,0.0,False
VANCOUVER,DISCOVERY ST,W 12TH AVE,6,0,0,2020,2022,49.261925,-123.20308,0.0,False
VANCOUVER,DISCOVERY ST,W 13TH AVE,5,0,1,2018,2022,49.261014,-123.203114,0.0,False
VANCOUVER,DISCOVERY ST,W 14TH AVE,5,0,0,2018,2018,49.26011,-123.203148,0.0,False
VANCOUVER,DISCOVERY ST,W 15TH AVE,1,0,1,2022,2022,49.25919,-123.203183,0.0,False
VANCOUVER,DISCOVERY ST,W 16TH AVE,23,0,2,2018,2022,49.258199,-123.20322,0.0,True
VANCOUVER,DISCOVERY ST,W 2ND AVE,1,0,0,2020,2020,49.27126,-123.202759,0.0,False
VANCOUVER,DISCOVERY ST,W 8TH AVE,4,0,0,2018,2021,49.265472,-123.202945,0.0,False
VANCOUVER,DISCOVERY ST,W 9TH AVE,5,0,0,2018,2022,49.264615,-123.20299,0.0,False
VANCOUVER,DOGWOOD AVE,GRANVILLE ST,5,0,0,2018,2022,49.223515,-123.139947,0.0,False
VANCOUVER,DOMAN ST,E 45TH AVE,7,0,0,2018,2022,49.229264,-123.036435,0.0,False
VANCOUVER,DOMAN ST,E 46TH AVE,2,0,0,2020,2022,49.22843,-123.036468,0.0,False
VANCOUVER,DOMAN ST,E 47TH AVE,1,0,0,2019,2019,49.227686,-123.036501,0.0,False
VANCOUVER,DOMAN ST,E 48TH AVE,1,0,0,2021,2021,49.225443,-123.03661,0.0,False
VANCOUVER,DOMAN ST,E 49TH AVE,43,1,0,2018,2022,49.224683,-123.036634,0.0,False
VANCOUVER,DOMAN ST,E 51ST AVE,1,0,0,2020,2020,49.222844,-123.036731,0.0,False
VANCOUVER,DOMAN ST,E 53RD AVE,2,0,0,2021,2021,49.221262,-123.03677,0.0,False
VANCOUVER,DOMAN ST,E 54TH AVE,6,0,0,2019,2021,49.220145,-123.036825,0.0,False
VANCOUVER,DOMAN ST,WAVERLEY AVE,1,0,0,2019,2019,49.226952,-123.036537,0.0,False
VANCOUVER,DOUGLAS CRES,OAK ST,47,0,0,2018,2022,49.254412,-123.12733,0.0,True
VANCOUVER,DOUGLAS CRES,WOLFE AVE,2,0,0,2019,2022,49.254785,-123.129271,0.0,False
VANCOUVER,DRAKE ST,GRANVILLE ST,97,7,2,2018,2022,49.276097,-123.127762,0.0,False
VANCOUVER,DRAKE ST,HAMILTON ST,7,0,0,2018,2022,49.273819,-123.124273,0.0,False
VANCOUVER,DRAKE ST,HOMER ST,24,0,0,2018,2022,49.274205,-123.124853,0.0,False
VANCOUVER,DRAKE ST,HORNBY ST,44,2,4,2018,2022,49.277355,-123.129722,0.0,False
VANCOUVER,DRAKE ST,HOWE ST,88,3,0,2018,2022,49.276755,-123.128786,0.0,True
VANCOUVER,DRAKE ST,HWY 99,2,0,0,2020,2022,49.276755,-123.128786,0.0,True
VANCOUVER,DRAKE ST,MARINASIDE CRES,9,1,0,2018,2022,49.271987,-123.121398,0.0,False
VANCOUVER,DRAKE ST,PACIFIC BLVD,61,3,1,2018,2022,49.273446,-123.123668,0.0,False
VANCOUVER,DRAKE ST,RICHARDS ST,50,1,3,2018,2022,49.274827,-123.125829,0.0,False
VANCOUVER,DRAKE ST,ROLSTON ST,4,0,1,2018,2022,49.275728,-123.127206,0.0,False
VANCOUVER,DRAKE ST,ROUNDHOUSE MEWS,2,0,0,2018,2019,49.272832,-123.122682,0.0,False
VANCOUVER,DRAKE ST,SEYMOUR ST,105,2,1,2018,2022,49.275452,-123.126773,0.0,False
VANCOUVER,DRUMMOND DR,W 4TH AVE,3,0,0,2019,2020,49.268979,-123.219598,0.0,False
VANCOUVER,DUCHESS ST,DUKE ST,6,0,0,2018,2021,49.239952,-123.051938,0.0,False
VANCOUVER,DUCHESS ST,EUCLID AVE,3,0,0,2019,2022,49.242488,-123.048911,0.0,False
VANCOUVER,DUCHESS ST,HORLEY ST,1,0,0,2019,2019,49.241133,-123.050278,0.0,False
VANCOUVER,DUCHESS ST,KINGSWAY,22,0,1,2018,2022,49.239331,-123.052581,0.0,False
VANCOUVER,DUCHESS ST,WARD ST,3,0,0,2020,2022,49.240714,-123.051091,0.0,False
VANCOUVER,DUFF ST,E 54TH AVE,6,1,0,2019,2020,49.220254,-123.064567,0.0,False
VANCOUVER,DUFF ST,SE MARINE DR,3,0,0,2018,2022,49.209103,-123.064377,0.0,False
VANCOUVER,DUFF ST,SOUTHSIDE DR,2,0,0,2019,2021,49.20851,-123.064391,0.0,False
VANCOUVER,DUFF ST,UPLAND DR,2,0,0,2018,2021,49.218036,-123.06464,0.0,False
VANCOUVER,DUKE ST,EARLES ST,10,0,0,2018,2022,49.238361,-123.048075,0.0,False
VANCOUVER,DUMFRIES ST,E 18TH AVE,1,0,0,2022,2022,49.254365,-123.072911,0.0,False
VANCOUVER,DUMFRIES ST,E 19TH AVE,2,0,1,2019,2022,49.253468,-123.072929,0.0,False
VANCOUVER,DUMFRIES ST,E 20TH AVE,1,0,0,2021,2021,49.25255,-123.072955,0.0,False
VANCOUVER,DUMFRIES ST,E 21ST AVE,1,0,0,2021,2021,49.251657,-123.07328,0.0,False
VANCOUVER,DUMFRIES ST,E 22ND AVE,2,0,0,2019,2022,49.250394,-123.073312,0.0,False
VANCOUVER,DUMFRIES ST,E 26TH AVE,2,0,0,2018,2019,49.247848,-123.073387,0.0,False
VANCOUVER,DUMFRIES ST,E 27TH AVE,3,0,1,2019,2020,49.246399,-123.073433,0.0,False
VANCOUVER,DUMFRIES ST,E 30TH AVE,3,0,0,2020,2022,49.24364,-123.073525,0.0,False
VANCOUVER,DUMFRIES ST,E 31ST AVE,5,0,0,2020,2022,49.243022,-123.073547,0.0,False
VANCOUVER,DUMFRIES ST,E 32ND AVE,10,1,1,2018,2022,49.241629,-123.073591,0.0,False
VANCOUVER,DUMFRIES ST,E 33RD AVE,35,0,2,2018,2022,49.240186,-123.07382,0.0,False
VANCOUVER,DUMFRIES ST,E 34TH AVE,2,0,0,2018,2019,49.239349,-123.074062,0.0,False
VANCOUVER,DUMFRIES ST,E 35TH AVE,1,0,0,2021,2021,49.238511,-123.074092,0.0,False
VANCOUVER,DUMFRIES ST,E 36TH AVE,2,0,0,2018,2019,49.237689,-123.074123,0.0,False
VANCOUVER,DUMFRIES ST,E 37TH AVE,5,1,1,2018,2022,49.236799,-123.074154,0.0,False
VANCOUVER,DUMFRIES ST,E 39TH AVE,5,0,1,2018,2022,49.234762,-123.074214,0.0,False
VANCOUVER,DUMFRIES ST,E 41ST AVE,43,1,1,2018,2022,49.232673,-123.07429,0.0,False
VANCOUVER,DUMFRIES ST,E 43RD AVE,1,0,0,2020,2020,49.230601,-123.074346,0.0,False
VANCOUVER,DUMFRIES ST,E 47TH AVE,6,0,1,2018,2022,49.227157,-123.074471,0.0,False
VANCOUVER,DUMFRIES ST,E 49TH AVE,43,0,1,2018,2022,49.225266,-123.074542,0.0,False
VANCOUVER,DUMFRIES ST,E 51ST AVE,1,0,0,2020,2020,49.223348,-123.074615,0.0,False
VANCOUVER,DUMFRIES ST,E 53RD AVE,3,0,1,2018,2021,49.22177,-123.07467,0.0,False
VANCOUVER,DUMFRIES ST,E 54TH AVE,2,0,0,2018,2021,49.220395,-123.074721,0.0,False
VANCOUVER,DUMFRIES ST,E 55TH AVE,3,0,0,2019,2022,49.219563,-123.075462,0.0,False
VANCOUVER,DUMFRIES ST,E 57TH AVE,14,0,0,2018,2022,49.218124,-123.0755,0.0,False
VANCOUVER,DUMFRIES ST,E 58TH AVE,2,0,0,2018,2020,49.21725,-123.075521,0.0,False
VANCOUVER,DUMFRIES ST,E 59TH AVE,3,0,0,2018,2019,49.216382,-123.075544,0.0,False
VANCOUVER,DUMFRIES ST,E KING EDWARD AVE,15,0,0,2018,2022,49.248497,-123.073366,0.0,False
VANCOUVER,DUMFRIES ST,KINGSWAY,61,2,0,2018,2022,49.248944,-123.073352,0.0,False
VANCOUVER,DUNBAR LOOP,W 41ST AVE,2,0,0,2018,2019,49.234773,-123.185877,0.0,False
VANCOUVER,DUNBAR ST,MAYFAIR AVE,1,0,0,2022,2022,49.2369,-123.185265,0.0,False
VANCOUVER,DUNBAR ST,POINT GREY RD,6,0,0,2019,2022,49.272165,-123.183505,0.0,False
VANCOUVER,DUNBAR ST,SW MARINE DR,87,1,10,2018,2022,49.230603,-123.185361,0.0,False
VANCOUVER,DUNBAR ST,W 10TH AVE,13,0,0,2018,2021,49.26345,-123.183815,0.0,False
VANCOUVER,DUNBAR ST,W 11TH AVE,2,0,0,2018,2019,49.262515,-123.183844,0.0,False
VANCOUVER,DUNBAR ST,W 12TH AVE,3,0,0,2018,2020,49.261633,-123.183925,0.0,False
VANCOUVER,DUNBAR ST,W 14TH AVE,12,0,1,2018,2022,49.259816,-123.184004,0.0,False
VANCOUVER,DUNBAR ST,W 15TH AVE,7,0,0,2019,2022,49.2589,-123.184013,0.0,False
VANCOUVER,DUNBAR ST,W 16TH AVE,147,2,3,2018,2022,49.257905,-123.184014,0.0,False
VANCOUVER,DUNBAR ST,W 17TH AVE,40,1,0,2018,2022,49.257356,-123.185126,0.0,False
VANCOUVER,DUNBAR ST,W 18TH AVE,45,0,2,2018,2022,49.256476,-123.185128,0.0,False
VANCOUVER,DUNBAR ST,W 19TH AVE,16,0,2,2018,2022,49.255567,-123.185135,0.0,False
VANCOUVER,DUNBAR ST,W 1ST AVE,5,0,0,2018,2021,49.271284,-123.183532,0.0,False
VANCOUVER,DUNBAR ST,W 20TH AVE,15,0,0,2018,2022,49.254683,-123.185141,0.0,False
VANCOUVER,DUNBAR ST,W 21ST AVE,11,0,0,2018,2020,49.253762,-123.185165,0.0,False
VANCOUVER,DUNBAR ST,W 22ND AVE,8,0,0,2018,2022,49.252857,-123.185172,0.0,False
VANCOUVER,DUNBAR ST,W 23RD AVE,7,0,1,2018,2020,49.251944,-123.185175,0.0,False
VANCOUVER,DUNBAR ST,W 24TH AVE,8,2,0,2018,2022,49.251052,-123.185189,0.0,False
VANCOUVER,DUNBAR ST,W 25TH AVE,6,0,0,2018,2022,49.250062,-123.185196,0.0,True
VANCOUVER,DUNBAR ST,W 26TH AVE,67,0,0,2018,2022,49.249021,-123.185201,0.0,False
VANCOUVER,DUNBAR ST,W 27TH AVE,69,0,0,2018,2022,49.248074,-123.185231,0.0,False
VANCOUVER,DUNBAR ST,W 28TH AVE,38,1,0,2018,2022,49.247125,-123.185261,0.0,False
VANCOUVER,DUNBAR ST,W 29TH AVE,60,0,0,2018,2022,49.246166,-123.185255,0.0,False
VANCOUVER,DUNBAR ST,W 30TH AVE,21,0,0,2018,2022,49.245226,-123.185243,0.0,False
VANCOUVER,DUNBAR ST,W 31ST AVE,31,3,0,2018,2022,49.244271,-123.185244,0.0,False
VANCOUVER,DUNBAR ST,W 32ND AVE,4,0,0,2019,2022,49.243323,-123.185245,0.0,False
VANCOUVER,DUNBAR ST,W 33RD AVE,38,3,0,2018,2022,49.242377,-123.185247,0.0,False
VANCOUVER,DUNBAR ST,W 34TH AVE,6,1,0,2018,2022,49.241419,-123.185245,0.0,False
VANCOUVER,DUNBAR ST,W 35TH AVE,4,0,0,2018,2022,49.240469,-123.185246,0.0,False
VANCOUVER,DUNBAR ST,W 36TH AVE,7,0,1,2018,2021,49.239518,-123.185246,0.0,False
VANCOUVER,DUNBAR ST,W 37TH AVE,4,0,0,2019,2022,49.238574,-123.185249,0.0,False
VANCOUVER,DUNBAR ST,W 38TH AVE,12,0,1,2018,2022,49.237662,-123.185257,0.0,False
VANCOUVER,DUNBAR ST,W 39TH AVE,12,0,0,2018,2022,49.236439,-123.185268,0.0,False
VANCOUVER,DUNBAR ST,W 3RD AVE,2,0,0,2019,2022,49.269494,-123.183602,0.0,False
VANCOUVER,DUNBAR ST,W 40TH AVE,13,0,0,2018,2022,49.2357,-123.185302,0.0,False
VANCOUVER,DUNBAR ST,W 41ST AVE,194,3,1,2018,2022,49.234768,-123.185324,0.0,False
VANCOUVER,DUNBAR ST,W 42ND AVE,7,0,0,2019,2022,49.233797,-123.185335,0.0,False
VANCOUVER,DUNBAR ST,W 43RD AVE,5,0,0,2018,2022,49.232846,-123.185358,0.0,False
VANCOUVER,DUNBAR ST,W 48TH AVE,2,0,0,2019,2021,49.228431,-123.185467,0.0,False
VANCOUVER,DUNBAR ST,W 49TH AVE,4,0,0,2018,2020,49.227479,-123.185489,0.0,False
VANCOUVER,DUNBAR ST,W 4TH AVE,48,1,2,2018,2022,49.268585,-123.183636,0.0,False
VANCOUVER,DUNBAR ST,W 50TH AVE,1,0,0,2021,2021,49.226501,-123.185468,0.0,False
VANCOUVER,DUNBAR ST,W 51ST AVE,7,0,0,2018,2022,49.225507,-123.185577,0.0,False
VANCOUVER,DUNBAR ST,W 5TH AVE,4,0,0,2018,2021,49.267715,-123.183673,0.0,False
VANCOUVER,DUNBAR ST,W 7TH AVE,2,0,0,2019,2020,49.266025,-123.183727,0.0,False
VANCOUVER,DUNBAR ST,W 8TH AVE,6,0,1,2019,2022,49.265209,-123.183753,0.0,False
VANCOUVER,DUNBAR ST,W 9TH AVE,1,0,0,2020,2020,49.264336,-123.183784,0.0,True
VANCOUVER,DUNBAR ST,W BROADWAY,22,0,1,2018,2022,49.264336,-123.183784,0.0,True
VANCOUVER,DUNBAR ST,W KING EDWARD AVE,43,3,0,2018,2022,49.250062,-123.185196,0.0,True
VANCOUVER,DUNDAS ST,GARDEN DR,25,0,0,2018,2022,49.284791,-123.057767,0.0,True
VANCOUVER,DUNDAS ST,KAMLOOPS ST,6,1,0,2018,2020,49.284772,-123.054583,0.0,True
VANCOUVER,DUNDAS ST,KASLO ST,2,0,0,2018,2020,49.284775,-123.0467,0.0,False
VANCOUVER,DUNDAS ST,LAKEWOOD DR,66,1,3,2018,2022,49.284799,-123.061616,0.0,True
VANCOUVER,DUNDAS ST,N GARDEN DR,6,0,0,2018,2022,49.284791,-123.057767,0.0,True
VANCOUVER,DUNDAS ST,N KAMLOOPS ST,2,0,0,2019,2021,49.284772,-123.054583,0.0,True
VANCOUVER,DUNDAS ST,N LAKEWOOD DR,8,0,0,2018,2022,49.284799,-123.061616,0.0,True
VANCOUVER,DUNDAS ST,N NANAIMO ST,4,0,0,2019,2022,49.284779,-123.056525,0.0,True
VANCOUVER,DUNDAS ST,N PENTICTON ST,2,0,0,2021,2021,49.28478,-123.051971,0.0,True
VANCOUVER,DUNDAS ST,N RENFREW ST,1,0,0,2020,2020,49.284775,-123.044002,0.0,True
VANCOUVER,DUNDAS ST,N TEMPLETON DR,9,0,0,2018,2022,49.284805,-123.059708,0.0,True
VANCOUVER,DUNDAS ST,NANAIMO ST,191,6,1,2018,2022,49.284779,-123.056525,0.0,True
VANCOUVER,DUNDAS ST,PENTICTON ST,6,0,1,2018,2022,49.28478,-123.051971,0.0,True
VANCOUVER,DUNDAS ST,POWELL ST,8,0,0,2018,2022,49.284806,-123.063552,0.0,True
VANCOUVER,DUNDAS ST,RENFREW ST,30,0,0,2018,2022,49.284775,-123.044002,0.0,True
VANCOUVER,DUNDAS ST,SEMLIN DR,30,0,0,2018,2022,49.284806,-123.063552,0.0,True
VANCOUVER,DUNDAS ST,SLOCAN ST,11,1,0,2018,2022,49.284774,-123.049322,0.0,False
VANCOUVER,DUNDAS ST,TEMPLETON DR,78,0,1,2018,2022,49.284805,-123.059708,0.0,True
VANCOUVER,DUNDAS ST,WALL ST,46,1,2,2018,2022,49.284806,-123.063552,0.0,True
VANCOUVER,DUNDEE ST,E 40TH AVE,2,0,0,2018,2018,49.234049,-123.047402,0.0,False
VANCOUVER,DUNDEE ST,KINGSWAY,10,0,1,2018,2022,49.237064,-123.047628,0.0,True
VANCOUVER,DUNKIRK ST,W 26TH AVE,6,0,0,2018,2022,49.249016,-123.183464,0.0,False
VANCOUVER,DUNKIRK ST,W 27TH AVE,4,0,0,2018,2021,49.248067,-123.183478,0.0,False
VANCOUVER,DUNKIRK ST,W KING EDWARD AVE,2,0,0,2019,2021,49.250041,-123.183453,0.0,False
VANCOUVER,DUNLEVY AVE,E CORDOVA ST,31,4,1,2018,2022,49.282205,-123.095366,0.0,False
VANCOUVER,DUNLEVY AVE,E HASTINGS ST,51,12,3,2018,2022,49.281274,-123.095406,0.0,False
VANCOUVER,DUNLEVY AVE,E PENDER ST,17,0,0,2018,2022,49.280298,-123.095441,0.0,False
VANCOUVER,DUNLEVY AVE,POWELL ST,44,4,1,2018,2022,49.28311,-123.095329,0.0,False
VANCOUVER,DUNLEVY AVE,PRIOR ST,8,0,0,2018,2022,49.276695,-123.095587,0.0,False
VANCOUVER,DUNLEVY AVE,RAILWAY ST,7,0,0,2018,2020,49.284865,-123.09525,0.0,False
VANCOUVER,DUNLEVY AVE,UNION ST,8,0,1,2019,2022,49.277592,-123.095534,0.0,False
VANCOUVER,DUNSMUIR ST,DUNSMUIR VIADUCT,2,0,0,2018,2019,49.279839,-123.110537,0.0,True
VANCOUVER,DUNSMUIR ST,GRANVILLE ST,53,4,6,2018,2022,49.283633,-123.116387,0.0,False
VANCOUVER,DUNSMUIR ST,HAILSTONE ST,1,0,0,2018,2018,49.286089,-123.121124,0.0,True
VANCOUVER,DUNSMUIR ST,HAMILTON ST,29,2,1,2018,2022,49.281092,-123.112507,0.0,False
VANCOUVER,DUNSMUIR ST,HOMER ST,45,2,6,2018,2022,49.281725,-123.113475,0.0,False
VANCOUVER,DUNSMUIR ST,HORNBY ST,74,0,20,2018,2022,49.284897,-123.118345,0.0,False
VANCOUVER,DUNSMUIR ST,HOWE ST,144,3,5,2018,2022,49.284275,-123.117371,0.0,False
VANCOUVER,DUNSMUIR ST,MELVILLE ST,26,2,0,2018,2022,49.286089,-123.121124,0.0,True
VANCOUVER,DUNSMUIR ST,RICHARDS ST,103,3,4,2018,2022,49.282367,-123.114455,0.0,False
VANCOUVER,DUNSMUIR ST,SEYMOUR ST,109,5,8,2018,2022,49.282984,-123.115396,0.0,False
VANCOUVER,DUNSMUIR ST,ST REGIS LANE,4,0,0,2019,2022,49.283308,-123.115894,0.0,False
VANCOUVER,DUNSMUIR VIADUCT,EXPO BLVD,8,0,0,2018,2022,49.278657,-123.108698,0.0,False
VANCOUVER,DUNSMUIR VIADUCT,GORE AVE,1,0,0,2022,2022,49.276744,-123.096883,0.0,True
VANCOUVER,DUNSMUIR VIADUCT,HWY 1A,1,0,0,2022,2022,49.277282,-123.099902,0.0,True
VANCOUVER,DUNSMUIR VIADUCT,MAIN ST,35,0,1,2018,2022,49.277282,-123.099902,12.004446794908677,True
VANCOUVER,DUNSMUIR VIADUCT,MAIN ST ONRAMP,3,0,1,2018,2019,49.277431,-123.103879,0.0,False
VANCOUVER,DUNSMUIR VIADUCT,PAT QUINN WAY,1,0,0,2018,2018,49.278068,-123.107638,0.0,False
VANCOUVER,DUNSMUIR VIADUCT,PRIOR ST,2,0,0,2019,2022,49.276744,-123.096883,0.0,True
VANCOUVER,DURANLEAU ST,JOHNSTON ST,21,0,0,2018,2022,49.272653,-123.135932,0.0,False
VANCOUVER,DURANLEAU ST,MARITIME MEWS,1,0,0,2020,2020,49.271024,-123.135992,0.0,False
VANCOUVER,DURANLEAU ST,MAST TOWER RD,5,0,0,2019,2022,49.271431,-123.135976,0.0,False
VANCOUVER,DURWARD AVE,FRASER ST,2,0,0,2020,2022,49.24085,-123.09036,0.0,False
VANCOUVER,DURWARD AVE,PRINCE ALBERT ST,3,0,0,2018,2021,49.240841,-123.087928,0.0,False
VANCOUVER,E 10TH AVE,FRASER ST,34,0,3,2018,2022,49.261517,-123.089152,0.0,False
VANCOUVER,E 10TH AVE,GARDEN DR,3,0,0,2020,2022,49.261282,-123.058187,0.0,False
VANCOUVER,E 10TH AVE,GLEN DR,8,0,4,2018,2022,49.261443,-123.081407,0.0,False
VANCOUVER,E 10TH AVE,GRANDVIEW HWY N,1,0,0,2018,2018,49.261315,-123.063697,0.0,False
VANCOUVER,E 10TH AVE,GUELPH ST,8,0,5,2019,2022,49.261557,-123.094966,0.0,False
VANCOUVER,E 10TH AVE,KASLO ST,2,0,0,2020,2022,49.260925,-123.047044,0.0,False
VANCOUVER,E 10TH AVE,KEITH DR,1,0,0,2020,2020,49.261455,-123.079479,0.0,False
VANCOUVER,E 10TH AVE,KINGSWAY,95,4,8,2018,2022,49.261973,-123.098668,0.0,False
VANCOUVER,E 10TH AVE,LAKEWOOD DR,3,0,0,2019,2022,49.261305,-123.062049,0.0,False
VANCOUVER,E 10TH AVE,MAIN ST,79,2,11,2018,2022,49.26201,-123.100996,0.0,False
VANCOUVER,E 10TH AVE,NANAIMO ST,19,0,1,2018,2022,49.261135,-123.056584,0.0,False
VANCOUVER,E 10TH AVE,ONTARIO ST,10,0,2,2018,2022,49.262072,-123.104917,0.0,True
VANCOUVER,E 10TH AVE,PENTICTON ST,1,0,0,2022,2022,49.261029,-123.053,0.0,False
VANCOUVER,E 10TH AVE,PRINCE ALBERT ST,8,0,0,2018,2021,49.261499,-123.087191,0.0,False
VANCOUVER,E 10TH AVE,PRINCE EDWARD ST,6,0,2,2018,2021,49.261934,-123.096061,0.0,False
VANCOUVER,E 10TH AVE,QUEBEC ST,13,0,2,2018,2022,49.262036,-123.103,0.0,False
VANCOUVER,E 10TH AVE,RENFREW ST,8,0,1,2018,2022,49.260973,-123.044321,0.0,True
VANCOUVER,E 10TH AVE,ST CATHERINES ST,2,0,0,2020,2021,49.261478,-123.085273,0.0,False
VANCOUVER,E 10TH AVE,ST GEORGE ST,15,1,5,2018,2022,49.261543,-123.093016,0.0,False
VANCOUVER,E 10TH AVE,TEMPLETON DR,1,0,0,2018,2018,49.261293,-123.06011,0.0,False
VANCOUVER,E 10TH AVE,VICTORIA DR,25,3,6,2018,2022,49.261382,-123.065928,0.0,False
VANCOUVER,E 10TH AVE,WATSON ST,3,0,0,2020,2022,49.262,-123.100337,0.0,False
VANCOUVER,E 10TH AVE,WINDSOR ST,8,1,5,2018,2022,49.261455,-123.08333,0.0,False
VANCOUVER,E 10TH AVE,WOODLAND DR,8,0,3,2018,2022,49.261401,-123.07366,0.0,False
VANCOUVER,E 11TH AVE,FRASER ST,18,0,2,2018,2022,49.26062,-123.089171,0.0,False
VANCOUVER,E 11TH AVE,GLEN DR,8,1,1,2018,2021,49.260558,-123.081425,0.0,False
VANCOUVER,E 11TH AVE,GRANDVIEW HWY N,2,0,0,2018,2019,49.260414,-123.06149,0.0,False
VANCOUVER,E 11TH AVE,GUELPH ST,4,0,0,2018,2022,49.260671,-123.095065,0.0,False
VANCOUVER,E 11TH AVE,KINGSWAY,67,0,0,2018,2022,49.261071,-123.097763,0.0,False
VANCOUVER,E 11TH AVE,MAIN ST,38,1,1,2018,2022,49.261116,-123.101137,0.0,False
VANCOUVER,E 11TH AVE,NANAIMO ST,13,0,0,2018,2022,49.260227,-123.056622,0.0,False
VANCOUVER,E 11TH AVE,ONTARIO ST,11,0,1,2018,2022,49.261162,-123.104983,0.0,True
VANCOUVER,E 11TH AVE,PENTICTON ST,1,0,0,2022,2022,49.260079,-123.052998,0.0,False
VANCOUVER,E 11TH AVE,PRINCE ALBERT ST,1,0,0,2018,2018,49.260602,-123.087194,0.0,False
VANCOUVER,E 11TH AVE,PRINCE EDWARD ST,13,0,0,2019,2022,49.26105,-123.096141,0.0,False
VANCOUVER,E 11TH AVE,QUEBEC ST,9,0,0,2019,2022,49.261142,-123.103045,0.0,False
VANCOUVER,E 11TH AVE,SEMLIN DR,1,0,0,2021,2021,49.260401,-123.063999,0.0,False
VANCOUVER,E 11TH AVE,SKEENA ST,14,1,0,2018,2022,49.260106,-123.028512,0.0,False
VANCOUVER,E 11TH AVE,SOPHIA ST,10,0,0,2018,2022,49.261078,-123.098275,0.0,False
VANCOUVER,E 11TH AVE,ST CATHERINES ST,1,0,1,2020,2020,49.260586,-123.08528,0.0,False
VANCOUVER,E 11TH AVE,ST GEORGE ST,2,0,0,2022,2022,49.260654,-123.093033,0.0,False
VANCOUVER,E 11TH AVE,TEMPLETON DR,1,0,0,2022,2022,49.260382,-123.060127,0.0,False
VANCOUVER,E 11TH AVE,VICTORIA DR,14,0,0,2018,2022,49.26044,-123.065934,0.0,False
VANCOUVER,E 11TH AVE,WATSON ST,9,0,1,2018,2021,49.261106,-123.100391,0.0,False
VANCOUVER,E 11TH AVE,WINDSOR ST,6,0,0,2018,2022,49.260568,-123.08334,0.0,False
VANCOUVER,E 11TH AVE,WOODLAND DR,17,0,0,2018,2022,49.260495,-123.073688,0.0,False
VANCOUVER,E 12TH AVE,FRASER ST,152,2,1,2018,2022,49.259735,-123.089186,0.0,False
VANCOUVER,E 12TH AVE,GARDEN DR,6,0,0,2018,2022,49.259469,-123.058212,0.0,False
VANCOUVER,E 12TH AVE,GLEN DR,44,0,0,2018,2022,49.259671,-123.081442,0.0,False
VANCOUVER,E 12TH AVE,GRANDVIEW HWY N,7,1,0,2020,2022,49.259482,-123.059163,0.0,False
VANCOUVER,E 12TH AVE,GUELPH ST,22,0,0,2018,2022,49.259779,-123.094984,0.0,False
VANCOUVER,E 12TH AVE,HWY 1A,3,0,0,2019,2022,49.259878,-123.096571,0.0,True
VANCOUVER,E 12TH AVE,HWY 99A,1,0,0,2021,2021,49.259878,-123.096571,0.0,True
VANCOUVER,E 12TH AVE,KASLO ST,24,0,0,2018,2022,49.259062,-123.047046,0.0,False
VANCOUVER,E 12TH AVE,KINGSWAY,327,6,7,2018,2022,49.259878,-123.096571,0.0,True
VANCOUVER,E 12TH AVE,LAKEWOOD DR,60,2,0,2018,2022,49.259523,-123.06207,0.0,True
VANCOUVER,E 12TH AVE,MAIN ST,346,7,7,2018,2022,49.260193,-123.101079,0.0,False
VANCOUVER,E 12TH AVE,NANAIMO ST,80,0,1,2018,2022,49.259447,-123.056626,0.0,False
VANCOUVER,E 12TH AVE,ONTARIO ST,39,1,3,2018,2022,49.260247,-123.105031,0.0,True
VANCOUVER,E 12TH AVE,PENTICTON ST,5,0,0,2018,2022,49.25914,-123.053003,0.0,False
VANCOUVER,E 12TH AVE,PRINCE ALBERT ST,48,0,1,2018,2022,49.259722,-123.087196,0.0,False
VANCOUVER,E 12TH AVE,QUEBEC ST,77,2,3,2018,2022,49.260231,-123.103085,0.0,False
VANCOUVER,E 12TH AVE,RENFREW ST,67,3,4,2018,2022,49.259213,-123.044381,0.0,True
VANCOUVER,E 12TH AVE,SEMLIN DR,20,0,0,2018,2022,49.259526,-123.064037,0.0,True
VANCOUVER,E 12TH AVE,SLOCAN ST,12,0,0,2018,2022,49.258754,-123.049549,0.0,False
VANCOUVER,E 12TH AVE,SOPHIA ST,63,1,0,2018,2022,49.260188,-123.098306,0.0,False
VANCOUVER,E 12TH AVE,ST CATHERINES ST,27,0,1,2018,2022,49.259708,-123.08532,0.0,False
VANCOUVER,E 12TH AVE,ST GEORGE ST,46,0,1,2018,2022,49.259765,-123.093051,0.0,False
VANCOUVER,E 12TH AVE,TEMPLETON DR,5,0,0,2018,2022,49.25909,-123.060191,0.0,True
VANCOUVER,E 12TH AVE,VICTORIA DR,232,1,2,2018,2022,49.25954,-123.065949,0.0,False
VANCOUVER,E 12TH AVE,WATSON ST,13,1,1,2018,2022,49.260192,-123.100446,0.0,False
VANCOUVER,E 12TH AVE,WINDSOR ST,45,0,0,2018,2022,49.259692,-123.08335,0.0,False
VANCOUVER,E 12TH AVE,WOODLAND DR,66,1,2,2018,2022,49.259606,-123.073693,0.0,False
VANCOUVER,E 13TH AVE,FRASER ST,22,0,2,2019,2022,49.258813,-123.089195,0.0,False
VANCOUVER,E 13TH AVE,GLEN DR,5,0,0,2019,2022,49.258766,-123.081458,0.0,False
VANCOUVER,E 13TH AVE,KINGSWAY,15,1,0,2018,2022,49.259248,-123.095797,0.0,False
VANCOUVER,E 13TH AVE,LAKEWOOD DR,3,0,0,2018,2020,49.258611,-123.062114,0.0,False
VANCOUVER,E 13TH AVE,MAIN ST,81,2,1,2018,2022,49.259308,-123.101108,0.0,False
VANCOUVER,E 13TH AVE,ONTARIO ST,6,0,0,2018,2022,49.259371,-123.105048,0.0,True
VANCOUVER,E 13TH AVE,PRINCE ALBERT ST,9,0,0,2018,2022,49.258806,-123.087275,0.0,False
VANCOUVER,E 13TH AVE,PRINCE EDWARD ST,4,0,1,2018,2020,49.259255,-123.096342,0.0,False
VANCOUVER,E 13TH AVE,QUEBEC ST,9,1,0,2018,2022,49.259333,-123.103147,0.0,False
VANCOUVER,E 13TH AVE,SEMLIN DR,4,0,1,2018,2022,49.25863,-123.064045,0.0,False
VANCOUVER,E 13TH AVE,SOPHIA ST,10,0,0,2018,2022,49.259277,-123.09834,0.0,False
VANCOUVER,E 13TH AVE,ST CATHERINES ST,2,0,0,2022,2022,49.258792,-123.085368,0.0,False
VANCOUVER,E 13TH AVE,ST GEORGE ST,7,0,0,2018,2021,49.259295,-123.093059,0.0,False
VANCOUVER,E 13TH AVE,TEMPLETON DR,3,0,0,2020,2021,49.258589,-123.06017,0.0,False
VANCOUVER,E 13TH AVE,VICTORIA DR,20,0,0,2018,2022,49.258649,-123.065965,0.0,False
VANCOUVER,E 13TH AVE,WATSON ST,11,0,2,2018,2021,49.259302,-123.100497,0.0,False
VANCOUVER,E 13TH AVE,WINDSOR ST,6,0,1,2018,2022,49.258767,-123.083385,0.0,False
VANCOUVER,E 13TH AVE,WOODLAND DR,5,1,2,2018,2022,49.258693,-123.073724,0.0,False
VANCOUVER,E 14TH AVE,FRASER ST,22,0,0,2018,2022,49.257939,-123.089209,0.0,False
VANCOUVER,E 14TH AVE,GLEN DR,1,0,0,2021,2021,49.257845,-123.081474,0.0,False
VANCOUVER,E 14TH AVE,KASLO ST,2,0,0,2020,2021,49.257234,-123.047018,0.0,False
VANCOUVER,E 14TH AVE,KNIGHT ST,11,0,0,2018,2022,49.25782,-123.077118,0.0,True
VANCOUVER,E 14TH AVE,LILLOOET ST,3,1,0,2020,2021,49.257215,-123.039073,0.0,False
VANCOUVER,E 14TH AVE,MAIN ST,96,2,2,2018,2022,49.258397,-123.101131,0.0,False
VANCOUVER,E 14TH AVE,NOOTKA ST,2,0,0,2018,2020,49.257222,-123.041566,0.0,False
VANCOUVER,E 14TH AVE,ONTARIO ST,2,0,1,2018,2021,49.258471,-123.105104,0.0,True
VANCOUVER,E 14TH AVE,PRINCE ALBERT ST,2,0,0,2020,2021,49.257927,-123.087252,0.0,False
VANCOUVER,E 14TH AVE,PRINCE EDWARD ST,11,1,0,2018,2022,49.25833,-123.09641,0.0,False
VANCOUVER,E 14TH AVE,QUEBEC ST,15,0,2,2018,2022,49.258425,-123.103184,0.0,False
VANCOUVER,E 14TH AVE,RENFREW ST,7,0,0,2018,2021,49.257222,-123.044314,0.0,False
VANCOUVER,E 14TH AVE,RUPERT ST,10,1,0,2018,2022,49.257235,-123.033787,0.0,False
VANCOUVER,E 14TH AVE,SOPHIA ST,12,2,1,2018,2022,49.258359,-123.098374,0.0,False
VANCOUVER,E 14TH AVE,ST CATHERINES ST,2,0,0,2018,2021,49.257875,-123.085339,0.0,False
VANCOUVER,E 14TH AVE,VICTORIA DR,7,0,0,2018,2022,49.257722,-123.065989,0.0,False
VANCOUVER,E 14TH AVE,WATSON ST,12,0,2,2018,2022,49.25839,-123.100552,0.0,False
VANCOUVER,E 14TH AVE,WINDERMERE ST,1,0,0,2022,2022,49.257231,-123.03654,0.0,False
VANCOUVER,E 14TH AVE,WINDSOR ST,3,0,0,2019,2022,49.257857,-123.083369,0.0,False
VANCOUVER,E 14TH AVE,WOODLAND DR,3,1,1,2019,2022,49.25779,-123.073714,0.0,False
VANCOUVER,E 15TH AVE,FINDLAY ST,2,0,0,2019,2019,49.256827,-123.067865,0.0,False
VANCOUVER,E 15TH AVE,FLEMING ST,3,0,0,2018,2021,49.256444,-123.070869,0.0,False
VANCOUVER,E 15TH AVE,FRASER ST,24,0,0,2018,2022,49.257163,-123.08944,16.114524068321234,False
VANCOUVER,E 15TH AVE,GARDEN DR,2,0,0,2018,2022,49.256776,-123.058277,0.0,False
VANCOUVER,E 15TH AVE,GLEN DR,3,0,1,2018,2021,49.256848,-123.081589,0.0,False
VANCOUVER,E 15TH AVE,INVERNESS ST,2,0,0,2019,2021,49.256775,-123.079781,0.0,False
VANCOUVER,E 15TH AVE,KASLO ST,4,0,1,2018,2019,49.25633,-123.047028,0.0,False
VANCOUVER,E 15TH AVE,KINGSWAY,26,0,0,2018,2022,49.257282,-123.091119,0.0,False
VANCOUVER,E 15TH AVE,KNIGHT ST,46,0,0,2018,2022,49.256597,-123.075866,0.0,False
VANCOUVER,E 15TH AVE,LILLOOET ST,5,1,0,2018,2022,49.256369,-123.039079,0.0,False
VANCOUVER,E 15TH AVE,MADDAMS ST,1,0,0,2018,2018,49.256567,-123.075045,0.0,False
VANCOUVER,E 15TH AVE,MAIN ST,70,2,2,2018,2022,49.257507,-123.101198,0.0,False
VANCOUVER,E 15TH AVE,NANAIMO ST,10,0,0,2018,2022,49.256442,-123.056619,0.0,False
VANCOUVER,E 15TH AVE,NOOTKA ST,2,0,0,2018,2018,49.256348,-123.041576,0.0,False
VANCOUVER,E 15TH AVE,ONTARIO ST,5,0,1,2020,2022,49.257566,-123.105153,0.0,True
VANCOUVER,E 15TH AVE,PRINCE ALBERT ST,4,0,0,2018,2021,49.257079,-123.087318,0.0,False
VANCOUVER,E 15TH AVE,PRINCE EDWARD ST,20,0,1,2018,2022,49.257442,-123.096442,0.0,False
VANCOUVER,E 15TH AVE,QUEBEC ST,9,0,0,2018,2021,49.257533,-123.103185,0.0,False
VANCOUVER,E 15TH AVE,RENFREW ST,16,0,0,2018,2022,49.256314,-123.044324,0.0,False
VANCOUVER,E 15TH AVE,RUPERT ST,20,0,1,2018,2022,49.25641,-123.033792,0.0,True
VANCOUVER,E 15TH AVE,SLOCAN ST,2,0,0,2018,2022,49.25634,-123.049523,0.0,False
VANCOUVER,E 15TH AVE,SOPHIA ST,6,0,0,2018,2022,49.25747,-123.098414,0.0,False
VANCOUVER,E 15TH AVE,ST CATHERINES ST,4,0,0,2018,2022,49.257003,-123.085434,0.0,False
VANCOUVER,E 15TH AVE,ST GEORGE ST,7,1,0,2018,2022,49.257325,-123.093768,0.0,False
VANCOUVER,E 15TH AVE,VICTORIA DR,16,0,1,2018,2022,49.256816,-123.066008,0.0,False
VANCOUVER,E 15TH AVE,WATSON ST,5,0,1,2018,2021,49.257499,-123.100607,0.0,False
VANCOUVER,E 15TH AVE,WINDERMERE ST,5,0,0,2018,2022,49.256389,-123.03655,0.0,False
VANCOUVER,E 15TH AVE,WINDSOR ST,4,0,1,2018,2020,49.256924,-123.083476,0.0,False
VANCOUVER,E 16TH AVE,FINDLAY ST,1,0,0,2022,2022,49.256287,-123.067891,0.0,False
VANCOUVER,E 16TH AVE,FRASER ST,45,3,2,2018,2022,49.256565,-123.089884,18.37545665687781,False
VANCOUVER,E 16TH AVE,GLEN DR,2,0,0,2019,2019,49.256302,-123.081706,0.0,False
VANCOUVER,E 16TH AVE,KASLO ST,3,0,0,2019,2021,49.255433,-123.047034,0.0,False
VANCOUVER,E 16TH AVE,KINGSWAY,16,1,2,2018,2022,49.256404,-123.089186,10.633528265048286,False
VANCOUVER,E 16TH AVE,KNIGHT ST,12,0,0,2018,2022,49.25622,-123.07588,0.759468905875146,False
VANCOUVER,E 16TH AVE,MAIN ST,216,7,3,2018,2022,49.256579,-123.101238,0.0,False
VANCOUVER,E 16TH AVE,NOOTKA ST,1,0,0,2020,2020,49.255493,-123.041585,0.0,False
VANCOUVER,E 16TH AVE,ONTARIO ST,2,0,0,2018,2020,49.256637,-123.105058,0.0,True
VANCOUVER,E 16TH AVE,PENTICTON ST,1,0,0,2022,2022,49.25571,-123.052969,0.0,False
VANCOUVER,E 16TH AVE,PRINCE ALBERT ST,4,0,1,2018,2021,49.256381,-123.087466,0.0,False
VANCOUVER,E 16TH AVE,PRINCE EDWARD ST,23,0,1,2018,2022,49.256515,-123.096477,0.0,False
VANCOUVER,E 16TH AVE,QUEBEC ST,41,1,1,2018,2022,49.256606,-123.103243,0.0,False
VANCOUVER,E 16TH AVE,RENFREW ST,9,0,1,2018,2021,49.255403,-123.044335,0.0,False
VANCOUVER,E 16TH AVE,RUPERT ST,8,0,0,2019,2022,49.255564,-123.033851,0.0,False
VANCOUVER,E 16TH AVE,SLOCAN ST,3,0,1,2021,2021,49.255448,-123.049529,0.0,False
VANCOUVER,E 16TH AVE,SOPHIA ST,19,1,0,2018,2022,49.256545,-123.098439,0.0,False
VANCOUVER,E 16TH AVE,ST CATHERINES ST,3,0,0,2021,2022,49.256363,-123.085551,0.0,False
VANCOUVER,E 16TH AVE,ST GEORGE ST,14,1,1,2018,2022,49.256497,-123.093787,0.0,False
VANCOUVER,E 16TH AVE,VICTORIA DR,6,0,0,2018,2020,49.256218,-123.066056,0.0,False
VANCOUVER,E 16TH AVE,WATSON ST,9,0,0,2018,2022,49.256572,-123.100658,0.0,False
VANCOUVER,E 16TH AVE,WINDERMERE ST,2,0,0,2021,2022,49.255573,-123.036557,0.0,False
VANCOUVER,E 16TH AVE,WINDSOR ST,2,0,0,2019,2022,49.256341,-123.083609,0.0,False
VANCOUVER,E 17TH AVE,FRASER ST,56,0,1,2018,2022,49.255532,-123.089913,0.0,False
VANCOUVER,E 17TH AVE,GARDEN DR,4,0,0,2018,2020,49.255086,-123.058283,0.0,False
VANCOUVER,E 17TH AVE,INVERNESS ST,2,0,0,2018,2020,49.255357,-123.079815,0.0,False
VANCOUVER,E 17TH AVE,KNIGHT ST,18,0,2,2018,2022,49.255316,-123.075924,1.238790143660388,False
VANCOUVER,E 17TH AVE,LILLOOET ST,1,0,0,2018,2018,49.254765,-123.039085,0.0,False
VANCOUVER,E 17TH AVE,MAIN ST,61,2,2,2018,2022,49.255683,-123.101268,0.0,False
VANCOUVER,E 17TH AVE,NANAIMO ST,5,0,0,2018,2020,49.255078,-123.056633,0.0,False
VANCOUVER,E 17TH AVE,NOOTKA ST,5,0,0,2018,2022,49.254777,-123.041591,0.0,False
VANCOUVER,E 17TH AVE,ONTARIO ST,4,0,3,2020,2022,49.255708,-123.104987,0.0,False
VANCOUVER,E 17TH AVE,PENTICTON ST,1,0,0,2020,2020,49.254499,-123.052991,0.0,False
VANCOUVER,E 17TH AVE,PRINCE EDWARD ST,3,0,1,2021,2022,49.255601,-123.096512,0.0,False
VANCOUVER,E 17TH AVE,QUEBEC PL,1,0,0,2020,2020,49.255723,-123.103935,0.0,False
VANCOUVER,E 17TH AVE,QUEBEC ST,8,0,1,2018,2022,49.255708,-123.103295,0.0,False
VANCOUVER,E 17TH AVE,RENFREW ST,10,1,0,2018,2022,49.254411,-123.044346,0.0,False
VANCOUVER,E 17TH AVE,RUPERT ST,12,1,0,2018,2022,49.254735,-123.033798,0.0,False
VANCOUVER,E 17TH AVE,SLOCAN ST,1,0,0,2019,2019,49.254479,-123.049538,0.0,False
VANCOUVER,E 17TH AVE,SOPHIA ST,5,0,1,2018,2022,49.255649,-123.098473,0.0,False
VANCOUVER,E 17TH AVE,ST CATHERINES ST,1,0,0,2018,2018,49.255415,-123.08559,0.0,False
VANCOUVER,E 17TH AVE,ST GEORGE ST,3,0,0,2019,2022,49.255595,-123.093806,0.0,False
VANCOUVER,E 17TH AVE,WATSON ST,2,0,0,2019,2019,49.255677,-123.100712,0.0,False
VANCOUVER,E 17TH AVE,WINDERMERE ST,2,0,0,2020,2020,49.25475,-123.036563,0.0,False
VANCOUVER,E 17TH AVE,WINDSOR ST,6,0,0,2018,2021,49.255394,-123.083634,0.0,False
VANCOUVER,E 18TH AVE,FLEMING ST,4,0,0,2018,2022,49.25437,-123.071453,0.0,False
VANCOUVER,E 18TH AVE,FRASER ST,34,0,1,2018,2022,49.254632,-123.089952,0.0,False
VANCOUVER,E 18TH AVE,GARDEN DR,1,0,0,2021,2021,49.253486,-123.05829,0.0,False
VANCOUVER,E 18TH AVE,INVERNESS ST,1,0,0,2019,2019,49.254461,-123.079837,0.0,False
VANCOUVER,E 18TH AVE,KAMLOOPS ST,1,0,0,2020,2020,49.254045,-123.054538,0.0,False
VANCOUVER,E 18TH AVE,KASLO ST,4,0,1,2018,2022,49.254027,-123.047046,0.0,False
VANCOUVER,E 18TH AVE,KINGSWAY,1,0,0,2021,2021,49.254545,-123.085209,0.0,False
VANCOUVER,E 18TH AVE,KNIGHT ST,20,1,0,2018,2022,49.254405,-123.075956,3.7887284560825942,False
VANCOUVER,E 18TH AVE,LILLOOET ST,3,0,0,2018,2022,49.254007,-123.039089,0.0,False
VANCOUVER,E 18TH AVE,MAIN ST,85,1,2,2018,2022,49.254735,-123.100895,0.0,True
VANCOUVER,E 18TH AVE,NANAIMO ST,17,1,1,2018,2022,49.253488,-123.056592,0.0,False
VANCOUVER,E 18TH AVE,NOOTKA ST,1,0,0,2022,2022,49.254014,-123.041598,0.0,False
VANCOUVER,E 18TH AVE,ONTARIO ST,1,0,0,2018,2018,49.254662,-123.105029,0.0,True
VANCOUVER,E 18TH AVE,PENTICTON ST,1,0,0,2019,2019,49.254041,-123.052166,0.0,False
VANCOUVER,E 18TH AVE,PRINCE ALBERT ST,2,0,0,2019,2019,49.254581,-123.087565,0.0,False
VANCOUVER,E 18TH AVE,PRINCE EDWARD ST,5,0,1,2018,2022,49.254728,-123.096543,0.0,False
VANCOUVER,E 18TH AVE,QUEBEC PL,1,0,0,2020,2020,49.254637,-123.104,0.0,False
VANCOUVER,E 18TH AVE,QUEBEC ST,5,0,0,2020,2021,49.254631,-123.103358,0.0,False
VANCOUVER,E 18TH AVE,RENFREW ST,6,0,0,2019,2022,49.25402,-123.044352,0.0,False
VANCOUVER,E 18TH AVE,RUPERT ST,5,0,0,2018,2021,49.253996,-123.033859,0.0,False
VANCOUVER,E 18TH AVE,SLOCAN ST,3,0,2,2018,2021,49.254029,-123.049543,0.0,False
VANCOUVER,E 18TH AVE,SOPHIA ST,6,0,0,2019,2022,49.254759,-123.098501,0.0,False
VANCOUVER,E 18TH AVE,ST CATHERINES ST,3,0,0,2018,2022,49.254552,-123.085646,0.0,False
VANCOUVER,E 18TH AVE,ST GEORGE ST,2,0,0,2018,2020,49.254685,-123.093836,0.0,False
VANCOUVER,E 18TH AVE,VICTORIA DIVERS,1,0,0,2022,2022,49.254248,-123.067997,0.0,True
VANCOUVER,E 18TH AVE,WATSON ST,1,0,0,2018,2018,49.254735,-123.100895,0.0,True
VANCOUVER,E 18TH AVE,WELWYN ST,7,0,0,2019,2021,49.254294,-123.069337,0.0,False
VANCOUVER,E 18TH AVE,WINDERMERE ST,2,0,0,2019,2020,49.254002,-123.036569,0.0,False
VANCOUVER,E 19TH AVE,FRASER ST,32,1,2,2018,2022,49.253725,-123.089961,0.0,False
VANCOUVER,E 19TH AVE,GARDEN DR,1,0,0,2019,2019,49.252042,-123.058581,0.0,False
VANCOUVER,E 19TH AVE,GLADSTONE ST,1,0,1,2018,2018,49.252168,-123.059033,0.0,False
VANCOUVER,E 19TH AVE,GLEN DR,1,0,0,2019,2019,49.253588,-123.081781,0.0,False
VANCOUVER,E 19TH AVE,HULL ST,3,1,0,2019,2022,49.253486,-123.063742,0.0,False
VANCOUVER,E 19TH AVE,INVERNESS ST,1,0,0,2018,2018,49.253557,-123.079869,0.0,False
VANCOUVER,E 19TH AVE,KAMLOOPS ST,1,0,0,2021,2021,49.253209,-123.054536,0.0,False
VANCOUVER,E 19TH AVE,KASLO ST,1,0,0,2021,2021,49.253183,-123.047052,0.0,False
VANCOUVER,E 19TH AVE,KINGSWAY,2,0,0,2018,2019,49.253612,-123.08321,0.0,False
VANCOUVER,E 19TH AVE,KNIGHT ST,33,1,0,2018,2022,49.253492,-123.076,3.5580862931986084,False
VANCOUVER,E 19TH AVE,LAKEWOOD ST,3,0,0,2019,2021,49.252642,-123.060698,0.0,False
VANCOUVER,E 19TH AVE,LILLOOET ST,2,0,0,2018,2019,49.253154,-123.039092,0.0,False
VANCOUVER,E 19TH AVE,MAIN ST,37,0,2,2018,2022,49.253792,-123.100871,0.0,False
VANCOUVER,E 19TH AVE,MARSHALL ST,1,0,0,2022,2022,49.253029,-123.062092,0.0,False
VANCOUVER,E 19TH AVE,NOOTKA ST,2,0,0,2018,2021,49.253159,-123.041605,0.0,False
VANCOUVER,E 19TH AVE,ONTARIO ST,2,0,1,2019,2020,49.253783,-123.104803,0.0,False
VANCOUVER,E 19TH AVE,PRINCE ALBERT ST,3,0,0,2019,2022,49.253686,-123.087567,0.0,False
VANCOUVER,E 19TH AVE,PRINCE EDWARD ST,1,0,0,2022,2022,49.253816,-123.096576,0.0,False
VANCOUVER,E 19TH AVE,QUEBEC ST,6,0,1,2018,2022,49.253723,-123.102825,0.0,False
VANCOUVER,E 19TH AVE,RENFREW ST,5,0,0,2018,2021,49.253183,-123.044356,0.0,False
VANCOUVER,E 19TH AVE,RUPERT ST,12,0,0,2018,2022,49.253145,-123.033804,0.0,True
VANCOUVER,E 19TH AVE,SEAFORTH DR,1,0,0,2020,2020,49.253145,-123.033804,0.0,True
VANCOUVER,E 19TH AVE,SOPHIA ST,7,0,0,2018,2022,49.253846,-123.098532,0.0,False
VANCOUVER,E 19TH AVE,ST CATHERINES ST,1,0,0,2022,2022,49.253652,-123.08565,0.0,False
VANCOUVER,E 19TH AVE,ST GEORGE ST,2,0,0,2021,2022,49.253775,-123.093879,0.0,False
VANCOUVER,E 19TH AVE,VICTORIA DR,16,2,1,2018,2022,49.254149,-123.066101,0.0,False
VANCOUVER,E 19TH AVE,WALKER ST,1,0,0,2018,2018,49.251873,-123.057931,0.0,False
VANCOUVER,E 19TH AVE,WINDERMERE ST,2,0,0,2019,2020,49.25315,-123.036578,0.0,False
VANCOUVER,E 19TH AVE,WINDSOR ST,1,0,0,2019,2019,49.253621,-123.083729,0.0,False
VANCOUVER,E 1ST AVE,E 1ST AVE OFFRAMP,9,0,0,2019,2021,49.269452,-123.027611,0.0,True
VANCOUVER,E 1ST AVE,E 1ST AVE ONRAMP,1,0,0,2020,2020,49.26953,-123.027812,0.0,True
VANCOUVER,E 1ST AVE,GARDEN DR,28,0,0,2018,2022,49.269496,-123.058015,0.0,False
VANCOUVER,E 1ST AVE,GRANDVIEW VIADUCT,3,0,0,2018,2019,49.269649,-123.077365,0.0,True
VANCOUVER,E 1ST AVE,HWY 1,257,0,0,2018,2022,49.26953,-123.027487,12.496698718215619,True
VANCOUVER,E 1ST AVE,HWY 1A,3,0,0,2018,2022,49.270128,-123.100736,0.0,True
VANCOUVER,E 1ST AVE,KAMLOOPS ST,28,0,0,2018,2022,49.269511,-123.054681,0.0,False
VANCOUVER,E 1ST AVE,KASLO ST,38,1,0,2018,2022,49.269577,-123.046936,0.0,False
VANCOUVER,E 1ST AVE,LAKEWOOD DR,61,0,4,2018,2022,49.269534,-123.061901,0.0,False
VANCOUVER,E 1ST AVE,LILLOOET ST,59,1,0,2018,2022,49.269367,-123.038945,0.0,False
VANCOUVER,E 1ST AVE,LORNE ST,7,1,3,2018,2022,49.269214,-123.098838,0.0,False
VANCOUVER,E 1ST AVE,MAIN ST,97,2,7,2018,2022,49.270128,-123.100736,0.0,True
VANCOUVER,E 1ST AVE,MCLEAN DR,97,2,3,2018,2022,49.269634,-123.075422,0.0,False
VANCOUVER,E 1ST AVE,NANAIMO ST,318,1,2,2018,2022,49.269481,-123.056605,0.0,False
VANCOUVER,E 1ST AVE,NOOTKA ST,38,0,0,2018,2022,49.269558,-123.041466,0.0,False
VANCOUVER,E 1ST AVE,ONTARIO ST,10,0,4,2018,2022,49.270163,-123.104627,0.0,True
VANCOUVER,E 1ST AVE,PENTICTON ST,64,1,1,2018,2022,49.269485,-123.052072,0.0,False
VANCOUVER,E 1ST AVE,PULLMAN PORTER ST,1,0,0,2018,2018,49.270183,-123.103712,0.0,False
VANCOUVER,E 1ST AVE,QUEBEC ST,80,1,6,2018,2022,49.270157,-123.102714,0.0,False
VANCOUVER,E 1ST AVE,RENFREW ST,503,12,2,2018,2022,49.269475,-123.044219,0.0,False
VANCOUVER,E 1ST AVE,RUPERT ST,328,0,3,2018,2022,49.26945,-123.033689,0.0,False
VANCOUVER,E 1ST AVE,SALSBURY DR,27,1,0,2018,2022,49.26956,-123.06772,0.0,False
VANCOUVER,E 1ST AVE,SCOTIA ST,10,0,0,2018,2022,49.268378,-123.097383,0.0,False
VANCOUVER,E 1ST AVE,SEMLIN DR,36,0,0,2018,2022,49.269566,-123.063806,0.0,False
VANCOUVER,E 1ST AVE,SLOCAN ST,45,0,1,2018,2022,49.269481,-123.049447,0.0,False
VANCOUVER,E 1ST AVE,TEMPLETON DR,39,3,1,2018,2022,49.26951,-123.059945,0.0,False
VANCOUVER,E 1ST AVE,THORNTON ST,4,0,0,2018,2020,49.26763,-123.094902,0.0,False
VANCOUVER,E 1ST AVE,TRANS-CANADA HWY,12,0,0,2018,2022,49.26953,-123.027487,12.496698718215619,True
VANCOUVER,E 1ST AVE,VALIANT ST,1,0,0,2022,2022,49.269529,-123.025406,0.0,False
VANCOUVER,E 1ST AVE,VICTORIA DR,189,2,6,2018,2022,49.26956,-123.065769,0.0,False
VANCOUVER,E 1ST AVE,W 1ST AVE,1,0,0,2020,2020,49.270163,-123.104627,0.0,True
VANCOUVER,E 1ST AVE,WINDERMERE ST,76,0,1,2018,2022,49.269537,-123.036435,0.0,False
VANCOUVER,E 1ST AVE,WOODLAND DR,75,0,0,2018,2022,49.269622,-123.07349,0.0,False
VANCOUVER,E 1ST AVE OFFRAMP,HWY 1,133,0,0,2018,2022,49.269452,-123.027611,0.0,True
VANCOUVER,E 1ST AVE OFFRAMP,TRANS-CANADA HWY,2,0,0,2018,2022,49.269452,-123.027611,0.0,True
VANCOUVER,E 1ST AVE ONRAMP,HWY 1,51,0,0,2018,2022,49.26953,-123.027812,16.96775858829295,True
VANCOUVER,E 20TH AVE,FLEMING ST,5,0,1,2018,2022,49.252533,-123.071965,0.0,False
VANCOUVER,E 20TH AVE,FRASER ST,31,2,0,2018,2022,49.252794,-123.089992,0.0,False
VANCOUVER,E 20TH AVE,GLEN DR,4,0,0,2018,2022,49.252681,-123.081803,0.0,False
VANCOUVER,E 20TH AVE,HULL ST,1,0,0,2022,2022,49.25268,-123.064278,0.0,False
VANCOUVER,E 20TH AVE,INVERNESS ST,4,0,0,2018,2020,49.252658,-123.079882,0.0,False
VANCOUVER,E 20TH AVE,KASLO ST,3,0,0,2018,2021,49.252358,-123.047058,0.0,False
VANCOUVER,E 20TH AVE,KNIGHT ST,27,0,0,2018,2022,49.2526,-123.075999,2.615239614267802,False
VANCOUVER,E 20TH AVE,LILLOOET ST,2,0,0,2021,2022,49.252335,-123.039096,0.0,False
VANCOUVER,E 20TH AVE,MAIN ST,34,0,1,2018,2022,49.252708,-123.100937,0.0,False
VANCOUVER,E 20TH AVE,MARSHALL ST,1,0,0,2022,2022,49.252183,-123.062651,0.0,False
VANCOUVER,E 20TH AVE,MAXWELL ST,1,0,0,2018,2018,49.252503,-123.070167,0.0,False
VANCOUVER,E 20TH AVE,NANAIMO ST,16,0,0,2018,2022,49.252289,-123.056596,0.0,False
VANCOUVER,E 20TH AVE,NOOTKA ST,4,0,0,2022,2022,49.25234,-123.041613,0.0,False
VANCOUVER,E 20TH AVE,ONTARIO ST,2,0,1,2020,2022,49.252761,-123.104815,0.0,True
VANCOUVER,E 20TH AVE,PENTICTON ST,4,1,0,2018,2022,49.252366,-123.052181,0.0,False
VANCOUVER,E 20TH AVE,PRINCE ALBERT ST,2,0,0,2021,2022,49.252769,-123.087632,0.0,False
VANCOUVER,E 20TH AVE,PRINCE EDWARD ST,3,0,1,2018,2022,49.252919,-123.096611,0.0,False
VANCOUVER,E 20TH AVE,QUEBEC ST,1,0,0,2021,2021,49.252736,-123.102855,0.0,False
VANCOUVER,E 20TH AVE,RENFREW ST,5,0,0,2018,2021,49.252346,-123.044365,0.0,False
VANCOUVER,E 20TH AVE,RUPERT ST,15,3,1,2018,2022,49.252306,-123.03381,0.0,True
VANCOUVER,E 20TH AVE,SLOCAN ST,2,0,0,2019,2020,49.252375,-123.049603,0.0,False
VANCOUVER,E 20TH AVE,SOPHIA ST,1,0,0,2022,2022,49.25295,-123.098563,0.0,False
VANCOUVER,E 20TH AVE,ST CATHERINES ST,3,0,0,2018,2022,49.252739,-123.085707,0.0,False
VANCOUVER,E 20TH AVE,WELWYN ST,7,0,0,2018,2021,49.25249,-123.069378,0.0,False
VANCOUVER,E 20TH AVE,WINDERMERE ST,3,0,1,2018,2020,49.252331,-123.036585,0.0,False
VANCOUVER,E 20TH AVE,WINDSOR ST,2,0,0,2020,2020,49.252708,-123.083742,0.0,False
VANCOUVER,E 20TH ST,KNIGHT ST,1,0,0,2020,2020,49.252599,-123.075963,0.0,False
VANCOUVER,E 21ST AVE,FRASER ST,15,1,1,2018,2022,49.251896,-123.090059,0.0,False
VANCOUVER,E 21ST AVE,GLEN DR,4,0,0,2019,2022,49.251785,-123.081825,0.0,False
VANCOUVER,E 21ST AVE,INVERNESS ST,4,0,0,2019,2021,49.251753,-123.0799,0.0,False
VANCOUVER,E 21ST AVE,KASLO ST,3,0,0,2018,2022,49.251504,-123.047067,0.0,False
VANCOUVER,E 21ST AVE,KNIGHT ST,28,2,0,2018,2022,49.251697,-123.075996,0.0,False
VANCOUVER,E 21ST AVE,LILLOOET ST,3,0,0,2018,2021,49.25149,-123.039099,0.0,False
VANCOUVER,E 21ST AVE,MAIN ST,37,2,0,2018,2022,49.251936,-123.100937,0.0,False
VANCOUVER,E 21ST AVE,NANAIMO ST,13,0,1,2018,2022,49.251525,-123.056597,0.0,False
VANCOUVER,E 21ST AVE,NOOTKA ST,2,0,0,2018,2018,49.251493,-123.041624,0.0,False
VANCOUVER,E 21ST AVE,ONTARIO ST,2,0,0,2019,2019,49.251877,-123.104873,0.0,True
VANCOUVER,E 21ST AVE,PENTICTON ST,3,0,0,2018,2019,49.25155,-123.052214,0.0,False
VANCOUVER,E 21ST AVE,PRINCE EDWARD ST,2,0,0,2019,2019,49.25201,-123.096645,0.0,False
VANCOUVER,E 21ST AVE,QUEBEC ST,3,0,0,2018,2022,49.251828,-123.10288,0.0,False
VANCOUVER,E 21ST AVE,RENFREW ST,9,0,0,2018,2022,49.2515,-123.044371,0.0,False
VANCOUVER,E 21ST AVE,RUPERT ST,13,1,0,2018,2022,49.251481,-123.033862,0.0,False
VANCOUVER,E 21ST AVE,SLOCAN ST,4,0,0,2018,2021,49.251548,-123.049608,0.0,False
VANCOUVER,E 21ST AVE,SOPHIA ST,7,0,0,2018,2022,49.252036,-123.098596,0.0,False
VANCOUVER,E 21ST AVE,ST CATHERINES ST,4,0,1,2018,2022,49.251841,-123.085736,0.0,False
VANCOUVER,E 21ST AVE,ST GEORGE ST,2,0,0,2018,2021,49.251973,-123.093962,0.0,False
VANCOUVER,E 21ST AVE,WELWYN ST,1,0,0,2022,2022,49.251602,-123.069403,0.0,False
VANCOUVER,E 21ST AVE,WINDERMERE ST,4,0,0,2018,2022,49.251486,-123.036595,0.0,False
VANCOUVER,E 22ND AVE,FLEMING ST,4,0,0,2018,2019,49.250378,-123.072413,0.0,False
VANCOUVER,E 22ND AVE,FRASER ST,17,0,0,2018,2022,49.251008,-123.090078,0.0,False
VANCOUVER,E 22ND AVE,GLENDALE ST,5,0,0,2018,2022,49.250642,-123.025373,0.0,False
VANCOUVER,E 22ND AVE,INVERNESS ST,2,0,0,2019,2020,49.250866,-123.079949,0.0,False
VANCOUVER,E 22ND AVE,KAMLOOPS ST,5,0,0,2019,2022,49.250631,-123.054583,0.0,False
VANCOUVER,E 22ND AVE,KASLO ST,13,0,0,2018,2022,49.250635,-123.047073,0.0,False
VANCOUVER,E 22ND AVE,KNIGHT ST,13,0,0,2018,2022,49.250432,-123.076006,0.0,False
VANCOUVER,E 22ND AVE,KOOTENAY ST,4,0,0,2018,2021,49.250638,-123.026252,0.0,True
VANCOUVER,E 22ND AVE,LANARK ST,2,0,0,2021,2022,49.250411,-123.074646,0.0,False
VANCOUVER,E 22ND AVE,LILLOOET ST,5,0,0,2019,2022,49.25061,-123.039103,0.0,False
VANCOUVER,E 22ND AVE,MAIN ST,41,2,2,2018,2022,49.251062,-123.100977,0.0,False
VANCOUVER,E 22ND AVE,MAXWELL ST,1,0,0,2021,2021,49.250346,-123.070228,0.0,False
VANCOUVER,E 22ND AVE,NANAIMO ST,80,3,0,2018,2022,49.250649,-123.056601,0.0,False
VANCOUVER,E 22ND AVE,NOOTKA ST,29,1,0,2018,2022,49.250617,-123.041605,0.0,False
VANCOUVER,E 22ND AVE,ONTARIO ST,6,0,1,2018,2022,49.25097,-123.104906,0.0,True
VANCOUVER,E 22ND AVE,PENTICTON ST,14,1,0,2018,2021,49.250654,-123.052233,0.0,False
VANCOUVER,E 22ND AVE,PERRY ST,4,0,0,2019,2022,49.250361,-123.07109,0.0,False
VANCOUVER,E 22ND AVE,PRINCE ALBERT ST,2,0,0,2021,2022,49.25098,-123.087703,0.0,False
VANCOUVER,E 22ND AVE,PRINCE EDWARD ST,1,0,0,2019,2019,49.251116,-123.096676,0.0,False
VANCOUVER,E 22ND AVE,QUEBEC ST,6,0,0,2018,2022,49.250972,-123.102906,0.0,False
VANCOUVER,E 22ND AVE,RENFREW ST,92,4,2,2018,2022,49.250627,-123.044181,0.0,True
VANCOUVER,E 22ND AVE,RUPERT ST,190,5,1,2018,2022,49.250607,-123.033814,0.0,False
VANCOUVER,E 22ND AVE,SIDNEY ST,2,0,0,2018,2020,49.250254,-123.062566,0.0,False
VANCOUVER,E 22ND AVE,SKEENA ST,3,0,0,2021,2021,49.250625,-123.028522,0.0,True
VANCOUVER,E 22ND AVE,SLOCAN ST,83,1,4,2018,2022,49.250639,-123.049615,0.0,False
VANCOUVER,E 22ND AVE,SOPHIA ST,2,0,0,2020,2022,49.251146,-123.098628,0.0,False
VANCOUVER,E 22ND AVE,ST GEORGE ST,1,0,0,2018,2018,49.251073,-123.094,0.0,False
VANCOUVER,E 22ND AVE,VICTORIA DR,32,1,0,2018,2022,49.250266,-123.065031,0.0,False
VANCOUVER,E 22ND AVE,WELWYN ST,6,0,0,2018,2022,49.250341,-123.069874,0.0,False
VANCOUVER,E 22ND AVE,WINDERMERE ST,12,0,0,2018,2022,49.250604,-123.036601,0.0,False
VANCOUVER,E 22ND AVE,WINDSOR ST,2,0,1,2018,2022,49.250922,-123.083809,0.0,False
VANCOUVER,E 22ND AVE,WORTHINGTON DR,14,2,0,2018,2022,49.250638,-123.026252,0.0,True
VANCOUVER,E 23RD AVE,FRASER ST,28,2,2,2018,2022,49.250092,-123.090117,0.0,False
VANCOUVER,E 23RD AVE,INVERNESS ST,3,0,0,2018,2021,49.249948,-123.079984,0.0,False
VANCOUVER,E 23RD AVE,KAMLOOPS ST,2,0,0,2018,2019,49.249717,-123.05459,0.0,False
VANCOUVER,E 23RD AVE,KASLO ST,1,0,0,2022,2022,49.249689,-123.047082,0.0,False
VANCOUVER,E 23RD AVE,KNIGHT ST,13,0,1,2018,2022,49.249892,-123.076132,0.0,False
VANCOUVER,E 23RD AVE,LILLOOET ST,1,0,0,2022,2022,49.249667,-123.039108,0.0,False
VANCOUVER,E 23RD AVE,MAIN ST,46,1,1,2018,2022,49.250251,-123.101012,0.0,False
VANCOUVER,E 23RD AVE,NANAIMO ST,7,0,0,2018,2022,49.2497,-123.05662,0.0,False
VANCOUVER,E 23RD AVE,NOOTKA ST,5,0,0,2018,2022,49.249663,-123.04159,0.0,False
VANCOUVER,E 23RD AVE,ONTARIO ST,2,0,0,2019,2020,49.249916,-123.104968,0.0,True
VANCOUVER,E 23RD AVE,PENTICTON ST,4,0,0,2018,2022,49.249714,-123.05221,0.0,False
VANCOUVER,E 23RD AVE,PRINCE ALBERT ST,4,0,1,2018,2021,49.250071,-123.087739,0.0,False
VANCOUVER,E 23RD AVE,PRINCE EDWARD ST,7,0,0,2018,2022,49.2502,-123.09671,0.0,False
VANCOUVER,E 23RD AVE,QUEBEC ST,9,0,0,2018,2021,49.250285,-123.102901,0.0,False
VANCOUVER,E 23RD AVE,RENFREW ST,2,0,0,2022,2022,49.249686,-123.044405,0.0,False
VANCOUVER,E 23RD AVE,RUPERT ST,15,0,0,2018,2022,49.249657,-123.033813,0.0,False
VANCOUVER,E 23RD AVE,SLOCAN ST,9,0,0,2019,2022,49.249712,-123.049626,0.0,False
VANCOUVER,E 23RD AVE,SOPHIA ST,5,1,0,2018,2022,49.250229,-123.098675,0.0,False
VANCOUVER,E 23RD AVE,VICTORIA DR,12,0,0,2018,2022,49.249387,-123.065052,0.0,False
VANCOUVER,E 23RD AVE,WINDERMERE ST,1,0,0,2019,2019,49.249671,-123.036557,0.0,False
VANCOUVER,E 24TH AVE,FRASER ST,33,1,1,2018,2022,49.249185,-123.09014,0.0,False
VANCOUVER,E 24TH AVE,GLEN DR,2,0,1,2018,2020,49.249064,-123.081896,0.0,False
VANCOUVER,E 24TH AVE,GLENDALE ST,1,0,1,2021,2021,49.248798,-123.025368,0.0,False
VANCOUVER,E 24TH AVE,KNIGHT ST,8,0,0,2018,2022,49.248981,-123.076162,0.0,False
VANCOUVER,E 24TH AVE,KOOTENAY ST,2,0,0,2018,2022,49.2488,-123.026263,0.0,False
VANCOUVER,E 24TH AVE,MAIN ST,42,0,1,2018,2022,49.249435,-123.101047,0.0,False
VANCOUVER,E 24TH AVE,NANAIMO ST,37,1,0,2018,2022,49.248811,-123.056632,0.0,False
VANCOUVER,E 24TH AVE,NANAIMO STATION LOOP,2,0,0,2018,2020,49.248815,-123.0554,0.0,False
VANCOUVER,E 24TH AVE,NOOTKA ST,4,0,0,2018,2020,49.248751,-123.041615,0.0,False
VANCOUVER,E 24TH AVE,ONTARIO ST,6,0,2,2018,2022,49.249569,-123.104976,0.0,False
VANCOUVER,E 24TH AVE,PENTICTON ST,3,0,0,2020,2021,49.248823,-123.052233,0.0,False
VANCOUVER,E 24TH AVE,PRINCE ALBERT ST,4,0,0,2019,2022,49.249167,-123.087775,0.0,False
VANCOUVER,E 24TH AVE,PRINCE EDWARD ST,3,0,1,2019,2022,49.249305,-123.096742,0.0,False
VANCOUVER,E 24TH AVE,RENFREW ST,1,0,0,2018,2018,49.248795,-123.044417,0.0,False
VANCOUVER,E 24TH AVE,RUPERT ST,24,0,1,2018,2022,49.248768,-123.033816,0.0,False
VANCOUVER,E 24TH AVE,SKEENA ST,1,0,0,2021,2021,49.248792,-123.02853,0.0,False
VANCOUVER,E 24TH AVE,SLOCAN ST,8,0,0,2018,2022,49.248802,-123.049639,0.0,False
VANCOUVER,E 24TH AVE,SOPHIA ST,4,0,0,2018,2022,49.249328,-123.098694,0.0,False
VANCOUVER,E 24TH AVE,ST CATHERINES ST,1,0,0,2022,2022,49.249134,-123.085831,0.0,False
VANCOUVER,E 24TH AVE,ST GEORGE ST,1,0,0,2019,2019,49.24927,-123.094044,0.0,False
VANCOUVER,E 24TH AVE,WINDERMERE ST,2,0,0,2018,2019,49.248768,-123.036567,0.0,False
VANCOUVER,E 25TH AVE,FRASER ST,11,2,2,2018,2022,49.248662,-123.090155,0.0,True
VANCOUVER,E 25TH AVE,GLADSTONE ST,3,0,0,2018,2019,49.248123,-123.060508,0.0,False
VANCOUVER,E 25TH AVE,KASLO ST,1,0,0,2019,2019,49.247915,-123.047096,0.0,False
VANCOUVER,E 25TH AVE,KINGSWAY,7,0,0,2018,2021,49.248504,-123.072338,2.553538680162664,False
VANCOUVER,E 25TH AVE,KNIGHT ST,11,1,0,2018,2022,49.248512,-123.076075,0.0,True
VANCOUVER,E 25TH AVE,LILLOOET ST,1,0,0,2022,2022,49.247873,-123.039115,0.0,False
VANCOUVER,E 25TH AVE,MAIN ST,35,0,1,2018,2022,49.248771,-123.10107,0.0,True
VANCOUVER,E 25TH AVE,NOOTKA ST,1,0,0,2021,2021,49.24789,-123.041621,0.0,False
VANCOUVER,E 25TH AVE,RUPERT ST,13,0,0,2018,2022,49.247871,-123.033763,0.0,False
VANCOUVER,E 25TH AVE,SKEENA ST,6,0,0,2019,2022,49.247891,-123.028534,0.0,False
VANCOUVER,E 25TH AVE,SLOCAN ST,5,0,1,2019,2022,49.247928,-123.049639,0.0,False
VANCOUVER,E 25TH AVE,ST GEORGE ST,1,0,0,2022,2022,49.248686,-123.094061,0.0,True
VANCOUVER,E 25TH AVE,VICTORIA DR,4,0,1,2018,2022,49.248503,-123.065075,0.0,False
VANCOUVER,E 26TH AVE,ELGIN ST,4,0,0,2018,2019,49.247717,-123.082681,0.0,False
VANCOUVER,E 26TH AVE,FLEMING ST,5,0,1,2019,2022,49.247811,-123.072036,0.0,False
VANCOUVER,E 26TH AVE,FRASER ST,42,1,2,2018,2022,49.247611,-123.090166,0.0,False
VANCOUVER,E 26TH AVE,GLEN DR,2,0,0,2019,2021,49.24771,-123.081921,0.0,False
VANCOUVER,E 26TH AVE,INVERNESS ST,2,0,0,2019,2020,49.247624,-123.080079,0.0,False
VANCOUVER,E 26TH AVE,KAMLOOPS ST,1,0,0,2021,2021,49.247122,-123.054267,0.0,False
VANCOUVER,E 26TH AVE,KASLO ST,1,0,0,2019,2019,49.247103,-123.047102,0.0,False
VANCOUVER,E 26TH AVE,KNIGHT ST,12,0,1,2018,2022,49.247501,-123.076121,0.0,False
VANCOUVER,E 26TH AVE,KOOTENAY ST,3,0,0,2018,2019,49.247034,-123.02627,0.0,False
VANCOUVER,E 26TH AVE,MAIN ST,85,1,1,2018,2022,49.247981,-123.101117,0.0,False
VANCOUVER,E 26TH AVE,NANAIMO ST,13,1,0,2018,2022,49.247107,-123.056654,0.0,False
VANCOUVER,E 26TH AVE,NOOTKA ST,2,0,0,2018,2022,49.247066,-123.041622,0.0,False
VANCOUVER,E 26TH AVE,ONTARIO ST,3,0,0,2018,2022,49.248078,-123.105034,0.0,False
VANCOUVER,E 26TH AVE,PENTICTON ST,1,0,0,2019,2019,49.247516,-123.051894,0.0,False
VANCOUVER,E 26TH AVE,PERRY ST,1,0,0,2021,2021,49.247497,-123.07131,0.0,False
VANCOUVER,E 26TH AVE,PRINCE ALBERT ST,4,0,0,2019,2022,49.247552,-123.087759,0.0,False
VANCOUVER,E 26TH AVE,PRINCE EDWARD ST,1,0,0,2022,2022,49.247386,-123.096803,0.0,False
VANCOUVER,E 26TH AVE,QUEBEC ST,3,0,1,2018,2020,49.248033,-123.103224,0.0,False
VANCOUVER,E 26TH AVE,RUPERT ST,16,0,1,2018,2022,49.247097,-123.033832,0.0,False
VANCOUVER,E 26TH AVE,SIDNEY ST,1,0,0,2021,2021,49.247618,-123.062723,0.0,False
VANCOUVER,E 26TH AVE,SKEENA ST,6,0,0,2018,2020,49.247052,-123.028538,0.0,False
VANCOUVER,E 26TH AVE,SLOCAN ST,4,0,0,2020,2022,49.247528,-123.049641,0.0,False
VANCOUVER,E 26TH AVE,SOPHIA ST,16,0,0,2018,2022,49.247552,-123.099124,0.0,False
VANCOUVER,E 26TH AVE,ST GEORGE ST,2,0,0,2021,2022,49.247682,-123.094077,0.0,False
VANCOUVER,E 26TH AVE,VICTORIA DR,17,1,2,2018,2022,49.247627,-123.065099,0.0,False
VANCOUVER,E 26TH AVE,WATSON ST,7,0,0,2018,2021,49.247571,-123.100489,0.0,False
VANCOUVER,E 26TH AVE,WINDERMERE ST,2,0,0,2019,2020,49.247108,-123.036634,0.0,False
VANCOUVER,E 26TH AVE,WINDSOR ST,1,0,0,2018,2018,49.247616,-123.083918,0.0,False
VANCOUVER,E 27TH AVE,FRASER ST,70,1,1,2018,2022,49.246618,-123.090194,0.0,False
VANCOUVER,E 27TH AVE,GLADSTONE ST,2,0,0,2019,2019,49.246724,-123.060408,0.0,False
VANCOUVER,E 27TH AVE,GLEN DR,1,0,0,2020,2020,49.246522,-123.081967,0.0,False
VANCOUVER,E 27TH AVE,KAMLOOPS ST,1,0,0,2019,2019,49.246263,-123.054253,0.0,False
VANCOUVER,E 27TH AVE,KASLO ST,1,0,0,2019,2019,49.246261,-123.047108,0.0,False
VANCOUVER,E 27TH AVE,KNIGHT ST,16,1,0,2018,2022,49.246437,-123.076236,0.0,False
VANCOUVER,E 27TH AVE,LILLOOET ST,1,0,0,2018,2018,49.246223,-123.039122,0.0,False
VANCOUVER,E 27TH AVE,MAIN ST,68,1,1,2018,2022,49.247228,-123.10115,0.0,False
VANCOUVER,E 27TH AVE,NANAIMO ST,22,0,0,2018,2022,49.246699,-123.056652,0.0,False
VANCOUVER,E 27TH AVE,NOOTKA ST,7,0,0,2018,2022,49.246232,-123.041623,0.0,False
VANCOUVER,E 27TH AVE,ONTARIO ST,7,0,0,2018,2022,49.247311,-123.105075,0.0,False
VANCOUVER,E 27TH AVE,PRINCE ALBERT ST,2,0,0,2019,2022,49.246589,-123.08778,0.0,False
VANCOUVER,E 27TH AVE,QUEBEC ST,6,0,0,2018,2022,49.247273,-123.103261,0.0,False
VANCOUVER,E 27TH AVE,ROSS ST,1,0,0,2020,2020,49.246511,-123.081349,0.0,False
VANCOUVER,E 27TH AVE,RUPERT ST,22,0,1,2018,2022,49.246234,-123.033843,0.0,False
VANCOUVER,E 27TH AVE,SIDNEY ST,4,0,0,2019,2021,49.246741,-123.062727,0.0,False
VANCOUVER,E 27TH AVE,SKEENA ST,2,1,0,2020,2022,49.246195,-123.028542,0.0,False
VANCOUVER,E 27TH AVE,SLOCAN ST,9,0,1,2018,2022,49.246275,-123.049652,0.0,False
VANCOUVER,E 27TH AVE,ST CATHERINES ST,3,0,0,2019,2022,49.246565,-123.085841,0.0,False
VANCOUVER,E 27TH AVE,ST GEORGE ST,2,0,0,2019,2021,49.246644,-123.094113,0.0,False
VANCOUVER,E 27TH AVE,VICTORIA DR,19,0,1,2018,2022,49.246758,-123.065122,0.0,False
VANCOUVER,E 27TH AVE,WINDERMERE ST,4,0,1,2018,2022,49.246256,-123.036643,0.0,False
VANCOUVER,E 27TH AVE,WINDSOR ST,1,0,0,2022,2022,49.246539,-123.083947,0.0,False
VANCOUVER,E 28TH AVE,ELGIN ST,1,0,0,2021,2021,49.245452,-123.082734,0.0,False
VANCOUVER,E 28TH AVE,FRASER ST,46,2,0,2018,2022,49.245542,-123.09021,0.0,False
VANCOUVER,E 28TH AVE,GLADSTONE ST,4,0,0,2018,2022,49.245798,-123.060445,0.0,False
VANCOUVER,E 28TH AVE,HARRIET ST,2,0,0,2018,2022,49.245481,-123.086605,0.0,False
VANCOUVER,E 28TH AVE,INVERNESS ST,2,0,0,2019,2020,49.245436,-123.080137,0.0,False
VANCOUVER,E 28TH AVE,JAMES ST,1,0,0,2022,2022,49.246028,-123.103913,0.0,False
VANCOUVER,E 28TH AVE,JOHN ST,3,1,0,2018,2021,49.245646,-123.097368,0.0,False
VANCOUVER,E 28TH AVE,KAMLOOPS ST,1,0,0,2020,2020,49.245433,-123.054248,0.0,False
VANCOUVER,E 28TH AVE,KASLO ST,1,0,0,2019,2019,49.245418,-123.047115,0.0,False
VANCOUVER,E 28TH AVE,KNIGHT ST,17,1,0,2018,2021,49.245411,-123.07627,0.0,False
VANCOUVER,E 28TH AVE,LILLOOET ST,6,0,0,2019,2022,49.245395,-123.039127,0.0,False
VANCOUVER,E 28TH AVE,MAIN ST,107,3,0,2018,2022,49.245848,-123.101254,0.0,False
VANCOUVER,E 28TH AVE,NANAIMO ST,20,1,0,2018,2022,49.245792,-123.056656,0.0,False
VANCOUVER,E 28TH AVE,NOOTKA ST,5,0,0,2018,2022,49.245405,-123.041625,0.0,False
VANCOUVER,E 28TH AVE,ONTARIO ST,5,0,3,2019,2022,49.246059,-123.105144,0.0,True
VANCOUVER,E 28TH AVE,PENTICTON ST,2,0,0,2018,2019,49.245454,-123.052059,0.0,False
VANCOUVER,E 28TH AVE,PRINCE ALBERT ST,3,0,0,2018,2022,49.245486,-123.087806,0.0,False
VANCOUVER,E 28TH AVE,PRINCE EDWARD ST,3,0,1,2018,2020,49.24564,-123.096871,0.0,False
VANCOUVER,E 28TH AVE,QUEBEC ST,2,0,0,2018,2021,49.245992,-123.102535,0.0,False
VANCOUVER,E 28TH AVE,ROSS ST,1,0,0,2022,2022,49.245445,-123.081359,0.0,False
VANCOUVER,E 28TH AVE,RUPERT ST,2,0,0,2018,2019,49.245358,-123.033903,0.0,False
VANCOUVER,E 28TH AVE,SIDNEY ST,13,0,0,2018,2022,49.245802,-123.062769,0.0,False
VANCOUVER,E 28TH AVE,SKEENA ST,2,0,0,2020,2022,49.24535,-123.028544,0.0,False
VANCOUVER,E 28TH AVE,SLOCAN ST,1,0,0,2019,2019,49.245456,-123.049659,0.0,False
VANCOUVER,E 28TH AVE,SOPHIA ST,3,0,0,2018,2022,49.245689,-123.0992,0.0,False
VANCOUVER,E 28TH AVE,ST CATHERINES ST,2,0,0,2019,2019,49.245475,-123.085893,0.0,False
VANCOUVER,E 28TH AVE,ST GEORGE ST,5,0,0,2018,2019,49.245619,-123.094144,0.0,False
VANCOUVER,E 28TH AVE,VICTORIA DR,10,0,0,2018,2021,49.245807,-123.065148,0.0,False
VANCOUVER,E 28TH AVE,WALDEN ST,3,0,0,2019,2021,49.245699,-123.099885,0.0,False
VANCOUVER,E 28TH AVE,WATSON ST,10,0,0,2018,2022,49.245709,-123.100582,0.0,False
VANCOUVER,E 28TH AVE,WELWYN ST,1,0,0,2021,2021,49.245087,-123.069997,0.0,False
VANCOUVER,E 28TH AVE,WINDERMERE ST,3,1,0,2019,2022,49.24538,-123.036651,0.0,False
VANCOUVER,E 28TH AVE,WINDSOR ST,3,0,0,2018,2022,49.245463,-123.083976,0.0,False
VANCOUVER,E 29TH AVE,EARLES ST,31,3,4,2018,2022,49.244548,-123.042163,0.0,True
VANCOUVER,E 29TH AVE,ELGIN ST,2,0,0,2018,2021,49.244615,-123.082746,0.0,False
VANCOUVER,E 29TH AVE,FLEMING ST,5,0,0,2018,2022,49.244008,-123.072132,0.0,False
VANCOUVER,E 29TH AVE,FRASER ST,47,0,1,2018,2022,49.244654,-123.090273,0.0,False
VANCOUVER,E 29TH AVE,GLADSTONE ST,1,0,0,2018,2018,49.244857,-123.060451,0.0,True
VANCOUVER,E 29TH AVE,GOTHARD ST,2,0,0,2018,2021,49.244613,-123.05109,0.0,False
VANCOUVER,E 29TH AVE,HOY ST,4,0,0,2018,2022,49.244464,-123.024968,0.0,False
VANCOUVER,E 29TH AVE,JAMES ST,6,0,0,2018,2022,49.244509,-123.103909,0.0,False
VANCOUVER,E 29TH AVE,JOHN ST,1,0,0,2022,2022,49.244398,-123.09743,0.0,False
VANCOUVER,E 29TH AVE,JOYCE ST,69,1,0,2018,2022,49.244355,-123.025893,0.0,False
VANCOUVER,E 29TH AVE,KAMLOOPS ST,1,0,0,2020,2020,49.244622,-123.054243,0.0,False
VANCOUVER,E 29TH AVE,KNIGHT ST,29,2,1,2018,2022,49.244547,-123.076309,0.0,False
VANCOUVER,E 29TH AVE,LILLOOET ST,1,0,0,2021,2021,49.24453,-123.03913,0.0,False
VANCOUVER,E 29TH AVE,MAIN ST,100,1,0,2018,2022,49.244458,-123.101309,0.0,False
VANCOUVER,E 29TH AVE,MANOR ST,4,0,0,2018,2019,49.24452,-123.036981,0.0,False
VANCOUVER,E 29TH AVE,MCHARDY ST,3,0,0,2018,2022,49.244494,-123.029942,0.0,False
VANCOUVER,E 29TH AVE,NANAIMO ST,66,1,1,2018,2022,49.244612,-123.056658,0.0,False
VANCOUVER,E 29TH AVE,NOOTKA ST,23,3,4,2018,2022,49.244548,-123.042163,0.0,True
VANCOUVER,E 29TH AVE,ONTARIO ST,9,0,2,2019,2022,49.244527,-123.105208,0.0,True
VANCOUVER,E 29TH AVE,PRINCE ALBERT ST,4,0,0,2018,2022,49.244693,-123.087826,0.0,False
VANCOUVER,E 29TH AVE,PRINCE EDWARD ST,1,0,0,2019,2019,49.244776,-123.09688,0.0,False
VANCOUVER,E 29TH AVE,QUEBEC ST,6,0,1,2018,2022,49.2445,-123.102552,0.0,False
VANCOUVER,E 29TH AVE,REID ST,3,1,1,2019,2021,49.244512,-123.035527,0.0,False
VANCOUVER,E 29TH AVE,ROSS ST,1,0,0,2019,2019,49.244605,-123.081357,0.0,False
VANCOUVER,E 29TH AVE,RUPERT ST,135,1,1,2018,2022,49.244512,-123.034091,0.0,False
VANCOUVER,E 29TH AVE,SIDNEY ST,3,0,0,2018,2022,49.244924,-123.062811,0.0,False
VANCOUVER,E 29TH AVE,SKEENA ST,9,0,0,2018,2022,49.244478,-123.028549,0.0,False
VANCOUVER,E 29TH AVE,SLOCAN ST,58,3,3,2018,2022,49.24462,-123.049647,0.0,False
VANCOUVER,E 29TH AVE,SOPHIA ST,1,0,0,2021,2021,49.244423,-123.098664,0.0,False
VANCOUVER,E 29TH AVE,ST GEORGE ST,1,0,0,2019,2019,49.244664,-123.094171,0.0,False
VANCOUVER,E 29TH AVE,WALDEN ST,5,0,1,2019,2022,49.244447,-123.09994,0.0,False
VANCOUVER,E 29TH AVE,WELLINGTON AVE,1,0,0,2021,2021,49.244541,-123.040589,0.0,False
VANCOUVER,E 29TH AVE,WELWYN ST,2,0,1,2019,2019,49.243991,-123.070025,0.0,False
VANCOUVER,E 29TH AVE,WINDERMERE ST,13,0,2,2018,2022,49.244518,-123.036658,0.0,False
VANCOUVER,E 29TH AVE,WINDSOR ST,1,0,0,2020,2020,49.244617,-123.083979,0.0,False
VANCOUVER,E 2ND AVE,E 5TH AVE,1,0,0,2021,2021,49.266221,-123.095652,0.0,False
VANCOUVER,E 2ND AVE,GARDEN DR,2,0,0,2021,2022,49.268604,-123.058028,0.0,False
VANCOUVER,E 2ND AVE,GREAT NORTHERN WAY,7,0,0,2019,2022,49.266741,-123.096256,0.0,True
VANCOUVER,E 2ND AVE,HWY 99A,1,0,0,2021,2021,49.269078,-123.100707,0.0,True
VANCOUVER,E 2ND AVE,KAMLOOPS ST,7,0,0,2019,2022,49.268484,-123.054704,0.0,False
VANCOUVER,E 2ND AVE,KASLO ST,8,0,0,2018,2022,49.268479,-123.046959,0.0,False
VANCOUVER,E 2ND AVE,LAKEWOOD DR,1,0,0,2019,2019,49.268636,-123.061894,0.0,False
VANCOUVER,E 2ND AVE,LILLOOET ST,2,0,0,2019,2019,49.268471,-123.03897,0.0,False
VANCOUVER,E 2ND AVE,LORNE ST,23,0,1,2018,2022,49.268626,-123.099629,0.0,False
VANCOUVER,E 2ND AVE,MAIN ST,389,10,9,2018,2022,49.269078,-123.100707,0.0,True
VANCOUVER,E 2ND AVE,MCLEAN DR,5,0,0,2020,2022,49.268736,-123.075442,0.0,False
VANCOUVER,E 2ND AVE,NANAIMO ST,30,0,0,2018,2022,49.268573,-123.056624,0.0,False
VANCOUVER,E 2ND AVE,NOOTKA ST,2,0,0,2022,2022,49.268473,-123.04149,0.0,False
VANCOUVER,E 2ND AVE,ONTARIO ST,24,0,2,2018,2022,49.269246,-123.104652,0.0,True
VANCOUVER,E 2ND AVE,PENTICTON ST,5,0,0,2018,2021,49.268482,-123.052107,0.0,False
VANCOUVER,E 2ND AVE,QUEBEC ST,162,3,6,2018,2022,49.269212,-123.102714,0.0,False
VANCOUVER,E 2ND AVE,RENFREW ST,67,1,0,2018,2022,49.268482,-123.044234,0.0,False
VANCOUVER,E 2ND AVE,RUPERT ST,19,0,0,2018,2022,49.268466,-123.033697,0.0,False
VANCOUVER,E 2ND AVE,SCOTIA ST,33,1,4,2018,2022,49.267737,-123.098202,0.0,False
VANCOUVER,E 2ND AVE,SEMLIN DR,8,0,0,2018,2022,49.268653,-123.063837,0.0,False
VANCOUVER,E 2ND AVE,SLOCAN ST,9,1,1,2019,2022,49.26848,-123.049466,0.0,False
VANCOUVER,E 2ND AVE,TEMPLETON DR,1,0,0,2022,2022,49.268619,-123.059971,0.0,False
VANCOUVER,E 2ND AVE,VERNON DR,2,0,0,2018,2022,49.268771,-123.07887,0.0,False
VANCOUVER,E 2ND AVE,VICTORIA DR,23,0,3,2018,2022,49.268669,-123.065784,0.0,False
VANCOUVER,E 2ND AVE,WINDERMERE ST,1,0,0,2018,2018,49.26847,-123.036447,0.0,False
VANCOUVER,E 2ND AVE,WOODLAND DR,5,0,1,2018,2021,49.268731,-123.073522,0.0,False
VANCOUVER,E 30TH AVE,E 32ND AVE,1,0,0,2021,2021,49.241518,-123.06014,0.0,True
VANCOUVER,E 30TH AVE,E 33RD AVE,4,0,0,2019,2021,49.239779,-123.056768,0.0,False
VANCOUVER,E 30TH AVE,ELDORADO MEWS,2,0,0,2020,2022,49.240646,-123.058255,0.0,False
VANCOUVER,E 30TH AVE,FRASER ST,56,0,0,2018,2022,49.243531,-123.090305,0.0,False
VANCOUVER,E 30TH AVE,GLADSTONE ST,15,1,1,2018,2022,49.242793,-123.062644,0.0,True
VANCOUVER,E 30TH AVE,JAMES ST,5,0,0,2019,2022,49.24334,-123.103975,0.0,False
VANCOUVER,E 30TH AVE,KNIGHT ST,9,0,0,2018,2022,49.243683,-123.076338,0.0,False
VANCOUVER,E 30TH AVE,MAIN ST,72,2,2,2018,2022,49.243283,-123.101365,0.0,False
VANCOUVER,E 30TH AVE,NANAIMO ST,21,0,0,2018,2021,49.240878,-123.058716,0.0,False
VANCOUVER,E 30TH AVE,ONTARIO ST,10,1,5,2018,2022,49.24337,-123.105255,0.0,False
VANCOUVER,E 30TH AVE,PRINCE ALBERT ST,5,0,0,2019,2022,49.243391,-123.087878,0.0,False
VANCOUVER,E 30TH AVE,PRINCE EDWARD ST,1,0,1,2020,2020,49.24352,-123.096918,0.0,False
VANCOUVER,E 30TH AVE,QUEBEC ST,2,0,0,2021,2021,49.243317,-123.102606,0.0,False
VANCOUVER,E 30TH AVE,SIDNEY ST,5,0,0,2018,2021,49.24375,-123.064524,0.0,False
VANCOUVER,E 30TH AVE,SOPHIA ST,1,0,0,2019,2019,49.243242,-123.098717,0.0,False
VANCOUVER,E 30TH AVE,ST CATHERINES ST,1,0,0,2018,2018,49.243256,-123.085953,0.0,False
VANCOUVER,E 30TH AVE,ST GEORGE ST,1,0,0,2020,2020,49.243529,-123.094184,0.0,False
VANCOUVER,E 30TH AVE,VICTORIA DR,12,0,0,2018,2022,49.244062,-123.065231,0.0,False
VANCOUVER,E 30TH AVE,WELWYN ST,1,0,0,2022,2022,49.243426,-123.070037,0.0,False
VANCOUVER,E 30TH AVE,WINDSOR ST,1,0,0,2018,2018,49.243236,-123.084034,0.0,False
VANCOUVER,E 31ST AVE,ELGIN ST,3,0,0,2018,2020,49.242519,-123.082761,0.0,False
VANCOUVER,E 31ST AVE,FRASER ST,26,3,2,2018,2022,49.242595,-123.09032,0.0,False
VANCOUVER,E 31ST AVE,GLADSTONE ST,2,0,0,2018,2020,49.242793,-123.062644,0.0,True
VANCOUVER,E 31ST AVE,HENRY ST,1,0,0,2022,2022,49.242509,-123.07766,0.0,False
VANCOUVER,E 31ST AVE,INVERNESS ST,4,0,1,2019,2022,49.242497,-123.080209,0.0,False
VANCOUVER,E 31ST AVE,JOHN ST,1,0,0,2021,2021,49.24273,-123.097513,0.0,False
VANCOUVER,E 31ST AVE,KNIGHT ST,26,0,1,2018,2022,49.243057,-123.07636,0.0,False
VANCOUVER,E 31ST AVE,LANARK ST,1,0,0,2019,2019,49.243038,-123.074836,0.0,False
VANCOUVER,E 31ST AVE,LITTLE ST,1,0,0,2021,2021,49.242793,-123.063983,0.0,False
VANCOUVER,E 31ST AVE,PRINCE ALBERT ST,4,1,0,2018,2022,49.242561,-123.087882,0.0,False
VANCOUVER,E 31ST AVE,PRINCE EDWARD ST,2,0,0,2018,2020,49.242717,-123.09691,0.0,False
VANCOUVER,E 31ST AVE,ST CATHERINES ST,2,0,0,2018,2022,49.242539,-123.085981,0.0,False
VANCOUVER,E 31ST AVE,ST GEORGE ST,4,0,0,2019,2021,49.242654,-123.094243,0.0,False
VANCOUVER,E 31ST AVE,VICTORIA DR,30,3,1,2018,2022,49.242826,-123.065268,0.0,False
VANCOUVER,E 32ND AVE,FLEMING ST,1,0,0,2018,2018,49.241609,-123.07219,0.0,False
VANCOUVER,E 32ND AVE,FRASER ST,8,0,0,2018,2021,49.24172,-123.090333,0.0,False
VANCOUVER,E 32ND AVE,GLADSTONE ST,8,0,2,2018,2022,49.2415,-123.062829,0.0,False
VANCOUVER,E 32ND AVE,KNIGHT ST,14,0,0,2018,2022,49.241679,-123.07633,0.0,False
VANCOUVER,E 32ND AVE,LITTLE ST,2,0,0,2019,2020,49.241503,-123.064074,0.0,False
VANCOUVER,E 32ND AVE,MAIN ST,34,0,1,2018,2022,49.241993,-123.101422,0.0,False
VANCOUVER,E 32ND AVE,PRINCE ALBERT ST,4,0,0,2019,2022,49.241695,-123.087907,0.0,False
VANCOUVER,E 32ND AVE,PRINCE EDWARD ST,3,0,0,2020,2020,49.242198,-123.096849,0.0,False
VANCOUVER,E 32ND AVE,QUEBEC ST,4,0,0,2018,2020,49.242022,-123.102663,0.0,False
VANCOUVER,E 32ND AVE,SOPHIA ST,3,0,0,2019,2022,49.242235,-123.098749,0.0,False
VANCOUVER,E 32ND AVE,VICTORIA DR,75,0,2,2018,2022,49.241522,-123.065303,0.0,False
VANCOUVER,E 33RD AVE,ELGIN ST,16,0,1,2018,2022,49.240256,-123.083474,0.0,False
VANCOUVER,E 33RD AVE,FLEMING ST,20,0,0,2018,2022,49.240174,-123.072216,0.0,False
VANCOUVER,E 33RD AVE,FRASER ST,169,4,0,2018,2022,49.240302,-123.090377,0.0,False
VANCOUVER,E 33RD AVE,GLADSTONE ST,35,0,2,2018,2022,49.239786,-123.062889,0.0,False
VANCOUVER,E 33RD AVE,HENRY ST,1,0,0,2019,2019,49.240218,-123.077692,0.0,False
VANCOUVER,E 33RD AVE,INVERNESS ST,17,2,0,2018,2022,49.240239,-123.080155,0.0,False
VANCOUVER,E 33RD AVE,JAMES ST,7,0,0,2018,2021,49.240546,-123.10409,0.0,False
VANCOUVER,E 33RD AVE,KNIGHT ST,277,7,3,2018,2022,49.240211,-123.076367,0.0,False
VANCOUVER,E 33RD AVE,LANARK ST,8,0,0,2018,2022,49.240194,-123.074917,0.0,False
VANCOUVER,E 33RD AVE,MAIN ST,199,8,6,2018,2022,49.240503,-123.101467,0.0,False
VANCOUVER,E 33RD AVE,NANAIMO ST,117,4,3,2018,2022,49.239791,-123.058711,0.0,False
VANCOUVER,E 33RD AVE,ONTARIO ST,32,0,2,2018,2022,49.240576,-123.105362,0.0,True
VANCOUVER,E 33RD AVE,PRINCE ALBERT ST,25,0,0,2018,2022,49.240287,-123.087931,0.0,False
VANCOUVER,E 33RD AVE,PRINCE EDWARD ST,32,2,0,2018,2022,49.240424,-123.096896,0.0,False
VANCOUVER,E 33RD AVE,QUEBEC ST,11,0,1,2018,2022,49.240528,-123.102739,0.0,False
VANCOUVER,E 33RD AVE,ROSS ST,14,0,1,2018,2022,49.240248,-123.082372,0.0,False
VANCOUVER,E 33RD AVE,SHERBROOKE ST,9,0,1,2018,2022,49.240242,-123.081244,0.0,False
VANCOUVER,E 33RD AVE,SLOCAN ST,9,0,1,2018,2022,49.239791,-123.054406,0.0,False
VANCOUVER,E 33RD AVE,SOMERVILLE ST,3,0,0,2018,2022,49.240272,-123.085728,0.0,False
VANCOUVER,E 33RD AVE,SOPHIA ST,6,0,0,2019,2022,49.240459,-123.098823,0.0,False
VANCOUVER,E 33RD AVE,ST CATHERINES ST,13,0,0,2018,2022,49.24028,-123.08684,0.0,False
VANCOUVER,E 33RD AVE,VICTORIA DR,267,6,3,2018,2022,49.240059,-123.065367,0.0,False
VANCOUVER,E 33RD AVE,WALDEN ST,5,0,0,2018,2022,49.240484,-123.100112,0.0,False
VANCOUVER,E 33RD AVE,WINDSOR ST,25,0,2,2018,2022,49.240264,-123.084582,0.0,False
VANCOUVER,E 34TH AVE,GLADSTONE ST,5,0,0,2020,2022,49.238937,-123.062891,0.0,False
VANCOUVER,E 34TH AVE,HIGHGATE ST,3,0,0,2018,2022,49.238901,-123.057673,0.0,False
VANCOUVER,E 34TH AVE,KINGSWAY,43,3,2,2018,2022,49.238939,-123.051926,14.167173404513349,False
VANCOUVER,E 34TH AVE,KNIGHT ST,12,0,0,2018,2022,49.239359,-123.076513,0.0,False
VANCOUVER,E 34TH AVE,NANAIMO ST,21,2,1,2018,2022,49.238909,-123.058732,0.0,False
VANCOUVER,E 34TH AVE,PRINCE EDWARD ST,3,0,0,2019,2020,49.239609,-123.09693,0.0,False
VANCOUVER,E 34TH AVE,SLOCAN ST,1,0,0,2018,2018,49.238879,-123.054376,0.0,False
VANCOUVER,E 34TH AVE,VICTORIA DR,114,0,0,2018,2022,49.239223,-123.06539,0.0,False
VANCOUVER,E 35TH AVE,ELGIN ST,1,0,0,2021,2021,49.238235,-123.083545,0.0,False
VANCOUVER,E 35TH AVE,FRASER ST,6,0,0,2018,2022,49.238318,-123.090395,0.0,False
VANCOUVER,E 35TH AVE,GLADSTONE ST,2,0,0,2019,2022,49.238069,-123.062099,0.0,False
VANCOUVER,E 35TH AVE,INVERNESS ST,1,0,0,2019,2019,49.238189,-123.080222,0.0,False
VANCOUVER,E 35TH AVE,KNIGHT ST,13,0,0,2018,2022,49.238535,-123.076713,0.0,False
VANCOUVER,E 35TH AVE,MAIN ST,15,1,0,2018,2022,49.239058,-123.101563,0.0,False
VANCOUVER,E 35TH AVE,NANAIMO ST,5,0,0,2018,2022,49.238008,-123.058756,0.0,False
VANCOUVER,E 35TH AVE,PRINCE ALBERT ST,2,0,0,2019,2022,49.238294,-123.087998,0.0,False
VANCOUVER,E 35TH AVE,PRINCE EDWARD ST,2,0,0,2021,2022,49.238849,-123.096963,0.0,False
VANCOUVER,E 35TH AVE,QUEBEC ST,7,0,0,2018,2022,49.239097,-123.103469,49.29720589648893,False
VANCOUVER,E 35TH AVE,ROSS ST,7,0,0,2018,2022,49.238219,-123.082427,0.0,False
VANCOUVER,E 35TH AVE,SHERBROOKE ST,2,0,0,2019,2021,49.238205,-123.081316,0.0,False
VANCOUVER,E 35TH AVE,SOMERVILLE ST,2,0,0,2019,2022,49.238264,-123.085772,0.0,False
VANCOUVER,E 35TH AVE,SOPHIA ST,1,0,0,2018,2018,49.238916,-123.099269,0.0,False
VANCOUVER,E 35TH AVE,ST CATHERINES ST,5,0,0,2020,2022,49.238279,-123.086865,0.0,False
VANCOUVER,E 35TH AVE,ST GEORGE ST,1,0,0,2020,2020,49.23879,-123.094959,0.0,False
VANCOUVER,E 35TH AVE,VICTORIA DR,54,0,0,2018,2022,49.238236,-123.065418,0.0,False
VANCOUVER,E 35TH AVE,WINDSOR ST,2,0,0,2019,2021,49.238248,-123.08464,0.0,False
VANCOUVER,E 36TH AVE,GLADSTONE ST,2,0,1,2019,2022,49.237467,-123.0621,0.0,False
VANCOUVER,E 36TH AVE,KNIGHT ST,16,0,0,2018,2022,49.237682,-123.076879,0.0,False
VANCOUVER,E 36TH AVE,MAIN ST,18,0,0,2018,2022,49.238154,-123.101592,0.0,False
VANCOUVER,E 36TH AVE,PRINCE EDWARD ST,4,0,0,2019,2022,49.23805,-123.096999,0.0,False
VANCOUVER,E 36TH AVE,ST GEORGE ST,2,0,0,2018,2019,49.238008,-123.094997,0.0,False
VANCOUVER,E 36TH AVE,VICTORIA DR,54,3,0,2018,2022,49.237486,-123.065434,0.0,False
VANCOUVER,E 36TH AVE,WALDEN ST,3,0,0,2018,2021,49.238121,-123.100218,0.0,False
VANCOUVER,E 37TH AVE,ELGIN ST,1,0,0,2018,2018,49.236481,-123.083607,0.0,False
VANCOUVER,E 37TH AVE,FLEMING ST,6,0,0,2020,2022,49.236781,-123.072773,0.0,False
VANCOUVER,E 37TH AVE,FRASER ST,10,0,3,2018,2021,49.237035,-123.090444,0.0,False
VANCOUVER,E 37TH AVE,GLADSTONE ST,5,0,0,2018,2022,49.236917,-123.062103,0.0,False
VANCOUVER,E 37TH AVE,INVERNESS ST,1,0,0,2022,2022,49.236438,-123.08026,0.0,False
VANCOUVER,E 37TH AVE,KNIGHT ST,75,4,3,2018,2022,49.236835,-123.076912,0.0,False
VANCOUVER,E 37TH AVE,MAIN ST,29,2,1,2018,2022,49.23726,-123.101631,0.0,False
VANCOUVER,E 37TH AVE,NANAIMO ST,5,0,0,2018,2022,49.23689,-123.058747,0.0,False
VANCOUVER,E 37TH AVE,ONTARIO ST,2,0,0,2018,2019,49.237333,-123.105495,0.0,True
VANCOUVER,E 37TH AVE,PRINCE ALBERT ST,2,0,0,2018,2019,49.23652,-123.08806,0.0,False
VANCOUVER,E 37TH AVE,PRINCE EDWARD ST,3,0,0,2019,2020,49.237175,-123.097037,0.0,False
VANCOUVER,E 37TH AVE,QUEBEC ST,1,0,1,2021,2021,49.237296,-123.103544,0.0,False
VANCOUVER,E 37TH AVE,ROSS ST,5,0,3,2018,2021,49.236446,-123.082478,0.0,False
VANCOUVER,E 37TH AVE,SLOCAN ST,1,0,0,2019,2019,49.23739,-123.054229,0.0,False
VANCOUVER,E 37TH AVE,SOPHIA ST,1,0,0,2022,2022,49.237232,-123.099336,0.0,False
VANCOUVER,E 37TH AVE,VICTORIA DR,50,1,2,2018,2022,49.2368,-123.065448,0.0,False
VANCOUVER,E 37TH AVE,WALES ST,3,0,0,2018,2019,49.237383,-123.051737,0.0,False
VANCOUVER,E 37TH AVE,WINDSOR ST,6,0,1,2018,2022,49.236489,-123.084726,0.0,False
VANCOUVER,E 38TH AVE,EARLES ST,10,0,0,2018,2021,49.235829,-123.048849,0.0,False
VANCOUVER,E 38TH AVE,FRASER ST,12,2,0,2018,2022,49.23569,-123.090494,0.0,False
VANCOUVER,E 38TH AVE,GLADSTONE ST,4,0,1,2020,2022,49.235928,-123.062124,0.0,False
VANCOUVER,E 38TH AVE,MAIN ST,5,0,0,2019,2022,49.23634,-123.101665,0.0,False
VANCOUVER,E 38TH AVE,NANAIMO ST,10,0,0,2018,2022,49.235884,-123.058781,0.0,False
VANCOUVER,E 38TH AVE,ONTARIO ST,2,0,0,2018,2021,49.236415,-123.105528,0.0,False
VANCOUVER,E 38TH AVE,PRINCE ALBERT ST,2,0,0,2021,2022,49.23567,-123.088087,0.0,False
VANCOUVER,E 38TH AVE,PRINCE EDWARD ST,2,0,0,2018,2018,49.236246,-123.097077,0.0,False
VANCOUVER,E 38TH AVE,QUEBEC ST,1,0,0,2020,2020,49.23638,-123.103581,0.0,False
VANCOUVER,E 38TH AVE,RHODES ST,2,0,0,2022,2022,49.235836,-123.050274,0.0,False
VANCOUVER,E 38TH AVE,SLOCAN ST,1,0,0,2019,2019,49.23589,-123.05425,0.0,False
VANCOUVER,E 38TH AVE,VICTORIA DR,72,0,2,2018,2022,49.235922,-123.065471,0.0,False
VANCOUVER,E 38TH AVE,WALES ST,1,0,1,2021,2021,49.235864,-123.051709,0.0,False
VANCOUVER,E 38TH AVE,WINDSOR ST,3,0,0,2019,2021,49.235614,-123.084767,0.0,False
VANCOUVER,E 39TH AVE,FLEMING ST,7,1,0,2018,2021,49.234746,-123.07284,0.0,False
VANCOUVER,E 39TH AVE,FRASER ST,19,2,0,2018,2022,49.234768,-123.090529,0.0,False
VANCOUVER,E 39TH AVE,GLADSTONE ST,8,0,0,2019,2022,49.234902,-123.062114,0.0,False
VANCOUVER,E 39TH AVE,INVERNESS ST,1,0,0,2019,2019,49.234823,-123.079738,0.0,False
VANCOUVER,E 39TH AVE,KNIGHT ST,54,2,0,2018,2022,49.234792,-123.076994,0.0,False
VANCOUVER,E 39TH AVE,LANARK ST,4,0,0,2019,2022,49.234777,-123.075586,0.0,False
VANCOUVER,E 39TH AVE,MAIN ST,21,1,0,2018,2022,49.235421,-123.101623,0.0,False
VANCOUVER,E 39TH AVE,NANAIMO ST,3,0,0,2018,2019,49.234876,-123.0588,0.0,False
VANCOUVER,E 39TH AVE,ONTARIO ST,3,0,2,2018,2018,49.235492,-123.105545,0.0,False
VANCOUVER,E 39TH AVE,PRINCE EDWARD ST,1,0,0,2020,2020,49.235342,-123.097117,0.0,False
VANCOUVER,E 39TH AVE,QUEBEC ST,1,0,0,2019,2019,49.235458,-123.103625,0.0,False
VANCOUVER,E 39TH AVE,ROSS ST,5,0,0,2020,2021,49.234666,-123.082527,0.0,False
VANCOUVER,E 39TH AVE,SHERBROOKE ST,2,0,0,2018,2019,49.23484,-123.081106,0.0,False
VANCOUVER,E 39TH AVE,VICTORIA DR,64,1,0,2018,2022,49.234917,-123.0655,0.0,False
VANCOUVER,E 39TH AVE,WINDSOR ST,2,0,0,2018,2020,49.234703,-123.084776,0.0,False
VANCOUVER,E 3RD AVE,GARDEN DR,1,0,0,2022,2022,49.267698,-123.058047,0.0,False
VANCOUVER,E 3RD AVE,KAMLOOPS ST,4,0,0,2018,2021,49.267569,-123.054703,0.0,False
VANCOUVER,E 3RD AVE,KASLO ST,1,0,0,2019,2019,49.267597,-123.046967,0.0,False
VANCOUVER,E 3RD AVE,LAKEWOOD DR,1,0,0,2022,2022,49.267727,-123.061933,0.0,False
VANCOUVER,E 3RD AVE,LILLOOET ST,4,0,0,2018,2022,49.267573,-123.038986,0.0,False
VANCOUVER,E 3RD AVE,LORNE ST,1,0,0,2018,2018,49.268214,-123.100178,0.0,False
VANCOUVER,E 3RD AVE,MAIN ST,37,1,4,2018,2022,49.268228,-123.100739,0.0,False
VANCOUVER,E 3RD AVE,MCLEAN DR,8,0,0,2018,2022,49.267841,-123.07546,0.0,False
VANCOUVER,E 3RD AVE,NANAIMO ST,14,1,0,2018,2022,49.26764,-123.056663,0.0,False
VANCOUVER,E 3RD AVE,NOOTKA ST,4,0,0,2018,2021,49.267581,-123.0415,0.0,False
VANCOUVER,E 3RD AVE,ONTARIO ST,11,0,3,2018,2022,49.268301,-123.104686,0.0,True
VANCOUVER,E 3RD AVE,QUEBEC ST,27,0,0,2018,2022,49.268241,-123.102752,0.0,False
VANCOUVER,E 3RD AVE,RENFREW ST,21,0,0,2018,2022,49.267595,-123.044263,0.0,False
VANCOUVER,E 3RD AVE,RUPERT ST,18,0,1,2018,2022,49.267558,-123.033705,0.0,False
VANCOUVER,E 3RD AVE,SEMLIN DR,2,0,0,2020,2022,49.267743,-123.063857,0.0,False
VANCOUVER,E 3RD AVE,SLOCAN ST,4,0,1,2018,2022,49.267589,-123.04948,0.0,False
VANCOUVER,E 3RD AVE,TEMPLETON DR,1,0,0,2022,2022,49.267714,-123.059994,0.0,False
VANCOUVER,E 3RD AVE,VICTORIA DR,19,1,1,2018,2022,49.267759,-123.065803,0.0,False
VANCOUVER,E 3RD AVE,WINDERMERE ST,5,0,0,2018,2022,49.267567,-123.036461,0.0,False
VANCOUVER,E 3RD AVE,WOODLAND DR,11,0,5,2018,2022,49.267825,-123.073541,0.0,False
VANCOUVER,E 40TH AVE,EARLES ST,5,0,0,2018,2020,49.234047,-123.048781,0.0,False
VANCOUVER,E 40TH AVE,GLADSTONE ST,3,0,0,2019,2021,49.233909,-123.062117,0.0,False
VANCOUVER,E 40TH AVE,KILLARNEY ST,1,0,0,2019,2019,49.23405,-123.045905,0.0,False
VANCOUVER,E 40TH AVE,MAIN ST,14,1,0,2018,2022,49.234532,-123.101582,0.0,False
VANCOUVER,E 40TH AVE,NANAIMO ST,7,0,0,2018,2021,49.233878,-123.058808,0.0,False
VANCOUVER,E 40TH AVE,PRINCE EDWARD ST,3,0,0,2018,2022,49.234447,-123.097155,0.0,False
VANCOUVER,E 40TH AVE,QUEBEC ST,3,0,0,2018,2021,49.234558,-123.103667,0.0,False
VANCOUVER,E 40TH AVE,RHODES ST,1,0,0,2019,2019,49.233869,-123.050177,0.0,False
VANCOUVER,E 40TH AVE,SOPHIA ST,5,0,0,2018,2022,49.234489,-123.099473,0.0,False
VANCOUVER,E 40TH AVE,VICTORIA DR,75,1,1,2018,2022,49.23392,-123.065468,0.0,False
VANCOUVER,E 40TH AVE,WALES ST,1,0,0,2018,2018,49.233848,-123.051673,0.0,False
VANCOUVER,E 40TH AVE,WINDSOR ST,1,0,0,2018,2018,49.233766,-123.084768,0.0,False
VANCOUVER,E 41ST AVE,EARLES ST,101,2,0,2018,2022,49.232759,-123.048784,0.0,False
VANCOUVER,E 41ST AVE,FLEMING ST,46,0,0,2018,2022,49.232658,-123.072905,0.0,False
VANCOUVER,E 41ST AVE,FRASER ST,364,6,2,2018,2022,49.232869,-123.09055,0.0,False
VANCOUVER,E 41ST AVE,GLADSTONE ST,59,2,0,2018,2022,49.232868,-123.062109,0.0,False
VANCOUVER,E 41ST AVE,INVERNESS ST,81,0,0,2018,2022,49.232729,-123.079807,0.0,False
VANCOUVER,E 41ST AVE,JOYCE ST,28,0,0,2018,2022,49.233572,-123.036477,0.0,False
VANCOUVER,E 41ST AVE,KERR ST,20,0,0,2018,2021,49.232932,-123.040245,0.0,False
VANCOUVER,E 41ST AVE,KILLARNEY ST,13,0,0,2018,2022,49.232959,-123.045933,0.0,False
VANCOUVER,E 41ST AVE,KNIGHT ST,529,11,1,2018,2022,49.232692,-123.077064,0.0,False
VANCOUVER,E 41ST AVE,LANARK ST,18,0,0,2018,2022,49.232731,-123.075681,0.0,False
VANCOUVER,E 41ST AVE,LANCASTER ST,12,0,0,2018,2022,49.232937,-123.041711,0.0,False
VANCOUVER,E 41ST AVE,MAIN ST,299,11,5,2018,2022,49.23306,-123.101517,0.0,False
VANCOUVER,E 41ST AVE,MCKINNON ST,10,1,0,2018,2022,49.232933,-123.038779,0.0,False
VANCOUVER,E 41ST AVE,NANAIMO ST,119,1,3,2018,2022,49.232833,-123.058867,0.0,False
VANCOUVER,E 41ST AVE,ONTARIO ST,17,1,3,2018,2022,49.233154,-123.105611,0.0,True
VANCOUVER,E 41ST AVE,PRINCE ALBERT ST,20,1,0,2018,2022,49.232797,-123.087797,0.0,False
VANCOUVER,E 41ST AVE,PRINCE EDWARD ST,45,2,0,2018,2022,49.232989,-123.097205,0.0,False
VANCOUVER,E 41ST AVE,QUEBEC ST,16,0,0,2018,2022,49.233115,-123.103713,0.0,False
VANCOUVER,E 41ST AVE,RHODES ST,14,0,0,2018,2022,49.23276,-123.050174,0.0,False
VANCOUVER,E 41ST AVE,ROSS ST,49,3,1,2018,2022,49.232763,-123.082575,0.0,False
VANCOUVER,E 41ST AVE,RUPERT ST,307,10,2,2018,2022,49.232945,-123.043089,0.0,False
VANCOUVER,E 41ST AVE,SCHOOL AVE,20,3,0,2018,2022,49.233113,-123.037409,0.0,False
VANCOUVER,E 41ST AVE,SHERBROOKE ST,26,0,0,2019,2022,49.232743,-123.081203,0.0,False
VANCOUVER,E 41ST AVE,SOPHIA ST,12,1,0,2018,2022,49.233007,-123.098603,0.0,False
VANCOUVER,E 41ST AVE,ST CATHERINES ST,18,0,0,2018,2022,49.232864,-123.086917,0.0,False
VANCOUVER,E 41ST AVE,ST GEORGE ST,18,3,0,2018,2022,49.23296,-123.094557,2.6726300403649677,False
VANCOUVER,E 41ST AVE,ST MARGARETS ST,13,0,0,2018,2021,49.23282,-123.056593,0.0,False
VANCOUVER,E 41ST AVE,STIRLING ST,17,0,0,2018,2022,49.232855,-123.060452,0.0,False
VANCOUVER,E 41ST AVE,VICTORIA DR,799,10,3,2018,2022,49.232747,-123.065518,0.0,False
VANCOUVER,E 41ST AVE,WALES ST,41,0,0,2018,2022,49.232773,-123.051656,0.0,False
VANCOUVER,E 41ST AVE,WINDSOR ST,35,0,1,2018,2022,49.232805,-123.08484,0.0,False
VANCOUVER,E 42ND AVE,EARLES ST,3,0,0,2018,2022,49.232028,-123.048797,0.0,False
VANCOUVER,E 42ND AVE,GLADSTONE ST,3,1,0,2018,2021,49.232051,-123.062081,0.0,False
VANCOUVER,E 42ND AVE,KILLARNEY ST,2,0,0,2020,2022,49.231996,-123.04594,0.0,False
VANCOUVER,E 42ND AVE,MAIN ST,11,0,0,2018,2022,49.231708,-123.101446,0.0,False
VANCOUVER,E 42ND AVE,ONTARIO ST,3,0,0,2018,2022,49.231706,-123.105653,0.0,False
VANCOUVER,E 42ND AVE,QUEBEC ST,5,1,0,2018,2022,49.231707,-123.10366,0.0,False
VANCOUVER,E 42ND AVE,RUPERT ST,7,0,0,2018,2021,49.231965,-123.043102,0.0,False
VANCOUVER,E 42ND AVE,STIRLING ST,1,0,0,2019,2019,49.232037,-123.060465,0.0,False
VANCOUVER,E 42ND AVE,VICTORIA DR,89,4,1,2018,2022,49.232071,-123.065516,0.0,False
VANCOUVER,E 43RD AVE,EARLES ST,4,0,1,2018,2022,49.231163,-123.048807,0.0,False
VANCOUVER,E 43RD AVE,FLEMING ST,1,0,0,2021,2021,49.230585,-123.072965,0.0,False
VANCOUVER,E 43RD AVE,FRASER ST,138,4,2,2018,2022,49.230994,-123.090601,0.0,False
VANCOUVER,E 43RD AVE,GLADSTONE ST,2,0,0,2019,2021,49.231197,-123.062032,0.0,False
VANCOUVER,E 43RD AVE,INVERNESS ST,2,0,0,2018,2021,49.230836,-123.079875,0.0,False
VANCOUVER,E 43RD AVE,JOYCE ST,2,0,0,2018,2020,49.231141,-123.037434,0.0,False
VANCOUVER,E 43RD AVE,KERR ST,2,0,0,2018,2019,49.231119,-123.040232,0.0,False
VANCOUVER,E 43RD AVE,KILLARNEY ST,1,0,0,2020,2020,49.23111,-123.045948,0.0,False
VANCOUVER,E 43RD AVE,KNIGHT ST,43,0,0,2018,2022,49.230654,-123.077136,0.0,False
VANCOUVER,E 43RD AVE,LANARK ST,4,0,0,2018,2021,49.230621,-123.075742,0.0,False
VANCOUVER,E 43RD AVE,LANCASTER ST,3,0,0,2019,2022,49.231085,-123.041737,0.0,False
VANCOUVER,E 43RD AVE,LATTA ST,1,0,0,2019,2019,49.230973,-123.034555,0.0,False
VANCOUVER,E 43RD AVE,MAIN ST,23,0,0,2018,2022,49.231175,-123.101435,0.0,False
VANCOUVER,E 43RD AVE,MCKINNON ST,3,0,0,2018,2021,49.231148,-123.038783,0.0,False
VANCOUVER,E 43RD AVE,ONTARIO ST,2,0,0,2018,2021,49.23098,-123.105675,0.0,False
VANCOUVER,E 43RD AVE,PRINCE ALBERT ST,4,0,0,2019,2022,49.230962,-123.087853,0.0,False
VANCOUVER,E 43RD AVE,PRINCE EDWARD ST,8,0,2,2019,2022,49.231098,-123.097314,0.0,False
VANCOUVER,E 43RD AVE,QUEBEC ST,2,0,0,2019,2021,49.230943,-123.103621,0.0,False
VANCOUVER,E 43RD AVE,ROSS ST,3,0,0,2019,2020,49.230892,-123.082638,0.0,False
VANCOUVER,E 43RD AVE,RUPERT ST,6,0,0,2018,2021,49.2311,-123.043145,0.0,False
VANCOUVER,E 43RD AVE,SHERBROOKE ST,3,0,0,2018,2022,49.230864,-123.081246,0.0,False
VANCOUVER,E 43RD AVE,SOPHIA ST,4,0,0,2018,2022,49.231137,-123.09946,0.0,False
VANCOUVER,E 43RD AVE,ST GEORGE ST,6,0,1,2018,2022,49.231054,-123.094626,0.0,False
VANCOUVER,E 43RD AVE,STIRLING ST,1,0,0,2020,2020,49.231169,-123.059847,0.0,False
VANCOUVER,E 43RD AVE,VICTORIA DR,147,0,1,2018,2022,49.231247,-123.06554,0.0,False
VANCOUVER,E 43RD AVE,WALES ST,3,0,1,2021,2022,49.23114,-123.051626,0.0,False
VANCOUVER,E 44TH AVE,EARLES ST,2,0,0,2019,2021,49.2303,-123.048821,0.0,False
VANCOUVER,E 44TH AVE,FRASER ST,41,0,0,2018,2022,49.230094,-123.090586,0.0,False
VANCOUVER,E 44TH AVE,GLADSTONE ST,1,0,0,2019,2019,49.23032,-123.062049,0.0,False
VANCOUVER,E 44TH AVE,JOYCE ST,3,0,0,2019,2021,49.230256,-123.037411,0.0,False
VANCOUVER,E 44TH AVE,KILLARNEY ST,5,0,0,2018,2022,49.230214,-123.045953,0.0,False
VANCOUVER,E 44TH AVE,LATTA ST,2,0,0,2018,2019,49.230161,-123.034556,0.0,False
VANCOUVER,E 44TH AVE,MAIN ST,15,0,0,2018,2022,49.230296,-123.101476,0.0,False
VANCOUVER,E 44TH AVE,PRINCE EDWARD ST,2,0,0,2019,2020,49.230197,-123.097339,0.0,False
VANCOUVER,E 44TH AVE,RUPERT ST,7,0,1,2018,2022,49.230182,-123.043151,0.0,False
VANCOUVER,E 44TH AVE,SOPHIA ST,2,0,0,2018,2021,49.230234,-123.099471,0.0,False
VANCOUVER,E 44TH AVE,ST GEORGE ST,1,0,0,2020,2020,49.230141,-123.093972,0.0,False
VANCOUVER,E 44TH AVE,STIRLING ST,2,0,0,2019,2019,49.230288,-123.05988,0.0,False
VANCOUVER,E 44TH AVE,TYNE ST,4,0,0,2018,2022,49.230036,-123.032237,0.0,False
VANCOUVER,E 44TH AVE,VICTORIA DR,36,0,0,2018,2022,49.23044,-123.065567,0.0,False
VANCOUVER,E 44TH AVE,WALES ST,1,0,0,2019,2019,49.230292,-123.051611,0.0,False
VANCOUVER,E 45TH AVE,EARLES ST,2,0,0,2018,2022,49.229315,-123.048832,0.0,False
VANCOUVER,E 45TH AVE,ELGIN ST,5,0,2,2018,2022,49.229081,-123.083804,0.0,False
VANCOUVER,E 45TH AVE,ELLIOTT ST,13,1,3,2018,2022,49.229376,-123.05492,0.0,True
VANCOUVER,E 45TH AVE,FLEMING ST,3,0,0,2018,2021,49.228962,-123.073023,0.0,False
VANCOUVER,E 45TH AVE,FRASER ST,131,2,3,2018,2022,49.229163,-123.090633,0.0,False
VANCOUVER,E 45TH AVE,GLADSTONE ST,2,0,0,2018,2018,49.229433,-123.062064,0.0,False
VANCOUVER,E 45TH AVE,INVERNESS ST,2,0,0,2022,2022,49.229038,-123.07994,0.0,False
VANCOUVER,E 45TH AVE,JOYCE ST,6,0,0,2018,2021,49.229265,-123.037396,0.0,False
VANCOUVER,E 45TH AVE,KERR ST,20,0,2,2018,2022,49.229283,-123.040287,0.0,False
VANCOUVER,E 45TH AVE,KILLARNEY ST,9,0,2,2018,2022,49.229289,-123.045961,0.0,False
VANCOUVER,E 45TH AVE,KNIGHT ST,51,0,0,2018,2022,49.229006,-123.077137,0.0,False
VANCOUVER,E 45TH AVE,LANARK ST,2,0,0,2018,2020,49.229001,-123.075796,0.0,False
VANCOUVER,E 45TH AVE,LANCASTER ST,1,0,0,2019,2019,49.229279,-123.041736,0.0,False
VANCOUVER,E 45TH AVE,LATTA ST,1,0,0,2019,2019,49.229259,-123.034398,0.0,False
VANCOUVER,E 45TH AVE,LINCOLN ST,1,0,0,2018,2018,49.229225,-123.026427,0.0,False
VANCOUVER,E 45TH AVE,MAIN ST,15,0,0,2018,2022,49.22938,-123.101512,0.0,False
VANCOUVER,E 45TH AVE,MCKINNON ST,1,0,0,2022,2022,49.229271,-123.038715,0.0,False
VANCOUVER,E 45TH AVE,NANAIMO ST,10,0,1,2018,2021,49.229406,-123.059077,0.0,False
VANCOUVER,E 45TH AVE,ONTARIO ST,3,0,2,2018,2021,49.229444,-123.105741,0.0,True
VANCOUVER,E 45TH AVE,ORMIDALE ST,2,0,0,2022,2022,49.229235,-123.025035,0.0,False
VANCOUVER,E 45TH AVE,PRINCE ALBERT ST,8,2,0,2018,2022,49.229126,-123.087907,0.0,False
VANCOUVER,E 45TH AVE,PRINCE EDWARD ST,5,0,1,2019,2022,49.229305,-123.097375,0.0,False
VANCOUVER,E 45TH AVE,QUEBEC ST,1,0,0,2019,2019,49.229417,-123.103675,0.0,False
VANCOUVER,E 45TH AVE,ROSS ST,2,0,0,2020,2021,49.229065,-123.082659,0.0,False
VANCOUVER,E 45TH AVE,RUPERT ST,33,1,0,2018,2022,49.229303,-123.043104,0.0,False
VANCOUVER,E 45TH AVE,SOPHIA ST,5,0,0,2018,2022,49.229336,-123.099486,0.0,False
VANCOUVER,E 45TH AVE,ST CATHERINES ST,5,0,0,2018,2022,49.229111,-123.086536,0.0,False
VANCOUVER,E 45TH AVE,ST GEORGE ST,2,0,0,2020,2020,49.22923,-123.093988,0.0,False
VANCOUVER,E 45TH AVE,ST MARGARETS ST,1,0,0,2018,2018,49.229384,-123.056528,0.0,False
VANCOUVER,E 45TH AVE,STIRLING ST,2,0,0,2021,2022,49.229414,-123.059917,0.0,False
VANCOUVER,E 45TH AVE,TODERICK ST,4,1,0,2018,2022,49.229244,-123.02915,0.0,False
VANCOUVER,E 45TH AVE,TYNE ST,30,0,2,2018,2022,49.229235,-123.032147,0.0,False
VANCOUVER,E 45TH AVE,VICTORIA DR,32,1,1,2018,2022,49.229464,-123.065585,0.0,False
VANCOUVER,E 45TH AVE,VIVIAN ST,4,0,0,2020,2022,49.229327,-123.050091,0.0,False
VANCOUVER,E 45TH AVE,WALES ST,6,0,0,2018,2022,49.22934,-123.051593,0.0,False
VANCOUVER,E 45TH AVE,WINDSOR ST,1,0,0,2021,2021,49.229096,-123.085146,0.0,False
VANCOUVER,E 46TH AVE,ELLIOTT ST,13,0,1,2018,2022,49.228457,-123.054655,0.0,False
VANCOUVER,E 46TH AVE,FRASER ST,73,0,0,2018,2022,49.228273,-123.090675,0.0,False
VANCOUVER,E 46TH AVE,KERR ST,1,0,0,2022,2022,49.228448,-123.040862,0.0,False
VANCOUVER,E 46TH AVE,KILLARNEY ST,2,0,0,2018,2018,49.228415,-123.045491,0.0,False
VANCOUVER,E 46TH AVE,KINGS LYNN ST,1,0,0,2018,2018,49.2281,-123.02598,0.0,False
VANCOUVER,E 46TH AVE,KIRKLAND ST,1,0,0,2018,2018,49.22809,-123.024734,0.0,False
VANCOUVER,E 46TH AVE,MAIN ST,29,1,0,2018,2022,49.228481,-123.101523,0.0,False
VANCOUVER,E 46TH AVE,NANAIMO ST,4,0,0,2018,2022,49.22849,-123.059063,0.0,False
VANCOUVER,E 46TH AVE,ONTARIO ST,1,0,1,2020,2020,49.228558,-123.105849,0.0,True
VANCOUVER,E 46TH AVE,PRINCE EDWARD ST,9,0,0,2018,2022,49.228405,-123.09741,0.0,False
VANCOUVER,E 46TH AVE,QUEBEC ST,2,0,0,2022,2022,49.228541,-123.103706,0.0,False
VANCOUVER,E 46TH AVE,RALEIGH ST,2,0,1,2020,2021,49.228428,-123.047594,0.0,False
VANCOUVER,E 46TH AVE,SOPHIA ST,1,0,0,2020,2020,49.22843,-123.099469,0.0,False
VANCOUVER,E 46TH AVE,TYNE ST,3,0,0,2019,2022,49.228412,-123.032099,0.0,False
VANCOUVER,E 46TH AVE,VICTORIA DR,13,0,2,2018,2022,49.228564,-123.065613,0.0,False
VANCOUVER,E 46TH AVE,VIVIAN ST,7,0,0,2019,2022,49.228443,-123.050137,0.0,False
VANCOUVER,E 46TH AVE,WALES ST,2,0,1,2018,2020,49.228452,-123.05168,0.0,False
VANCOUVER,E 47TH AVE,ELGIN ST,3,0,0,2018,2022,49.227853,-123.083826,0.0,False
VANCOUVER,E 47TH AVE,ELLIOTT ST,5,0,0,2019,2022,49.227565,-123.054643,0.0,False
VANCOUVER,E 47TH AVE,FLEMING ST,3,0,1,2018,2020,49.227142,-123.07309,0.0,False
VANCOUVER,E 47TH AVE,FRASER ST,194,7,1,2018,2022,49.227363,-123.0907,0.0,False
VANCOUVER,E 47TH AVE,INVERNESS ST,3,0,0,2018,2021,49.227759,-123.079989,0.0,False
VANCOUVER,E 47TH AVE,KERR ST,4,0,0,2018,2020,49.227716,-123.040916,0.0,False
VANCOUVER,E 47TH AVE,KNIGHT ST,83,0,1,2018,2022,49.227653,-123.077238,0.0,False
VANCOUVER,E 47TH AVE,LANARK ST,3,0,0,2018,2020,49.227172,-123.075859,0.0,False
VANCOUVER,E 47TH AVE,MAIN ST,26,0,2,2018,2022,49.227577,-123.101519,0.0,False
VANCOUVER,E 47TH AVE,NANAIMO ST,2,0,0,2020,2022,49.227571,-123.05908,0.0,False
VANCOUVER,E 47TH AVE,PRINCE ALBERT ST,10,0,0,2018,2022,49.227341,-123.08796,0.0,False
VANCOUVER,E 47TH AVE,PRINCE EDWARD ST,6,0,0,2018,2022,49.227491,-123.097434,0.0,False
VANCOUVER,E 47TH AVE,QUEBEC ST,1,0,0,2018,2018,49.227616,-123.103739,0.0,False
VANCOUVER,E 47TH AVE,SOPHIA ST,4,0,0,2019,2022,49.227514,-123.099474,0.0,False
VANCOUVER,E 47TH AVE,ST CATHERINES ST,3,0,0,2018,2020,49.227323,-123.086579,0.0,False
VANCOUVER,E 47TH AVE,ST GEORGE ST,4,0,1,2020,2022,49.227424,-123.09402,0.0,False
VANCOUVER,E 47TH AVE,TYNE ST,9,0,0,2018,2022,49.226404,-123.032195,0.0,False
VANCOUVER,E 47TH AVE,VICTORIA DR,76,3,2,2018,2022,49.227639,-123.065659,0.0,False
VANCOUVER,E 47TH AVE,VIVIAN ST,2,0,0,2018,2020,49.227533,-123.050187,0.0,False
VANCOUVER,E 47TH AVE,WINDSOR ST,3,0,0,2018,2022,49.227305,-123.085197,0.0,False
VANCOUVER,E 48TH AVE,ELLIOTT ST,17,1,1,2018,2022,49.225933,-123.054685,0.0,False
VANCOUVER,E 48TH AVE,FRASER ST,110,5,0,2018,2022,49.226525,-123.090723,0.0,False
VANCOUVER,E 48TH AVE,FRONTENAC ST,2,0,0,2018,2021,49.22522,-123.026013,0.0,False
VANCOUVER,E 48TH AVE,GLADSTONE ST,1,0,0,2019,2019,49.226257,-123.062297,0.0,False
VANCOUVER,E 48TH AVE,INVERNESS ST,2,0,0,2019,2021,49.226163,-123.080045,0.0,False
VANCOUVER,E 48TH AVE,KERR ST,8,0,0,2018,2021,49.225475,-123.04101,0.0,False
VANCOUVER,E 48TH AVE,KILLARNEY ST,11,0,0,2018,2022,49.225886,-123.045635,0.0,False
VANCOUVER,E 48TH AVE,MAIN ST,68,1,1,2018,2022,49.226658,-123.101565,0.0,False
VANCOUVER,E 48TH AVE,MCKINNON ST,1,0,0,2022,2022,49.225459,-123.038805,0.0,False
VANCOUVER,E 48TH AVE,NANAIMO ST,6,0,0,2018,2022,49.226239,-123.059134,0.0,False
VANCOUVER,E 48TH AVE,ONTARIO ST,1,0,1,2018,2018,49.226745,-123.105866,0.0,True
VANCOUVER,E 48TH AVE,PRINCE EDWARD ST,4,0,1,2018,2022,49.226629,-123.097481,0.0,False
VANCOUVER,E 48TH AVE,RALEIGH ST,1,0,0,2021,2021,49.225898,-123.047724,0.0,False
VANCOUVER,E 48TH AVE,SOPHIA ST,7,0,0,2018,2021,49.226646,-123.099531,0.0,False
VANCOUVER,E 48TH AVE,ST GEORGE ST,4,0,0,2018,2021,49.226574,-123.094035,0.0,False
VANCOUVER,E 48TH AVE,TYNE ST,6,0,0,2018,2022,49.225247,-123.032244,0.0,False
VANCOUVER,E 48TH AVE,VICTORIA DR,64,0,0,2018,2022,49.226292,-123.065706,0.0,False
VANCOUVER,E 48TH AVE,VIVIAN ST,8,0,2,2018,2022,49.225914,-123.050276,0.0,False
VANCOUVER,E 48TH AVE,WALES ST,1,0,0,2019,2019,49.225924,-123.051799,0.0,False
VANCOUVER,E 49TH AVE,ELGIN ST,10,1,1,2018,2022,49.225386,-123.083865,0.0,False
VANCOUVER,E 49TH AVE,ELLIOTT ST,318,7,1,2018,2022,49.224804,-123.054726,0.0,False
VANCOUVER,E 49TH AVE,FLEMING ST,20,0,0,2018,2022,49.225257,-123.073161,0.0,False
VANCOUVER,E 49TH AVE,FRASER ST,566,16,1,2018,2022,49.225442,-123.090711,0.0,False
VANCOUVER,E 49TH AVE,FREDERICK ST,19,0,0,2018,2022,49.225479,-123.091985,0.0,False
VANCOUVER,E 49TH AVE,FRONTENAC ST,21,2,0,2018,2022,49.222245,-123.026152,0.0,False
VANCOUVER,E 49TH AVE,GLADSTONE ST,17,0,1,2018,2022,49.225113,-123.062365,0.0,False
VANCOUVER,E 49TH AVE,INVERNESS ST,76,2,0,2018,2022,49.225331,-123.080049,0.0,False
VANCOUVER,E 49TH AVE,KERR ST,170,6,0,2018,2022,49.224712,-123.041049,0.0,False
VANCOUVER,E 49TH AVE,KILLARNEY ST,59,6,0,2018,2022,49.224744,-123.045697,0.0,False
VANCOUVER,E 49TH AVE,KNIGHT ST,441,7,1,2018,2022,49.225279,-123.077324,0.0,False
VANCOUVER,E 49TH AVE,LANARK ST,16,0,0,2018,2022,49.225273,-123.075924,0.0,False
VANCOUVER,E 49TH AVE,LANCASTER ST,10,4,0,2018,2022,49.224724,-123.042607,13.652715532509921,False
VANCOUVER,E 49TH AVE,MAIN ST,312,9,3,2018,2022,49.225649,-123.10164,0.0,False
VANCOUVER,E 49TH AVE,MCKINNON ST,21,0,0,2018,2022,49.224698,-123.038827,0.0,False
VANCOUVER,E 49TH AVE,NANAIMO ST,39,1,1,2018,2022,49.22504,-123.059158,0.0,False
VANCOUVER,E 49TH AVE,ONTARIO ST,23,0,2,2018,2022,49.225745,-123.105898,0.0,True
VANCOUVER,E 49TH AVE,PRINCE ALBERT ST,19,1,0,2018,2022,49.225419,-123.088019,0.0,False
VANCOUVER,E 49TH AVE,PRINCE EDWARD ST,35,0,0,2018,2022,49.225587,-123.097514,0.0,False
VANCOUVER,E 49TH AVE,QUEBEC ST,20,1,0,2018,2022,49.225689,-123.103805,0.0,False
VANCOUVER,E 49TH AVE,RALEIGH ST,8,0,0,2018,2022,49.224754,-123.047213,0.0,False
VANCOUVER,E 49TH AVE,ROSS ST,5,1,0,2018,2021,49.225375,-123.082822,0.0,False
VANCOUVER,E 49TH AVE,RUPERT ST,22,0,0,2018,2022,49.224733,-123.044154,0.0,False
VANCOUVER,E 49TH AVE,SHERBROOKE ST,13,0,0,2018,2022,49.225352,-123.081439,0.0,False
VANCOUVER,E 49TH AVE,SOPHIA ST,17,0,0,2018,2022,49.225624,-123.099546,0.0,False
VANCOUVER,E 49TH AVE,ST CATHERINES ST,14,0,0,2018,2022,49.225407,-123.086624,0.0,False
VANCOUVER,E 49TH AVE,ST GEORGE ST,10,0,0,2018,2022,49.225524,-123.09408,0.0,False
VANCOUVER,E 49TH AVE,TYNE ST,229,5,3,2018,2022,49.22464,-123.032269,0.0,False
VANCOUVER,E 49TH AVE,VICTORIA DR,415,10,2,2018,2022,49.225169,-123.065763,0.0,False
VANCOUVER,E 49TH AVE,VIVIAN ST,30,2,0,2018,2022,49.224775,-123.050339,0.0,False
VANCOUVER,E 49TH AVE,WALES ST,3,0,0,2018,2020,49.224789,-123.052386,0.0,False
VANCOUVER,E 49TH AVE,WINDSOR ST,37,5,0,2018,2022,49.225396,-123.085248,0.0,False
VANCOUVER,E 4TH AVE,GARDEN DR,1,0,0,2021,2021,49.266766,-123.058069,0.0,False
VANCOUVER,E 4TH AVE,KASLO ST,6,0,0,2019,2022,49.266665,-123.046977,0.0,False
VANCOUVER,E 4TH AVE,KOOTENAY ST,2,0,0,2018,2019,49.266645,-123.025703,0.0,False
VANCOUVER,E 4TH AVE,MAIN ST,65,1,0,2018,2022,49.267312,-123.100756,0.0,False
VANCOUVER,E 4TH AVE,MCLEAN DR,9,0,0,2018,2022,49.266902,-123.075482,0.0,False
VANCOUVER,E 4TH AVE,NANAIMO ST,11,1,0,2018,2022,49.266728,-123.056588,0.0,False
VANCOUVER,E 4TH AVE,ONTARIO ST,6,0,3,2018,2022,49.267375,-123.104719,0.0,True
VANCOUVER,E 4TH AVE,PENTICTON ST,2,0,0,2018,2019,49.266674,-123.05214,0.0,False
VANCOUVER,E 4TH AVE,QUEBEC ST,18,0,1,2018,2022,49.267344,-123.102788,0.0,False
VANCOUVER,E 4TH AVE,RENFREW ST,11,1,0,2018,2022,49.266666,-123.04427,0.0,False
VANCOUVER,E 4TH AVE,RUPERT ST,8,0,1,2018,2022,49.266635,-123.033726,0.0,False
VANCOUVER,E 4TH AVE,SCOTIA ST,5,0,1,2018,2020,49.267287,-123.09878,0.0,False
VANCOUVER,E 4TH AVE,SEMLIN DR,1,0,0,2022,2022,49.266838,-123.06388,0.0,False
VANCOUVER,E 4TH AVE,SKEENA ST,1,0,0,2020,2020,49.266626,-123.028467,0.0,False
VANCOUVER,E 4TH AVE,SLOCAN ST,4,0,1,2019,2022,49.26667,-123.049488,0.0,False
VANCOUVER,E 4TH AVE,TEMPLETON DR,1,0,0,2021,2021,49.26675,-123.06,0.0,False
VANCOUVER,E 4TH AVE,VERNON DR,1,0,0,2021,2021,49.266954,-123.07857,0.0,False
VANCOUVER,E 4TH AVE,VICTORIA DR,4,0,0,2018,2020,49.26685,-123.06582,0.0,False
VANCOUVER,E 4TH AVE,WINDERMERE ST,2,0,0,2018,2018,49.266647,-123.036472,0.0,False
VANCOUVER,E 4TH AVE,WOODLAND DR,9,1,3,2018,2022,49.266892,-123.073559,0.0,False
VANCOUVER,E 50TH AVE,FRASER ST,93,3,1,2018,2022,49.224517,-123.090805,0.0,False
VANCOUVER,E 50TH AVE,FREDERICK ST,8,0,0,2018,2022,49.224533,-123.09199,0.0,False
VANCOUVER,E 50TH AVE,GLADSTONE ST,1,0,0,2019,2019,49.224001,-123.062378,0.0,False
VANCOUVER,E 50TH AVE,KERR ST,1,0,0,2018,2018,49.22387,-123.041092,0.0,False
VANCOUVER,E 50TH AVE,MAIN ST,65,4,0,2018,2022,49.224713,-123.101642,0.0,False
VANCOUVER,E 50TH AVE,MCKINNON ST,1,0,0,2022,2022,49.223759,-123.038858,0.0,False
VANCOUVER,E 50TH AVE,ONTARIO ST,2,0,0,2018,2020,49.224773,-123.105915,0.0,False
VANCOUVER,E 50TH AVE,PRINCE ALBERT ST,4,0,0,2018,2022,49.224499,-123.088045,0.0,False
VANCOUVER,E 50TH AVE,PRINCE EDWARD ST,5,0,0,2019,2022,49.224638,-123.097542,0.0,False
VANCOUVER,E 50TH AVE,QUEBEC ST,1,0,0,2018,2018,49.224752,-123.103836,0.0,False
VANCOUVER,E 50TH AVE,ROSS ST,2,0,0,2021,2022,49.224421,-123.082852,0.0,False
VANCOUVER,E 50TH AVE,SOPHIA ST,2,0,0,2018,2020,49.224676,-123.099603,0.0,False
VANCOUVER,E 50TH AVE,ST GEORGE ST,4,0,0,2018,2022,49.224578,-123.094142,0.0,False
VANCOUVER,E 50TH AVE,TODERICK ST,1,0,0,2022,2022,49.223098,-123.030016,0.0,False
VANCOUVER,E 50TH AVE,TYNE ST,1,0,0,2018,2018,49.223694,-123.032295,0.0,False
VANCOUVER,E 50TH AVE,VICTORIA DR,38,2,0,2018,2022,49.224161,-123.065806,0.0,False
VANCOUVER,E 50TH AVE,VIVIAN ST,2,0,0,2022,2022,49.223805,-123.050391,0.0,False
VANCOUVER,E 50TH AVE,WALES ST,1,0,0,2022,2022,49.223827,-123.052437,0.0,False
VANCOUVER,E 50TH AVE,WINDSOR ST,2,0,0,2018,2018,49.224458,-123.085289,0.0,False
VANCOUVER,E 51ST AVE,ELLIOTT ST,2,0,0,2019,2022,49.223211,-123.054786,0.0,False
VANCOUVER,E 51ST AVE,FRASER ST,66,3,0,2018,2022,49.223571,-123.090842,0.0,False
VANCOUVER,E 51ST AVE,GLADSTONE ST,2,0,0,2019,2022,49.223098,-123.062494,0.0,False
VANCOUVER,E 51ST AVE,INVERNESS ST,3,0,0,2018,2019,49.223427,-123.080118,0.0,False
VANCOUVER,E 51ST AVE,KERR ST,1,0,0,2018,2018,49.223056,-123.041167,0.0,False
VANCOUVER,E 51ST AVE,KNIGHT ST,48,1,0,2018,2022,49.223369,-123.077403,0.0,False
VANCOUVER,E 51ST AVE,LANCASTER ST,2,0,0,2019,2021,49.223174,-123.042688,0.0,False
VANCOUVER,E 51ST AVE,MAIN ST,71,3,0,2018,2022,49.223744,-123.101679,0.0,False
VANCOUVER,E 51ST AVE,NANAIMO ST,5,0,0,2018,2019,49.223054,-123.059194,0.0,False
VANCOUVER,E 51ST AVE,ONTARIO ST,8,0,4,2018,2022,49.223809,-123.105957,0.0,False
VANCOUVER,E 51ST AVE,PRINCE ALBERT ST,3,1,0,2018,2021,49.223532,-123.088069,0.0,False
VANCOUVER,E 51ST AVE,PRINCE EDWARD ST,7,0,1,2019,2022,49.223669,-123.097573,0.0,False
VANCOUVER,E 51ST AVE,QUEBEC ST,4,0,1,2018,2021,49.223785,-123.103862,0.0,False
VANCOUVER,E 51ST AVE,RALEIGH ST,4,0,1,2018,2022,49.223121,-123.0473,0.0,False
VANCOUVER,E 51ST AVE,RUPERT ST,3,0,0,2020,2022,49.223175,-123.044243,0.0,False
VANCOUVER,E 51ST AVE,SHERBROOKE ST,2,0,0,2019,2021,49.223445,-123.081534,0.0,False
VANCOUVER,E 51ST AVE,SOPHIA ST,3,0,0,2018,2021,49.223708,-123.099659,0.0,False
VANCOUVER,E 51ST AVE,ST GEORGE ST,5,0,0,2018,2021,49.223615,-123.094158,0.0,False
VANCOUVER,E 51ST AVE,VICTORIA DR,17,3,0,2018,2022,49.223428,-123.065811,0.0,False
VANCOUVER,E 51ST AVE,VIVIAN ST,1,0,0,2021,2021,49.222709,-123.050449,0.0,False
VANCOUVER,E 51ST AVE,WALES ST,1,0,0,2022,2022,49.223181,-123.052471,0.0,False
VANCOUVER,E 51ST AVE,WINDSOR ST,2,0,0,2019,2020,49.223496,-123.085315,0.0,False
VANCOUVER,E 52ND AVE,ELLIOTT ST,3,1,0,2018,2022,49.221968,-123.05482,0.0,False
VANCOUVER,E 52ND AVE,FRASER ST,29,4,0,2018,2022,49.222717,-123.090841,0.0,False
VANCOUVER,E 52ND AVE,GLADSTONE ST,1,0,0,2018,2018,49.222195,-123.062536,0.0,False
VANCOUVER,E 52ND AVE,KERR ST,5,0,0,2018,2022,49.22206,-123.041181,0.0,False
VANCOUVER,E 52ND AVE,KILLARNEY ST,3,0,0,2018,2022,49.221734,-123.045858,0.0,False
VANCOUVER,E 52ND AVE,MAIN ST,4,0,0,2018,2022,49.222843,-123.101717,0.0,False
VANCOUVER,E 52ND AVE,MCKINNON ST,2,0,0,2021,2022,49.222047,-123.038948,0.0,False
VANCOUVER,E 52ND AVE,NANAIMO ST,1,0,0,2019,2019,49.222157,-123.059335,0.0,False
VANCOUVER,E 52ND AVE,ONTARIO ST,1,0,0,2020,2020,49.222917,-123.105996,0.0,False
VANCOUVER,E 52ND AVE,PRINCE ALBERT ST,2,0,0,2021,2022,49.222683,-123.088088,0.0,False
VANCOUVER,E 52ND AVE,QUEBEC ST,2,0,1,2019,2022,49.22291,-123.103889,0.0,False
VANCOUVER,E 52ND AVE,ROSS ST,2,0,0,2020,2021,49.222613,-123.082908,0.0,False
VANCOUVER,E 52ND AVE,RUPERT ST,3,0,0,2018,2021,49.221729,-123.044324,0.0,False
VANCOUVER,E 52ND AVE,ST GEORGE ST,1,0,0,2019,2019,49.222707,-123.094174,0.0,False
VANCOUVER,E 52ND AVE,TYNE ST,2,0,0,2020,2022,49.222342,-123.032336,0.0,False
VANCOUVER,E 52ND AVE,VICTORIA DR,18,1,0,2018,2022,49.22262,-123.065831,0.0,False
VANCOUVER,E 52ND AVE,VIVIAN ST,2,0,0,2019,2022,49.221873,-123.050498,0.0,False
VANCOUVER,E 52ND AVE,WALES ST,2,0,0,2018,2018,49.221918,-123.052538,0.0,False
VANCOUVER,E 52ND AVE,WINDSOR ST,4,0,0,2018,2021,49.222644,-123.085233,0.0,False
VANCOUVER,E 53RD AVE,ELLIOTT ST,7,1,0,2019,2022,49.221159,-123.05484,0.0,False
VANCOUVER,E 53RD AVE,FLEMING ST,2,0,0,2018,2018,49.221757,-123.073295,0.0,False
VANCOUVER,E 53RD AVE,FRASER ST,33,0,0,2018,2022,49.221868,-123.09087,0.0,False
VANCOUVER,E 53RD AVE,GLADSTONE ST,5,0,0,2018,2021,49.221237,-123.062583,0.0,False
VANCOUVER,E 53RD AVE,INVERNESS ST,5,0,0,2019,2021,49.221835,-123.080177,0.0,False
VANCOUVER,E 53RD AVE,KERR ST,8,0,0,2018,2021,49.221169,-123.041227,0.0,False
VANCOUVER,E 53RD AVE,KNIGHT ST,94,0,1,2018,2022,49.221799,-123.077478,0.0,False
VANCOUVER,E 53RD AVE,LANARK ST,1,0,0,2021,2021,49.221783,-123.076055,0.0,False
VANCOUVER,E 53RD AVE,MAIN ST,19,1,0,2018,2022,49.221946,-123.10175,0.0,False
VANCOUVER,E 53RD AVE,NANAIMO ST,2,0,0,2019,2022,49.221305,-123.059371,0.0,False
VANCOUVER,E 53RD AVE,PRINCE EDWARD ST,1,0,1,2019,2019,49.221866,-123.097626,0.0,False
VANCOUVER,E 53RD AVE,QUEBEC ST,1,0,0,2019,2019,49.221988,-123.103916,0.0,False
VANCOUVER,E 53RD AVE,ROSS ST,5,0,1,2018,2022,49.221876,-123.082961,0.0,False
VANCOUVER,E 53RD AVE,SHERBROOKE ST,3,0,0,2018,2021,49.221856,-123.081613,0.0,False
VANCOUVER,E 53RD AVE,SOPHIA ST,2,0,0,2018,2019,49.221906,-123.099669,0.0,False
VANCOUVER,E 53RD AVE,ST GEORGE ST,4,0,0,2019,2020,49.221801,-123.094189,0.0,False
VANCOUVER,E 53RD AVE,VICTORIA DR,50,5,0,2018,2022,49.221778,-123.065854,0.0,False
VANCOUVER,E 53RD AVE,VIVIAN ST,1,0,0,2020,2020,49.221075,-123.050539,0.0,False
VANCOUVER,E 53RD AVE,WALES ST,1,0,0,2022,2022,49.221115,-123.052579,0.0,False
VANCOUVER,E 54TH AVE,ELLIOTT ST,54,2,2,2018,2022,49.220181,-123.054871,0.0,False
VANCOUVER,E 54TH AVE,ELMHURST DR,8,2,0,2019,2021,49.220208,-123.048024,0.0,False
VANCOUVER,E 54TH AVE,FLEMING ST,4,0,0,2018,2022,49.220388,-123.073343,0.0,False
VANCOUVER,E 54TH AVE,FRASER ST,24,1,1,2018,2022,49.22075,-123.090891,0.0,False
VANCOUVER,E 54TH AVE,GLADSTONE ST,17,0,0,2018,2022,49.22022,-123.062633,0.0,False
VANCOUVER,E 54TH AVE,INVERNESS ST,5,0,1,2018,2021,49.220484,-123.080228,0.0,False
VANCOUVER,E 54TH AVE,KERR ST,376,17,1,2018,2022,49.220159,-123.041281,0.0,False
VANCOUVER,E 54TH AVE,KILLARNEY ST,15,1,0,2018,2022,49.220197,-123.045942,0.0,False
VANCOUVER,E 54TH AVE,KNIGHT ST,75,0,0,2018,2022,49.220425,-123.077517,0.0,False
VANCOUVER,E 54TH AVE,LANARK ST,5,0,0,2018,2022,49.22041,-123.076111,0.0,False
VANCOUVER,E 54TH AVE,LANCASTER ST,4,0,0,2019,2022,49.220181,-123.042845,0.0,False
VANCOUVER,E 54TH AVE,MAIN ST,15,1,0,2018,2022,49.221053,-123.101785,0.0,False
VANCOUVER,E 54TH AVE,MCKINNON ST,3,0,0,2020,2021,49.220161,-123.03905,0.0,False
VANCOUVER,E 54TH AVE,MONT ROYAL SQ,3,0,0,2020,2022,49.220148,-123.038024,0.0,False
VANCOUVER,E 54TH AVE,NANAIMO ST,23,1,0,2018,2022,49.220203,-123.059361,0.0,False
VANCOUVER,E 54TH AVE,ONTARIO ST,3,0,1,2018,2021,49.221156,-123.106139,0.0,False
VANCOUVER,E 54TH AVE,PRINCE EDWARD ST,3,0,0,2020,2022,49.220975,-123.097654,0.0,False
VANCOUVER,E 54TH AVE,QUEBEC ST,1,0,0,2018,2018,49.22111,-123.103941,0.0,False
VANCOUVER,E 54TH AVE,RALEIGH ST,6,0,0,2018,2022,49.220206,-123.047516,0.0,False
VANCOUVER,E 54TH AVE,ROSS ST,8,0,0,2018,2019,49.220526,-123.083007,0.0,False
VANCOUVER,E 54TH AVE,RUPERT ST,11,1,0,2018,2022,49.220188,-123.044412,0.0,False
VANCOUVER,E 54TH AVE,SAINT JULIEN MEWS,5,1,0,2018,2022,49.22016,-123.039345,0.0,False
VANCOUVER,E 54TH AVE,ST GEORGE ST,6,0,0,2018,2022,49.220912,-123.094206,0.0,False
VANCOUVER,E 54TH AVE,STIRLING ST,4,0,0,2018,2022,49.220211,-123.060678,0.0,False
VANCOUVER,E 54TH AVE,TYNE ST,22,1,0,2018,2022,49.220122,-123.03239,0.0,True
VANCOUVER,E 54TH AVE,VICTORIA DR,112,1,0,2018,2022,49.220267,-123.06587,9.896362141011855,True
VANCOUVER,E 54TH AVE,VIVIAN DR,5,0,0,2018,2022,49.220183,-123.050586,0.0,True
VANCOUVER,E 54TH AVE,VIVIAN ST,5,0,0,2018,2020,49.220183,-123.050586,0.0,True
VANCOUVER,E 54TH AVE,WALES ST,5,0,0,2019,2022,49.220194,-123.05276,0.0,False
VANCOUVER,E 55TH AVE,FLEMING ST,5,0,0,2018,2021,49.219949,-123.073343,0.0,False
VANCOUVER,E 55TH AVE,FRASER ST,26,1,1,2018,2022,49.219962,-123.090903,0.0,False
VANCOUVER,E 55TH AVE,INVERNESS ST,1,0,0,2018,2018,49.219607,-123.080165,0.0,False
VANCOUVER,E 55TH AVE,KERR ST,18,0,0,2018,2022,49.219197,-123.041356,0.0,False
VANCOUVER,E 55TH AVE,KNIGHT ST,59,2,2,2018,2022,49.219585,-123.077272,0.0,False
VANCOUVER,E 55TH AVE,LANARK ST,2,0,0,2018,2021,49.219564,-123.076144,0.0,False
VANCOUVER,E 55TH AVE,MAIN ST,12,1,0,2018,2022,49.220148,-123.101824,0.0,False
VANCOUVER,E 55TH AVE,ONTARIO ST,1,0,0,2018,2018,49.220237,-123.10615,0.0,False
VANCOUVER,E 55TH AVE,PRINCE ALBERT ST,3,0,0,2018,2022,49.219913,-123.087751,0.0,False
VANCOUVER,E 55TH AVE,PRINCE EDWARD ST,10,0,0,2018,2022,49.220071,-123.097681,0.0,False
VANCOUVER,E 55TH AVE,ROSEMONT DR,1,0,0,2022,2022,49.219322,-123.04922,0.0,False
VANCOUVER,E 55TH AVE,ROSS ST,3,0,0,2018,2022,49.21973,-123.083033,0.0,False
VANCOUVER,E 55TH AVE,SHERBROOKE ST,2,0,0,2019,2021,49.219615,-123.081585,0.0,False
VANCOUVER,E 55TH AVE,ST GEORGE ST,7,0,0,2018,2022,49.220024,-123.094832,0.0,False
VANCOUVER,E 55TH AVE,STIRLING ST,1,0,0,2018,2018,49.21937,-123.060697,0.0,False
VANCOUVER,E 56TH AVE,ELLIOTT ST,3,1,0,2019,2022,49.218961,-123.054887,0.0,False
VANCOUVER,E 56TH AVE,FLEMING ST,4,0,0,2018,2022,49.219014,-123.073975,0.0,False
VANCOUVER,E 56TH AVE,FRASER ST,32,1,0,2018,2022,49.219116,-123.090919,0.0,False
VANCOUVER,E 56TH AVE,KERR ST,10,1,0,2019,2022,49.218171,-123.041377,0.0,False
VANCOUVER,E 56TH AVE,MAIN ST,23,1,0,2018,2022,49.219308,-123.101856,0.0,False
VANCOUVER,E 56TH AVE,ONTARIO ST,3,0,0,2019,2022,49.219392,-123.10618,0.0,False
VANCOUVER,E 56TH AVE,PRINCE EDWARD ST,5,0,1,2019,2022,49.219215,-123.097707,0.0,False
VANCOUVER,E 56TH AVE,QUEBEC ST,1,0,0,2018,2018,49.219339,-123.103992,0.0,False
VANCOUVER,E 56TH AVE,ROSS ST,2,0,0,2018,2020,49.219013,-123.083057,0.0,False
VANCOUVER,E 56TH AVE,RUPERT ST,4,0,0,2018,2022,49.218226,-123.043805,0.0,False
VANCOUVER,E 56TH AVE,ST GEORGE ST,6,0,0,2018,2021,49.219195,-123.094851,0.0,False
VANCOUVER,E 56TH AVE,WALES ST,2,0,0,2018,2020,49.218956,-123.052771,0.0,False
VANCOUVER,E 57TH AVE,ELLIOTT ST,5,0,0,2018,2022,49.217975,-123.054195,0.0,False
VANCOUVER,E 57TH AVE,FLEMING ST,13,1,1,2018,2022,49.218119,-123.074,0.0,False
VANCOUVER,E 57TH AVE,FRASER ST,127,5,1,2018,2022,49.218274,-123.090942,0.0,False
VANCOUVER,E 57TH AVE,INVERNESS ST,29,2,0,2018,2022,49.218152,-123.080058,0.0,False
VANCOUVER,E 57TH AVE,KNIGHT ST,477,6,0,2018,2022,49.218132,-123.077053,0.0,False
VANCOUVER,E 57TH AVE,MAIN ST,119,6,1,2018,2022,49.218467,-123.101887,0.0,False
VANCOUVER,E 57TH AVE,ONTARIO ST,5,0,0,2018,2022,49.218581,-123.10619,0.0,False
VANCOUVER,E 57TH AVE,PRINCE ALBERT ST,11,0,0,2018,2022,49.218235,-123.087804,0.0,False
VANCOUVER,E 57TH AVE,PRINCE EDWARD ST,25,3,1,2018,2022,49.218392,-123.097731,0.0,False
VANCOUVER,E 57TH AVE,QUEBEC ST,1,0,0,2022,2022,49.218525,-123.104049,0.0,False
VANCOUVER,E 57TH AVE,ROSEMONT DR,3,0,0,2018,2022,49.218232,-123.048874,0.0,False
VANCOUVER,E 57TH AVE,ROSS ST,35,0,0,2018,2022,49.218198,-123.08306,0.0,False
VANCOUVER,E 57TH AVE,SHERBROOKE ST,16,0,0,2018,2022,49.218165,-123.081595,0.0,False
VANCOUVER,E 57TH AVE,ST GEORGE ST,5,0,0,2018,2022,49.21834,-123.09487,0.0,False
VANCOUVER,E 57TH AVE,VIVIAN DR,2,0,0,2018,2020,49.218064,-123.050566,0.0,False
VANCOUVER,E 57TH AVE,WINDSOR ST,7,1,0,2018,2022,49.218204,-123.085438,0.0,False
VANCOUVER,E 58TH AVE,FRASER ST,19,0,0,2018,2022,49.217401,-123.090969,0.0,False
VANCOUVER,E 58TH AVE,KERR ST,17,0,0,2018,2022,49.217209,-123.041449,0.0,False
VANCOUVER,E 58TH AVE,KNIGHT ST,32,0,0,2018,2022,49.217259,-123.077044,0.0,False
VANCOUVER,E 58TH AVE,MAIN ST,9,0,0,2018,2022,49.217607,-123.10192,0.0,False
VANCOUVER,E 58TH AVE,ONTARIO ST,2,0,0,2019,2020,49.217718,-123.106216,0.0,False
VANCOUVER,E 58TH AVE,PRINCE ALBERT ST,1,0,0,2019,2019,49.217366,-123.087838,0.0,False
VANCOUVER,E 58TH AVE,PRINCE EDWARD ST,2,0,0,2018,2021,49.217519,-123.097758,0.0,False
VANCOUVER,E 58TH AVE,ROSEMONT DR,1,0,0,2019,2019,49.21643,-123.034811,0.0,True
VANCOUVER,E 58TH AVE,ROSS ST,1,1,0,2019,2019,49.217316,-123.083095,0.0,False
VANCOUVER,E 58TH AVE,WINDSOR ST,4,0,0,2018,2022,49.217313,-123.085464,0.0,False
VANCOUVER,E 59TH AVE,FRASER ST,33,2,1,2018,2022,49.21653,-123.090995,0.0,False
VANCOUVER,E 59TH AVE,INVERNESS ST,5,0,1,2018,2021,49.216421,-123.080118,0.0,False
VANCOUVER,E 59TH AVE,JASPER CRES,1,0,0,2018,2018,49.216092,-123.069873,0.0,False
VANCOUVER,E 59TH AVE,KERR ST,5,0,0,2018,2022,49.216505,-123.041476,0.0,False
VANCOUVER,E 59TH AVE,KNIGHT ST,140,1,0,2018,2022,49.216388,-123.077057,0.0,False
VANCOUVER,E 59TH AVE,MAIN ST,45,4,2,2018,2022,49.216737,-123.101954,0.0,False
VANCOUVER,E 59TH AVE,ONTARIO ST,2,0,0,2018,2021,49.216818,-123.106223,0.0,True
VANCOUVER,E 59TH AVE,PRINCE ALBERT ST,4,0,0,2018,2022,49.2165,-123.087872,0.0,False
VANCOUVER,E 59TH AVE,PRINCE EDWARD ST,14,0,0,2018,2022,49.216657,-123.097784,0.0,False
VANCOUVER,E 59TH AVE,ROSS ST,6,0,0,2018,2022,49.216451,-123.083106,0.0,False
VANCOUVER,E 59TH AVE,SHERBROOKE ST,1,0,0,2022,2022,49.216435,-123.081645,0.0,False
VANCOUVER,E 59TH AVE,ST GEORGE ST,4,1,0,2021,2022,49.216581,-123.094193,0.0,False
VANCOUVER,E 59TH AVE,WINDSOR ST,2,0,0,2018,2022,49.216475,-123.085492,0.0,False
VANCOUVER,E 5TH AVE,FRASER ST,5,0,0,2018,2022,49.266139,-123.08908,0.0,False
VANCOUVER,E 5TH AVE,GARDEN DR,1,0,0,2020,2020,49.265897,-123.058086,0.0,False
VANCOUVER,E 5TH AVE,GUELPH ST,1,0,0,2021,2021,49.26618,-123.094865,0.0,False
VANCOUVER,E 5TH AVE,KAMLOOPS ST,2,0,0,2018,2019,49.26572,-123.054708,0.0,False
VANCOUVER,E 5TH AVE,LILLOOET ST,2,0,0,2022,2022,49.265678,-123.039018,0.0,False
VANCOUVER,E 5TH AVE,MAIN ST,129,4,6,2018,2022,49.266429,-123.100864,5.794415289349551,False
VANCOUVER,E 5TH AVE,NANAIMO ST,12,0,0,2018,2022,49.265818,-123.056585,0.0,False
VANCOUVER,E 5TH AVE,NOOTKA ST,1,0,0,2019,2019,49.265685,-123.041523,0.0,False
VANCOUVER,E 5TH AVE,ONTARIO ST,10,1,0,2019,2022,49.266496,-123.104753,0.0,True
VANCOUVER,E 5TH AVE,QUEBEC ST,16,0,2,2018,2022,49.266463,-123.102822,0.0,False
VANCOUVER,E 5TH AVE,RENFREW ST,18,0,0,2018,2022,49.265698,-123.044308,0.0,False
VANCOUVER,E 5TH AVE,RUPERT ST,14,1,0,2018,2022,49.265659,-123.033739,0.0,False
VANCOUVER,E 5TH AVE,SCOTIA ST,12,0,3,2018,2022,49.266364,-123.098817,0.0,False
VANCOUVER,E 5TH AVE,SEMLIN DR,2,0,0,2018,2018,49.265937,-123.063902,0.0,False
VANCOUVER,E 5TH AVE,SKEENA ST,2,0,0,2019,2019,49.265701,-123.028471,0.0,False
VANCOUVER,E 5TH AVE,SLOCAN ST,3,0,0,2019,2022,49.265707,-123.049494,0.0,False
VANCOUVER,E 5TH AVE,ST GEORGE ST,6,0,0,2018,2021,49.266158,-123.092952,0.0,False
VANCOUVER,E 5TH AVE,VICTORIA DR,6,1,0,2018,2022,49.265951,-123.065835,0.0,False
VANCOUVER,E 5TH AVE,WINDERMERE ST,1,0,0,2021,2021,49.26567,-123.036486,0.0,False
VANCOUVER,E 5TH AVE,WOODLAND DR,8,0,2,2018,2022,49.266019,-123.073576,0.0,False
VANCOUVER,E 5TH ST,MAIN ST,14,0,1,2020,2022,49.266413,-123.100788,0.0,False
VANCOUVER,E 60TH AVE,FRASER ST,17,0,0,2018,2022,49.215642,-123.091023,0.0,False
VANCOUVER,E 60TH AVE,INVERNESS ST,2,0,0,2020,2022,49.215516,-123.080141,0.0,False
VANCOUVER,E 60TH AVE,KNIGHT ST,87,1,0,2018,2022,49.215478,-123.077071,0.0,False
VANCOUVER,E 60TH AVE,MAIN ST,12,0,0,2018,2022,49.215818,-123.101991,0.0,False
VANCOUVER,E 60TH AVE,ONTARIO ST,5,0,1,2019,2022,49.215934,-123.106233,0.0,True
VANCOUVER,E 60TH AVE,PRINCE ALBERT ST,2,0,0,2019,2022,49.215578,-123.087916,0.0,False
VANCOUVER,E 60TH AVE,PRINCE EDWARD ST,2,0,0,2019,2020,49.215767,-123.097813,0.0,False
VANCOUVER,E 60TH AVE,ROSS ST,2,0,0,2018,2022,49.215552,-123.083121,0.0,False
VANCOUVER,E 60TH AVE,ST GEORGE ST,2,0,0,2020,2022,49.215706,-123.094214,0.0,False
VANCOUVER,E 61ST AVE,FRASER ST,28,1,0,2018,2022,49.214816,-123.091047,0.0,False
VANCOUVER,E 61ST AVE,GLADSTONE ST,1,0,0,2022,2022,49.214477,-123.062153,0.0,False
VANCOUVER,E 61ST AVE,INVERNESS ST,9,0,0,2018,2022,49.214663,-123.080164,0.0,False
VANCOUVER,E 61ST AVE,JASPER CRES,6,0,0,2018,2021,49.214558,-123.070043,0.0,False
VANCOUVER,E 61ST AVE,KNIGHT ST,103,0,0,2018,2022,49.214627,-123.077086,0.0,False
VANCOUVER,E 61ST AVE,MAIN ST,15,1,0,2018,2022,49.215001,-123.102023,0.0,False
VANCOUVER,E 61ST AVE,NANAIMO ST,2,0,0,2019,2022,49.214456,-123.059376,0.0,False
VANCOUVER,E 61ST AVE,ONTARIO ST,4,0,1,2021,2022,49.215075,-123.106378,0.0,True
VANCOUVER,E 61ST AVE,PRINCE ALBERT ST,6,0,0,2018,2022,49.214765,-123.087923,0.0,False
VANCOUVER,E 61ST AVE,PRINCE EDWARD ST,5,0,0,2018,2022,49.214931,-123.097837,0.0,False
VANCOUVER,E 61ST AVE,ROSS ST,2,0,0,2018,2021,49.21467,-123.083156,0.0,False
VANCOUVER,E 61ST AVE,VICTORIA DR,10,0,0,2018,2021,49.214502,-123.066021,0.0,False
VANCOUVER,E 61ST AVE,WINDSOR ST,1,0,0,2020,2020,49.214727,-123.085698,0.0,False
VANCOUVER,E 62ND AVE,FRASER ST,20,1,0,2018,2022,49.214064,-123.091071,0.0,False
VANCOUVER,E 62ND AVE,INVERNESS ST,6,0,1,2018,2022,49.213787,-123.080165,0.0,False
VANCOUVER,E 62ND AVE,JASPER CRES,2,0,0,2019,2020,49.213835,-123.069556,0.0,False
VANCOUVER,E 62ND AVE,KERR ST,2,0,0,2018,2022,49.213821,-123.041599,0.0,False
VANCOUVER,E 62ND AVE,KNIGHT ST,113,2,0,2018,2022,49.213763,-123.077102,0.0,False
VANCOUVER,E 62ND AVE,MAIN ST,19,0,0,2018,2022,49.214247,-123.102053,0.0,False
VANCOUVER,E 62ND AVE,MUNROE CRES,1,0,0,2021,2021,49.213783,-123.040225,0.0,False
VANCOUVER,E 62ND AVE,ONTARIO ST,4,0,1,2018,2022,49.214212,-123.106432,0.0,True
VANCOUVER,E 62ND AVE,PRINCE ALBERT ST,8,0,0,2018,2022,49.213886,-123.088029,0.0,False
VANCOUVER,E 62ND AVE,ROSS ST,10,2,0,2018,2022,49.213825,-123.083147,0.0,False
VANCOUVER,E 62ND AVE,SPARBROOK CRES,1,0,0,2021,2021,49.21356,-123.034441,0.0,False
VANCOUVER,E 62ND AVE,ST GEORGE ST,2,0,0,2019,2021,49.214219,-123.094249,0.0,False
VANCOUVER,E 62ND AVE,WINDSOR ST,5,0,0,2018,2022,49.213824,-123.085695,0.0,False
VANCOUVER,E 63RD AVE,FRASER ST,52,1,0,2018,2022,49.213023,-123.091102,0.0,False
VANCOUVER,E 63RD AVE,INVERNESS ST,12,0,3,2018,2022,49.212875,-123.079893,0.0,False
VANCOUVER,E 63RD AVE,JASPER CRES,1,0,0,2019,2019,49.212843,-123.067862,0.0,False
VANCOUVER,E 63RD AVE,KERR ST,3,0,0,2020,2021,49.21304,-123.041638,0.0,False
VANCOUVER,E 63RD AVE,KNIGHT ST,136,2,0,2018,2022,49.21288,-123.077113,0.0,False
VANCOUVER,E 63RD AVE,LEASIDE ST,4,0,2,2019,2022,49.212843,-123.069126,0.0,False
VANCOUVER,E 63RD AVE,MAIN ST,34,1,0,2018,2022,49.213255,-123.102093,0.0,False
VANCOUVER,E 63RD AVE,ONTARIO ST,2,0,0,2022,2022,49.213322,-123.106504,0.0,True
VANCOUVER,E 63RD AVE,PRINCE ALBERT ST,10,0,0,2018,2021,49.212958,-123.088153,0.0,False
VANCOUVER,E 63RD AVE,PRINCE EDWARD ST,7,0,0,2018,2020,49.213432,-123.097883,0.0,False
VANCOUVER,E 63RD AVE,ROSS ST,10,0,0,2018,2022,49.212868,-123.083159,0.0,False
VANCOUVER,E 63RD AVE,SOPHIA ST,2,0,1,2020,2020,49.21359,-123.10022,0.0,False
VANCOUVER,E 63RD AVE,ST GEORGE ST,2,0,0,2022,2022,49.213209,-123.094284,0.0,False
VANCOUVER,E 63RD AVE,WINDSOR ST,12,0,0,2018,2022,49.212914,-123.085702,0.0,False
VANCOUVER,E 64TH AVE,FRASER ST,12,0,0,2018,2022,49.212631,-123.09111,0.0,False
VANCOUVER,E 64TH AVE,HARRISON DR,3,0,0,2020,2021,49.211915,-123.069173,0.0,True
VANCOUVER,E 64TH AVE,INVERNESS ST,8,0,0,2018,2022,49.211966,-123.079892,0.0,False
VANCOUVER,E 64TH AVE,LEASIDE ST,1,0,0,2018,2018,49.211915,-123.069173,0.0,True
VANCOUVER,E 64TH AVE,MAIN ST,29,0,1,2018,2022,49.21255,-123.102136,0.0,False
VANCOUVER,E 64TH AVE,POPLAR ST,2,0,0,2020,2022,49.212601,-123.093287,0.0,False
VANCOUVER,E 64TH AVE,PRINCE ALBERT ST,2,0,0,2018,2021,49.211991,-123.088186,0.0,False
VANCOUVER,E 64TH AVE,SE MARINE DR,8,0,0,2018,2021,49.212187,-123.105536,0.0,False
VANCOUVER,E 64TH AVE,SOPHIA ST,1,0,0,2019,2019,49.212627,-123.100255,0.0,False
VANCOUVER,E 64TH AVE,ST GEORGE ST,2,0,0,2021,2021,49.212087,-123.0943,0.0,False
VANCOUVER,E 64TH AVE,VICTORIA DR,4,0,0,2018,2020,49.211423,-123.066072,0.0,False
VANCOUVER,E 64TH AVE,WINDSOR ST,3,0,0,2019,2022,49.211991,-123.085732,0.0,False
VANCOUVER,E 65TH AVE,FRASER ST,18,0,0,2018,2022,49.211818,-123.091122,0.0,False
VANCOUVER,E 65TH AVE,MAIN ST,9,0,0,2018,2022,49.211787,-123.102182,0.0,False
VANCOUVER,E 65TH AVE,PRINCE EDWARD ST,1,0,0,2018,2018,49.211669,-123.097952,0.0,False
VANCOUVER,E 65TH AVE,SOPHIA ST,2,0,0,2019,2022,49.211733,-123.100288,0.0,False
VANCOUVER,E 67TH AVE,SHERBROOKE ST,2,0,0,2018,2021,49.209533,-123.08211,0.0,False
VANCOUVER,E 69TH AVE,MAIN ST,15,0,0,2018,2022,49.209332,-123.102331,0.0,False
VANCOUVER,E 69TH AVE,ONTARIO ST,9,0,0,2018,2021,49.209441,-123.106722,0.0,True
VANCOUVER,E 6TH AVE,FRASER ST,6,0,0,2019,2022,49.265222,-123.089089,0.0,False
VANCOUVER,E 6TH AVE,GLEN DR,11,2,2,2018,2021,49.26524,-123.081306,0.0,True
VANCOUVER,E 6TH AVE,GRANDVIEW HWY N,4,1,0,2021,2022,49.26497,-123.073522,0.0,True
VANCOUVER,E 6TH AVE,GREAT NORTHERN WAY,3,0,0,2018,2020,49.26524,-123.081306,0.0,True
VANCOUVER,E 6TH AVE,GUELPH ST,2,0,0,2021,2022,49.265267,-123.094878,0.0,False
VANCOUVER,E 6TH AVE,KASLO ST,1,0,0,2021,2021,49.264768,-123.046995,0.0,False
VANCOUVER,E 6TH AVE,KEITH DR,20,0,4,2018,2022,49.265199,-123.079402,0.0,False
VANCOUVER,E 6TH AVE,LAKEWOOD DR,2,0,0,2020,2021,49.265008,-123.061976,0.0,False
VANCOUVER,E 6TH AVE,LILLOOET ST,1,0,0,2018,2018,49.264726,-123.039033,0.0,False
VANCOUVER,E 6TH AVE,MAIN ST,140,6,3,2018,2022,49.265503,-123.100769,0.0,False
VANCOUVER,E 6TH AVE,NANAIMO ST,15,1,0,2018,2022,49.264887,-123.056586,0.0,False
VANCOUVER,E 6TH AVE,NOOTKA ST,3,0,0,2018,2022,49.264733,-123.041533,0.0,False
VANCOUVER,E 6TH AVE,ONTARIO ST,11,1,5,2019,2021,49.265564,-123.104788,0.0,True
VANCOUVER,E 6TH AVE,PENTICTON ST,1,0,0,2019,2019,49.264768,-123.052174,0.0,False
VANCOUVER,E 6TH AVE,PRINCE ALBERT ST,2,0,0,2018,2019,49.265204,-123.087132,0.0,False
VANCOUVER,E 6TH AVE,PRINCE EDWARD ST,2,0,0,2018,2020,49.265341,-123.095761,0.0,False
VANCOUVER,E 6TH AVE,QUEBEC ST,16,1,1,2018,2022,49.265531,-123.10286,0.0,False
VANCOUVER,E 6TH AVE,RENFREW ST,11,0,0,2018,2022,49.264763,-123.044314,0.0,False
VANCOUVER,E 6TH AVE,RUPERT ST,9,0,1,2018,2022,49.264705,-123.033749,0.0,False
VANCOUVER,E 6TH AVE,SCOTIA ST,8,0,0,2018,2022,49.265464,-123.098855,0.0,False
VANCOUVER,E 6TH AVE,SEMLIN DR,1,0,0,2019,2019,49.265025,-123.063925,0.0,False
VANCOUVER,E 6TH AVE,SLOCAN ST,4,0,2,2018,2022,49.26476,-123.049502,0.0,False
VANCOUVER,E 6TH AVE,ST CATHERINES ST,2,1,0,2018,2020,49.2652,-123.085183,0.0,False
VANCOUVER,E 6TH AVE,ST GEORGE ST,5,0,1,2018,2021,49.265257,-123.092981,0.0,False
VANCOUVER,E 6TH AVE,TEMPLETON DR,1,0,0,2018,2018,49.265001,-123.060059,0.0,False
VANCOUVER,E 6TH AVE,VICTORIA DR,17,1,0,2018,2022,49.265048,-123.065851,0.0,False
VANCOUVER,E 6TH AVE,WINDERMERE ST,1,0,0,2019,2019,49.264717,-123.036496,0.0,False
VANCOUVER,E 7TH AVE,FRASER ST,5,1,1,2018,2021,49.264332,-123.08908,0.0,False
VANCOUVER,E 7TH AVE,GLEN DR,24,1,7,2018,2022,49.264269,-123.081324,0.0,False
VANCOUVER,E 7TH AVE,GUELPH ST,1,0,0,2019,2019,49.264373,-123.094902,0.0,False
VANCOUVER,E 7TH AVE,HWY 1A,1,0,0,2021,2021,49.264471,-123.100924,0.0,True
VANCOUVER,E 7TH AVE,KAMLOOPS ST,1,0,0,2018,2018,49.26387,-123.054712,0.0,False
VANCOUVER,E 7TH AVE,KASLO ST,1,0,0,2022,2022,49.263862,-123.047022,0.0,False
VANCOUVER,E 7TH AVE,KEITH DR,12,1,1,2018,2022,49.264251,-123.07941,0.0,False
VANCOUVER,E 7TH AVE,KINGSWAY,112,1,0,2018,2022,49.264471,-123.100924,0.0,True
VANCOUVER,E 7TH AVE,LAKEWOOD DR,2,0,0,2022,2022,49.264135,-123.062,0.0,False
VANCOUVER,E 7TH AVE,LILLOOET ST,2,0,0,2019,2021,49.263841,-123.039048,0.0,False
VANCOUVER,E 7TH AVE,MAIN ST,179,5,0,2018,2022,49.264471,-123.100924,0.0,True
VANCOUVER,E 7TH AVE,MCLEAN DR,4,0,1,2019,2022,49.26421,-123.075559,0.0,False
VANCOUVER,E 7TH AVE,NANAIMO ST,14,0,0,2018,2022,49.26401,-123.056599,0.0,False
VANCOUVER,E 7TH AVE,NOOTKA ST,1,0,0,2019,2019,49.263851,-123.041544,0.0,False
VANCOUVER,E 7TH AVE,ONTARIO ST,19,0,2,2018,2022,49.264674,-123.10482,0.0,True
VANCOUVER,E 7TH AVE,PRINCE ALBERT ST,6,0,0,2018,2022,49.264316,-123.087144,0.0,False
VANCOUVER,E 7TH AVE,PRINCE EDWARD ST,2,0,0,2018,2019,49.2645,-123.095794,0.0,False
VANCOUVER,E 7TH AVE,QUEBEC ST,36,1,2,2018,2022,49.264635,-123.102895,0.0,False
VANCOUVER,E 7TH AVE,RENFREW ST,11,0,0,2018,2022,49.263866,-123.044319,0.0,False
VANCOUVER,E 7TH AVE,RUPERT ST,17,0,0,2018,2022,49.263816,-123.033756,0.0,False
VANCOUVER,E 7TH AVE,SCOTIA ST,8,0,0,2018,2022,49.264561,-123.098898,0.0,False
VANCOUVER,E 7TH AVE,SEMLIN DR,3,0,0,2018,2019,49.264142,-123.063919,0.0,False
VANCOUVER,E 7TH AVE,SLOCAN ST,2,0,0,2018,2020,49.263865,-123.049509,0.0,False
VANCOUVER,E 7TH AVE,ST CATHERINES ST,7,1,0,2018,2022,49.264299,-123.085205,0.0,False
VANCOUVER,E 7TH AVE,ST GEORGE ST,3,0,1,2018,2022,49.264366,-123.092963,0.0,False
VANCOUVER,E 7TH AVE,VICTORIA DR,15,1,0,2018,2022,49.26415,-123.065867,0.0,False
VANCOUVER,E 7TH AVE,WINDERMERE ST,2,0,0,2022,2022,49.26383,-123.036507,0.0,False
VANCOUVER,E 7TH AVE,WINDSOR ST,1,0,0,2021,2021,49.264283,-123.083269,0.0,False
VANCOUVER,E 7TH AVE,WOODLAND DR,3,0,1,2018,2022,49.264185,-123.073613,0.0,False
VANCOUVER,E 8TH AVE,FRASER ST,15,0,0,2018,2022,49.263417,-123.0891,0.0,False
VANCOUVER,E 8TH AVE,GARDEN DR,4,0,0,2018,2022,49.263172,-123.058146,0.0,False
VANCOUVER,E 8TH AVE,GLEN DR,4,0,0,2018,2021,49.263361,-123.081331,0.0,False
VANCOUVER,E 8TH AVE,GUELPH ST,4,0,0,2018,2022,49.26347,-123.094904,0.0,False
VANCOUVER,E 8TH AVE,KAMLOOPS ST,1,0,0,2018,2018,49.262963,-123.054714,0.0,False
VANCOUVER,E 8TH AVE,KASLO ST,2,0,0,2019,2021,49.262942,-123.047012,0.0,False
VANCOUVER,E 8TH AVE,KEITH DR,4,0,0,2020,2022,49.263342,-123.07942,0.0,False
VANCOUVER,E 8TH AVE,KINGSWAY,26,1,0,2018,2022,49.263683,-123.100121,0.0,False
VANCOUVER,E 8TH AVE,LAKEWOOD DR,4,0,0,2018,2022,49.263211,-123.062027,0.0,False
VANCOUVER,E 8TH AVE,LILLOOET ST,2,0,1,2018,2018,49.26292,-123.039063,0.0,False
VANCOUVER,E 8TH AVE,MAIN ST,56,1,1,2018,2022,49.263698,-123.101026,0.0,False
VANCOUVER,E 8TH AVE,MCLEAN DR,2,0,0,2020,2022,49.263312,-123.075573,0.0,False
VANCOUVER,E 8TH AVE,NANAIMO ST,24,0,0,2018,2022,49.263065,-123.056571,0.0,False
VANCOUVER,E 8TH AVE,NOOTKA ST,4,0,0,2018,2022,49.262927,-123.041552,0.0,False
VANCOUVER,E 8TH AVE,ONTARIO ST,13,0,3,2018,2022,49.263766,-123.104855,0.0,True
VANCOUVER,E 8TH AVE,PENTICTON ST,1,0,0,2022,2022,49.262956,-123.052207,0.0,False
VANCOUVER,E 8TH AVE,PRINCE ALBERT ST,13,0,1,2018,2022,49.263407,-123.087157,0.0,False
VANCOUVER,E 8TH AVE,PRINCE EDWARD ST,9,1,2,2018,2022,49.263477,-123.095931,0.0,False
VANCOUVER,E 8TH AVE,QUEBEC ST,24,0,6,2018,2022,49.263732,-123.102931,0.0,False
VANCOUVER,E 8TH AVE,RENFREW ST,13,0,0,2018,2022,49.262933,-123.044329,0.0,False
VANCOUVER,E 8TH AVE,RUPERT ST,7,0,0,2018,2021,49.262904,-123.03375,0.0,False
VANCOUVER,E 8TH AVE,SCOTIA ST,11,0,0,2018,2022,49.263661,-123.09894,0.0,False
VANCOUVER,E 8TH AVE,SLOCAN ST,4,0,0,2020,2022,49.262954,-123.049573,0.0,False
VANCOUVER,E 8TH AVE,ST CATHERINES ST,4,0,1,2018,2021,49.263391,-123.085224,0.0,False
VANCOUVER,E 8TH AVE,ST GEORGE ST,11,0,1,2018,2022,49.263455,-123.09299,0.0,False
VANCOUVER,E 8TH AVE,VICTORIA DR,13,0,1,2018,2022,49.263241,-123.065886,0.0,False
VANCOUVER,E 8TH AVE,WINDERMERE ST,4,0,0,2018,2022,49.262911,-123.036521,0.0,False
VANCOUVER,E 8TH AVE,WINDSOR ST,3,0,0,2018,2021,49.263375,-123.083294,0.0,False
VANCOUVER,E 8TH AVE,WOODLAND DR,7,0,4,2018,2021,49.263289,-123.073631,0.0,False
VANCOUVER,E 9TH AVE,GARDEN DR,1,0,0,2018,2018,49.262242,-123.058157,0.0,True
VANCOUVER,E 9TH AVE,KINGSWAY,1,0,0,2021,2021,49.26287,-123.099528,0.0,True
VANCOUVER,E 9TH AVE,MAIN ST,2,0,0,2019,2022,49.262912,-123.100967,0.0,True
VANCOUVER,E 9TH AVE,NANAIMO ST,1,0,0,2018,2018,49.262131,-123.056591,0.0,True
VANCOUVER,E 9TH AVE,VICTORIA DR,1,0,0,2019,2019,49.262294,-123.065915,0.0,True
VANCOUVER,E BROADWAY,FRASER ST,149,13,3,2018,2022,49.262481,-123.089134,0.0,False
VANCOUVER,E BROADWAY,GARDEN DR,26,0,0,2018,2022,49.262242,-123.058157,0.0,True
VANCOUVER,E BROADWAY,GLEN DR,57,2,1,2018,2022,49.262424,-123.08139,0.0,False
VANCOUVER,E BROADWAY,GRANDVIEW HWY N,6,1,0,2018,2022,49.2623,-123.067164,42.685850851072225,True
VANCOUVER,E BROADWAY,GUELPH ST,30,1,0,2018,2022,49.262518,-123.094952,0.0,True
VANCOUVER,E BROADWAY,KAMLOOPS ST,23,0,0,2018,2022,49.262017,-123.054705,0.0,False
VANCOUVER,E BROADWAY,KASLO ST,52,0,0,2018,2022,49.262002,-123.04704,0.0,False
VANCOUVER,E BROADWAY,KINGSWAY,220,7,2,2018,2022,49.26287,-123.099528,0.0,True
VANCOUVER,E BROADWAY,LAKEWOOD DR,81,0,1,2018,2022,49.26226,-123.06203,0.0,False
VANCOUVER,E BROADWAY,LILLOOET ST,48,2,0,2018,2022,49.261899,-123.039083,0.0,False
VANCOUVER,E BROADWAY,LOUGHEED HWY,3,0,0,2018,2022,49.262113,-123.031026,0.0,True
VANCOUVER,E BROADWAY,MAIN ST,208,10,6,2018,2022,49.262912,-123.100967,0.0,True
VANCOUVER,E BROADWAY,MCLEAN DR,23,1,0,2018,2022,49.262376,-123.075584,0.0,False
VANCOUVER,E BROADWAY,NANAIMO ST,332,0,1,2018,2022,49.262131,-123.056591,0.0,True
VANCOUVER,E BROADWAY,NOOTKA ST,45,0,0,2018,2022,49.261924,-123.041577,0.0,False
VANCOUVER,E BROADWAY,ONTARIO ST,31,1,1,2018,2022,49.263014,-123.104885,0.0,True
VANCOUVER,E BROADWAY,PENTICTON ST,54,3,0,2018,2022,49.262006,-123.05221,0.0,False
VANCOUVER,E BROADWAY,PRINCE ALBERT ST,41,2,0,2018,2022,49.262469,-123.087187,0.0,False
VANCOUVER,E BROADWAY,PRINCE EDWARD ST,53,3,0,2018,2022,49.262638,-123.096,0.0,False
VANCOUVER,E BROADWAY,QUEBEC ST,36,1,1,2018,2022,49.262966,-123.102961,0.0,False
VANCOUVER,E BROADWAY,RENFREW ST,273,7,1,2018,2022,49.261948,-123.044314,0.0,False
VANCOUVER,E BROADWAY,RUPERT ST,295,11,4,2018,2022,49.261898,-123.033733,0.0,True
VANCOUVER,E BROADWAY,SCOTIA ST,19,3,0,2018,2022,49.262852,-123.098984,0.0,False
VANCOUVER,E BROADWAY,SEMLIN DR,12,0,1,2018,2022,49.26231,-123.063969,0.0,False
VANCOUVER,E BROADWAY,SLOCAN ST,82,2,1,2018,2022,49.262006,-123.049586,0.0,False
VANCOUVER,E BROADWAY,ST CATHERINES ST,24,0,0,2018,2021,49.262455,-123.085264,0.0,False
VANCOUVER,E BROADWAY,ST GEORGE ST,68,0,1,2018,2022,49.262505,-123.093,0.0,True
VANCOUVER,E BROADWAY,VICTORIA DR,157,2,9,2018,2022,49.262294,-123.065915,0.0,True
VANCOUVER,E BROADWAY,W BROADWAY,1,0,0,2018,2018,49.263014,-123.104885,0.0,True
VANCOUVER,E BROADWAY,WATSON ST,9,0,0,2019,2022,49.262891,-123.100284,0.0,False
VANCOUVER,E BROADWAY,WINDERMERE ST,18,0,0,2018,2022,49.261897,-123.036518,0.0,False
VANCOUVER,E BROADWAY,WINDSOR ST,14,0,1,2018,2022,49.262441,-123.083321,0.0,False
VANCOUVER,E BROADWAY,WOODLAND DR,89,0,7,2018,2022,49.262359,-123.073646,0.0,False
VANCOUVER,E CORDOVA ST,GLEN DR,4,0,0,2018,2021,49.281914,-123.081283,0.0,False
VANCOUVER,E CORDOVA ST,GORE AVE,35,2,0,2018,2022,49.282252,-123.097592,0.0,False
VANCOUVER,E CORDOVA ST,HAWKS AVE,28,1,1,2018,2022,49.282047,-123.087109,0.0,True
VANCOUVER,E CORDOVA ST,HEATLEY AVE,19,0,0,2018,2022,49.282097,-123.089494,0.0,False
VANCOUVER,E CORDOVA ST,JACKSON AVE,22,1,0,2018,2022,49.282177,-123.093384,0.0,False
VANCOUVER,E CORDOVA ST,MAIN ST,106,5,1,2018,2022,49.282288,-123.09963,0.0,False
VANCOUVER,E CORDOVA ST,PRINCESS AVE,33,2,0,2018,2022,49.282134,-123.091419,0.0,False
VANCOUVER,E CORDOVA ST,RAYMUR AVE,3,0,0,2018,2021,49.281932,-123.082406,0.0,False
VANCOUVER,E GEORGIA ST,GARDEN DR,2,0,0,2019,2019,49.278292,-123.057867,0.0,False
VANCOUVER,E GEORGIA ST,GLEN DR,4,0,0,2018,2021,49.278241,-123.081352,0.0,False
VANCOUVER,E GEORGIA ST,GORE AVE,10,1,0,2018,2022,49.278531,-123.097066,0.0,False
VANCOUVER,E GEORGIA ST,HAWKS AVE,2,0,0,2019,2020,49.278347,-123.087282,0.0,False
VANCOUVER,E GEORGIA ST,HEATLEY AVE,5,0,0,2018,2021,49.278391,-123.089661,0.0,False
VANCOUVER,E GEORGIA ST,JACKSON AVE,5,0,0,2018,2022,49.278464,-123.093548,0.0,False
VANCOUVER,E GEORGIA ST,KAMLOOPS ST,3,0,0,2018,2022,49.278289,-123.054603,0.0,False
VANCOUVER,E GEORGIA ST,KASLO ST,3,0,1,2018,2019,49.278278,-123.046709,0.0,False
VANCOUVER,E GEORGIA ST,KOOTENAY ST,1,0,0,2018,2018,49.278264,-123.025722,0.0,False
VANCOUVER,E GEORGIA ST,LAKEWOOD DR,2,0,0,2019,2020,49.278308,-123.061741,0.0,False
VANCOUVER,E GEORGIA ST,LILLOOET ST,3,0,0,2019,2020,49.278265,-123.038849,0.0,False
VANCOUVER,E GEORGIA ST,MAIN ST,46,3,2,2018,2022,49.278609,-123.099769,0.0,False
VANCOUVER,E GEORGIA ST,MCLEAN DR,2,0,0,2019,2019,49.278534,-123.07412,0.0,False
VANCOUVER,E GEORGIA ST,NANAIMO ST,5,0,0,2018,2022,49.278291,-123.056557,0.0,False
VANCOUVER,E GEORGIA ST,NOOTKA ST,2,0,0,2019,2022,49.278265,-123.04146,0.0,False
VANCOUVER,E GEORGIA ST,PENTICTON ST,10,1,2,2018,2022,49.278286,-123.051999,0.0,False
VANCOUVER,E GEORGIA ST,PRINCESS AVE,2,0,1,2018,2019,49.278427,-123.091603,0.0,False
VANCOUVER,E GEORGIA ST,RENFREW ST,18,0,0,2018,2022,49.278277,-123.044098,0.0,False
VANCOUVER,E GEORGIA ST,SALSBURY DR,2,0,0,2018,2021,49.27846,-123.068349,0.0,False
VANCOUVER,E GEORGIA ST,SKEENA ST,2,0,0,2018,2020,49.278254,-123.028343,0.0,False
VANCOUVER,E GEORGIA ST,SLOCAN ST,4,0,0,2018,2020,49.278278,-123.04934,0.0,False
VANCOUVER,E GEORGIA ST,VICTORIA DR,7,0,0,2018,2022,49.27838,-123.065612,0.0,False
VANCOUVER,E GEORGIA ST,WINDERMERE ST,2,0,0,2018,2019,49.278269,-123.036222,0.0,False
VANCOUVER,E HASTINGS ST,E HASTINGS ST OFFRAMP,1,0,0,2019,2019,49.28117,-123.031463,0.0,True
VANCOUVER,E HASTINGS ST,E HASTINGS ST ONRAMP,1,0,0,2018,2018,49.28117,-123.031463,0.0,True
VANCOUVER,E HASTINGS ST,GARDEN DR,93,2,1,2018,2022,49.28117,-123.057838,0.0,False
VANCOUVER,E HASTINGS ST,GLEN DR,57,0,0,2018,2022,49.280967,-123.081304,0.0,False
VANCOUVER,E HASTINGS ST,GORE AVE,72,6,6,2018,2022,49.281312,-123.097465,0.0,False
VANCOUVER,E HASTINGS ST,HAWKS AVE,58,3,3,2018,2022,49.281092,-123.087162,0.0,False
VANCOUVER,E HASTINGS ST,HEATLEY AVE,55,5,0,2018,2022,49.281164,-123.089531,0.0,False
VANCOUVER,E HASTINGS ST,HWY 1,202,1,3,2018,2022,49.281193,-123.031483,0.0,True
VANCOUVER,E HASTINGS ST,JACKSON AVE,43,6,1,2018,2022,49.281237,-123.093427,0.0,False
VANCOUVER,E HASTINGS ST,KAMLOOPS ST,143,2,3,2018,2022,49.281166,-123.054581,0.0,False
VANCOUVER,E HASTINGS ST,KASLO ST,167,1,1,2018,2022,49.281154,-123.046659,0.0,False
VANCOUVER,E HASTINGS ST,KOOTENAY AND HASTINGS LOOP,6,0,0,2018,2022,49.281133,-123.026001,0.0,False
VANCOUVER,E HASTINGS ST,KOOTENAY ST,80,2,0,2018,2022,49.281134,-123.025715,0.0,False
VANCOUVER,E HASTINGS ST,LAKEWOOD DR,126,1,2,2018,2022,49.281175,-123.061688,0.0,True
VANCOUVER,E HASTINGS ST,LILLOOET ST,50,0,1,2018,2022,49.281161,-123.038842,0.0,False
VANCOUVER,E HASTINGS ST,MAIN ST,252,56,16,2018,2022,49.281347,-123.099687,0.0,True
VANCOUVER,E HASTINGS ST,MCLEAN DR,122,7,2,2018,2022,49.28131,-123.074117,0.0,False
VANCOUVER,E HASTINGS ST,NANAIMO ST,446,18,2,2018,2022,49.281168,-123.056544,0.0,False
VANCOUVER,E HASTINGS ST,PENTICTON ST,128,0,2,2018,2022,49.281162,-123.051974,0.0,False
VANCOUVER,E HASTINGS ST,PRINCESS AVE,61,12,2,2018,2022,49.281196,-123.091467,0.0,False
VANCOUVER,E HASTINGS ST,RAYMUR AVE,1,0,0,2018,2018,49.280989,-123.082454,0.0,False
VANCOUVER,E HASTINGS ST,RENFREW ST,360,7,2,2018,2022,49.281155,-123.044034,0.0,False
VANCOUVER,E HASTINGS ST,SALSBURY DR,38,1,0,2018,2022,49.28124,-123.06829,0.0,False
VANCOUVER,E HASTINGS ST,SEMLIN DR,56,3,2,2018,2022,49.28119,-123.063634,0.0,False
VANCOUVER,E HASTINGS ST,SKEENA ST,162,5,0,2018,2022,49.281132,-123.02833,0.0,False
VANCOUVER,E HASTINGS ST,SLOCAN ST,180,3,1,2018,2022,49.281159,-123.049336,0.0,False
VANCOUVER,E HASTINGS ST,TEMPLETON DR,133,3,0,2018,2022,49.281173,-123.059764,0.0,False
VANCOUVER,E HASTINGS ST,TRANS-CANADA HWY,7,0,0,2018,2022,49.281193,-123.031483,0.0,True
VANCOUVER,E HASTINGS ST,VERNON DR,48,1,0,2018,2022,49.281115,-123.079159,0.0,False
VANCOUVER,E HASTINGS ST,VICTORIA DR,179,7,2,2018,2022,49.281211,-123.065573,0.0,False
VANCOUVER,E HASTINGS ST,WINDERMERE ST,94,3,1,2018,2022,49.281163,-123.036186,0.0,False
VANCOUVER,E HASTINGS ST,WOODLAND DR,48,0,2,2018,2022,49.281292,-123.072629,0.0,False
VANCOUVER,E HASTINGS ST OFFRAMP,HWY 1,30,0,0,2018,2021,49.281228,-123.031485,0.0,True
VANCOUVER,E HASTINGS ST OFFRAMP,TRANS-CANADA HWY,1,0,0,2019,2019,49.281228,-123.031485,0.0,True
VANCOUVER,E HASTINGS ST OFFRAMP,TRANS-CANADA HWY OFFRAMP,1,0,0,2019,2019,49.287523,-123.030828,0.0,False
VANCOUVER,E HASTINGS ST ONRAMP,HWY 1,38,0,0,2018,2022,49.281088,-123.031476,9.16662951994472,False
VANCOUVER,E KENT AVE N,ELLIOTT ST,5,0,1,2018,2021,49.20581,-123.056791,0.0,False
VANCOUVER,E KENT AVE N,FRASER ST,29,0,1,2018,2022,49.208185,-123.091176,0.0,False
VANCOUVER,E KENT AVE N,JELLICOE ST,7,0,0,2018,2022,49.206475,-123.047696,0.0,False
VANCOUVER,E KENT AVE N,KERR ST,11,0,1,2018,2022,49.206787,-123.042257,0.0,False
VANCOUVER,E KENT AVE N,KINROSS ST,4,0,0,2018,2022,49.206128,-123.036704,0.0,False
VANCOUVER,E KENT AVE N,KNIGHT ST,6,0,0,2019,2022,49.209377,-123.077138,0.0,True
VANCOUVER,E KENT AVE N,KNIGHT ST BRIDGE,1,0,0,2021,2021,49.209377,-123.077138,0.0,True
VANCOUVER,E KENT AVE N,MAIN ST,39,0,0,2018,2022,49.207235,-123.102418,0.0,False
VANCOUVER,E KENT AVE N,MORNINGSTAR CRES,1,0,0,2021,2021,49.205997,-123.053496,0.0,False
VANCOUVER,E KENT AVE N,NANAIMO ST,1,0,0,2020,2020,49.205962,-123.059577,0.0,False
VANCOUVER,E KENT AVE N,ONTARIO ST,5,0,0,2018,2022,49.206861,-123.106851,0.0,True
VANCOUVER,E KENT AVE N,PRINCE EDWARD ST,8,0,0,2018,2022,49.207563,-123.098531,0.0,False
VANCOUVER,E KENT AVE N,ROSS ST,6,2,0,2018,2021,49.208775,-123.084185,0.0,False
VANCOUVER,E KENT AVE N,ST GEORGE ST,10,0,0,2018,2022,49.207942,-123.094045,0.0,False
VANCOUVER,E KENT AVE N,VICTORIA DR,4,0,0,2018,2022,49.207477,-123.066156,0.0,False
VANCOUVER,E KENT AVE S,FRASER ST,3,0,0,2019,2021,49.207903,-123.091185,0.0,False
VANCOUVER,E KENT AVE S,JACK UPPAL ST,1,0,0,2022,2022,49.205402,-123.033673,0.0,False
VANCOUVER,E KENT AVE S,JELLICOE ST,4,0,0,2018,2021,49.206218,-123.047696,0.0,False
VANCOUVER,E KENT AVE S,KERR ST,2,0,0,2020,2020,49.206541,-123.042271,0.0,False
VANCOUVER,E KENT AVE S,KINROSS ST,2,0,0,2021,2021,49.205827,-123.036736,0.0,False
VANCOUVER,E KENT AVE S,MAIN ST,7,0,0,2018,2022,49.206969,-123.102426,0.0,False
VANCOUVER,E KENT AVE S,PRINCE EDWARD ST,1,0,0,2019,2019,49.207302,-123.098547,0.0,False
VANCOUVER,E KENT AVE S,RIVER DISTRICT CROSSING,1,0,0,2018,2018,49.205059,-123.031201,0.0,False
VANCOUVER,E KENT AVE S,ST GEORGE ST,3,0,0,2019,2022,49.207693,-123.094046,0.0,False
VANCOUVER,E KENT AVE S,VICTORIA DR,7,0,0,2019,2022,49.207223,-123.066163,0.0,False
VANCOUVER,E KING EDWARD AVE,ELGIN ST,4,1,0,2019,2021,49.248569,-123.082663,0.0,False
VANCOUVER,E KING EDWARD AVE,FRASER ST,110,6,0,2018,2022,49.248662,-123.090155,0.0,True
VANCOUVER,E KING EDWARD AVE,GLEN DR,2,0,0,2018,2021,49.248563,-123.081908,0.0,False
VANCOUVER,E KING EDWARD AVE,INVERNESS ST,22,2,0,2018,2022,49.248549,-123.080035,0.0,False
VANCOUVER,E KING EDWARD AVE,JOHN ST,4,0,0,2018,2021,49.24872,-123.097177,0.0,False
VANCOUVER,E KING EDWARD AVE,KINGSWAY,139,0,4,2018,2022,49.248491,-123.072309,2.553538680162664,False
VANCOUVER,E KING EDWARD AVE,KNIGHT ST,161,5,0,2018,2022,49.248512,-123.076075,0.0,True
VANCOUVER,E KING EDWARD AVE,MAIN ST,169,5,1,2018,2022,49.248771,-123.10107,0.0,True
VANCOUVER,E KING EDWARD AVE,ONTARIO ST,8,0,0,2018,2022,49.248844,-123.104993,0.0,True
VANCOUVER,E KING EDWARD AVE,PRINCE ALBERT ST,14,0,0,2018,2022,49.248613,-123.087735,0.0,False
VANCOUVER,E KING EDWARD AVE,PRINCE EDWARD ST,15,1,0,2018,2022,49.248717,-123.096771,0.0,False
VANCOUVER,E KING EDWARD AVE,QUEBEC ST,10,0,0,2018,2022,49.248805,-123.103194,0.0,False
VANCOUVER,E KING EDWARD AVE,SOPHIA ST,24,1,0,2018,2022,49.248741,-123.098894,0.0,False
VANCOUVER,E KING EDWARD AVE,ST CATHERINES ST,10,0,0,2018,2021,49.248592,-123.085847,0.0,False
VANCOUVER,E KING EDWARD AVE,ST GEORGE ST,17,1,0,2018,2022,49.248686,-123.094061,0.0,True
VANCOUVER,E KING EDWARD AVE,W 25TH AVE,1,0,0,2022,2022,49.248844,-123.104993,0.0,True
VANCOUVER,E KING EDWARD AVE,WINDSOR ST,12,0,0,2018,2022,49.248578,-123.083892,0.0,False
VANCOUVER,E PENDER ST,GARDEN DR,5,1,0,2018,2022,49.280233,-123.057847,0.0,False
VANCOUVER,E PENDER ST,GORE AVE,60,2,3,2018,2022,49.280335,-123.097304,0.0,False
VANCOUVER,E PENDER ST,HAWKS AVE,7,0,0,2018,2022,49.280157,-123.087211,0.0,False
VANCOUVER,E PENDER ST,HEATLEY AVE,8,1,2,2018,2022,49.280208,-123.08957,0.0,False
VANCOUVER,E PENDER ST,JACKSON AVE,20,2,0,2018,2022,49.280271,-123.093473,0.0,False
VANCOUVER,E PENDER ST,KAMLOOPS ST,7,0,0,2018,2022,49.280231,-123.05459,0.0,False
VANCOUVER,E PENDER ST,KASLO ST,7,0,0,2018,2022,49.280214,-123.046675,0.0,False
VANCOUVER,E PENDER ST,KOOTENAY ST,2,0,0,2022,2022,49.280207,-123.025733,0.0,False
VANCOUVER,E PENDER ST,LAKEWOOD DR,7,1,3,2018,2022,49.280237,-123.061715,0.0,False
VANCOUVER,E PENDER ST,LILLOOET ST,12,1,0,2018,2022,49.280198,-123.038845,0.0,False
VANCOUVER,E PENDER ST,MAIN ST,170,10,14,2018,2022,49.280381,-123.099699,0.0,False
VANCOUVER,E PENDER ST,MCLEAN DR,4,0,0,2018,2022,49.280325,-123.07412,0.0,False
VANCOUVER,E PENDER ST,NANAIMO ST,28,1,1,2018,2022,49.280234,-123.056548,0.0,False
VANCOUVER,E PENDER ST,NOOTKA ST,2,0,0,2020,2022,49.280203,-123.041449,0.0,False
VANCOUVER,E PENDER ST,PENTICTON ST,12,0,0,2018,2022,49.280229,-123.051983,0.0,False
VANCOUVER,E PENDER ST,PRINCESS AVE,5,0,0,2019,2022,49.280232,-123.091524,0.0,False
VANCOUVER,E PENDER ST,RAYMUR AVE,1,0,0,2020,2020,49.280079,-123.082645,0.0,False
VANCOUVER,E PENDER ST,RENFREW ST,11,0,0,2018,2022,49.280206,-123.044078,0.0,False
VANCOUVER,E PENDER ST,RUPERT ST,1,0,0,2019,2019,49.280198,-123.033603,0.0,False
VANCOUVER,E PENDER ST,SALSBURY DR,4,0,0,2018,2022,49.280262,-123.06831,0.0,False
VANCOUVER,E PENDER ST,SEMLIN DR,2,0,0,2018,2020,49.280239,-123.063656,0.0,False
VANCOUVER,E PENDER ST,SKEENA ST,22,1,0,2018,2022,49.280211,-123.02833,0.0,False
VANCOUVER,E PENDER ST,SLOCAN ST,7,0,0,2018,2021,49.280222,-123.049336,0.0,False
VANCOUVER,E PENDER ST,TEMPLETON DR,6,1,0,2018,2022,49.280234,-123.059778,0.0,False
VANCOUVER,E PENDER ST,VERNON DR,3,0,0,2020,2022,49.280017,-123.079197,0.0,False
VANCOUVER,E PENDER ST,VICTORIA DR,17,0,1,2018,2022,49.280242,-123.065586,0.0,False
VANCOUVER,E PENDER ST,WINDERMERE ST,6,0,0,2018,2022,49.280197,-123.036197,0.0,False
VANCOUVER,E PENDER ST,WOODLAND DR,7,0,0,2018,2020,49.280308,-123.07266,0.0,False
VANCOUVER,E WATERFRONT RD,MAIN ST,4,0,0,2019,2020,49.284855,-123.099176,0.0,True
VANCOUVER,E WOODSTOCK AVE,MAIN ST,8,0,1,2018,2022,49.233587,-123.101542,0.0,False
VANCOUVER,E WOODSTOCK AVE,QUEBEC ST,2,0,0,2022,2022,49.233649,-123.103706,0.0,False
VANCOUVER,E WOODSTOCK AVE,SOPHIA ST,2,0,0,2019,2019,49.233554,-123.099522,0.0,False
VANCOUVER,EARL FINNING WAY,FOLEY ST,1,0,0,2020,2020,49.267207,-123.086491,0.0,False
VANCOUVER,EARLES ST,EUCLID AVE,20,0,0,2018,2022,49.241182,-123.045389,0.0,False
VANCOUVER,EARLES ST,HORLEY ST,4,0,0,2018,2021,49.239725,-123.04678,0.0,False
VANCOUVER,EARLES ST,KINGS AVE,3,0,0,2018,2021,49.243641,-123.043029,0.0,False
VANCOUVER,EARLES ST,KINGSWAY,151,3,1,2018,2022,49.237566,-123.048809,0.0,False
VANCOUVER,EARLES ST,VANNESS AVE,9,1,0,2018,2022,49.243075,-123.043582,0.0,False
VANCOUVER,EARLES ST,WARD ST,10,0,0,2018,2021,49.239038,-123.047431,0.0,False
VANCOUVER,EAST BLVD,W 41ST AVE,2,1,0,2018,2019,49.234578,-123.154989,0.0,True
VANCOUVER,EAST BOULEVARD,LABURNUM ST,1,0,0,2020,2020,49.221398,-123.151099,0.0,False
VANCOUVER,EAST BOULEVARD,MAPLE ST,3,0,0,2018,2022,49.224552,-123.152971,0.0,False
VANCOUVER,EAST BOULEVARD,SW MARINE DR,4,0,0,2019,2022,49.208577,-123.144232,0.0,False
VANCOUVER,EAST BOULEVARD,W 16TH AVE,1,0,0,2018,2018,49.257278,-123.152464,0.0,False
VANCOUVER,EAST BOULEVARD,W 17TH AVE,2,0,0,2018,2020,49.256326,-123.152498,0.0,False
VANCOUVER,EAST BOULEVARD,W 35TH AVE,1,0,0,2022,2022,49.240023,-123.154507,0.0,False
VANCOUVER,EAST BOULEVARD,W 37TH AVE,16,1,1,2018,2022,49.238282,-123.154893,18.443644914354557,False
VANCOUVER,EAST BOULEVARD,W 41ST AVE,185,12,1,2018,2022,49.234578,-123.154989,20.259917115074558,True
VANCOUVER,EAST BOULEVARD,W 42ND AVE,26,3,0,2018,2022,49.233602,-123.155027,0.0,False
VANCOUVER,EAST BOULEVARD,W 43RD AVE,9,0,0,2018,2022,49.232705,-123.155062,0.0,False
VANCOUVER,EAST BOULEVARD,W 44TH AVE,9,0,0,2018,2022,49.231849,-123.155098,0.0,False
VANCOUVER,EAST BOULEVARD,W 45TH AVE,10,0,0,2019,2022,49.23086,-123.155411,19.82583108698889,False
VANCOUVER,EAST BOULEVARD,W 46TH AVE,6,0,0,2018,2022,49.229877,-123.155175,0.0,False
VANCOUVER,EAST BOULEVARD,W 47TH AVE,6,1,0,2018,2022,49.228977,-123.155208,0.0,False
VANCOUVER,EAST BOULEVARD,W 48TH AVE,4,0,0,2018,2022,49.228142,-123.155053,0.0,False
VANCOUVER,EAST BOULEVARD,W 49TH AVE,33,0,2,2018,2022,49.227151,-123.154514,20.624500559176994,False
VANCOUVER,EAST BOULEVARD,W 50TH AVE,1,0,0,2018,2018,49.22583,-123.153733,0.0,False
VANCOUVER,EAST BOULEVARD,W 54TH AVE,3,0,3,2018,2022,49.221836,-123.15136,0.0,False
VANCOUVER,EAST BOULEVARD,W 57TH AVE,10,0,0,2018,2022,49.219479,-123.150094,0.0,True
VANCOUVER,EAST BOULEVARD,W 61ST AVE,1,0,0,2020,2020,49.216045,-123.148007,0.0,False
VANCOUVER,EAST BOULEVARD,W 63RD AVE,1,0,1,2018,2018,49.21411,-123.147052,0.0,False
VANCOUVER,EAST BOULEVARD,W 64TH AVE,1,0,0,2022,2022,49.213255,-123.146638,0.0,False
VANCOUVER,EAST BOULEVARD,W 65TH AVE,1,0,0,2019,2019,49.21235,-123.146072,0.0,False
VANCOUVER,EAST BOULEVARD,W 66TH AVE,1,0,0,2021,2021,49.211455,-123.145623,0.0,False
VANCOUVER,EAST BOULEVARD,W KING EDWARD AVE,2,0,0,2019,2022,49.251522,-123.152535,0.0,False
VANCOUVER,EDDINGTON DR,PUGET DR,1,0,0,2020,2020,49.245017,-123.163377,0.0,False
VANCOUVER,EDDINGTON DR,TOWNLEY ST,1,0,0,2018,2018,49.246179,-123.158218,0.0,False
VANCOUVER,EDDINGTON DR,VALLEY DR,3,0,0,2020,2022,49.246772,-123.157138,0.0,False
VANCOUVER,EDDINGTON DR,YEW ST,3,1,0,2018,2022,49.246946,-123.154756,0.0,False
VANCOUVER,EIHU LANE,JERVIS ST,1,0,0,2018,2018,49.28736,-123.128009,0.0,False
VANCOUVER,EIHU LANE,NICOLA ST,1,0,0,2022,2022,49.288995,-123.1306,0.0,False
VANCOUVER,EIHU LANE,ROBSON ST,3,0,0,2021,2021,49.286603,-123.127926,0.0,False
VANCOUVER,EIHU LANE,THURLOW ST,14,1,0,2019,2022,49.284968,-123.124286,0.0,False
VANCOUVER,ELDORADO MEWS,KINGSWAY,2,0,0,2018,2018,49.241568,-123.057462,0.0,False
VANCOUVER,ELIZABETH ST,W 37TH AVE,3,0,0,2021,2022,49.237063,-123.111918,0.0,False
VANCOUVER,ELIZABETH ST,W 39TH AVE,1,0,0,2018,2018,49.235648,-123.111963,0.0,False
VANCOUVER,ELIZABETH ST,W 41ST AVE,4,0,0,2018,2021,49.233382,-123.112074,0.0,False
VANCOUVER,ELLIOTT ST,LYNBROOK DR,2,0,0,2018,2022,49.217149,-123.053664,0.0,False
VANCOUVER,ELLIOTT ST,QUAYSIDE CRT,2,0,0,2019,2019,49.206162,-123.05682,0.0,False
VANCOUVER,ELLIOTT ST,ROSEDALE DR,5,0,0,2018,2021,49.207973,-123.056688,0.0,False
VANCOUVER,ELLIOTT ST,SE MARINE DR,152,2,1,2018,2022,49.207107,-123.056819,0.0,False
VANCOUVER,ELLIOTT ST,VIVIAN DR,4,0,0,2019,2022,49.2127,-123.055117,0.0,False
VANCOUVER,ELLIOTT ST,WAVERLEY AVE,11,2,0,2018,2022,49.226764,-123.054664,0.0,False
VANCOUVER,ELM ST,W 31ST AVE,1,0,0,2019,2019,49.244183,-123.164245,0.0,False
VANCOUVER,ELM ST,W 37TH AVE,2,0,0,2019,2021,49.238447,-123.164053,0.0,False
VANCOUVER,ELM ST,W 39TH AVE,4,0,1,2018,2021,49.23656,-123.16412,0.0,False
VANCOUVER,ELM ST,W 41ST AVE,20,3,2,2018,2022,49.234702,-123.164156,0.0,False
VANCOUVER,ELM ST,W 43RD AVE,3,0,0,2021,2022,49.232856,-123.16425,0.0,False
VANCOUVER,ELM ST,W 45TH AVE,2,0,0,2018,2021,49.230995,-123.164344,0.0,False
VANCOUVER,ELM ST,W 47TH AVE,2,0,0,2018,2018,49.229149,-123.164381,0.0,False
VANCOUVER,ELM ST,W 49TH AVE,5,2,0,2018,2022,49.227283,-123.164447,0.0,False
VANCOUVER,ELMHURST DR,KILLARNEY ST,1,0,0,2022,2022,49.218055,-123.046529,0.0,False
VANCOUVER,ETON ST,N GARDEN DR,1,0,0,2019,2019,49.287513,-123.057704,0.0,False
VANCOUVER,ETON ST,N KAMLOOPS ST,2,0,0,2019,2022,49.287726,-123.054574,0.0,False
VANCOUVER,ETON ST,N KASLO ST,1,0,0,2019,2019,49.287709,-123.046695,0.0,False
VANCOUVER,ETON ST,N NANAIMO ST,18,0,0,2018,2022,49.287632,-123.056498,0.0,False
VANCOUVER,ETON ST,N PENTICTON ST,1,0,0,2021,2021,49.287735,-123.051948,0.0,False
VANCOUVER,ETON ST,N RENFREW ST,5,0,1,2018,2022,49.287699,-123.044033,0.0,False
VANCOUVER,ETON ST,N SLOCAN ST,2,0,0,2019,2021,49.28772,-123.049306,0.0,False
VANCOUVER,ETON ST,N TEMPLETON DR,2,0,0,2019,2019,49.287522,-123.059655,0.0,False
VANCOUVER,ETON ST,WALL ST,9,0,0,2018,2021,49.287541,-123.060753,0.0,False
VANCOUVER,EUCLID AVE,JOYCE ST,78,0,0,2018,2022,49.236424,-123.033627,0.0,False
VANCOUVER,EUCLID AVE,KILLARNEY ST,1,1,0,2019,2019,49.240005,-123.042475,0.0,False
VANCOUVER,EUCLID AVE,MANOR ST,1,0,0,2018,2018,49.239623,-123.041527,0.0,False
VANCOUVER,EUCLID AVE,MCHARDY ST,2,0,1,2018,2021,49.237582,-123.03647,0.0,False
VANCOUVER,EUCLID AVE,MCKINNON ST,3,0,0,2021,2022,49.23725,-123.035639,0.0,False
VANCOUVER,EUCLID AVE,MOSS ST,3,1,0,2019,2021,49.240764,-123.044352,0.0,False
VANCOUVER,EUCLID AVE,RUPERT ST,54,0,1,2018,2022,49.238824,-123.039553,0.0,False
VANCOUVER,EUCLID AVE,SLOCAN ST,2,0,0,2019,2021,49.243273,-123.050859,0.0,False
VANCOUVER,EUCLID AVE,SPENCER ST,1,0,0,2020,2020,49.238363,-123.038419,0.0,False
VANCOUVER,EUCLID AVE,TAUNTON ST,2,0,0,2018,2019,49.237867,-123.03718,0.0,False
VANCOUVER,EUCLID AVE,TYNE ST,15,0,2,2018,2022,49.235177,-123.030455,0.0,False
VANCOUVER,EVANS AVE,GLEN DR,1,0,0,2018,2018,49.270789,-123.081484,0.0,False
VANCOUVER,EVANS AVE,THORNTON ST,5,0,0,2019,2021,49.272753,-123.092921,0.0,False
VANCOUVER,EVELEIGH ST,THURLOW ST,10,0,0,2018,2022,49.287208,-123.120861,0.0,False
VANCOUVER,EXIT 25,HWY 1,1,0,0,2021,2021,49.287308,-123.030603,0.0,False
VANCOUVER,EXIT 27,HWY 1,1,0,0,2020,2020,49.269452,-123.027611,0.0,True
VANCOUVER,EXPO BLVD,GEORGIA VIADUCT,2,0,0,2020,2022,49.277816,-123.110796,0.0,False
VANCOUVER,EXPO BLVD,GRIFFITHS WAY,45,3,5,2018,2022,49.277891,-123.110374,0.0,False
VANCOUVER,EXPO BLVD,NELSON ST,65,3,2,2018,2022,49.274885,-123.11598,0.0,False
VANCOUVER,EXPO BLVD,PACIFIC BLVD,18,2,0,2018,2022,49.274554,-123.119271,0.0,True
VANCOUVER,EXPO BLVD,PAT QUINN WAY,19,0,1,2018,2022,49.278645,-123.107641,0.0,True
VANCOUVER,EXPO BLVD,QUEBEC ST,21,3,1,2018,2022,49.276605,-123.102299,0.0,False
VANCOUVER,EXPO BLVD,SMITHE ST,80,1,2,2018,2022,49.275209,-123.114561,64.55398611847434,True
VANCOUVER,FAIRMONT ST,HORLEY ST,1,0,0,2021,2021,49.238832,-123.044553,0.0,False
VANCOUVER,FAIRMONT ST,KINGSWAY,7,0,0,2018,2021,49.236702,-123.046693,0.0,False
VANCOUVER,FAIRMONT ST,VANNESS AVE,1,0,1,2022,2022,49.242265,-123.041599,0.0,False
VANCOUVER,FALAISE AVE,FALAISE PL,1,0,0,2020,2020,49.256189,-123.028434,0.0,False
VANCOUVER,FALAISE AVE,MATAPAN CRES,2,0,0,2019,2022,49.25558,-123.029372,0.0,False
VANCOUVER,FALAISE AVE,WORTHINGTON DR,5,0,0,2018,2022,49.254765,-123.03053,0.0,False
VANCOUVER,FELLOWES ST,MCGILL ST,2,0,0,2018,2019,49.288698,-123.027319,0.0,True
VANCOUVER,FELLOWES ST,N BOUNDARY RD,1,0,0,2020,2020,49.291966,-123.023341,0.0,False
VANCOUVER,FELLOWS ST,MCGILL ST,1,0,0,2020,2020,49.288698,-123.027319,0.0,True
VANCOUVER,FERNDALE ST,GARDEN DR,2,0,0,2018,2022,49.279641,-123.057853,0.0,False
VANCOUVER,FERNDALE ST,LAKEWOOD DR,1,0,1,2018,2018,49.279663,-123.061738,0.0,False
VANCOUVER,FERNDALE ST,NANAIMO ST,2,0,0,2019,2019,49.279631,-123.056552,0.0,False
VANCOUVER,FERNDALE ST,TEMPLETON DR,1,0,0,2021,2021,49.279655,-123.059787,0.0,False
VANCOUVER,FERNDALE ST,VICTORIA DR,5,0,0,2018,2020,49.279672,-123.065595,0.0,False
VANCOUVER,FIELDSTONE AVE,SE MARINE DR,10,0,0,2018,2022,49.20841,-123.034655,0.0,False
VANCOUVER,FINDLAY ST,VICTORIA DIVERS,1,0,0,2021,2021,49.254248,-123.067997,0.0,True
VANCOUVER,FIR ST,MARPOLE AVE,5,0,0,2019,2022,49.255872,-123.140565,0.0,False
VANCOUVER,FIR ST,W 10TH AVE,44,0,6,2018,2022,49.262677,-123.141066,0.0,False
VANCOUVER,FIR ST,W 11TH AVE,38,0,1,2018,2022,49.261738,-123.141104,0.0,False
VANCOUVER,FIR ST,W 12TH AVE,116,1,1,2018,2022,49.260842,-123.14114,0.0,False
VANCOUVER,FIR ST,W 13TH AVE,17,0,1,2018,2022,49.259853,-123.141183,0.0,False
VANCOUVER,FIR ST,W 14TH AVE,32,0,0,2018,2022,49.258953,-123.141217,0.0,False
VANCOUVER,FIR ST,W 15TH AVE,30,0,1,2018,2022,49.258033,-123.141253,0.0,False
VANCOUVER,FIR ST,W 16TH AVE,69,0,1,2018,2022,49.257099,-123.141293,0.0,False
VANCOUVER,FIR ST,W 1ST AVE,16,1,1,2018,2022,49.270843,-123.141389,0.0,False
VANCOUVER,FIR ST,W 2ND AVE,33,1,0,2018,2022,49.269712,-123.140791,0.0,False
VANCOUVER,FIR ST,W 3RD AVE,22,3,3,2018,2022,49.26882,-123.140806,12.809488534663195,False
VANCOUVER,FIR ST,W 4TH AVE,118,0,0,2018,2022,49.267924,-123.140873,0.0,False
VANCOUVER,FIR ST,W 5TH AVE,21,0,3,2018,2022,49.267107,-123.140907,28.43172649692991,False
VANCOUVER,FIR ST,W 6TH AVE,33,0,2,2018,2022,49.266223,-123.140934,0.0,False
VANCOUVER,FIR ST,W 7TH AVE,31,0,3,2018,2022,49.26538,-123.140927,0.0,False
VANCOUVER,FIR ST,W 8TH AVE,12,0,0,2018,2021,49.264554,-123.141085,0.0,False
VANCOUVER,FIR ST,W BROADWAY,173,2,3,2018,2022,49.263614,-123.141026,0.0,False
VANCOUVER,FIR ST OFFRAMP,GRANVILLE BRIDGE,2,0,0,2018,2019,49.267898,-123.138396,0.0,True
VANCOUVER,FIR ST OFFRAMP,GRANVILLE ST,1,0,0,2020,2020,49.267898,-123.138396,0.0,True
VANCOUVER,FOLEY ST,GREAT NORTHERN WAY,20,1,6,2018,2022,49.266212,-123.086553,0.0,False
VANCOUVER,FORGE WALK,SITKA SQ,1,0,0,2022,2022,49.26702,-123.128912,0.0,True
VANCOUVER,FOSTER AVE,LINCOLN ST,1,0,0,2019,2019,49.234129,-123.02592,0.0,False
VANCOUVER,FOSTER AVE,MELBOURNE ST,1,0,0,2022,2022,49.234023,-123.029255,0.0,False
VANCOUVER,FOSTER AVE,OBEN ST,1,0,0,2019,2019,49.234129,-123.027008,0.0,False
VANCOUVER,FOSTER AVE,ORMIDALE ST,5,0,0,2019,2021,49.234127,-123.024822,0.0,False
VANCOUVER,FOSTER AVE,TYNE ST,2,0,0,2019,2021,49.234024,-123.030419,0.0,False
VANCOUVER,FOUNTAIN WAY CRT,LAMEYS MILL RD,2,0,0,2019,2022,49.267563,-123.135462,0.0,False
VANCOUVER,FRANCES ST,MCLEAN DR,15,0,3,2018,2022,49.279428,-123.074119,0.0,False
VANCOUVER,FRANCES ST,SALSBURY DR,2,0,1,2021,2022,49.27935,-123.06833,0.0,False
VANCOUVER,FRANCES ST,VERNON DR,1,0,0,2022,2022,49.279492,-123.079213,0.0,False
VANCOUVER,FRANCES ST,VICTORIA DR,10,0,0,2018,2022,49.279236,-123.065599,0.0,True
VANCOUVER,FRANCES ST,WOODLAND DR,4,0,0,2018,2022,49.279408,-123.072682,0.0,False
VANCOUVER,FRANKLIN ST,GARDEN DR,4,0,0,2018,2022,49.282061,-123.057817,0.0,False
VANCOUVER,FRANKLIN ST,GLEN DR,2,0,0,2022,2022,49.282314,-123.081271,0.0,False
VANCOUVER,FRANKLIN ST,KAMLOOPS ST,10,1,1,2018,2022,49.282068,-123.05458,0.0,False
VANCOUVER,FRANKLIN ST,KASLO ST,7,1,0,2019,2022,49.28206,-123.04666,0.0,False
VANCOUVER,FRANKLIN ST,KOOTENAY ST,2,0,0,2019,2021,49.282052,-123.025705,0.0,False
VANCOUVER,FRANKLIN ST,LAKEWOOD DR,9,0,0,2018,2022,49.282105,-123.061682,0.0,False
VANCOUVER,FRANKLIN ST,MCLEAN DR,23,0,0,2018,2022,49.282228,-123.074092,0.0,False
VANCOUVER,FRANKLIN ST,NANAIMO ST,16,1,1,2018,2022,49.282071,-123.056539,0.0,False
VANCOUVER,FRANKLIN ST,PENTICTON ST,6,0,1,2018,2022,49.282066,-123.051968,0.0,False
VANCOUVER,FRANKLIN ST,RENFREW ST,18,0,1,2018,2022,49.282057,-123.043983,0.0,False
VANCOUVER,FRANKLIN ST,SALSBURY DR,16,0,0,2018,2022,49.282162,-123.068276,0.0,False
VANCOUVER,FRANKLIN ST,SEMLIN DR,1,0,0,2021,2021,49.282122,-123.063637,0.0,False
VANCOUVER,FRANKLIN ST,SKEENA ST,2,0,0,2021,2022,49.282061,-123.028319,0.0,False
VANCOUVER,FRANKLIN ST,SLOCAN ST,5,0,0,2018,2022,49.282066,-123.04933,0.0,False
VANCOUVER,FRANKLIN ST,TEMPLETON DR,5,0,0,2018,2021,49.282084,-123.059759,0.0,False
VANCOUVER,FRANKLIN ST,VERNON DR,2,0,0,2018,2021,49.282291,-123.079161,0.0,False
VANCOUVER,FRANKLIN ST,VICTORIA DR,9,1,0,2018,2022,49.282132,-123.06556,0.0,False
VANCOUVER,FRANKLIN ST,WOODLAND DR,8,1,0,2018,2022,49.282209,-123.072638,0.0,False
VANCOUVER,FRASER ST,GREAT NORTHERN WAY,6,0,4,2018,2021,49.266691,-123.089053,0.0,False
VANCOUVER,FRASER ST,KINGSWAY,300,9,10,2018,2022,49.25669,-123.089786,15.613357526964307,False
VANCOUVER,FRASER ST,SE MARINE DR,362,5,2,2018,2022,49.211023,-123.091135,0.0,False
VANCOUVER,FRASERVIEW DR,NANAIMO ST,1,0,0,2018,2018,49.211627,-123.059133,0.0,False
VANCOUVER,FRASERVIEW DR,VICTORIA DR,11,0,0,2018,2022,49.212224,-123.06605,0.0,False
VANCOUVER,FREMLIN ST,PARK DR,2,0,0,2018,2019,49.213775,-123.127314,0.0,True
VANCOUVER,FREMLIN ST,SW MARINE DR,29,0,0,2018,2022,49.205766,-123.127605,0.0,False
VANCOUVER,FREMLIN ST,W 46TH AVE,6,0,2,2018,2022,49.229252,-123.126804,0.0,False
VANCOUVER,FREMLIN ST,W 49TH AVE,13,0,0,2018,2022,49.226485,-123.126648,0.0,False
VANCOUVER,FREMLIN ST,W 52ND AVE,1,0,0,2022,2022,49.223892,-123.126832,0.0,False
VANCOUVER,FREMLIN ST,W 54TH AVE,2,0,0,2019,2021,49.221505,-123.126906,0.0,False
VANCOUVER,FREMLIN ST,W 61ST AVE,1,0,1,2021,2021,49.215576,-123.127234,0.0,False
VANCOUVER,FREMLIN ST,W 63RD AVE,2,0,0,2019,2019,49.213775,-123.127314,0.0,True
VANCOUVER,FREMLIN ST,W 64TH AVE,6,0,1,2020,2022,49.21294,-123.127349,0.0,False
VANCOUVER,FREMLIN ST,W 67TH AVE,5,0,0,2019,2022,49.210686,-123.127395,0.0,False
VANCOUVER,FREMLIN ST,W 70TH AVE,46,0,1,2018,2022,49.208432,-123.127511,0.0,False
VANCOUVER,FREMLIN ST,W 71ST AVE,1,0,0,2022,2022,49.206881,-123.127563,0.0,False
VANCOUVER,FRENCH ST,W 62ND AVE,4,0,0,2018,2019,49.215018,-123.138995,0.0,False
VANCOUVER,FRENCH ST,W 64TH AVE,19,0,0,2018,2022,49.213134,-123.139029,0.0,False
VANCOUVER,FRENCH ST,W 67TH AVE,7,0,0,2018,2022,49.210865,-123.139135,0.0,False
VANCOUVER,FRENCH ST,W 70TH AVE,20,2,0,2018,2022,49.208596,-123.13921,0.0,False
VANCOUVER,FRENCH ST,W 71ST AVE,6,0,0,2018,2020,49.207049,-123.139264,0.0,False
VANCOUVER,FRENCH ST,W 72ND AVE,1,0,0,2018,2018,49.205775,-123.139308,0.0,True
VANCOUVER,FRONTENAC ST,HENNEPIN AVE,2,0,0,2019,2022,49.221843,-123.026425,0.0,False
VANCOUVER,GALIANO RD,PUGET DR,1,0,0,2018,2018,49.254224,-123.175076,0.0,False
VANCOUVER,GALIANO RD,QUESNEL DR,2,0,0,2018,2021,49.25465,-123.176751,0.0,True
VANCOUVER,GALT ST,GLADSTONE ST,3,0,0,2019,2022,49.244312,-123.060976,0.0,False
VANCOUVER,GALT ST,NANAIMO ST,15,0,0,2018,2022,49.242602,-123.057357,0.0,False
VANCOUVER,GARDEN DR,GRANDVIEW HWY N,2,0,0,2018,2021,49.259105,-123.058221,0.0,False
VANCOUVER,GARDEN DR,GRANDVIEW HWY S,7,0,0,2018,2022,49.258268,-123.058251,0.0,False
VANCOUVER,GARDEN DR,GRANT ST,1,0,0,2022,2022,49.271197,-123.057971,0.0,False
VANCOUVER,GARDEN DR,GRAVELEY ST,3,0,0,2018,2020,49.270396,-123.057983,0.0,False
VANCOUVER,GARDEN DR,KITCHENER ST,1,0,0,2018,2018,49.272037,-123.057957,0.0,False
VANCOUVER,GARDEN DR,NAPIER ST,3,1,0,2019,2020,49.274738,-123.057921,0.0,False
VANCOUVER,GARDEN DR,PANDORA ST,4,0,0,2018,2020,49.282998,-123.057792,0.0,False
VANCOUVER,GARDEN DR,TRIUMPH ST,6,0,0,2018,2022,49.283903,-123.057754,0.0,False
VANCOUVER,GARDEN DR,TURNER ST,3,0,0,2018,2021,49.27911,-123.057859,0.0,False
VANCOUVER,GARDEN DR,VENABLES ST,3,0,1,2019,2022,49.276574,-123.057891,0.0,False
VANCOUVER,GARDEN DR,WILLIAM ST,2,0,0,2019,2020,49.27385,-123.057931,0.0,False
VANCOUVER,GARIBALDI DR,MEADOWLAND PL,1,0,0,2020,2020,49.216816,-123.029479,0.0,True
VANCOUVER,GASTON ST,VANNESS AVE,11,3,0,2018,2022,49.237362,-123.029934,0.0,False
VANCOUVER,GEORGE ST,NAPIER ST,2,0,1,2018,2019,49.274974,-123.079469,0.0,False
VANCOUVER,GEORGE ST,PARKER ST,2,0,0,2019,2020,49.275887,-123.08,0.0,False
VANCOUVER,GEORGE ST,VENABLES ST,12,0,0,2018,2022,49.2768,-123.079983,0.0,False
VANCOUVER,GEORGIA VIADUCT,GORE AVE,15,0,0,2018,2022,49.276744,-123.096883,0.0,True
VANCOUVER,GEORGIA VIADUCT,HWY 1A,2,0,0,2019,2022,49.277088,-123.099909,0.0,True
VANCOUVER,GEORGIA VIADUCT,MAIN ST,134,4,2,2018,2022,49.277088,-123.099909,11.816624264104425,True
VANCOUVER,GEORGIA VIADUCT,MAIN ST OFFRAMP,16,0,0,2018,2022,49.277157,-123.103752,0.0,False
VANCOUVER,GEORGIA VIADUCT,PRIOR ST,9,0,0,2018,2022,49.276744,-123.096883,0.0,True
VANCOUVER,GEORGIA VIADUCT,W GEORGIA ST,3,0,0,2018,2022,49.278416,-123.111703,0.0,True
VANCOUVER,GILFORD ST,HENSHAW LANE,3,0,0,2019,2022,49.290022,-123.140757,0.0,False
VANCOUVER,GILFORD ST,HWY 99,4,0,0,2019,2022,49.293614,-123.135272,0.0,True
VANCOUVER,GILFORD ST,JEPSON-YOUNG LANE,3,0,0,2020,2022,49.289337,-123.141802,0.0,False
VANCOUVER,GILFORD ST,NELSON ST,13,0,0,2018,2022,49.290383,-123.140196,0.0,False
VANCOUVER,GILFORD ST,PENDRELL ST,6,0,0,2018,2021,49.289034,-123.142325,0.0,False
VANCOUVER,GILFORD ST,ROBSON ST,11,1,2,2018,2022,49.292474,-123.137027,0.0,False
VANCOUVER,GILFORD ST,ROSEMARY BROWN LANE,2,0,0,2019,2021,49.29213,-123.13754,0.0,False
VANCOUVER,GILFORD ST,W GEORGIA ST,27,0,0,2018,2022,49.293614,-123.135272,0.0,True
VANCOUVER,GLADSTONE ST,KINGSWAY,209,5,1,2018,2022,49.243562,-123.06181,0.0,False
VANCOUVER,GLADSTONE ST,MANNERING AVE,3,0,1,2018,2022,49.240672,-123.06284,0.0,False
VANCOUVER,GLADSTONE ST,NEWPORT AVE,1,0,0,2019,2019,49.21529,-123.062126,0.0,False
VANCOUVER,GLADSTONE ST,SE MARINE DR,11,0,0,2018,2022,49.208294,-123.061935,0.0,False
VANCOUVER,GLADSTONE ST,SOUTHSIDE DR,2,0,0,2019,2020,49.207838,-123.062305,0.0,False
VANCOUVER,GLADSTONE ST,UPLAND DR,2,0,0,2018,2022,49.21801,-123.062036,0.0,False
VANCOUVER,GLADSTONE ST,VANNESS AVE,2,0,2,2020,2021,49.250004,-123.06043,0.0,False
VANCOUVER,GLADSTONE ST,WAVERLEY AVE,1,0,0,2022,2022,49.22715,-123.062309,0.0,False
VANCOUVER,GLADSTONE ST,WENONAH ST,1,0,0,2022,2022,49.244857,-123.060451,0.0,True
VANCOUVER,GLEN DR,GREAT NORTHERN WAY,41,0,7,2018,2022,49.26524,-123.081306,0.0,True
VANCOUVER,GLEN DR,KEEFER ST,2,0,0,2019,2022,49.279123,-123.081335,0.0,False
VANCOUVER,GLEN DR,KINGSWAY,78,4,0,2018,2022,49.252948,-123.081798,0.0,False
VANCOUVER,GLEN DR,MALKIN AVE,3,0,0,2018,2020,49.273094,-123.081456,0.0,False
VANCOUVER,GLEN DR,PARKER ST,7,0,0,2018,2019,49.275857,-123.081404,0.0,False
VANCOUVER,GLEN DR,POWELL ST,1,0,0,2022,2022,49.282785,-123.081263,0.0,False
VANCOUVER,GLEN DR,TERMINAL AVE,13,0,0,2018,2022,49.269879,-123.081408,0.0,False
VANCOUVER,GLEN DR,UNION ST,9,0,3,2018,2022,49.277339,-123.081372,0.0,False
VANCOUVER,GLEN DR,VENABLES ST,54,0,1,2018,2022,49.276816,-123.08138,0.0,False
VANCOUVER,GLENDALOUGH PL,SW MARINE DR,9,0,0,2018,2022,49.23015,-123.180333,0.0,False
VANCOUVER,GORE AVE,KEEFER ST,54,3,2,2018,2022,49.279435,-123.097188,0.0,False
VANCOUVER,GORE AVE,POWELL ST,61,8,2,2018,2022,49.283157,-123.097714,0.0,False
VANCOUVER,GORE AVE,PRIOR ST,32,1,0,2018,2022,49.276744,-123.096883,0.0,True
VANCOUVER,GORE AVE,RAILWAY ST,6,0,0,2019,2022,49.284297,-123.097867,0.0,False
VANCOUVER,GORE AVE,UNION ST,26,4,5,2018,2022,49.277617,-123.096963,0.0,False
VANCOUVER,GOTHARD ST,NORQUAY ST,1,0,0,2019,2019,49.242896,-123.052746,0.0,False
VANCOUVER,GRANDVIEW HWY,GRANDVIEW HWY S,1,0,0,2022,2022,49.259523,-123.06207,0.0,True
VANCOUVER,GRANDVIEW HWY,KASLO ST,80,1,3,2018,2022,49.25819,-123.046994,0.0,False
VANCOUVER,GRANDVIEW HWY,LAKEWOOD DR,23,0,1,2018,2022,49.259523,-123.06207,0.0,True
VANCOUVER,GRANDVIEW HWY,LILLOOET ST,19,0,1,2018,2022,49.258114,-123.039073,0.0,False
VANCOUVER,GRANDVIEW HWY,NATAL ST,100,2,1,2018,2022,49.258135,-123.030321,0.0,False
VANCOUVER,GRANDVIEW HWY,NOOTKA ST,13,0,2,2019,2022,49.258149,-123.041596,0.0,False
VANCOUVER,GRANDVIEW HWY,RENFREW ST,393,6,3,2018,2022,49.258194,-123.044284,0.0,False
VANCOUVER,GRANDVIEW HWY,RUPERT ST,751,13,6,2018,2022,49.258127,-123.033793,0.0,False
VANCOUVER,GRANDVIEW HWY,SEMLIN DR,4,0,0,2018,2022,49.259526,-123.064037,0.0,True
VANCOUVER,GRANDVIEW HWY,SKEENA ST,249,6,3,2018,2022,49.258138,-123.028533,0.0,False
VANCOUVER,GRANDVIEW HWY,SLOCAN ST,68,2,4,2018,2022,49.257884,-123.049573,0.0,True
VANCOUVER,GRANDVIEW HWY,WINDERMERE ST,14,0,0,2018,2022,49.258124,-123.036531,0.0,False
VANCOUVER,GRANDVIEW HWY N,HWY 7,3,0,0,2018,2022,49.2623,-123.067164,0.0,True
VANCOUVER,GRANDVIEW HWY N,KAMLOOPS ST,4,1,2,2019,2021,49.258181,-123.054763,0.0,False
VANCOUVER,GRANDVIEW HWY N,LAKEWOOD DR,7,0,6,2018,2022,49.260645,-123.062059,0.0,False
VANCOUVER,GRANDVIEW HWY N,MCLEAN DR,2,1,0,2018,2019,49.265658,-123.075508,0.0,False
VANCOUVER,GRANDVIEW HWY N,NANAIMO ST,130,1,3,2018,2022,49.258468,-123.056617,0.0,False
VANCOUVER,GRANDVIEW HWY N,PENTICTON ST,7,0,1,2018,2022,49.258192,-123.053001,0.0,False
VANCOUVER,GRANDVIEW HWY N,SLOCAN ST,3,0,1,2018,2020,49.258364,-123.04957,15.012914540986532,False
VANCOUVER,GRANDVIEW HWY N,TEMPLETON DR,1,0,0,2018,2018,49.259872,-123.060151,0.0,False
VANCOUVER,GRANDVIEW HWY N,WOODLAND DR,9,0,2,2018,2022,49.26497,-123.073522,0.0,True
VANCOUVER,GRANDVIEW HWY S,LAKEWOOD DR,8,0,0,2018,2022,49.259523,-123.06207,0.0,True
VANCOUVER,GRANDVIEW HWY S,NANAIMO ST,113,2,1,2018,2022,49.257799,-123.056635,0.0,False
VANCOUVER,GRANDVIEW HWY S,PENTICTON ST,4,0,0,2018,2021,49.257506,-123.052951,0.0,False
VANCOUVER,GRANDVIEW HWY S,SLOCAN ST,13,0,0,2018,2022,49.257884,-123.049573,0.0,True
VANCOUVER,GRANDVIEW HWY S,TEMPLETON DR,17,0,1,2018,2022,49.25909,-123.060191,0.0,True
VANCOUVER,GRANDVIEW VIADUCT,TERMINAL AVE,1,0,0,2021,2021,49.270232,-123.084871,0.0,False
VANCOUVER,GRANT MCCONACHIE WAY,GRANVILLE ST OFFRAMP,1,0,0,2020,2020,49.202322,-123.134613,0.0,True
VANCOUVER,GRANT MCCONACHIE WAY,SW MARINE DR OFFRAMP,3,0,0,2019,2022,49.202322,-123.134613,0.0,True
VANCOUVER,GRANT ST,KAMLOOPS ST,1,0,0,2018,2018,49.271365,-123.054679,0.0,False
VANCOUVER,GRANT ST,KASLO ST,3,0,0,2020,2021,49.271357,-123.046905,0.0,False
VANCOUVER,GRANT ST,LAKEWOOD DR,2,0,0,2018,2022,49.271245,-123.061859,0.0,False
VANCOUVER,GRANT ST,LILLOOET ST,4,0,0,2019,2022,49.271347,-123.038929,0.0,False
VANCOUVER,GRANT ST,MCLEAN DR,5,0,0,2018,2022,49.271479,-123.075381,0.0,False
VANCOUVER,GRANT ST,NANAIMO ST,10,0,0,2018,2022,49.271282,-123.056593,0.0,False
VANCOUVER,GRANT ST,NOOTKA ST,3,0,0,2019,2021,49.27135,-123.041409,0.0,False
VANCOUVER,GRANT ST,ODLUM DR,6,0,0,2019,2022,49.271486,-123.075965,0.0,False
VANCOUVER,GRANT ST,PENTICTON ST,4,1,0,2018,2021,49.271362,-123.052082,0.0,False
VANCOUVER,GRANT ST,RENFREW ST,12,1,0,2018,2022,49.271359,-123.044216,0.0,False
VANCOUVER,GRANT ST,RUPERT ST,6,0,0,2019,2022,49.27134,-123.03366,0.0,False
VANCOUVER,GRANT ST,SALSBURY DR,4,0,0,2018,2021,49.271284,-123.067698,0.0,False
VANCOUVER,GRANT ST,SEMLIN DR,3,0,0,2018,2019,49.271275,-123.063778,0.0,False
VANCOUVER,GRANT ST,SLOCAN ST,1,0,1,2018,2018,49.27136,-123.049412,0.0,False
VANCOUVER,GRANT ST,TEMPLETON DR,2,0,0,2018,2021,49.271212,-123.059924,0.0,False
VANCOUVER,GRANT ST,VERNON DR,4,0,0,2018,2022,49.271503,-123.078682,0.0,False
VANCOUVER,GRANT ST,VICTORIA DR,17,1,2,2018,2022,49.271281,-123.065738,0.0,False
VANCOUVER,GRANT ST,WINDERMERE ST,6,0,0,2019,2022,49.271344,-123.036423,0.0,False
VANCOUVER,GRANT ST,WOODLAND DR,5,0,3,2018,2021,49.271445,-123.073437,0.0,False
VANCOUVER,GRANVILLE BRIDGE,HEMLOCK ST ONRAMP,2,0,0,2018,2021,49.267898,-123.138396,0.0,True
VANCOUVER,GRANVILLE BRIDGE,HOWE ST ONRAMP,13,1,0,2018,2022,49.275046,-123.129407,0.0,True
VANCOUVER,GRANVILLE BRIDGE,JOHNSTON ST,2,0,0,2018,2021,49.27163,-123.134638,0.0,True
VANCOUVER,GRANVILLE BRIDGE,PACIFIC ST,19,0,0,2018,2022,49.275127,-123.129409,9.00797010296216,True
VANCOUVER,GRANVILLE BRIDGE,PACIFIC ST OFFRAMP,4,0,0,2018,2022,49.275046,-123.129407,0.0,True
VANCOUVER,GRANVILLE BRIDGE,SEYMOUR ST OFFRAMP,11,0,0,2018,2022,49.275046,-123.129407,0.0,True
VANCOUVER,GRANVILLE BRIDGE,W 3RD AVE,1,0,0,2018,2018,49.268778,-123.138265,0.0,False
VANCOUVER,GRANVILLE BRIDGE,W 4TH AVE,10,0,0,2018,2022,49.267939,-123.138452,0.0,True
VANCOUVER,GRANVILLE BRIDGE,W 4TH AVE OFFRAMP,1,0,0,2018,2018,49.267898,-123.138396,0.0,True
VANCOUVER,GRANVILLE ST,GRANVILLE ST BRIDGE,9,0,0,2018,2022,49.275928,-123.128026,0.0,False
VANCOUVER,GRANVILLE ST,HELMCKEN ST,68,6,8,2018,2022,49.278201,-123.124606,0.0,False
VANCOUVER,GRANVILLE ST,HWY 1A,1,0,0,2019,2019,49.284652,-123.114846,0.0,True
VANCOUVER,GRANVILLE ST,HWY 99A,4,0,0,2019,2021,49.284652,-123.114846,0.0,True
VANCOUVER,GRANVILLE ST,LAURIER AVE,80,0,1,2018,2022,49.250841,-123.139056,0.0,False
VANCOUVER,GRANVILLE ST,MARPOLE AVE,48,0,0,2018,2022,49.257053,-123.138793,0.0,True
VANCOUVER,GRANVILLE ST,MATTHEWS AVE,22,0,0,2018,2022,49.25315,-123.138938,0.0,False
VANCOUVER,GRANVILLE ST,MINTO CRES,12,0,0,2019,2022,49.242821,-123.139234,0.0,False
VANCOUVER,GRANVILLE ST,NANTON AVE,67,0,0,2018,2022,49.247416,-123.139168,0.0,False
VANCOUVER,GRANVILLE ST,NELSON ST,177,12,8,2018,2022,49.279252,-123.12304,0.0,False
VANCOUVER,GRANVILLE ST,PACIFIC ST,42,0,1,2018,2022,49.274993,-123.129483,0.0,False
VANCOUVER,GRANVILLE ST,PARK DR,86,1,0,2018,2022,49.217369,-123.140216,0.0,True
VANCOUVER,GRANVILLE ST,ROBSON ST,63,6,3,2018,2022,49.281368,-123.119815,0.0,False
VANCOUVER,GRANVILLE ST,SMITHE ST,142,10,2,2018,2022,49.280325,-123.121393,0.0,False
VANCOUVER,GRANVILLE ST,SW MARINE DR,226,2,1,2018,2022,49.205303,-123.140462,0.0,True
VANCOUVER,GRANVILLE ST,TILNEY MEWS,2,0,0,2018,2022,49.224745,-123.139902,0.0,False
VANCOUVER,GRANVILLE ST,W 10TH AVE,199,0,9,2018,2022,49.262638,-123.138541,0.0,False
VANCOUVER,GRANVILLE ST,W 11TH AVE,85,2,1,2018,2022,49.26171,-123.138572,0.0,False
VANCOUVER,GRANVILLE ST,W 12TH AVE,251,2,1,2018,2022,49.2608,-123.138697,0.0,False
VANCOUVER,GRANVILLE ST,W 13TH AVE,96,0,1,2018,2022,49.259815,-123.138729,0.0,True
VANCOUVER,GRANVILLE ST,W 14TH AVE,138,0,4,2018,2022,49.258921,-123.138726,0.0,False
VANCOUVER,GRANVILLE ST,W 15TH AVE,115,1,0,2018,2022,49.258014,-123.138741,0.0,False
VANCOUVER,GRANVILLE ST,W 16TH AVE,449,2,1,2018,2022,49.257053,-123.138793,0.0,True
VANCOUVER,GRANVILLE ST,W 25TH AVE,36,1,0,2018,2022,49.249411,-123.139097,0.0,True
VANCOUVER,GRANVILLE ST,W 26TH AVE,56,0,0,2018,2022,49.248332,-123.139148,0.0,True
VANCOUVER,GRANVILLE ST,W 28TH AVE,18,0,0,2018,2022,49.246482,-123.139173,0.0,True
VANCOUVER,GRANVILLE ST,W 29TH AVE,22,0,0,2018,2022,49.24536,-123.139167,0.0,True
VANCOUVER,GRANVILLE ST,W 32ND AVE,53,1,0,2018,2022,49.24368,-123.139206,0.0,False
VANCOUVER,GRANVILLE ST,W 33RD AVE,290,1,0,2018,2022,49.241887,-123.139312,0.0,True
VANCOUVER,GRANVILLE ST,W 34TH AVE,39,0,0,2018,2022,49.240891,-123.13933,0.0,False
VANCOUVER,GRANVILLE ST,W 35TH AVE,32,0,0,2018,2022,49.239965,-123.139362,0.0,False
VANCOUVER,GRANVILLE ST,W 36TH AVE,16,0,0,2018,2022,49.238985,-123.139392,0.0,False
VANCOUVER,GRANVILLE ST,W 37TH AVE,48,2,1,2018,2022,49.238013,-123.139448,0.0,False
VANCOUVER,GRANVILLE ST,W 38TH AVE,25,0,0,2018,2022,49.237121,-123.13951,0.0,False
VANCOUVER,GRANVILLE ST,W 39TH AVE,22,0,0,2018,2022,49.236258,-123.139556,0.0,False
VANCOUVER,GRANVILLE ST,W 40TH AVE,66,1,1,2018,2022,49.235364,-123.139588,0.0,False
VANCOUVER,GRANVILLE ST,W 41ST AVE,498,2,2,2018,2022,49.234343,-123.139623,0.0,False
VANCOUVER,GRANVILLE ST,W 43RD AVE,43,0,0,2018,2022,49.232466,-123.139592,0.0,False
VANCOUVER,GRANVILLE ST,W 45TH AVE,52,0,0,2018,2022,49.230631,-123.139663,0.0,False
VANCOUVER,GRANVILLE ST,W 46TH AVE,16,0,0,2018,2022,49.229691,-123.139701,0.0,False
VANCOUVER,GRANVILLE ST,W 47TH AVE,45,0,0,2018,2022,49.228775,-123.139736,0.0,False
VANCOUVER,GRANVILLE ST,W 48TH AVE,15,0,0,2018,2022,49.227896,-123.139774,0.0,False
VANCOUVER,GRANVILLE ST,W 49TH AVE,361,5,0,2018,2022,49.226966,-123.13981,0.0,False
VANCOUVER,GRANVILLE ST,W 4TH AVE,2,0,0,2021,2022,49.267939,-123.138452,0.0,True
VANCOUVER,GRANVILLE ST,W 52ND AVE,53,1,0,2018,2022,49.22408,-123.139929,0.0,False
VANCOUVER,GRANVILLE ST,W 53RD AVE,6,0,0,2018,2022,49.222613,-123.139989,0.0,False
VANCOUVER,GRANVILLE ST,W 54TH AVE,55,1,0,2018,2022,49.221704,-123.140015,0.0,False
VANCOUVER,GRANVILLE ST,W 55TH AVE,19,0,0,2018,2022,49.220813,-123.140059,0.0,True
VANCOUVER,GRANVILLE ST,W 56TH AVE,16,0,0,2018,2022,49.219897,-123.140104,0.0,False
VANCOUVER,GRANVILLE ST,W 57TH AVE,230,2,0,2018,2022,49.219331,-123.140129,0.0,False
VANCOUVER,GRANVILLE ST,W 58TH AVE,61,0,0,2018,2022,49.218444,-123.140181,0.0,False
VANCOUVER,GRANVILLE ST,W 59TH AVE,73,2,2,2018,2022,49.217369,-123.140216,0.0,True
VANCOUVER,GRANVILLE ST,W 5TH AVE,24,0,1,2018,2022,49.266772,-123.138455,0.0,True
VANCOUVER,GRANVILLE ST,W 60TH AVE,20,0,0,2018,2022,49.21681,-123.140244,0.0,False
VANCOUVER,GRANVILLE ST,W 61ST AVE,14,0,0,2018,2022,49.215919,-123.140271,0.0,False
VANCOUVER,GRANVILLE ST,W 62ND AVE,43,0,0,2018,2022,49.21499,-123.140301,0.0,True
VANCOUVER,GRANVILLE ST,W 63RD AVE,41,0,0,2018,2022,49.213997,-123.140355,0.0,False
VANCOUVER,GRANVILLE ST,W 64TH AVE,133,3,0,2018,2022,49.213145,-123.140369,0.0,False
VANCOUVER,GRANVILLE ST,W 65TH AVE,60,0,1,2018,2022,49.212256,-123.140401,0.0,False
VANCOUVER,GRANVILLE ST,W 66TH AVE,57,0,0,2018,2022,49.211372,-123.140432,0.0,False
VANCOUVER,GRANVILLE ST,W 67TH AVE,69,0,0,2018,2022,49.210886,-123.140448,0.0,False
VANCOUVER,GRANVILLE ST,W 68TH AVE,92,1,1,2018,2022,49.210514,-123.140462,0.0,False
VANCOUVER,GRANVILLE ST,W 6TH AVE,86,1,3,2018,2022,49.266182,-123.138468,0.0,True
VANCOUVER,GRANVILLE ST,W 70TH AVE,510,9,8,2018,2022,49.208534,-123.140534,0.0,False
VANCOUVER,GRANVILLE ST,W 71ST AVE,156,3,3,2018,2022,49.207069,-123.140585,0.0,False
VANCOUVER,GRANVILLE ST,W 7TH AVE,110,1,5,2018,2022,49.265342,-123.138499,0.0,False
VANCOUVER,GRANVILLE ST,W 8TH AVE,90,0,0,2018,2022,49.264503,-123.138529,0.0,True
VANCOUVER,GRANVILLE ST,W 9TH AVE,3,0,0,2019,2022,49.263589,-123.138562,0.0,True
VANCOUVER,GRANVILLE ST,W BROADWAY,266,7,2,2018,2022,49.263589,-123.138562,0.0,True
VANCOUVER,GRANVILLE ST,W CORDOVA ST,23,0,0,2018,2022,49.285966,-123.112856,0.0,False
VANCOUVER,GRANVILLE ST,W GEORGIA ST,99,13,5,2018,2022,49.282477,-123.118135,0.0,False
VANCOUVER,GRANVILLE ST,W HASTINGS ST,28,2,0,2018,2022,49.285312,-123.113845,0.0,False
VANCOUVER,GRANVILLE ST,W KING EDWARD AVE,440,1,1,2018,2022,49.249411,-123.139097,0.0,True
VANCOUVER,GRANVILLE ST,W PENDER ST,25,5,0,2018,2022,49.284652,-123.114846,0.0,True
VANCOUVER,GRANVILLE ST BRIDGE,HEMLOCK ST ONRAMP,11,0,0,2018,2022,49.267898,-123.138396,0.0,True
VANCOUVER,GRANVILLE ST BRIDGE,HOWE ST ONRAMP,20,0,0,2018,2022,49.275046,-123.129407,0.0,True
VANCOUVER,GRANVILLE ST BRIDGE,PACIFIC ST,10,0,0,2018,2022,49.275127,-123.129409,9.00797010296216,True
VANCOUVER,GRANVILLE ST BRIDGE,PACIFIC ST OFFRAMP,12,0,0,2018,2022,49.275046,-123.129407,0.0,True
VANCOUVER,GRANVILLE ST BRIDGE,SEYMOUR ST OFFRAMP,5,0,0,2018,2021,49.275046,-123.129407,0.0,True
VANCOUVER,GRANVILLE ST BRIDGE,W 4TH AVE,13,0,0,2019,2022,49.267939,-123.138452,0.0,True
VANCOUVER,GRANVILLE ST ONRAMP,SW MARINE DR,1,0,0,2019,2019,49.204452,-123.138887,0.0,False
VANCOUVER,GRAVELEY ST,KASLO ST,3,0,0,2018,2022,49.270422,-123.04692,0.0,False
VANCOUVER,GRAVELEY ST,KOOTENAY ST,2,0,0,2018,2021,49.270328,-123.026886,0.0,False
VANCOUVER,GRAVELEY ST,LAKEWOOD DR,1,0,0,2018,2018,49.270433,-123.061883,0.0,False
VANCOUVER,GRAVELEY ST,MCLEAN DR,5,0,1,2019,2022,49.270547,-123.075403,0.0,False
VANCOUVER,GRAVELEY ST,NANAIMO ST,10,0,0,2018,2022,49.270405,-123.056597,0.0,False
VANCOUVER,GRAVELEY ST,NOOTKA ST,5,0,0,2019,2022,49.270405,-123.041439,0.0,False
VANCOUVER,GRAVELEY ST,RENFREW ST,13,0,0,2018,2022,49.270411,-123.044203,0.0,False
VANCOUVER,GRAVELEY ST,RUPERT ST,3,0,0,2018,2022,49.270472,-123.033698,9.448769435068318,False
VANCOUVER,GRAVELEY ST,SALSBURY DR,12,0,0,2018,2022,49.270502,-123.067698,0.0,False
VANCOUVER,GRAVELEY ST,SEMLIN DR,4,0,0,2018,2021,49.270451,-123.063792,0.0,False
VANCOUVER,GRAVELEY ST,TEMPLETON DR,2,0,0,2018,2022,49.270414,-123.059944,0.0,False
VANCOUVER,GRAVELEY ST,VICTORIA DR,14,1,0,2018,2022,49.27047,-123.065753,0.0,False
VANCOUVER,GRAVELEY ST,WINDERMERE ST,3,0,0,2019,2022,49.270384,-123.036428,0.0,False
VANCOUVER,GRAVELEY ST,WOODLAND DR,5,0,1,2019,2022,49.270529,-123.073463,0.0,False
VANCOUVER,GREAT NORTHERN WAY,THORNTON ST,14,0,0,2018,2021,49.26681,-123.09509,0.0,False
VANCOUVER,GRIFFITHS WAY,PACIFIC BLVD,51,1,2,2018,2022,49.276723,-123.109139,0.0,False
VANCOUVER,GRIFFITHS WAY,W GEORGIA ST,1,0,0,2021,2021,49.277034,-123.109177,0.0,False
VANCOUVER,GUELPH ST,HWY 7,1,0,0,2021,2021,49.262518,-123.094952,0.0,True
VANCOUVER,GUELPH ST,KINGSWAY,8,0,0,2018,2021,49.258908,-123.095033,0.0,False
VANCOUVER,HAGGART ST,W 32ND AVE,1,0,0,2018,2018,49.243167,-123.15918,0.0,False
VANCOUVER,HAIDA DR,MALTA AVE,6,0,0,2018,2022,49.254547,-123.027584,0.0,False
VANCOUVER,HAIG ST,W 64TH AVE,1,0,0,2021,2021,49.213102,-123.136908,0.0,False
VANCOUVER,HAMILTON ST,HELMCKEN ST,21,0,0,2018,2022,49.275925,-123.121068,0.0,False
VANCOUVER,HAMILTON ST,HWY 7A,1,0,0,2022,2022,49.282772,-123.10996,0.0,True
VANCOUVER,HAMILTON ST,MAINLAND ST,6,0,0,2018,2022,49.277772,-123.117489,0.0,True
VANCOUVER,HAMILTON ST,NELSON ST,81,4,1,2018,2022,49.276965,-123.119511,0.0,False
VANCOUVER,HAMILTON ST,ROBSON ST,79,3,3,2018,2022,49.27884,-123.115952,0.0,False
VANCOUVER,HAMILTON ST,SMITHE ST,37,0,0,2018,2022,49.277772,-123.117489,0.0,True
VANCOUVER,HAMILTON ST,W GEORGIA ST,67,4,1,2018,2022,49.279937,-123.114255,0.0,False
VANCOUVER,HAMILTON ST,W HASTINGS ST,25,0,2,2018,2022,49.282772,-123.10996,0.0,True
VANCOUVER,HAMILTON ST,W PENDER ST,38,2,2,2018,2022,49.282119,-123.110956,0.0,False
VANCOUVER,HANDEL AVE,MATHESON CRES,1,0,0,2022,2022,49.210395,-123.027367,0.0,False
VANCOUVER,HARO ST,JERVIS ST,8,0,1,2018,2022,49.286323,-123.12963,0.0,False
VANCOUVER,HARO ST,NICOLA ST,5,1,0,2018,2022,49.287957,-123.13219,0.0,False
VANCOUVER,HARO ST,THURLOW ST,69,2,2,2018,2022,49.283895,-123.125911,0.0,False
VANCOUVER,HAROLD ST,KINGSWAY,62,1,1,2018,2022,49.233626,-123.03491,0.0,False
VANCOUVER,HAROLD ST,MARMION AVE,2,0,0,2018,2020,49.231574,-123.035996,0.0,False
VANCOUVER,HAROLD ST,SCHOOL AVE,10,2,2,2018,2022,49.232457,-123.035984,0.0,False
VANCOUVER,HARRISON DR,ROSEDALE DR,4,0,0,2019,2022,49.208447,-123.059846,0.0,False
VANCOUVER,HARRISON DR,VICTORIA DR,17,0,0,2018,2022,49.210625,-123.066092,0.0,False
VANCOUVER,HARWOOD ST,JERVIS ST,9,0,0,2018,2022,49.281379,-123.137042,0.0,False
VANCOUVER,HARWOOD ST,NICOLA ST,3,0,0,2018,2022,49.283049,-123.139629,0.0,False
VANCOUVER,HARWOOD ST,THURLOW ST,59,2,2,2018,2022,49.278981,-123.133325,0.0,False
VANCOUVER,HAWKS AVE,KEEFER ST,4,0,0,2018,2022,49.279251,-123.087239,0.0,False
VANCOUVER,HAWKS AVE,MALKIN AVE,1,0,0,2020,2020,49.27464,-123.087432,0.0,False
VANCOUVER,HAWKS AVE,POWELL ST,24,1,2,2018,2022,49.282954,-123.087072,0.0,False
VANCOUVER,HAWKS AVE,PRIOR ST,36,1,0,2018,2022,49.276543,-123.087354,0.0,False
VANCOUVER,HAWKS AVE,UNION ST,13,1,2,2018,2022,49.277436,-123.087298,0.0,False
VANCOUVER,HEATHER ST,SW MARINE DR,101,1,2,2018,2022,49.207116,-123.124352,0.0,False
VANCOUVER,HEATHER ST,W 10TH AVE,39,0,5,2018,2022,49.262334,-123.119922,0.0,False
VANCOUVER,HEATHER ST,W 11TH AVE,2,0,0,2018,2020,49.261393,-123.11993,0.0,False
VANCOUVER,HEATHER ST,W 12TH AVE,99,2,3,2018,2022,49.260498,-123.119936,0.0,False
VANCOUVER,HEATHER ST,W 13TH AVE,13,0,0,2018,2022,49.259526,-123.119989,0.0,False
VANCOUVER,HEATHER ST,W 14TH AVE,17,0,2,2018,2021,49.258724,-123.120056,0.0,False
VANCOUVER,HEATHER ST,W 15TH AVE,4,0,0,2018,2022,49.257711,-123.120102,0.0,False
VANCOUVER,HEATHER ST,W 16TH AVE,29,0,3,2018,2022,49.256982,-123.120128,0.0,False
VANCOUVER,HEATHER ST,W 17TH AVE,3,0,0,2018,2021,49.256105,-123.120144,0.0,False
VANCOUVER,HEATHER ST,W 18TH AVE,3,0,1,2019,2021,49.255194,-123.120166,0.0,False
VANCOUVER,HEATHER ST,W 19TH AVE,4,0,1,2018,2021,49.25429,-123.120191,0.0,False
VANCOUVER,HEATHER ST,W 20TH AVE,4,0,0,2018,2022,49.253399,-123.120213,0.0,False
VANCOUVER,HEATHER ST,W 22ND AVE,6,0,2,2018,2022,49.251586,-123.120309,0.0,False
VANCOUVER,HEATHER ST,W 23RD AVE,1,0,0,2022,2022,49.250682,-123.120323,0.0,False
VANCOUVER,HEATHER ST,W 24TH AVE,5,0,1,2019,2021,49.250083,-123.120356,0.0,False
VANCOUVER,HEATHER ST,W 25TH AVE,1,0,0,2018,2018,49.249143,-123.120381,0.0,True
VANCOUVER,HEATHER ST,W 26TH AVE,3,0,2,2020,2021,49.248032,-123.120414,0.0,False
VANCOUVER,HEATHER ST,W 27TH AVE,3,0,1,2022,2022,49.247113,-123.120447,0.0,False
VANCOUVER,HEATHER ST,W 28TH AVE,7,0,1,2018,2022,49.246199,-123.120436,0.0,False
VANCOUVER,HEATHER ST,W 29TH AVE,7,0,1,2018,2020,49.245268,-123.120462,0.0,False
VANCOUVER,HEATHER ST,W 30TH AVE,7,0,0,2018,2022,49.244341,-123.120494,0.0,False
VANCOUVER,HEATHER ST,W 31ST AVE,3,0,0,2018,2021,49.243278,-123.120544,0.0,False
VANCOUVER,HEATHER ST,W 32ND AVE,4,0,1,2020,2022,49.24223,-123.120579,0.0,False
VANCOUVER,HEATHER ST,W 33RD AVE,38,1,3,2018,2022,49.241168,-123.120634,0.0,False
VANCOUVER,HEATHER ST,W 37TH AVE,6,0,1,2018,2022,49.237401,-123.120758,0.0,False
VANCOUVER,HEATHER ST,W 39TH AVE,3,0,0,2018,2022,49.235559,-123.12086,0.0,False
VANCOUVER,HEATHER ST,W 41ST AVE,45,0,1,2018,2022,49.233771,-123.12088,0.0,False
VANCOUVER,HEATHER ST,W 49TH AVE,13,1,1,2018,2022,49.22637,-123.123581,0.0,False
VANCOUVER,HEATHER ST,W 50TH AVE,1,0,0,2021,2021,49.225459,-123.123607,0.0,False
VANCOUVER,HEATHER ST,W 52ND AVE,3,0,0,2019,2022,49.223858,-123.123657,0.0,False
VANCOUVER,HEATHER ST,W 54TH AVE,8,0,0,2018,2022,49.221458,-123.123751,0.0,False
VANCOUVER,HEATHER ST,W 57TH AVE,30,0,1,2018,2022,49.219142,-123.123868,0.0,False
VANCOUVER,HEATHER ST,W 59TH AVE,2,0,0,2022,2022,49.217026,-123.123885,0.0,False
VANCOUVER,HEATHER ST,W 60TH AVE,5,0,1,2019,2022,49.216061,-123.123915,0.0,False
VANCOUVER,HEATHER ST,W 61ST AVE,4,0,0,2019,2022,49.215521,-123.123937,0.0,False
VANCOUVER,HEATHER ST,W 63RD AVE,1,0,0,2020,2020,49.213723,-123.124017,0.0,False
VANCOUVER,HEATHER ST,W 64TH AVE,5,0,1,2018,2022,49.212899,-123.124042,0.0,False
VANCOUVER,HEATHER ST,W 66TH AVE,1,0,0,2021,2021,49.211282,-123.124109,0.0,False
VANCOUVER,HEATHER ST,W 67TH AVE,2,0,0,2019,2020,49.210645,-123.124132,0.0,False
VANCOUVER,HEATHER ST,W 68TH AVE,1,0,0,2022,2022,49.210281,-123.124145,0.0,False
VANCOUVER,HEATHER ST,W 69TH AVE,5,0,0,2018,2022,49.209279,-123.124185,0.0,False
VANCOUVER,HEATHER ST,W 6TH AVE,48,2,1,2018,2022,49.265912,-123.119784,0.0,False
VANCOUVER,HEATHER ST,W 70TH AVE,13,0,0,2018,2022,49.208373,-123.124218,0.0,False
VANCOUVER,HEATHER ST,W 7TH AVE,35,0,3,2018,2022,49.265063,-123.119811,0.0,False
VANCOUVER,HEATHER ST,W 8TH AVE,57,0,7,2018,2022,49.264216,-123.119826,0.0,False
VANCOUVER,HEATHER ST,W BROADWAY,116,5,0,2018,2022,49.263294,-123.119894,0.0,False
VANCOUVER,HEATHER ST,W KENT AVE N,7,0,0,2018,2022,49.205054,-123.122486,0.0,False
VANCOUVER,HEATHER ST,W KING EDWARD AVE,25,0,2,2018,2022,49.249143,-123.120381,0.0,True
VANCOUVER,HEATLEY AVE,KEEFER ST,3,0,0,2018,2022,49.279352,-123.089541,0.0,False
VANCOUVER,HEATLEY AVE,POWELL ST,31,1,1,2018,2022,49.282999,-123.089461,0.0,False
VANCOUVER,HEATLEY AVE,PRIOR ST,25,0,0,2018,2022,49.276592,-123.089737,0.0,False
VANCOUVER,HEATLEY AVE,UNION ST,6,0,3,2018,2022,49.277481,-123.089697,0.0,False
VANCOUVER,HEBB AVE,LILLOOET ST,4,0,0,2018,2022,49.259957,-123.037922,0.0,False
VANCOUVER,HEBB AVE,NOOTKA ST,3,0,0,2019,2022,49.259632,-123.040127,0.0,False
VANCOUVER,HEBB AVE,RENFREW ST,42,2,1,2018,2022,49.259213,-123.044381,0.0,True
VANCOUVER,HELMCKEN ST,HOMER ST,33,0,4,2018,2022,49.276291,-123.121673,0.0,False
VANCOUVER,HELMCKEN ST,HORNBY ST,48,4,7,2018,2022,49.279457,-123.126589,0.0,False
VANCOUVER,HELMCKEN ST,HOWE ST,85,8,1,2018,2022,49.278846,-123.125624,0.0,False
VANCOUVER,HELMCKEN ST,MAINLAND ST,21,0,0,2018,2022,49.275573,-123.120522,0.0,False
VANCOUVER,HELMCKEN ST,RICHARDS ST,34,1,0,2018,2022,49.276941,-123.122664,0.0,False
VANCOUVER,HELMCKEN ST,SEYMOUR ST,59,4,2,2018,2022,49.277531,-123.123614,0.0,False
VANCOUVER,HEMLOCK CRT,LAMEYS MILL RD,1,0,0,2018,2018,49.268065,-123.136545,0.0,False
VANCOUVER,HEMLOCK ST,MARPOLE AVE,22,1,0,2018,2022,49.257963,-123.136307,0.0,True
VANCOUVER,HEMLOCK ST,W 10TH AVE,49,0,6,2018,2022,49.262591,-123.136141,0.0,False
VANCOUVER,HEMLOCK ST,W 11TH AVE,40,1,1,2018,2022,49.261655,-123.136174,0.0,False
VANCOUVER,HEMLOCK ST,W 12TH AVE,85,5,1,2018,2022,49.260754,-123.136209,0.0,False
VANCOUVER,HEMLOCK ST,W 13TH AVE,26,1,1,2018,2022,49.259784,-123.136244,0.0,False
VANCOUVER,HEMLOCK ST,W 14TH AVE,30,0,1,2018,2022,49.258872,-123.136277,0.0,False
VANCOUVER,HEMLOCK ST,W 15TH AVE,41,1,0,2018,2022,49.257963,-123.136307,0.0,True
VANCOUVER,HEMLOCK ST,W 4TH AVE,45,1,0,2018,2022,49.267228,-123.136137,0.0,False
VANCOUVER,HEMLOCK ST,W 5TH AVE,9,0,0,2018,2022,49.266733,-123.136054,0.0,False
VANCOUVER,HEMLOCK ST,W 6TH AVE,42,0,0,2018,2022,49.266148,-123.136062,0.0,False
VANCOUVER,HEMLOCK ST,W 7TH AVE,38,0,5,2018,2022,49.265302,-123.136066,0.0,False
VANCOUVER,HEMLOCK ST,W 8TH AVE,69,0,1,2018,2022,49.264464,-123.136081,0.0,False
VANCOUVER,HEMLOCK ST,W BROADWAY,188,2,2,2018,2022,49.263559,-123.136088,0.0,False
VANCOUVER,HENNEPIN AVE,RADISSON ST,1,0,0,2019,2019,49.221523,-123.024582,0.0,False
VANCOUVER,HENSHAW LANE,NICOLA ST,2,0,0,2021,2022,49.286216,-123.134822,0.0,False
VANCOUVER,HENSHAW LANE,THURLOW ST,4,0,0,2020,2022,49.282128,-123.128593,0.0,False
VANCOUVER,HERON PL,MATHESON CRES,1,0,0,2021,2021,49.212265,-123.025176,0.0,False
VANCOUVER,HIGHBURY ST,POINT GREY RD,5,0,0,2018,2021,49.272275,-123.187497,0.0,False
VANCOUVER,HIGHBURY ST,SW MARINE DR,8,0,1,2018,2022,49.231749,-123.188356,0.0,False
VANCOUVER,HIGHBURY ST,W 10TH AVE,53,1,1,2018,2022,49.263533,-123.187814,0.0,False
VANCOUVER,HIGHBURY ST,W 11TH AVE,5,0,0,2019,2022,49.262577,-123.187847,0.0,False
VANCOUVER,HIGHBURY ST,W 12TH AVE,6,0,0,2019,2022,49.261703,-123.187852,0.0,False
VANCOUVER,HIGHBURY ST,W 13TH AVE,2,0,0,2019,2021,49.260782,-123.187908,0.0,False
VANCOUVER,HIGHBURY ST,W 16TH AVE,52,1,1,2018,2022,49.257956,-123.188007,0.0,False
VANCOUVER,HIGHBURY ST,W 17TH AVE,3,0,0,2018,2020,49.257398,-123.188005,0.0,False
VANCOUVER,HIGHBURY ST,W 18TH AVE,3,0,0,2020,2022,49.256485,-123.188015,0.0,False
VANCOUVER,HIGHBURY ST,W 19TH AVE,4,0,0,2019,2022,49.255569,-123.188025,0.0,False
VANCOUVER,HIGHBURY ST,W 1ST AVE,5,0,3,2019,2022,49.271351,-123.187519,0.0,False
VANCOUVER,HIGHBURY ST,W 20TH AVE,2,0,0,2018,2020,49.254698,-123.188031,0.0,False
VANCOUVER,HIGHBURY ST,W 21ST AVE,2,0,0,2018,2020,49.253775,-123.188042,0.0,False
VANCOUVER,HIGHBURY ST,W 22ND AVE,1,0,0,2021,2021,49.252869,-123.188051,0.0,False
VANCOUVER,HIGHBURY ST,W 23RD AVE,2,0,0,2018,2019,49.251955,-123.188058,0.0,False
VANCOUVER,HIGHBURY ST,W 25TH AVE,1,0,0,2018,2018,49.250062,-123.188077,0.0,True
VANCOUVER,HIGHBURY ST,W 26TH AVE,3,0,0,2020,2022,49.249028,-123.188089,0.0,False
VANCOUVER,HIGHBURY ST,W 27TH AVE,4,0,0,2019,2022,49.248087,-123.188107,0.0,False
VANCOUVER,HIGHBURY ST,W 29TH AVE,3,0,1,2018,2022,49.246174,-123.18812,0.0,False
VANCOUVER,HIGHBURY ST,W 30TH AVE,4,0,0,2018,2022,49.245233,-123.188109,0.0,False
VANCOUVER,HIGHBURY ST,W 31ST AVE,2,0,0,2018,2022,49.244275,-123.188139,0.0,False
VANCOUVER,HIGHBURY ST,W 33RD AVE,2,0,0,2021,2021,49.242392,-123.18815,0.0,False
VANCOUVER,HIGHBURY ST,W 35TH AVE,2,0,0,2022,2022,49.240482,-123.188177,0.0,False
VANCOUVER,HIGHBURY ST,W 39TH AVE,2,0,0,2019,2021,49.236439,-123.188234,0.0,False
VANCOUVER,HIGHBURY ST,W 3RD AVE,1,0,0,2022,2022,49.269557,-123.187586,0.0,False
VANCOUVER,HIGHBURY ST,W 41ST AVE,5,0,0,2018,2022,49.234777,-123.188332,0.0,False
VANCOUVER,HIGHBURY ST,W 4TH AVE,47,2,2,2018,2022,49.268633,-123.187629,0.0,False
VANCOUVER,HIGHBURY ST,W 5TH AVE,6,0,1,2018,2021,49.267766,-123.187637,0.0,False
VANCOUVER,HIGHBURY ST,W 6TH AVE,2,0,0,2021,2022,49.266961,-123.187671,0.0,False
VANCOUVER,HIGHBURY ST,W 7TH AVE,2,0,1,2018,2022,49.266077,-123.187701,0.0,False
VANCOUVER,HIGHBURY ST,W 8TH AVE,10,2,8,2018,2022,49.265263,-123.187733,0.0,False
VANCOUVER,HIGHBURY ST,W BROADWAY,11,0,1,2018,2022,49.264373,-123.187784,0.0,False
VANCOUVER,HIGHBURY ST,W KING EDWARD AVE,8,0,0,2019,2021,49.250062,-123.188077,0.0,True
VANCOUVER,HOLLAND ST,SW MARINE DR,10,0,1,2018,2022,49.233198,-123.192311,0.0,False
VANCOUVER,HOLLAND ST,W 39TH AVE,1,0,0,2018,2018,49.236438,-123.192274,0.0,False
VANCOUVER,HOLLAND ST,W 41ST AVE,4,0,0,2019,2022,49.234781,-123.192299,0.0,False
VANCOUVER,HOMER ST,HWY 1A,1,0,0,2022,2022,49.282763,-123.111922,0.0,True
VANCOUVER,HOMER ST,HWY 99A,1,0,0,2022,2022,49.282763,-123.111922,0.0,True
VANCOUVER,HOMER ST,NELSON ST,145,4,16,2018,2022,49.277347,-123.120093,0.0,False
VANCOUVER,HOMER ST,PACIFIC BLVD,34,1,3,2018,2022,49.273108,-123.125875,0.0,True
VANCOUVER,HOMER ST,PACIFIC ST,13,0,0,2018,2022,49.273108,-123.125875,0.0,True
VANCOUVER,HOMER ST,ROBSON ST,75,4,4,2018,2022,49.279473,-123.116882,0.0,False
VANCOUVER,HOMER ST,SMITHE ST,127,1,10,2018,2022,49.278437,-123.118448,0.0,False
VANCOUVER,HOMER ST,W CORDOVA ST,27,2,0,2018,2022,49.284066,-123.109951,0.0,False
VANCOUVER,HOMER ST,W GEORGIA ST,56,3,2,2018,2022,49.280576,-123.115205,0.0,False
VANCOUVER,HOMER ST,W HASTINGS ST,37,3,2,2018,2022,49.283412,-123.110937,0.0,False
VANCOUVER,HOMER ST,W PENDER ST,39,4,0,2018,2022,49.282763,-123.111922,0.0,True
VANCOUVER,HORLEY ST,KILLARNEY ST,1,0,0,2018,2018,49.238557,-123.043871,0.0,False
VANCOUVER,HORLEY ST,MOSS ST,1,0,0,2018,2018,49.239263,-123.045627,0.0,False
VANCOUVER,HORLEY ST,RUPERT ST,15,0,0,2018,2022,49.237355,-123.040967,0.0,False
VANCOUVER,HORNBY ST,NELSON ST,136,5,10,2018,2022,49.280536,-123.124983,0.0,False
VANCOUVER,HORNBY ST,PACIFIC ST,87,0,6,2018,2022,49.276281,-123.131378,0.0,False
VANCOUVER,HORNBY ST,ROBSON ST,59,1,2,2018,2022,49.282643,-123.12176,0.0,False
VANCOUVER,HORNBY ST,SEABREEZE WALK,1,0,0,2022,2022,49.274758,-123.133671,0.0,False
VANCOUVER,HORNBY ST,SMITHE ST,154,5,6,2018,2022,49.281573,-123.123373,0.0,False
VANCOUVER,HORNBY ST,W GEORGIA ST,168,5,7,2018,2022,49.283756,-123.120092,0.0,False
VANCOUVER,HORNBY ST,W HASTINGS ST,31,2,0,2018,2022,49.286605,-123.115827,0.0,False
VANCOUVER,HORNBY ST,W PENDER ST,64,2,2,2018,2022,49.285914,-123.116863,0.0,False
VANCOUVER,HOSMER AVE,MATTHEWS AVE,1,0,0,2019,2019,49.251899,-123.150854,0.0,False
VANCOUVER,HOWE ST,HOWE ST ONRAMP,2,0,0,2019,2021,49.275046,-123.129407,0.0,True
VANCOUVER,HOWE ST,NELSON ST,197,6,8,2018,2022,49.279909,-123.124039,0.0,True
VANCOUVER,HOWE ST,PACIFIC ST,106,4,4,2018,2022,49.275682,-123.130429,0.0,False
VANCOUVER,HOWE ST,ROBSON ST,110,4,1,2018,2022,49.282019,-123.120839,0.0,True
VANCOUVER,HOWE ST,SMITHE ST,150,8,6,2018,2022,49.280985,-123.122436,0.0,False
VANCOUVER,HOWE ST,W CORDOVA ST,62,3,2,2018,2022,49.286609,-123.113865,0.0,False
VANCOUVER,HOWE ST,W GEORGIA ST,226,11,7,2018,2022,49.283132,-123.119153,0.0,True
VANCOUVER,HOWE ST,W HASTINGS ST,87,3,1,2018,2022,49.285971,-123.114856,0.0,False
VANCOUVER,HOWE ST,W PENDER ST,110,2,2,2018,2022,49.285277,-123.115844,0.0,False
VANCOUVER,HOWE ST ONRAMP,PACIFIC ST,1,0,0,2019,2019,49.275585,-123.130175,0.0,False
VANCOUVER,HOY ST,WELLINGTON AVE,4,0,0,2018,2021,49.238023,-123.025186,0.0,False
VANCOUVER,HOYLAKE AVE,MUIRFIELD DR,2,0,0,2022,2022,49.216231,-123.055108,0.0,False
VANCOUVER,HOYLAKE AVE,NANAIMO ST,2,0,0,2018,2021,49.215837,-123.059344,0.0,False
VANCOUVER,HUDSON ST,HWY 99,1,0,0,2022,2022,49.208533,-123.134489,0.0,True
VANCOUVER,HUDSON ST,LAURIER AVE,1,0,0,2019,2019,49.250757,-123.134336,0.0,False
VANCOUVER,HUDSON ST,MARPOLE LOOP,1,0,0,2022,2022,49.203121,-123.134514,0.0,True
VANCOUVER,HUDSON ST,MATTHEWS AVE,1,0,0,2020,2020,49.253467,-123.134956,0.0,False
VANCOUVER,HUDSON ST,MINTO CRES,1,0,0,2021,2021,49.242853,-123.134897,0.0,False
VANCOUVER,HUDSON ST,NANTON AVE,2,0,0,2018,2020,49.246614,-123.134486,0.0,False
VANCOUVER,HUDSON ST,PARK DR,13,0,0,2018,2022,49.215609,-123.134149,0.0,False
VANCOUVER,HUDSON ST,SW MARINE DR,49,0,0,2018,2022,49.203121,-123.134514,0.0,True
VANCOUVER,HUDSON ST,THE CRESCENT,1,0,0,2019,2019,49.255082,-123.135179,0.0,False
VANCOUVER,HUDSON ST,W 32ND AVE,2,0,0,2018,2021,49.243877,-123.135688,0.0,False
VANCOUVER,HUDSON ST,W 33RD AVE,1,0,0,2019,2019,49.241697,-123.134598,0.0,False
VANCOUVER,HUDSON ST,W 37TH AVE,4,0,0,2018,2022,49.237869,-123.134693,0.0,False
VANCOUVER,HUDSON ST,W 38TH AVE,10,0,0,2018,2022,49.236956,-123.134728,0.0,False
VANCOUVER,HUDSON ST,W 39TH AVE,8,0,0,2018,2022,49.236027,-123.134762,0.0,False
VANCOUVER,HUDSON ST,W 40TH AVE,2,0,0,2018,2018,49.235115,-123.134791,0.0,False
VANCOUVER,HUDSON ST,W 41ST AVE,15,0,0,2018,2022,49.234174,-123.134825,0.0,False
VANCOUVER,HUDSON ST,W 45TH AVE,1,0,0,2020,2020,49.230454,-123.134965,0.0,False
VANCOUVER,HUDSON ST,W 46TH AVE,1,0,0,2019,2019,49.229518,-123.134999,0.0,False
VANCOUVER,HUDSON ST,W 47TH AVE,2,0,0,2021,2022,49.228626,-123.135031,0.0,False
VANCOUVER,HUDSON ST,W 49TH AVE,14,0,0,2018,2022,49.226795,-123.135096,0.0,False
VANCOUVER,HUDSON ST,W 50TH AVE,1,0,0,2022,2022,49.225779,-123.13513,0.0,False
VANCOUVER,HUDSON ST,W 51ST AVE,1,0,0,2021,2021,49.224897,-123.135158,0.0,False
VANCOUVER,HUDSON ST,W 52ND AVE,3,0,0,2021,2022,49.224006,-123.135188,0.0,False
VANCOUVER,HUDSON ST,W 54TH AVE,2,0,0,2018,2022,49.221638,-123.135266,0.0,False
VANCOUVER,HUDSON ST,W 57TH AVE,5,0,0,2018,2022,49.219269,-123.13404,0.0,False
VANCOUVER,HUDSON ST,W 58TH AVE,1,0,0,2022,2022,49.218278,-123.134076,0.0,False
VANCOUVER,HUDSON ST,W 59TH AVE,7,0,3,2018,2022,49.217249,-123.134071,0.0,False
VANCOUVER,HUDSON ST,W 64TH AVE,3,0,0,2022,2022,49.213053,-123.134238,0.0,False
VANCOUVER,HUDSON ST,W 67TH AVE,5,0,0,2018,2022,49.210798,-123.134315,0.0,False
VANCOUVER,HUDSON ST,W 70TH AVE,51,2,1,2018,2022,49.208533,-123.134489,0.0,True
VANCOUVER,HUDSON ST,W 71ST AVE,23,0,1,2018,2022,49.206976,-123.134664,0.0,False
VANCOUVER,HUDSON ST,W 72ND AVE,19,0,1,2018,2022,49.20571,-123.134687,0.0,False
VANCOUVER,HUDSON ST,W 73RD AVE,39,0,0,2018,2022,49.204296,-123.134747,0.0,False
VANCOUVER,HUDSON ST,W 75TH AVE,2,0,0,2020,2022,49.202151,-123.134852,0.0,False
VANCOUVER,HUDSON ST,W 77TH AVE,5,1,0,2018,2021,49.201054,-123.135397,0.0,False
VANCOUVER,HUDSON ST,W KING EDWARD AVE,10,0,0,2018,2022,49.249314,-123.134361,0.0,False
VANCOUVER,HULL ST,VICTORIA DR,8,1,0,2018,2022,49.251867,-123.065218,0.0,False
VANCOUVER,HUM-LU-SUM DR,W 51ST AVE,2,0,0,2019,2021,49.225592,-123.191869,0.0,False
VANCOUVER,HUMM ST,UPLAND DR,1,0,0,2021,2021,49.218024,-123.063342,0.0,False
VANCOUVER,HWY 1,HWY 7,4,0,0,2019,2022,49.264894,-123.026165,0.0,True
VANCOUVER,HWY 1,LOUGHEED HWY W UNDRPASS,4,0,0,2018,2022,49.264894,-123.026165,0.0,True
VANCOUVER,HWY 1,MCGILL ST OFFRAMP,100,0,0,2018,2022,49.287032,-123.031028,43.497545903302814,True
VANCOUVER,HWY 1,MCGILL ST ONRAMP,48,1,0,2018,2022,49.287034,-123.030899,0.0,False
VANCOUVER,HWY 1,N SKEENA ST,1,0,0,2019,2019,49.289345,-123.02831,0.0,False
VANCOUVER,HWY 1,RUPERT ST OFFRAMP,26,0,0,2018,2022,49.269452,-123.027611,0.0,True
VANCOUVER,HWY 1,TRANS-CANADA HWY ONRAMP,1,0,0,2020,2020,49.287032,-123.031028,0.0,True
VANCOUVER,HWY 1A,KNIGHT ST,1,0,0,2020,2020,49.250151,-123.07606,0.0,True
VANCOUVER,HWY 1A,MAIN ST OFFRAMP,1,0,0,2018,2018,49.276783,-123.099854,0.0,True
VANCOUVER,HWY 1A,MAIN ST ONRAMP,1,0,0,2020,2020,49.277633,-123.099816,0.0,True
VANCOUVER,HWY 1A,RUPERT ST,2,0,0,2019,2022,49.235939,-123.042334,0.0,True
VANCOUVER,HWY 1A,STANLEY PARK DR,1,0,0,2020,2020,49.311078,-123.142583,0.0,True
VANCOUVER,HWY 1A,TAYLOR ST,5,0,0,2018,2022,49.280709,-123.105595,0.0,True
VANCOUVER,HWY 1A,TERMINAL AVE,1,0,0,2019,2019,49.272815,-123.100019,0.0,True
VANCOUVER,HWY 1A,THURLOW ST,5,0,1,2021,2022,49.285723,-123.123132,0.0,True
VANCOUVER,HWY 1A,UNION ST,1,0,0,2022,2022,49.277633,-123.099816,0.0,True
VANCOUVER,HWY 7,KINGSWAY,2,0,0,2021,2021,49.26287,-123.099528,0.0,True
VANCOUVER,HWY 7,NANAIMO ST,1,0,0,2022,2022,49.262131,-123.056591,0.0,True
VANCOUVER,HWY 7,RUPERT ST,1,0,0,2021,2021,49.261898,-123.033733,0.0,True
VANCOUVER,HWY 7,SKEENA ST,3,0,0,2019,2021,49.263485,-123.028483,0.0,True
VANCOUVER,HWY 7,ST GEORGE ST,1,0,0,2018,2018,49.262505,-123.093,0.0,True
VANCOUVER,HWY 7,VICTORIA DR,1,0,0,2021,2021,49.262294,-123.065915,0.0,True
VANCOUVER,HWY 7A,LAKEWOOD DR,1,0,0,2021,2021,49.281175,-123.061688,0.0,True
VANCOUVER,HWY 7A,MAIN ST,3,0,0,2021,2022,49.281347,-123.099687,0.0,True
VANCOUVER,HWY 99,HWY 99A,2,0,0,2021,2022,49.283132,-123.119153,0.0,True
VANCOUVER,HWY 99,JERVIS ST,2,0,0,2018,2019,49.288136,-123.126873,0.0,True
VANCOUVER,HWY 99,JOHNSTON ST,1,0,0,2022,2022,49.27163,-123.134638,0.0,True
VANCOUVER,HWY 99,LAMEYS MILL RD,1,0,0,2018,2018,49.269413,-123.137786,0.0,False
VANCOUVER,HWY 99,LOST LAGOON RD,1,0,0,2021,2021,49.295988,-123.136414,0.0,False
VANCOUVER,HWY 99,NELSON ST,6,0,0,2018,2022,49.279909,-123.124039,0.0,True
VANCOUVER,HWY 99,OAK ST OFFRAMP,19,0,0,2018,2022,49.204906,-123.129668,0.0,True
VANCOUVER,HWY 99,PACIFIC ST,3,0,0,2018,2019,49.275046,-123.129407,0.0,True
VANCOUVER,HWY 99,ROBSON ST,1,0,1,2020,2020,49.282019,-123.120839,0.0,True
VANCOUVER,HWY 99,STANLEY PARK DR,23,0,2,2018,2022,49.311078,-123.142583,0.0,True
VANCOUVER,HWY 99,STANLEY PARK DR OFFRAMP,3,0,0,2022,2022,49.310161,-123.143364,0.0,True
VANCOUVER,HWY 99,SW MARINE DR,19,0,1,2018,2022,49.204796,-123.129863,18.71645142206502,True
VANCOUVER,HWY 99,SW MARINE DR OFFRAMP,3,0,0,2018,2022,49.204906,-123.129668,0.0,True
VANCOUVER,HWY 99,W 13TH AVE,2,0,0,2020,2022,49.259815,-123.138729,0.0,True
VANCOUVER,HWY 99,W 16TH AVE,3,0,0,2019,2021,49.257053,-123.138793,0.0,True
VANCOUVER,HWY 99,W 25TH AVE,1,0,0,2021,2021,49.249411,-123.139097,0.0,True
VANCOUVER,HWY 99,W 26TH AVE,2,0,0,2022,2022,49.248332,-123.139148,0.0,True
VANCOUVER,HWY 99,W 29TH AVE,1,0,0,2022,2022,49.24536,-123.139167,0.0,True
VANCOUVER,HWY 99,W 33RD AVE,1,0,0,2021,2021,49.241887,-123.139312,0.0,True
VANCOUVER,HWY 99,W 4TH AVE,5,0,0,2019,2022,49.267939,-123.138452,0.0,True
VANCOUVER,HWY 99,W 59TH AVE,1,0,0,2021,2021,49.217369,-123.140216,0.0,True
VANCOUVER,HWY 99,W 5TH AVE,1,0,0,2020,2020,49.266772,-123.138455,0.0,True
VANCOUVER,HWY 99,W 62ND AVE,1,0,0,2021,2021,49.21499,-123.140301,0.0,True
VANCOUVER,HWY 99,W 6TH AVE,1,0,0,2022,2022,49.266182,-123.138468,0.0,True
VANCOUVER,HWY 99,W 71ST AVE,1,0,0,2018,2018,49.206913,-123.130318,0.0,True
VANCOUVER,HWY 99,W 8TH AVE,2,0,0,2019,2022,49.264503,-123.138529,0.0,True
VANCOUVER,HWY 99,W BROADWAY,1,0,0,2021,2021,49.263589,-123.138562,0.0,True
VANCOUVER,HWY 99,W KING EDWARD AVE,1,0,0,2022,2022,49.249411,-123.139097,0.0,True
VANCOUVER,HWY 99,W PENDER ST,1,0,0,2020,2020,49.290575,-123.130597,0.0,True
VANCOUVER,HWY 99,WREN TRAIL,1,0,0,2022,2022,49.300962,-123.143284,0.0,True
VANCOUVER,HWY 99A,KNIGHT ST,8,0,0,2018,2022,49.250151,-123.07606,0.0,True
VANCOUVER,HWY 99A,MAIN ST ONRAMP,1,0,0,2021,2021,49.277633,-123.099816,0.0,True
VANCOUVER,HWY 99A,NANAIMO ST,1,0,0,2020,2020,49.24187,-123.058123,0.0,True
VANCOUVER,HWY 99A,TAYLOR ST,2,0,0,2018,2022,49.280709,-123.105595,0.0,True
VANCOUVER,HWY 99A,W GEORGIA ST,4,0,0,2020,2022,49.283132,-123.119153,0.0,True
VANCOUVER,HYACK DR,SE MARINE DR,8,0,0,2018,2022,49.207994,-123.025792,0.0,False
VANCOUVER,IMPERIAL RD,W 16TH AVE,19,0,5,2018,2022,49.258199,-123.20322,0.0,True
VANCOUVER,INDUSTRIAL AVE,MAIN ST,56,3,1,2018,2022,49.270507,-123.100591,0.0,False
VANCOUVER,INDUSTRIAL AVE,SCOTIA ST,2,0,0,2019,2021,49.269595,-123.096397,0.0,False
VANCOUVER,INDUSTRIAL AVE,STATION ST,4,0,0,2019,2022,49.269881,-123.098082,0.0,False
VANCOUVER,INDUSTRIAL AVE,WESTERN ST,6,1,0,2019,2022,49.270455,-123.100006,0.0,False
VANCOUVER,INTERURBAN WAY,YUKON ST,2,0,0,2019,2019,49.209592,-123.115137,0.0,False
VANCOUVER,INVERNESS ST,KINGSWAY,53,0,2,2018,2022,49.252062,-123.079895,0.0,False
VANCOUVER,INVERNESS ST,SE MARINE DR,51,0,1,2018,2022,49.211156,-123.079911,0.0,False
VANCOUVER,INVERNESS ST,WAVERLEY AVE,3,0,0,2019,2021,49.226974,-123.080015,0.0,False
VANCOUVER,IRONWORKERS MEMORIAL BRIDGE,MCGILL ST ONRAMP,2,0,0,2018,2021,49.287032,-123.031028,0.0,True
VANCOUVER,JACK UPPAL ST,SAWMILL CRES,3,0,0,2020,2021,49.206294,-123.033176,0.0,False
VANCOUVER,JACKSON AVE,KEEFER ST,19,0,2,2018,2022,49.279366,-123.09351,0.0,False
VANCOUVER,JACKSON AVE,POWELL ST,31,4,0,2018,2022,49.283073,-123.093346,0.0,False
VANCOUVER,JACKSON AVE,PRIOR ST,23,0,1,2018,2022,49.276672,-123.093626,0.0,True
VANCOUVER,JACKSON AVE,RAILWAY ST,4,0,0,2018,2022,49.284755,-123.093272,0.0,False
VANCOUVER,JACKSON AVE,UNION ST,13,0,5,2018,2022,49.277558,-123.093588,0.0,False
VANCOUVER,JASPER CRES,PRESTWICK DR,2,0,0,2018,2019,49.216622,-123.069284,0.0,False
VANCOUVER,JASPER CRES,VICTORIA DR,14,0,0,2018,2022,49.217161,-123.065956,0.0,False
VANCOUVER,JELLICOE ST,SE MARINE DR,89,0,1,2018,2022,49.207688,-123.047702,0.0,False
VANCOUVER,JELLICOE ST,SOTAO AVE,1,0,0,2018,2018,49.207304,-123.047698,0.0,False
VANCOUVER,JEPSON-YOUNG LANE,NICOLA ST,2,0,0,2019,2020,49.285509,-123.135872,0.0,False
VANCOUVER,JEPSON-YOUNG LANE,THURLOW ST,1,0,0,2022,2022,49.281473,-123.129585,0.0,False
VANCOUVER,JERICHO CIRCLE,W 3RD AVE,1,0,0,2018,2018,49.270132,-123.204,0.0,False
VANCOUVER,JERICHO DR,MALI AVE,1,0,0,2022,2022,49.225551,-123.199332,0.0,False
VANCOUVER,JERVIS MEWS,W CORDOVA ST,2,0,0,2019,2021,49.290075,-123.123917,0.0,True
VANCOUVER,JERVIS ST,JUNG LANE,3,0,0,2019,2021,49.281064,-123.137525,0.0,False
VANCOUVER,JERVIS ST,MAXINE LANE,2,0,0,2019,2021,49.281748,-123.136544,0.0,False
VANCOUVER,JERVIS ST,MELVILLE ST,16,2,1,2018,2022,49.288814,-123.125564,0.0,False
VANCOUVER,JERVIS ST,NELSON ST,23,3,4,2018,2022,49.284894,-123.131725,0.0,False
VANCOUVER,JERVIS ST,PACIFIC ST,18,0,1,2018,2022,49.28068,-123.138112,0.0,False
VANCOUVER,JERVIS ST,PANTAGES LANE,5,0,0,2019,2021,49.282464,-123.135458,0.0,False
VANCOUVER,JERVIS ST,PENDRELL ST,18,0,5,2018,2022,49.283519,-123.133885,0.0,False
VANCOUVER,JERVIS ST,ROBSON ST,68,2,2,2018,2022,49.287001,-123.128536,0.0,False
VANCOUVER,JERVIS ST,ROSEMARY BROWN LANE,3,0,0,2020,2022,49.286658,-123.12904,0.0,False
VANCOUVER,JERVIS ST,SEE-EM-IA LANE,12,0,0,2019,2022,49.283183,-123.134373,0.0,False
VANCOUVER,JERVIS ST,STOVOLD LANE,2,0,0,2022,2022,49.285952,-123.130106,0.0,False
VANCOUVER,JERVIS ST,TED NORTHE LANE,1,0,0,2021,2021,49.285243,-123.131195,0.0,False
VANCOUVER,JERVIS ST,W CORDOVA ST,12,0,0,2018,2022,49.290075,-123.123917,0.0,True
VANCOUVER,JERVIS ST,W GEORGIA ST,140,3,4,2018,2022,49.288136,-123.126873,0.0,True
VANCOUVER,JERVIS ST,W HASTINGS ST,13,0,1,2018,2022,49.289441,-123.124894,0.0,False
VANCOUVER,JERVIS ST,W PENDER ST,25,4,3,2018,2022,49.289023,-123.125547,0.0,False
VANCOUVER,JOHNSTON ST,OLD BRIDGE ST,18,0,0,2018,2022,49.271071,-123.133928,0.0,False
VANCOUVER,JOYCE ST,KINGSWAY,542,13,0,2018,2022,49.234143,-123.035895,0.0,False
VANCOUVER,JOYCE ST,MARMION AVE,6,0,0,2018,2022,49.231581,-123.03742,0.0,False
VANCOUVER,JOYCE ST,MONMOUTH AVE,8,0,0,2018,2022,49.240921,-123.029285,0.0,False
VANCOUVER,JOYCE ST,MOSCROP ST,5,0,0,2018,2022,49.243346,-123.026974,0.0,False
VANCOUVER,JOYCE ST,PRICE ST,12,0,0,2019,2022,49.241743,-123.028504,0.0,False
VANCOUVER,JOYCE ST,SCHOOL AVE,16,1,0,2018,2022,49.232922,-123.037173,0.0,False
VANCOUVER,JOYCE ST,TANNER ST,9,1,0,2018,2021,49.242588,-123.027709,0.0,False
VANCOUVER,JOYCE ST,VANNESS AVE,150,8,1,2018,2022,49.23824,-123.031848,0.0,False
VANCOUVER,JOYCE ST,WELLINGTON AVE,92,3,1,2018,2022,49.24004,-123.030127,0.0,False
VANCOUVER,JOYCE STATION LOOP,VANNESS AVE,2,0,0,2018,2021,49.238758,-123.033007,0.0,False
VANCOUVER,JUNG LANE,NICOLA ST,4,0,0,2019,2022,49.282718,-123.140158,0.0,False
VANCOUVER,JUNG LANE,THURLOW ST,9,0,0,2019,2022,49.278647,-123.133831,0.0,False
VANCOUVER,KAMLOOPS ST,KITCHENER ST,1,0,0,2018,2018,49.272301,-123.054695,0.0,False
VANCOUVER,KAMLOOPS ST,NAPIER ST,3,0,0,2018,2020,49.274979,-123.054686,0.0,False
VANCOUVER,KAMLOOPS ST,PANDORA ST,7,0,1,2019,2022,49.282994,-123.054582,0.0,False
VANCOUVER,KAMLOOPS ST,TRIUMPH ST,2,0,0,2019,2021,49.283901,-123.054584,0.0,False
VANCOUVER,KAMLOOPS ST,TURNER ST,5,0,2,2019,2021,49.279102,-123.054597,0.0,False
VANCOUVER,KAMLOOPS ST,VENABLES ST,5,0,1,2019,2020,49.276631,-123.05467,0.0,False
VANCOUVER,KAMLOOPS ST,WILLIAM ST,2,0,0,2018,2019,49.27414,-123.054661,0.0,False
VANCOUVER,KASLO ST,KITCHENER ST,1,0,0,2022,2022,49.272296,-123.046883,0.0,False
VANCOUVER,KASLO ST,NAPIER ST,1,0,0,2020,2020,49.274954,-123.046861,0.0,False
VANCOUVER,KASLO ST,PANDORA ST,1,0,0,2018,2018,49.282973,-123.046675,0.0,False
VANCOUVER,KASLO ST,PARKER ST,2,0,0,2021,2022,49.275778,-123.046843,0.0,False
VANCOUVER,KASLO ST,TRIUMPH ST,2,0,0,2021,2022,49.28388,-123.046689,0.0,False
VANCOUVER,KASLO ST,TURNER ST,6,2,0,2018,2022,49.279097,-123.046707,0.0,False
VANCOUVER,KASLO ST,VENABLES ST,6,0,0,2018,2022,49.276644,-123.046785,0.0,False
VANCOUVER,KASLO ST,WILLIAM ST,2,0,1,2019,2022,49.274179,-123.046867,0.0,False
VANCOUVER,KEEFER PL,TAYLOR ST,4,0,0,2018,2020,49.279457,-123.106113,0.0,False
VANCOUVER,KEEFER ST,MAIN ST,146,3,7,2018,2022,49.279482,-123.099737,0.0,False
VANCOUVER,KEEFER ST,PRINCESS AVE,3,0,0,2018,2022,49.27933,-123.091563,0.0,False
VANCOUVER,KEEFER ST,QUEBEC ST,7,0,1,2018,2021,49.279286,-123.102155,0.0,True
VANCOUVER,KEEFER ST,VERNON DR,1,0,0,2020,2020,49.279122,-123.079226,0.0,False
VANCOUVER,KERR ST,KINGSWAY,8,0,1,2018,2022,49.235641,-123.039546,0.0,True
VANCOUVER,KERR ST,RIVERWALK AVE,3,0,0,2018,2021,49.206104,-123.042291,0.0,False
VANCOUVER,KERR ST,ROSEMONT DR,10,1,2,2018,2022,49.215498,-123.041517,0.0,False
VANCOUVER,KERR ST,RUPERT ST,19,0,1,2018,2022,49.227246,-123.041097,0.0,False
VANCOUVER,KERR ST,SE MARINE DR,314,1,1,2018,2022,49.208097,-123.042257,0.0,False
VANCOUVER,KERR ST,WAVERLEY AVE,3,0,0,2020,2022,49.226982,-123.040991,0.0,True
VANCOUVER,KERSLAND DR,W 33RD AVE,3,0,0,2019,2020,49.241028,-123.116933,0.0,False
VANCOUVER,KERSLAND DR,W 35TH AVE,4,0,0,2019,2020,49.239692,-123.115427,0.0,False
VANCOUVER,KERSLAND DR,W 37TH AVE,1,0,0,2021,2021,49.237132,-123.11448,0.0,False
VANCOUVER,KEVIN PL,W 29TH AVE,2,0,0,2020,2021,49.247434,-123.201215,0.0,False
VANCOUVER,KILLARNEY ST,KINGSWAY,56,2,0,2018,2022,49.236377,-123.045735,0.0,False
VANCOUVER,KING EDWARD AVE,YEW ST,6,0,2,2018,2022,49.250738,-123.155927,0.0,False
VANCOUVER,KINGS AVE,MOSS ST,1,0,0,2022,2022,49.243127,-123.041746,0.0,False
VANCOUVER,KINGS AVE,RUPERT ST,9,0,0,2018,2022,49.241248,-123.037197,0.0,False
VANCOUVER,KINGS LYNN ST,PETERSHAM AVE,1,0,0,2022,2022,49.227288,-123.026025,0.0,False
VANCOUVER,KINGSWAY,KNIGHT ST,523,12,7,2018,2022,49.250151,-123.07606,0.0,True
VANCOUVER,KINGSWAY,LINCOLN ST,72,3,1,2018,2022,49.232185,-123.025931,0.0,False
VANCOUVER,KINGSWAY,MAIN ST,124,5,1,2018,2022,49.264471,-123.100924,0.0,True
VANCOUVER,KINGSWAY,MCHARDY ST,15,0,0,2018,2022,49.235384,-123.038735,0.0,False
VANCOUVER,KINGSWAY,MCKINNON ST,48,1,0,2018,2022,49.235038,-123.037803,0.0,False
VANCOUVER,KINGSWAY,MELBOURNE ST,35,2,0,2018,2022,49.232041,-123.029267,0.0,False
VANCOUVER,KINGSWAY,MILLER ST,58,1,1,2018,2022,49.246909,-123.068908,0.0,False
VANCOUVER,KINGSWAY,MOSS ST,12,0,1,2018,2021,49.237064,-123.047628,0.0,True
VANCOUVER,KINGSWAY,NANAIMO ST,413,3,2,2018,2022,49.24187,-123.058123,0.0,True
VANCOUVER,KINGSWAY,ORMIDALE ST,47,0,1,2018,2022,49.232231,-123.02496,0.0,False
VANCOUVER,KINGSWAY,PERRY ST,57,0,2,2018,2022,49.248018,-123.071292,0.0,False
VANCOUVER,KINGSWAY,PRINCE ALBERT ST,17,1,0,2018,2022,49.255544,-123.087472,0.0,False
VANCOUVER,KINGSWAY,PRINCE EDWARD ST,18,0,0,2018,2022,49.259613,-123.096316,0.0,False
VANCOUVER,KINGSWAY,RHODES ST,24,0,0,2018,2022,49.23827,-123.050316,0.0,False
VANCOUVER,KINGSWAY,RUPERT ST,312,9,1,2018,2022,49.235939,-123.042334,0.0,True
VANCOUVER,KINGSWAY,SENLAC ST,36,0,0,2018,2022,49.232774,-123.033232,0.0,False
VANCOUVER,KINGSWAY,SIDNEY ST,50,1,1,2018,2022,49.244501,-123.063765,0.0,False
VANCOUVER,KINGSWAY,SLOCAN ST,244,2,0,2018,2022,49.240009,-123.054067,0.0,False
VANCOUVER,KINGSWAY,SOPHIA ST,3,0,0,2018,2021,49.261562,-123.098258,0.0,False
VANCOUVER,KINGSWAY,SPENCER ST,9,1,1,2018,2022,49.235789,-123.040751,0.0,False
VANCOUVER,KINGSWAY,ST CATHERINES ST,28,1,0,2018,2022,49.254746,-123.085636,0.0,False
VANCOUVER,KINGSWAY,ST GEORGE ST,32,0,0,2018,2022,49.257769,-123.09309,0.0,False
VANCOUVER,KINGSWAY,STAMFORD ST,61,0,0,2018,2022,49.232403,-123.032496,0.0,False
VANCOUVER,KINGSWAY,TAUNTON ST,11,0,0,2018,2022,49.235641,-123.039546,0.0,True
VANCOUVER,KINGSWAY,TYNE ST,305,9,6,2018,2022,49.232015,-123.031251,0.0,False
VANCOUVER,KINGSWAY,VICTORIA DR,603,20,7,2018,2022,49.245143,-123.065173,0.0,False
VANCOUVER,KINGSWAY,WALES ST,8,0,0,2019,2022,49.238891,-123.051643,0.0,False
VANCOUVER,KINGSWAY,WELWYN ST,54,0,1,2018,2022,49.247392,-123.069945,0.0,False
VANCOUVER,KINGSWAY,WESSEX ST,99,5,0,2018,2022,49.233191,-123.03407,0.0,False
VANCOUVER,KINGSWAY,WINDSOR ST,95,3,4,2018,2022,49.253845,-123.083718,0.0,False
VANCOUVER,KINROSS ST,MARINE WAY,43,0,0,2018,2022,49.206941,-123.036631,0.0,False
VANCOUVER,KINROSS ST,NORTH ARM AVE,1,0,0,2020,2020,49.204923,-123.036757,0.0,False
VANCOUVER,KINROSS ST,RIVERWALK AVE,4,0,0,2021,2022,49.205379,-123.036747,0.0,False
VANCOUVER,KITCHENER ST,LAKEWOOD DR,4,0,0,2019,2021,49.272057,-123.061849,0.0,False
VANCOUVER,KITCHENER ST,MCLEAN DR,6,0,0,2018,2022,49.272178,-123.074478,0.0,False
VANCOUVER,KITCHENER ST,NANAIMO ST,10,0,0,2018,2022,49.272172,-123.056588,0.0,False
VANCOUVER,KITCHENER ST,NOOTKA ST,4,0,0,2020,2022,49.272277,-123.041434,0.0,False
VANCOUVER,KITCHENER ST,ODLUM DR,1,0,0,2021,2021,49.272211,-123.075951,0.0,False
VANCOUVER,KITCHENER ST,RENFREW ST,5,1,0,2018,2022,49.272286,-123.044166,0.0,False
VANCOUVER,KITCHENER ST,RUPERT ST,2,0,0,2018,2021,49.272277,-123.033645,0.0,False
VANCOUVER,KITCHENER ST,SALSBURY DR,16,0,1,2018,2022,49.27213,-123.067664,0.0,False
VANCOUVER,KITCHENER ST,SEMLIN DR,3,0,0,2019,2022,49.27209,-123.063761,0.0,False
VANCOUVER,KITCHENER ST,SLOCAN ST,1,0,1,2021,2021,49.272296,-123.049405,0.0,False
VANCOUVER,KITCHENER ST,VICTORIA DR,16,0,1,2018,2022,49.272097,-123.06571,0.0,False
VANCOUVER,KITCHENER ST,WINDERMERE ST,4,0,0,2019,2021,49.272281,-123.036403,0.0,False
VANCOUVER,KITCHENER ST,WOODLAND DR,1,0,0,2018,2018,49.272165,-123.073464,0.0,False
VANCOUVER,KITSILANO DIVERS,MACDONALD ST,17,0,0,2018,2022,49.262339,-123.168239,0.0,True
VANCOUVER,KITSILANO DIVERS,W 11TH AVE,4,0,0,2020,2022,49.262339,-123.168239,0.0,True
VANCOUVER,KNIGHT ST,KNIGHT ST BRIDGE,20,0,0,2018,2022,49.211079,-123.077129,0.0,True
VANCOUVER,KNIGHT ST,SE MARINE DR,406,1,0,2018,2022,49.211023,-123.077041,8.923977734027776,True
VANCOUVER,KNIGHT ST,SE MARINE DR OFFRAMP,21,0,0,2018,2022,49.211079,-123.077129,0.0,True
VANCOUVER,KNIGHT ST,SE MARINE DR ONRAMP,18,0,0,2018,2022,49.211079,-123.077129,0.0,True
VANCOUVER,KNIGHT ST BRIDGE,SE MARINE DR,142,0,0,2018,2022,49.211023,-123.077041,8.923977734027776,True
VANCOUVER,KNIGHT ST BRIDGE,SE MARINE DR OFFRAMP,28,1,0,2018,2022,49.211079,-123.077129,0.0,True
VANCOUVER,KNIGHT ST BRIDGE,SE MARINE DR ONRAMP,32,0,0,2018,2022,49.211079,-123.077129,0.0,True
VANCOUVER,KOOTENAY ST,NAPIER ST,2,0,0,2020,2022,49.274938,-123.026093,0.0,False
VANCOUVER,KOOTENAY ST,PANDORA ST,5,0,0,2018,2022,49.282943,-123.025699,0.0,False
VANCOUVER,KOOTENAY ST,TURNER ST,1,0,0,2019,2019,49.279056,-123.025722,0.0,False
VANCOUVER,KOOTENAY ST,WILLIAM ST,1,0,0,2018,2018,49.274113,-123.026114,0.0,False
VANCOUVER,KULLAHUN DR,SW MARINE DR,12,0,5,2018,2022,49.237255,-123.205321,0.0,False
VANCOUVER,LABURNUM ST,W 37TH AVE,2,0,0,2019,2022,49.238213,-123.150434,0.0,False
VANCOUVER,LABURNUM ST,W 41ST AVE,6,0,0,2018,2022,49.234507,-123.150603,0.0,False
VANCOUVER,LABURNUM ST,W 47TH AVE,1,0,0,2019,2019,49.228929,-123.150856,0.0,False
VANCOUVER,LABURNUM ST,W 49TH AVE,7,0,1,2018,2022,49.227115,-123.15091,0.0,False
VANCOUVER,LABURNUM ST,W 54TH AVE,2,0,0,2021,2022,49.221833,-123.151086,0.0,False
VANCOUVER,LABURNUM ST,W 60TH AVE,1,0,0,2020,2020,49.217178,-123.151162,0.0,False
VANCOUVER,LABURNUM ST,W 61ST AVE,1,0,0,2021,2021,49.216091,-123.151219,0.0,False
VANCOUVER,LABURNUM ST,W 62ND AVE,1,0,0,2018,2018,49.215107,-123.151247,0.0,False
VANCOUVER,LABURNUM ST,W 63RD AVE,2,0,0,2018,2022,49.214151,-123.151262,0.0,False
VANCOUVER,LABURNUM ST,W 64TH AVE,2,0,0,2018,2022,49.213175,-123.150378,0.0,False
VANCOUVER,LAGOON DR,PARK LANE,2,0,0,2019,2020,49.293079,-123.142749,0.0,False
VANCOUVER,LAGOON DR,RAWLINGS TRAIL,1,0,0,2021,2021,49.293005,-123.1416,0.0,False
VANCOUVER,LAGOON DR,ROSEMARY BROWN LANE,1,0,0,2020,2020,49.29334,-123.139385,0.0,False
VANCOUVER,LAGOON DR,STANLEY PARK DR,7,0,2,2018,2022,49.293836,-123.14796,35.4786429671449,False
VANCOUVER,LAHB AVE,YEW ST,4,0,0,2021,2022,49.248482,-123.154677,0.0,False
VANCOUVER,LAKEWOOD DR,NAPIER ST,2,0,0,2018,2018,49.274814,-123.061809,0.0,False
VANCOUVER,LAKEWOOD DR,PANDORA ST,3,0,1,2019,2022,49.283023,-123.061691,0.0,False
VANCOUVER,LAKEWOOD DR,PARKER ST,4,0,1,2020,2022,49.275669,-123.061778,0.0,False
VANCOUVER,LAKEWOOD DR,TRIUMPH ST,12,0,1,2018,2022,49.283918,-123.06165,0.0,False
VANCOUVER,LAKEWOOD DR,TURNER ST,1,0,0,2021,2021,49.279119,-123.061748,0.0,False
VANCOUVER,LAKEWOOD DR,VENABLES ST,4,0,0,2018,2022,49.276614,-123.061752,0.0,False
VANCOUVER,LAKEWOOD DR,WILLIAM ST,2,0,0,2020,2020,49.27382,-123.061815,0.0,False
VANCOUVER,LAMEYS MILL RD,OLD BRIDGE WALK,2,0,0,2019,2020,49.268898,-123.13741,0.0,False
VANCOUVER,LAMEYS MILL RD,SITKA SQ,2,0,0,2019,2021,49.266394,-123.128846,0.0,False
VANCOUVER,LAMEYS MILL RD,THE CASTINGS,2,0,2,2018,2021,49.266451,-123.130674,0.0,False
VANCOUVER,LAMEYS MILL RD,W 2ND AVE,1,0,0,2021,2021,49.2694,-123.138057,0.0,False
VANCOUVER,LANCASTER ST,SCHOOL AVE,1,0,0,2021,2021,49.234881,-123.041692,0.0,False
VANCOUVER,LANGARA AVE,TOLMIE ST,1,0,0,2021,2021,49.272968,-123.211802,0.0,False
VANCOUVER,LARCH ST,POINT GREY RD,2,0,0,2019,2020,49.273556,-123.162064,0.0,False
VANCOUVER,LARCH ST,W 10TH AVE,10,0,0,2018,2022,49.263018,-123.162487,0.0,False
VANCOUVER,LARCH ST,W 12TH AVE,13,0,0,2018,2022,49.261185,-123.162523,0.0,False
VANCOUVER,LARCH ST,W 13TH AVE,3,1,0,2019,2022,49.260215,-123.162562,0.0,False
VANCOUVER,LARCH ST,W 16TH AVE,5,0,1,2019,2022,49.257437,-123.162662,0.0,False
VANCOUVER,LARCH ST,W 18TH AVE,1,0,0,2021,2021,49.256354,-123.162692,0.0,False
VANCOUVER,LARCH ST,W 1ST AVE,5,0,0,2019,2022,49.270936,-123.16217,0.0,False
VANCOUVER,LARCH ST,W 2ND AVE,2,0,0,2021,2021,49.270049,-123.162201,0.0,False
VANCOUVER,LARCH ST,W 33RD AVE,17,0,0,2018,2022,49.242251,-123.162497,0.0,True
VANCOUVER,LARCH ST,W 34TH AVE,1,0,0,2018,2018,49.241301,-123.162478,0.0,False
VANCOUVER,LARCH ST,W 35TH AVE,3,0,0,2022,2022,49.240362,-123.16254,0.0,False
VANCOUVER,LARCH ST,W 36TH AVE,3,0,0,2019,2022,49.239372,-123.162573,0.0,False
VANCOUVER,LARCH ST,W 37TH AVE,15,0,0,2018,2020,49.23842,-123.162606,0.0,False
VANCOUVER,LARCH ST,W 39TH AVE,16,0,0,2019,2022,49.236537,-123.162673,0.0,False
VANCOUVER,LARCH ST,W 3RD AVE,6,0,0,2018,2020,49.269161,-123.162234,0.0,False
VANCOUVER,LARCH ST,W 41ST AVE,70,1,1,2018,2022,49.234685,-123.162749,0.0,False
VANCOUVER,LARCH ST,W 43RD AVE,6,1,0,2019,2022,49.232838,-123.162801,0.0,False
VANCOUVER,LARCH ST,W 45TH AVE,5,0,1,2018,2022,49.230988,-123.162893,0.0,False
VANCOUVER,LARCH ST,W 49TH AVE,5,0,0,2019,2022,49.22726,-123.163034,0.0,False
VANCOUVER,LARCH ST,W 4TH AVE,21,0,0,2018,2022,49.268285,-123.162256,0.0,False
VANCOUVER,LARCH ST,W 5TH AVE,3,0,1,2018,2019,49.267413,-123.162284,0.0,False
VANCOUVER,LARCH ST,W 6TH AVE,1,0,0,2022,2022,49.266549,-123.162328,0.0,False
VANCOUVER,LARCH ST,W 7TH AVE,9,0,0,2018,2022,49.265716,-123.162356,0.0,False
VANCOUVER,LARCH ST,W 8TH AVE,6,0,1,2018,2022,49.264897,-123.162378,0.0,False
VANCOUVER,LARCH ST,W BROADWAY,30,1,1,2018,2022,49.263983,-123.16241,0.0,False
VANCOUVER,LARCH ST,YORK AVE,3,0,1,2022,2022,49.271832,-123.162136,0.0,False
VANCOUVER,LATTA ST,MARMION AVE,1,0,0,2020,2020,49.231565,-123.034568,0.0,False
VANCOUVER,LATTA ST,SCHOOL AVE,4,0,0,2018,2022,49.231878,-123.034527,0.0,False
VANCOUVER,LAUREL ST,SW MARINE DR,101,1,0,2018,2022,49.206351,-123.126198,0.0,False
VANCOUVER,LAUREL ST,W 10TH AVE,52,2,8,2018,2022,49.262414,-123.125355,0.0,False
VANCOUVER,LAUREL ST,W 12TH AVE,179,6,2,2018,2022,49.260572,-123.125443,0.0,False
VANCOUVER,LAUREL ST,W 13TH AVE,12,0,2,2019,2022,49.259598,-123.124333,0.0,False
VANCOUVER,LAUREL ST,W 14TH AVE,24,0,0,2018,2022,49.25868,-123.124357,0.0,False
VANCOUVER,LAUREL ST,W 15TH AVE,9,0,0,2018,2019,49.257774,-123.124361,0.0,False
VANCOUVER,LAUREL ST,W 16TH AVE,19,0,0,2018,2022,49.257069,-123.124384,0.0,False
VANCOUVER,LAUREL ST,W 17TH AVE,1,0,0,2019,2019,49.256192,-123.124427,0.0,False
VANCOUVER,LAUREL ST,W 18TH AVE,4,0,1,2018,2022,49.255273,-123.124484,0.0,False
VANCOUVER,LAUREL ST,W 19TH AVE,4,1,0,2018,2022,49.254364,-123.12452,0.0,False
VANCOUVER,LAUREL ST,W 20TH AVE,4,0,0,2020,2022,49.253482,-123.124548,0.0,False
VANCOUVER,LAUREL ST,W 22ND AVE,13,1,0,2018,2022,49.251668,-123.124625,0.0,False
VANCOUVER,LAUREL ST,W 23RD AVE,9,0,0,2018,2022,49.250764,-123.12466,0.0,False
VANCOUVER,LAUREL ST,W 24TH AVE,3,0,1,2019,2022,49.250155,-123.124686,0.0,False
VANCOUVER,LAUREL ST,W 25TH AVE,5,0,0,2018,2022,49.249187,-123.124704,0.0,True
VANCOUVER,LAUREL ST,W 26TH AVE,6,0,0,2018,2022,49.248113,-123.124772,0.0,False
VANCOUVER,LAUREL ST,W 27TH AVE,8,0,0,2019,2022,49.247181,-123.124788,0.0,False
VANCOUVER,LAUREL ST,W 33RD AVE,5,0,0,2018,2021,49.241325,-123.12502,0.0,False
VANCOUVER,LAUREL ST,W 42ND AVE,2,0,0,2019,2022,49.232861,-123.125215,0.0,False
VANCOUVER,LAUREL ST,W 49TH AVE,3,0,0,2018,2022,49.226428,-123.125156,0.0,False
VANCOUVER,LAUREL ST,W 52ND AVE,1,0,0,2021,2021,49.223875,-123.125248,0.0,False
VANCOUVER,LAUREL ST,W 54TH AVE,1,0,0,2019,2019,49.22147,-123.125356,0.0,False
VANCOUVER,LAUREL ST,W 57TH AVE,10,0,1,2018,2022,49.219173,-123.126122,0.0,False
VANCOUVER,LAUREL ST,W 58TH AVE,1,0,0,2021,2021,49.218123,-123.126119,0.0,False
VANCOUVER,LAUREL ST,W 59TH AVE,2,0,0,2018,2018,49.217048,-123.126137,0.0,False
VANCOUVER,LAUREL ST,W 64TH AVE,3,0,0,2018,2022,49.212918,-123.125944,0.0,False
VANCOUVER,LAUREL ST,W 67TH AVE,4,0,1,2018,2022,49.210662,-123.126022,0.0,False
VANCOUVER,LAUREL ST,W 69TH AVE,1,0,0,2021,2021,49.209219,-123.126054,0.0,False
VANCOUVER,LAUREL ST,W 6TH AVE,38,1,0,2018,2022,49.265947,-123.124076,0.0,False
VANCOUVER,LAUREL ST,W 70TH AVE,25,0,0,2018,2022,49.208411,-123.126154,0.0,False
VANCOUVER,LAUREL ST,W 7TH AVE,42,0,1,2018,2022,49.265119,-123.124107,0.0,False
VANCOUVER,LAUREL ST,W 8TH AVE,48,0,1,2018,2022,49.264288,-123.124138,0.0,False
VANCOUVER,LAUREL ST,W 9TH AVE,2,0,0,2018,2019,49.263368,-123.124176,0.0,True
VANCOUVER,LAUREL ST,W BROADWAY,99,4,2,2018,2022,49.263368,-123.124176,0.0,True
VANCOUVER,LAUREL ST,W KENT AVE N,5,0,0,2018,2022,49.204618,-123.12434,0.0,False
VANCOUVER,LAUREL ST,W KENT AVE S,1,0,0,2018,2018,49.204373,-123.124103,0.0,False
VANCOUVER,LAUREL ST,W KING EDWARD AVE,48,0,1,2018,2022,49.249187,-123.124704,0.0,True
VANCOUVER,LAURIER AVE,MARGUERITE ST,1,0,0,2019,2019,49.250884,-123.144253,0.0,False
VANCOUVER,LAURIER AVE,OAK ST,20,0,0,2018,2021,49.25082,-123.12749,0.0,True
VANCOUVER,LAURIER AVE,OSLER ST,3,0,0,2019,2022,49.250689,-123.12977,0.0,False
VANCOUVER,LAURIER AVE,SELKIRK ST,1,0,0,2018,2018,49.250727,-123.131953,0.0,False
VANCOUVER,LILLOOET ST,TURNER ST,2,0,0,2018,2019,49.279084,-123.038845,0.0,False
VANCOUVER,LILLOOET ST,VENABLES ST,4,0,0,2018,2022,49.276432,-123.038883,0.0,False
VANCOUVER,LILY ST,NAPIER ST,1,0,0,2022,2022,49.274814,-123.064567,0.0,False
VANCOUVER,LILY ST,WILLIAM ST,4,0,0,2019,2020,49.273774,-123.064568,0.0,False
VANCOUVER,LIME ST,W 49TH AVE,1,0,0,2020,2020,49.227193,-123.157648,0.0,False
VANCOUVER,LIMEWOOD PL,MATHESON CRES,2,0,0,2021,2022,49.211901,-123.025628,0.0,False
VANCOUVER,LIONS GATE BRIDGE,STANLEY PARK CAUSEWAY,3,0,0,2018,2022,49.311996,-123.141757,0.0,False
VANCOUVER,LIONS GATE BRIDGE,STANLEY PARK DR,18,0,0,2018,2022,49.31104,-123.142559,4.569595471876123,False
VANCOUVER,LOCARNO CRES,NW MARINE DR,2,0,0,2018,2021,49.268994,-123.201678,0.0,False
VANCOUVER,LOGAN ST,SW MARINE DR,11,0,0,2018,2022,49.206825,-123.125057,0.0,False
VANCOUVER,LOGAN ST,W 70TH AVE,8,0,0,2018,2022,49.208379,-123.124979,0.0,False
VANCOUVER,LONG LIFE PL,W 10TH AVE,2,0,0,2019,2022,49.26226,-123.116289,0.0,False
VANCOUVER,LORD ST,SW MARINE DR,21,0,0,2018,2022,49.209733,-123.118299,0.0,False
VANCOUVER,LORD ST,W 65TH AVE,6,0,0,2018,2022,49.211445,-123.118587,0.0,False
VANCOUVER,LOST LAGOON RD,STANLEY PARK DR,1,0,1,2021,2021,49.297163,-123.136888,0.0,False
VANCOUVER,LOUGHEED HWY,SKEENA ST,58,0,0,2018,2022,49.263485,-123.028483,0.0,True
VANCOUVER,LYNMOOR PL,MATHESON CRES,3,0,0,2018,2022,49.209655,-123.028073,0.0,False
VANCOUVER,MACDONALD ST,OLIVER CRES,5,0,1,2021,2022,49.249097,-123.167842,0.0,False
VANCOUVER,MACDONALD ST,POINT GREY RD,17,0,0,2018,2022,49.271454,-123.168167,0.0,False
VANCOUVER,MACDONALD ST,PUGET DR,1,0,0,2022,2022,49.248127,-123.167857,0.0,True
VANCOUVER,MACDONALD ST,SW MARINE DR,81,2,19,2018,2022,49.225788,-123.168416,0.0,False
VANCOUVER,MACDONALD ST,W 10TH AVE,27,2,0,2018,2022,49.263214,-123.168219,0.0,False
VANCOUVER,MACDONALD ST,W 11TH AVE,17,0,0,2018,2022,49.262339,-123.168239,0.0,True
VANCOUVER,MACDONALD ST,W 12TH AVE,35,2,2,2018,2022,49.261378,-123.168264,0.0,False
VANCOUVER,MACDONALD ST,W 13TH AVE,6,1,1,2018,2022,49.260473,-123.168292,0.0,False
VANCOUVER,MACDONALD ST,W 14TH AVE,14,0,0,2018,2022,49.259579,-123.168318,0.0,False
VANCOUVER,MACDONALD ST,W 15TH AVE,15,0,0,2018,2022,49.258662,-123.168313,0.0,False
VANCOUVER,MACDONALD ST,W 16TH AVE,190,7,1,2018,2022,49.257668,-123.168378,0.0,False
VANCOUVER,MACDONALD ST,W 17TH AVE,3,0,0,2018,2022,49.257083,-123.16834,0.0,False
VANCOUVER,MACDONALD ST,W 18TH AVE,2,0,0,2018,2019,49.256407,-123.167987,0.0,False
VANCOUVER,MACDONALD ST,W 19TH AVE,9,0,0,2018,2022,49.255507,-123.167763,0.0,False
VANCOUVER,MACDONALD ST,W 1ST AVE,12,0,1,2018,2022,49.271033,-123.168186,0.0,False
VANCOUVER,MACDONALD ST,W 20TH AVE,7,0,1,2018,2022,49.254609,-123.167774,0.0,False
VANCOUVER,MACDONALD ST,W 21ST AVE,3,0,0,2018,2021,49.253718,-123.167784,0.0,False
VANCOUVER,MACDONALD ST,W 22ND AVE,4,0,0,2018,2021,49.252793,-123.167798,0.0,False
VANCOUVER,MACDONALD ST,W 23RD AVE,5,0,0,2018,2020,49.251895,-123.167809,0.0,False
VANCOUVER,MACDONALD ST,W 24TH AVE,11,0,0,2018,2022,49.25098,-123.167821,0.0,False
VANCOUVER,MACDONALD ST,W 25TH AVE,11,0,0,2018,2022,49.248127,-123.167857,0.0,True
VANCOUVER,MACDONALD ST,W 29TH AVE,2,0,0,2019,2022,49.246109,-123.167897,0.0,True
VANCOUVER,MACDONALD ST,W 2ND AVE,10,0,0,2018,2022,49.270143,-123.16822,0.0,False
VANCOUVER,MACDONALD ST,W 30TH AVE,1,0,0,2022,2022,49.245165,-123.16792,0.0,False
VANCOUVER,MACDONALD ST,W 31ST AVE,1,0,0,2019,2019,49.2442,-123.167901,0.0,False
VANCOUVER,MACDONALD ST,W 33RD AVE,2,0,0,2019,2022,49.24229,-123.167946,0.0,False
VANCOUVER,MACDONALD ST,W 34TH AVE,1,0,1,2021,2021,49.241355,-123.168024,0.0,False
VANCOUVER,MACDONALD ST,W 36TH AVE,1,0,0,2021,2021,49.239447,-123.168074,0.0,False
VANCOUVER,MACDONALD ST,W 37TH AVE,3,0,1,2018,2022,49.238519,-123.168069,0.0,False
VANCOUVER,MACDONALD ST,W 3RD AVE,13,0,1,2018,2022,49.269247,-123.168254,0.0,False
VANCOUVER,MACDONALD ST,W 41ST AVE,27,1,1,2018,2022,49.234729,-123.167394,0.0,False
VANCOUVER,MACDONALD ST,W 42ND AVE,2,0,0,2022,2022,49.233752,-123.167395,0.0,False
VANCOUVER,MACDONALD ST,W 43RD AVE,2,0,0,2018,2020,49.232824,-123.16741,0.0,False
VANCOUVER,MACDONALD ST,W 45TH AVE,4,0,2,2018,2021,49.231001,-123.167425,0.0,False
VANCOUVER,MACDONALD ST,W 47TH AVE,1,0,0,2022,2022,49.229302,-123.167446,0.0,False
VANCOUVER,MACDONALD ST,W 49TH AVE,83,0,6,2018,2022,49.227315,-123.16743,0.0,False
VANCOUVER,MACDONALD ST,W 4TH AVE,228,4,2,2018,2022,49.26838,-123.168279,0.0,False
VANCOUVER,MACDONALD ST,W 50TH AVE,1,0,0,2022,2022,49.22666,-123.167852,0.0,False
VANCOUVER,MACDONALD ST,W 53RD AVE,1,0,0,2020,2020,49.223351,-123.168374,0.0,False
VANCOUVER,MACDONALD ST,W 5TH AVE,22,0,0,2018,2022,49.267464,-123.168324,0.0,False
VANCOUVER,MACDONALD ST,W 6TH AVE,14,0,0,2018,2022,49.266636,-123.168358,0.0,False
VANCOUVER,MACDONALD ST,W 7TH AVE,8,0,0,2021,2022,49.265801,-123.168393,0.0,False
VANCOUVER,MACDONALD ST,W 8TH AVE,25,0,2,2018,2022,49.264979,-123.168404,0.0,False
VANCOUVER,MACDONALD ST,W BROADWAY,290,10,1,2018,2022,49.26408,-123.16816,0.0,False
VANCOUVER,MACDONALD ST,W KING EDWARD AVE,90,2,1,2018,2022,49.248127,-123.167857,0.0,True
VANCOUVER,MACKENZIE PL,W 49TH AVE,2,0,0,2018,2019,49.227337,-123.170281,0.0,False
VANCOUVER,MACKENZIE ST,QUESNEL DR,2,0,0,2022,2022,49.247939,-123.170202,0.0,False
VANCOUVER,MACKENZIE ST,W 10TH AVE,29,4,1,2018,2022,49.263242,-123.170152,0.0,False
VANCOUVER,MACKENZIE ST,W 11TH AVE,5,0,0,2020,2022,49.262307,-123.170205,0.0,False
VANCOUVER,MACKENZIE ST,W 12TH AVE,5,0,0,2019,2022,49.261396,-123.170251,0.0,False
VANCOUVER,MACKENZIE ST,W 13TH AVE,1,0,0,2018,2018,49.260507,-123.170308,0.0,False
VANCOUVER,MACKENZIE ST,W 15TH AVE,3,1,0,2019,2021,49.258694,-123.170412,0.0,False
VANCOUVER,MACKENZIE ST,W 16TH AVE,16,0,0,2018,2022,49.2577,-123.170425,0.0,False
VANCOUVER,MACKENZIE ST,W 17TH AVE,1,0,0,2022,2022,49.257106,-123.170149,0.0,False
VANCOUVER,MACKENZIE ST,W 18TH AVE,1,0,0,2021,2021,49.256445,-123.170086,0.0,False
VANCOUVER,MACKENZIE ST,W 21ST AVE,1,0,0,2020,2020,49.25371,-123.170111,0.0,False
VANCOUVER,MACKENZIE ST,W 22ND AVE,1,0,0,2022,2022,49.252806,-123.17015,0.0,False
VANCOUVER,MACKENZIE ST,W 24TH AVE,1,0,0,2018,2018,49.250995,-123.170137,0.0,False
VANCOUVER,MACKENZIE ST,W 28TH AVE,1,0,0,2019,2019,49.247039,-123.170179,0.0,False
VANCOUVER,MACKENZIE ST,W 29TH AVE,2,0,0,2021,2022,49.246124,-123.170207,0.0,False
VANCOUVER,MACKENZIE ST,W 30TH AVE,2,0,0,2018,2020,49.245159,-123.170186,0.0,False
VANCOUVER,MACKENZIE ST,W 31ST AVE,1,0,0,2020,2020,49.244208,-123.170198,0.0,False
VANCOUVER,MACKENZIE ST,W 32ND AVE,3,0,0,2020,2022,49.243246,-123.170208,0.0,False
VANCOUVER,MACKENZIE ST,W 33RD AVE,54,4,0,2018,2022,49.242335,-123.170218,0.0,False
VANCOUVER,MACKENZIE ST,W 34TH AVE,1,0,0,2020,2020,49.241352,-123.170244,0.0,False
VANCOUVER,MACKENZIE ST,W 35TH AVE,1,0,0,2022,2022,49.240432,-123.170248,0.0,False
VANCOUVER,MACKENZIE ST,W 36TH AVE,2,0,0,2021,2022,49.239461,-123.170243,0.0,False
VANCOUVER,MACKENZIE ST,W 37TH AVE,13,0,2,2018,2022,49.238532,-123.170254,0.0,False
VANCOUVER,MACKENZIE ST,W 38TH AVE,4,0,0,2018,2022,49.237568,-123.170255,0.0,False
VANCOUVER,MACKENZIE ST,W 39TH AVE,6,0,0,2019,2022,49.236597,-123.170259,0.0,False
VANCOUVER,MACKENZIE ST,W 41ST AVE,44,0,0,2018,2022,49.234719,-123.170253,0.0,False
VANCOUVER,MACKENZIE ST,W 42ND AVE,3,1,0,2018,2021,49.233756,-123.170286,0.0,False
VANCOUVER,MACKENZIE ST,W 43RD AVE,3,1,0,2018,2021,49.23277,-123.170294,0.0,False
VANCOUVER,MACKENZIE ST,W 44TH AVE,2,0,0,2021,2022,49.231908,-123.170298,0.0,False
VANCOUVER,MACKENZIE ST,W 45TH AVE,4,0,0,2018,2021,49.230997,-123.170303,0.0,False
VANCOUVER,MACKENZIE ST,W BROADWAY,32,0,0,2018,2022,49.264093,-123.170073,0.0,False
VANCOUVER,MACKIE ST,W 39TH AVE,1,0,0,2019,2019,49.235644,-123.109348,0.0,False
VANCOUVER,MACLURE MEWS,W 33RD AVE,3,0,0,2018,2022,49.242084,-123.15158,0.0,False
VANCOUVER,MAGNOLIA ST,W 29TH AVE,1,0,0,2019,2019,49.245796,-123.149825,0.0,False
VANCOUVER,MAIN ST,MAIN ST OFFRAMP,4,0,0,2019,2022,49.276783,-123.099854,0.0,True
VANCOUVER,MAIN ST,MAIN ST ONRAMP,1,0,0,2018,2018,49.277633,-123.099816,0.0,True
VANCOUVER,MAIN ST,MILROSS AVE,21,1,1,2018,2022,49.276037,-123.099957,0.0,False
VANCOUVER,MAIN ST,NATIONAL AVE,125,9,5,2018,2022,49.274934,-123.099923,0.0,False
VANCOUVER,MAIN ST,ONTARIO PL,3,0,0,2018,2022,49.232522,-123.101488,0.0,False
VANCOUVER,MAIN ST,POWELL ST,73,5,1,2018,2022,49.283192,-123.09956,0.0,False
VANCOUVER,MAIN ST,PRIOR ST,150,5,3,2018,2022,49.276783,-123.099854,0.0,True
VANCOUVER,MAIN ST,SE MARINE DR,476,7,4,2018,2022,49.211099,-123.102224,0.0,False
VANCOUVER,MAIN ST,SWITCHMEN ST,18,0,0,2018,2022,49.270919,-123.100633,0.0,False
VANCOUVER,MAIN ST,TERMINAL AVE,635,29,10,2018,2022,49.272815,-123.100019,0.0,True
VANCOUVER,MAIN ST,UNION ST,144,5,14,2018,2022,49.277633,-123.099816,0.0,True
VANCOUVER,MAIN ST,WATERFRONT RD,29,0,1,2018,2022,49.284855,-123.099176,0.0,True
VANCOUVER,MAIN ST,WATSON ST,1,0,0,2018,2018,49.254379,-123.100843,0.0,False
VANCOUVER,MAIN ST OFFRAMP,PRIOR ST,2,0,0,2019,2020,49.276783,-123.099854,0.0,True
VANCOUVER,MAIN ST OFFRAMP,QUEBEC ST,2,0,0,2019,2019,49.276975,-123.102138,0.0,False
VANCOUVER,MAIN ST ONRAMP,QUEBEC ST,2,0,0,2018,2019,49.277506,-123.102126,30.58286319506967,False
VANCOUVER,MAINLAND ST,NELSON ST,115,6,13,2018,2022,49.276628,-123.118973,0.0,False
VANCOUVER,MAINLAND ST,SMITHE ST,40,3,2,2018,2022,49.277772,-123.117489,0.0,True
VANCOUVER,MALI AVE,SALISH DR,2,0,0,2018,2021,49.225302,-123.198231,0.0,False
VANCOUVER,MALKIN AVE,PRIOR ST,14,0,0,2018,2022,49.276672,-123.093626,0.0,True
VANCOUVER,MALKIN AVE,RAYMUR AVE,6,0,0,2018,2022,49.27315,-123.082755,0.0,False
VANCOUVER,MALKIN AVE,THORNTON ST,3,0,0,2019,2021,49.275364,-123.091971,0.0,False
VANCOUVER,MANITOBA ST,SW MARINE DR,148,4,1,2018,2022,49.212187,-123.109974,0.0,False
VANCOUVER,MANITOBA ST,W 10TH AVE,18,0,7,2018,2022,49.262105,-123.106872,0.0,False
VANCOUVER,MANITOBA ST,W 11TH AVE,12,0,1,2018,2021,49.261213,-123.106934,0.0,False
VANCOUVER,MANITOBA ST,W 12TH AVE,23,0,0,2018,2022,49.260314,-123.106987,0.0,False
VANCOUVER,MANITOBA ST,W 13TH AVE,5,0,0,2020,2022,49.259385,-123.106987,0.0,False
VANCOUVER,MANITOBA ST,W 16TH AVE,14,1,0,2018,2022,49.256687,-123.107107,0.0,False
VANCOUVER,MANITOBA ST,W 17TH AVE,2,0,0,2018,2020,49.255697,-123.107151,0.0,False
VANCOUVER,MANITOBA ST,W 18TH AVE,2,0,0,2019,2020,49.254708,-123.107199,0.0,False
VANCOUVER,MANITOBA ST,W 19TH AVE,1,0,0,2022,2022,49.253799,-123.107232,0.0,False
VANCOUVER,MANITOBA ST,W 1ST AVE,35,0,7,2018,2022,49.270239,-123.106638,0.0,False
VANCOUVER,MANITOBA ST,W 21ST AVE,1,0,0,2019,2019,49.251914,-123.107302,0.0,False
VANCOUVER,MANITOBA ST,W 22ND AVE,1,0,1,2020,2020,49.251009,-123.107335,0.0,False
VANCOUVER,MANITOBA ST,W 23RD AVE,3,0,0,2018,2022,49.24996,-123.107399,0.0,False
VANCOUVER,MANITOBA ST,W 25TH AVE,1,0,0,2019,2019,49.248926,-123.107447,0.0,True
VANCOUVER,MANITOBA ST,W 26TH AVE,1,0,0,2019,2019,49.247798,-123.107499,0.0,False
VANCOUVER,MANITOBA ST,W 2ND AVE,178,1,0,2018,2022,49.269277,-123.106627,0.0,False
VANCOUVER,MANITOBA ST,W 37TH AVE,4,0,0,2019,2022,49.237388,-123.107925,0.0,False
VANCOUVER,MANITOBA ST,W 39TH AVE,2,0,0,2021,2022,49.235592,-123.108006,0.0,False
VANCOUVER,MANITOBA ST,W 3RD AVE,25,1,1,2018,2022,49.268344,-123.106614,0.0,False
VANCOUVER,MANITOBA ST,W 41ST AVE,21,0,1,2018,2022,49.233249,-123.108135,0.0,False
VANCOUVER,MANITOBA ST,W 42ND AVE,3,0,2,2019,2020,49.232278,-123.108161,0.0,False
VANCOUVER,MANITOBA ST,W 43RD AVE,1,0,0,2021,2021,49.231358,-123.108184,0.0,False
VANCOUVER,MANITOBA ST,W 44TH AVE,2,0,0,2018,2021,49.230458,-123.108223,0.0,False
VANCOUVER,MANITOBA ST,W 45TH AVE,2,0,0,2020,2020,49.229533,-123.108236,0.0,False
VANCOUVER,MANITOBA ST,W 46TH AVE,1,0,0,2018,2018,49.228612,-123.108325,0.0,False
VANCOUVER,MANITOBA ST,W 48TH AVE,3,0,0,2018,2022,49.226805,-123.108351,0.0,False
VANCOUVER,MANITOBA ST,W 49TH AVE,29,0,2,2018,2022,49.22581,-123.108393,0.0,False
VANCOUVER,MANITOBA ST,W 4TH AVE,16,0,0,2018,2022,49.267409,-123.106675,0.0,False
VANCOUVER,MANITOBA ST,W 59TH AVE,6,0,0,2018,2021,49.21686,-123.109798,0.0,False
VANCOUVER,MANITOBA ST,W 5TH AVE,22,0,1,2018,2022,49.266529,-123.106688,0.0,False
VANCOUVER,MANITOBA ST,W 60TH AVE,1,0,0,2019,2019,49.215991,-123.109838,0.0,False
VANCOUVER,MANITOBA ST,W 61ST AVE,1,0,0,2018,2018,49.215128,-123.109844,0.0,False
VANCOUVER,MANITOBA ST,W 62ND AVE,3,0,0,2019,2022,49.214246,-123.109884,0.0,False
VANCOUVER,MANITOBA ST,W 63RD AVE,12,1,2,2018,2022,49.213372,-123.109922,0.0,False
VANCOUVER,MANITOBA ST,W 64TH AVE,3,0,0,2021,2022,49.212504,-123.109955,35.27584927483375,False
VANCOUVER,MANITOBA ST,W 68TH AVE,5,0,0,2019,2022,49.21004,-123.110109,0.0,False
VANCOUVER,MANITOBA ST,W 69TH AVE,4,0,0,2019,2021,49.209523,-123.11013,0.0,False
VANCOUVER,MANITOBA ST,W 6TH AVE,22,1,2,2018,2022,49.265603,-123.106753,0.0,False
VANCOUVER,MANITOBA ST,W 70TH AVE,2,0,0,2018,2022,49.208655,-123.110163,0.0,False
VANCOUVER,MANITOBA ST,W 71ST AVE,1,0,0,2022,2022,49.207406,-123.110211,0.0,False
VANCOUVER,MANITOBA ST,W 7TH AVE,35,0,1,2018,2022,49.2647,-123.106786,0.0,False
VANCOUVER,MANITOBA ST,W 8TH AVE,18,1,0,2018,2022,49.263801,-123.106801,0.0,False
VANCOUVER,MANITOBA ST,W BROADWAY,87,2,2,2018,2022,49.263048,-123.106831,0.0,False
VANCOUVER,MANITOBA ST,W KENT AVE N,13,0,3,2018,2022,49.206864,-123.110231,0.0,False
VANCOUVER,MANITOBA ST,W KENT AVE S,3,0,0,2018,2022,49.206394,-123.109217,0.0,False
VANCOUVER,MANITOBA ST,W KING EDWARD AVE,26,0,0,2018,2022,49.248926,-123.107447,0.0,True
VANCOUVER,MANITOBA ST,W WOODSTOCK AVE,1,0,0,2020,2020,49.233793,-123.108094,0.0,False
VANCOUVER,MANITOBA ST,WALTER HARDWICK AVE,13,0,0,2018,2022,49.27093,-123.106634,0.0,False
VANCOUVER,MANNERING AVE,NANAIMO ST,5,0,0,2018,2022,49.24065,-123.058688,0.0,False
VANCOUVER,MANNERING AVE,VICTORIA DR,7,0,0,2018,2022,49.240684,-123.065349,0.0,False
VANCOUVER,MANOR ST,VANNESS AVE,1,0,1,2021,2021,49.241501,-123.039725,0.0,False
VANCOUVER,MANOR ST,WELLINGTON AVE,2,0,0,2018,2020,49.243335,-123.038108,0.0,False
VANCOUVER,MANSON ST,W 39TH AVE,1,0,0,2019,2019,49.235505,-123.119312,0.0,False
VANCOUVER,MANSON ST,W 41ST AVE,17,0,0,2018,2022,49.233722,-123.119391,0.0,False
VANCOUVER,MAPLE CRES,NANTON AVE,2,0,0,2018,2021,49.247596,-123.149943,0.0,False
VANCOUVER,MAPLE CRES,W 30TH AVE,1,0,0,2021,2021,49.244659,-123.147694,0.0,False
VANCOUVER,MAPLE CRES,W KING EDWARD AVE,11,0,0,2018,2022,49.250876,-123.151443,0.0,False
VANCOUVER,MAPLE ST,MCNICOLL AVE,2,0,0,2019,2020,49.27625,-123.150073,0.0,False
VANCOUVER,MAPLE ST,NANTON AVE,1,0,1,2022,2022,49.247644,-123.151832,0.0,False
VANCOUVER,MAPLE ST,OGDEN AVE,3,0,0,2019,2022,49.27722,-123.149974,0.0,False
VANCOUVER,MAPLE ST,W 10TH AVE,10,0,1,2018,2022,49.262824,-123.150574,0.0,False
VANCOUVER,MAPLE ST,W 11TH AVE,10,0,1,2018,2021,49.261904,-123.150603,0.0,False
VANCOUVER,MAPLE ST,W 12TH AVE,18,0,3,2018,2022,49.261011,-123.150634,0.0,False
VANCOUVER,MAPLE ST,W 13TH AVE,3,0,0,2020,2022,49.260018,-123.150671,0.0,False
VANCOUVER,MAPLE ST,W 14TH AVE,2,0,0,2018,2019,49.259118,-123.150692,0.0,False
VANCOUVER,MAPLE ST,W 15TH AVE,1,0,0,2020,2020,49.258171,-123.150743,0.0,False
VANCOUVER,MAPLE ST,W 16TH AVE,9,0,0,2018,2022,49.257253,-123.150768,0.0,False
VANCOUVER,MAPLE ST,W 1ST AVE,21,0,4,2018,2022,49.270744,-123.150322,0.0,False
VANCOUVER,MAPLE ST,W 28TH AVE,1,0,0,2020,2020,49.246722,-123.151854,0.0,False
VANCOUVER,MAPLE ST,W 2ND AVE,9,0,0,2018,2022,49.269864,-123.150352,0.0,False
VANCOUVER,MAPLE ST,W 35TH AVE,6,0,0,2018,2022,49.240046,-123.151856,0.0,False
VANCOUVER,MAPLE ST,W 37TH AVE,5,0,0,2018,2022,49.238236,-123.151947,0.0,False
VANCOUVER,MAPLE ST,W 39TH AVE,3,0,0,2019,2022,49.236395,-123.152001,0.0,False
VANCOUVER,MAPLE ST,W 3RD AVE,21,1,0,2018,2022,49.268989,-123.150354,0.0,False
VANCOUVER,MAPLE ST,W 41ST AVE,92,0,1,2018,2022,49.234531,-123.152071,0.0,False
VANCOUVER,MAPLE ST,W 42ND AVE,21,0,0,2018,2022,49.233547,-123.152076,0.0,False
VANCOUVER,MAPLE ST,W 43RD AVE,24,0,0,2018,2022,49.232655,-123.152113,0.0,False
VANCOUVER,MAPLE ST,W 44TH AVE,2,0,0,2022,2022,49.231786,-123.152146,0.0,False
VANCOUVER,MAPLE ST,W 45TH AVE,9,0,0,2018,2022,49.230813,-123.152185,0.0,False
VANCOUVER,MAPLE ST,W 46TH AVE,1,0,0,2018,2018,49.229803,-123.152224,0.0,False
VANCOUVER,MAPLE ST,W 48TH AVE,1,0,0,2018,2018,49.228074,-123.152293,0.0,False
VANCOUVER,MAPLE ST,W 49TH AVE,14,0,1,2018,2022,49.227129,-123.152329,0.0,False
VANCOUVER,MAPLE ST,W 4TH AVE,132,4,1,2018,2022,49.268081,-123.150389,0.0,False
VANCOUVER,MAPLE ST,W 50TH AVE,1,0,0,2018,2018,49.225811,-123.152342,0.0,False
VANCOUVER,MAPLE ST,W 59TH AVE,1,0,0,2019,2019,49.218107,-123.152484,0.0,False
VANCOUVER,MAPLE ST,W 5TH AVE,13,0,0,2018,2022,49.267216,-123.150419,0.0,False
VANCOUVER,MAPLE ST,W 60TH AVE,1,0,0,2022,2022,49.217196,-123.15253,0.0,False
VANCOUVER,MAPLE ST,W 6TH AVE,5,0,1,2018,2022,49.266375,-123.150439,0.0,False
VANCOUVER,MAPLE ST,W 7TH AVE,1,0,0,2022,2022,49.265529,-123.150477,0.0,False
VANCOUVER,MAPLE ST,W 8TH AVE,5,1,0,2018,2021,49.26471,-123.150515,0.0,False
VANCOUVER,MAPLE ST,W 9TH AVE,1,0,0,2018,2018,49.263782,-123.150543,0.0,True
VANCOUVER,MAPLE ST,W BROADWAY,82,3,0,2018,2022,49.263782,-123.150543,0.0,True
VANCOUVER,MAPLE ST,WHYTE AVE,5,0,1,2019,2022,49.275371,-123.150102,0.0,False
VANCOUVER,MAPLE ST,YORK AVE,11,0,3,2018,2022,49.271612,-123.150292,0.0,False
VANCOUVER,MARGUERITE ST,MATTHEWS AVE,3,0,0,2018,2020,49.251859,-123.14357,0.0,False
VANCOUVER,MARGUERITE ST,NANTON AVE,13,0,0,2018,2022,49.247506,-123.144728,0.0,False
VANCOUVER,MARGUERITE ST,W 29TH AVE,2,0,0,2018,2019,49.245514,-123.143977,0.0,False
VANCOUVER,MARGUERITE ST,W 33RD AVE,8,0,0,2018,2022,49.241965,-123.144122,0.0,False
VANCOUVER,MARGUERITE ST,W 35TH AVE,1,0,0,2022,2022,49.239898,-123.144204,0.0,False
VANCOUVER,MARGUERITE ST,W 36TH AVE,1,0,0,2018,2018,49.239023,-123.144234,0.0,False
VANCOUVER,MARGUERITE ST,W 37TH AVE,3,0,1,2020,2022,49.23812,-123.144265,0.0,False
VANCOUVER,MARGUERITE ST,W 38TH AVE,1,0,0,2020,2020,49.236917,-123.144637,0.0,False
VANCOUVER,MARGUERITE ST,W 41ST AVE,9,0,0,2018,2021,49.234413,-123.144722,0.0,False
VANCOUVER,MARGUERITE ST,W 43RD AVE,3,0,0,2020,2021,49.232542,-123.144786,0.0,False
VANCOUVER,MARGUERITE ST,W 49TH AVE,8,0,0,2018,2022,49.227028,-123.144984,0.0,False
VANCOUVER,MARGUERITE ST,W 52ND AVE,1,0,0,2019,2019,49.224141,-123.145107,0.0,False
VANCOUVER,MARGUERITE ST,W 54TH AVE,2,0,0,2019,2021,49.221765,-123.145206,0.0,False
VANCOUVER,MARGUERITE ST,W 57TH AVE,1,0,0,2022,2022,49.219417,-123.145305,0.0,False
VANCOUVER,MARGUERITE ST,W KING EDWARD AVE,21,0,0,2018,2022,49.249505,-123.144631,0.0,False
VANCOUVER,MARINASIDE CRES,PACIFIC BLVD,7,0,0,2018,2021,49.274156,-123.115036,0.0,True
VANCOUVER,MARINE CRES,SW MARINE DR,6,0,1,2018,2022,49.224215,-123.163984,0.0,False
VANCOUVER,MARINE CRES,W 49TH AVE,3,0,0,2019,2022,49.227301,-123.165297,0.0,False
VANCOUVER,MARINE CRES,W 51ST AVE,1,0,0,2021,2021,49.225086,-123.163853,0.0,False
VANCOUVER,MARINE WAY,RIVER DISTRICT CROSSING,33,1,0,2018,2022,49.206832,-123.030864,0.0,False
VANCOUVER,MARINE WAY,SAWMILL CRES,76,3,0,2018,2022,49.206374,-123.027165,0.0,False
VANCOUVER,MARINE WAY,SE MARINE DR,104,1,0,2018,2022,49.207883,-123.038868,0.0,False
VANCOUVER,MARINER WALK,W 2ND AVE,6,0,2,2018,2022,49.269682,-123.139144,0.0,False
VANCOUVER,MARKET HILL,MOBERLY RD,1,0,0,2018,2018,49.266679,-123.119364,0.0,False
VANCOUVER,MARPOLE AVE,MCRAE AVE,8,0,0,2018,2022,49.25716,-123.138247,6.485848363776781,False
VANCOUVER,MARPOLE AVE,PINE CRES,3,0,0,2018,2020,49.255703,-123.142358,0.0,False
VANCOUVER,MARPOLE AVE,W 15TH AVE,7,0,1,2018,2022,49.257963,-123.136307,0.0,True
VANCOUVER,MARPOLE AVE,W 16TH AVE,6,0,0,2018,2022,49.257053,-123.138793,0.0,True
VANCOUVER,MARPOLE LOOP,SW MARINE DR,1,0,0,2021,2021,49.203248,-123.134232,0.0,False
VANCOUVER,MARSTRAND AVE,VINE ST,5,0,0,2018,2020,49.262476,-123.157687,0.0,False
VANCOUVER,MARSTRAND AVE,YEW ST,2,0,0,2018,2019,49.262432,-123.155352,0.0,False
VANCOUVER,MATAPAN CRES,SKEENA ST,4,0,0,2019,2022,49.257269,-123.028537,0.0,False
VANCOUVER,MATHESON CRES,NAPLES WAY,3,0,0,2018,2018,49.209179,-123.029081,0.0,False
VANCOUVER,MATHESON CRES,NORTHUMBERLAND AVE,2,0,0,2019,2022,49.215473,-123.025439,0.0,False
VANCOUVER,MATHESON CRES,RAINTREE CRT,1,0,0,2020,2020,49.214374,-123.025562,0.0,False
VANCOUVER,MATHESON CRES,RUMBLE AVE,3,0,0,2019,2020,49.214819,-123.025561,0.0,False
VANCOUVER,MATHESON CRES,SE MARINE DR,32,2,0,2018,2022,49.208093,-123.030897,0.0,False
VANCOUVER,MATHESON CRES,TALON SQ,1,0,0,2021,2021,49.217415,-123.025078,0.0,True
VANCOUVER,MATHESON CRES,TOBA PL,1,0,0,2020,2020,49.217866,-123.025126,0.0,False
VANCOUVER,MATTHEWS AVE,SELKIRK ST,1,0,0,2021,2021,49.253656,-123.13287,0.0,False
VANCOUVER,MATTHEWS AVE,WOLFE AVE,6,0,0,2018,2022,49.253671,-123.128697,0.0,False
VANCOUVER,MAXINE LANE,THURLOW ST,13,1,1,2018,2022,49.279335,-123.132781,0.0,False
VANCOUVER,MCBAIN AVE,VALLEY DR,1,0,0,2022,2022,49.248843,-123.158629,0.0,False
VANCOUVER,MCBAIN AVE,W KING EDWARD AVE,1,0,0,2022,2022,49.250217,-123.157869,0.0,False
VANCOUVER,MCCLEERY ST,W 47TH AVE,1,0,0,2020,2020,49.229317,-123.168929,0.0,False
VANCOUVER,MCCLEERY ST,W 49TH AVE,2,0,0,2020,2022,49.227327,-123.16894,0.0,False
VANCOUVER,MCGEER ST,QUEENS AVE,1,0,0,2019,2019,49.239983,-123.032812,0.0,False
VANCOUVER,MCGEER ST,VANNESS AVE,2,0,0,2018,2019,49.239047,-123.033723,0.0,False
VANCOUVER,MCGEER ST,WELLINGTON AVE,1,0,0,2022,2022,49.240815,-123.032031,0.0,False
VANCOUVER,MCGILL ST,MCGILL ST OFFRAMP,4,0,0,2018,2022,49.287032,-123.031028,0.0,True
VANCOUVER,MCGILL ST,N BOUNDARY RD,2,0,0,2019,2020,49.288682,-123.023506,0.0,False
VANCOUVER,MCGILL ST,N GARDEN DR,1,0,0,2022,2022,49.288414,-123.057726,0.0,False
VANCOUVER,MCGILL ST,N KAMLOOPS ST,12,0,0,2018,2022,49.288734,-123.054549,0.0,False
VANCOUVER,MCGILL ST,N KASLO ST,19,0,0,2018,2022,49.288718,-123.046701,0.0,False
VANCOUVER,MCGILL ST,N KOOTENAY ST,1,0,0,2018,2018,49.288691,-123.025697,0.0,False
VANCOUVER,MCGILL ST,N NANAIMO ST,32,0,0,2018,2022,49.288646,-123.056303,0.0,False
VANCOUVER,MCGILL ST,N PENTICTON ST,21,0,0,2018,2022,49.288715,-123.051941,0.0,False
VANCOUVER,MCGILL ST,N RENFREW ST,65,2,1,2018,2022,49.288721,-123.044048,0.0,False
VANCOUVER,MCGILL ST,N SLOCAN ST,22,1,0,2018,2022,49.288713,-123.049315,0.0,False
VANCOUVER,MCGILL ST,WALL ST,4,0,0,2019,2022,49.288799,-123.041358,0.0,False
VANCOUVER,MCGILL ST OFFRAMP,TRANS-CANADA HWY,1,0,0,2018,2018,49.287032,-123.031028,0.0,True
VANCOUVER,MCGILL ST OFFRAMP,TRANS-CANADA HWY OFFRAMP,1,0,0,2021,2021,49.287032,-123.031028,0.0,True
VANCOUVER,MCGILL ST ONRAMP,SECOND NARROWS BRIDGE,7,0,0,2018,2021,49.287032,-123.031028,0.0,True
VANCOUVER,MCGILL ST ONRAMP,TRANS-CANADA HWY ONRAMP,1,0,0,2020,2020,49.287032,-123.031028,0.0,True
VANCOUVER,MCHARDY ST,MONMOUTH AVE,1,0,0,2020,2020,49.242059,-123.032185,0.0,False
VANCOUVER,MCHARDY ST,PRICE ST,2,0,0,2020,2022,49.242925,-123.031374,0.0,False
VANCOUVER,MCHARDY ST,QUEENS AVE,2,0,0,2021,2022,49.240401,-123.033811,0.0,False
VANCOUVER,MCHARDY ST,VANNESS AVE,4,0,0,2018,2022,49.239433,-123.034662,0.0,False
VANCOUVER,MCHARDY ST,WELLINGTON AVE,1,0,0,2019,2019,49.241217,-123.033001,0.0,False
VANCOUVER,MCLEAN DR,NAPIER ST,1,0,0,2019,2019,49.274893,-123.074467,0.0,False
VANCOUVER,MCLEAN DR,PARKER ST,1,0,0,2018,2018,49.275812,-123.074443,0.0,False
VANCOUVER,MCLEAN DR,POWELL ST,42,2,1,2018,2022,49.283238,-123.074053,0.0,False
VANCOUVER,MCLEAN DR,VENABLES ST,28,0,1,2018,2022,49.276726,-123.07431,0.0,False
VANCOUVER,MCLEAN DR,WILLIAM ST,1,0,0,2018,2018,49.273996,-123.074471,0.0,False
VANCOUVER,MCMULLEN AVE,VALLEY DR,2,0,0,2020,2020,49.247958,-123.157992,0.0,False
VANCOUVER,MCRAE AVE,THE CRESCENT,2,0,0,2020,2021,49.256259,-123.13597,0.0,False
VANCOUVER,MELBOURNE ST,VANNESS AVE,6,0,0,2019,2022,49.236538,-123.028137,0.0,False
VANCOUVER,MELVILLE ST,THURLOW ST,94,5,1,2018,2022,49.286463,-123.121986,0.0,False
VANCOUVER,MELVILLE ST,W PENDER ST,15,1,1,2018,2021,49.289204,-123.126187,0.0,False
VANCOUVER,MIDLOTHIAN AVE,W 33RD AVE,3,0,0,2019,2022,49.240779,-123.106629,0.0,False
VANCOUVER,MIDLOTHIAN AVE,YUKON ST,1,0,0,2019,2019,49.245104,-123.112364,0.0,True
VANCOUVER,MILLER DR,N RENFREW ST,3,0,0,2019,2022,49.286716,-123.044061,0.0,True
VANCOUVER,MILROSS AVE,QUEBEC ST,15,0,0,2018,2022,49.276079,-123.10212,0.0,False
VANCOUVER,MILTON ST,RAND AVE,2,0,0,2020,2022,49.204723,-123.141381,0.0,False
VANCOUVER,MILTON ST,SW MARINE DR,108,0,1,2018,2022,49.205303,-123.140462,0.0,True
VANCOUVER,MILTON ST,W 75TH AVE,5,0,0,2018,2022,49.204223,-123.141597,0.0,False
VANCOUVER,MOBERLY RD,STAMPS LANDING,1,0,0,2019,2019,49.268637,-123.117933,0.0,False
VANCOUVER,MOBERLY RD,STARBOARD SQ,2,0,0,2018,2020,49.268166,-123.117468,0.0,False
VANCOUVER,MOBERLY RD,W 6TH AVE,50,5,3,2018,2022,49.265912,-123.120548,0.0,False
VANCOUVER,MONMOUTH AVE,PAYNE ST,1,0,0,2020,2020,49.240485,-123.028297,0.0,False
VANCOUVER,MONMOUTH AVE,RUBY ST,2,0,0,2018,2022,49.239696,-123.026328,0.0,False
VANCOUVER,MONS DR,NORMANDY DR,3,0,0,2019,2021,49.253428,-123.030194,0.0,False
VANCOUVER,MONS DR,WORTHINGTON DR,8,0,0,2018,2022,49.254029,-123.029301,0.0,False
VANCOUVER,MONTCALM ST,RICHELIEU AVE,1,0,0,2018,2018,49.257059,-123.130304,0.0,True
VANCOUVER,MONTCALM ST,SW MARINE DR,9,0,1,2018,2022,49.203951,-123.136782,0.0,False
VANCOUVER,MONTCALM ST,W 15TH AVE,3,0,0,2018,2022,49.257863,-123.130278,0.0,False
VANCOUVER,MONTCALM ST,W 16TH AVE,5,0,0,2018,2022,49.257059,-123.130304,0.0,True
VANCOUVER,MONTCALM ST,W 62ND AVE,2,0,0,2019,2019,49.21497,-123.13555,0.0,False
VANCOUVER,MONTCALM ST,W 67TH AVE,1,0,0,2022,2022,49.210813,-123.13568,0.0,False
VANCOUVER,MONTCALM ST,W 70TH AVE,21,0,0,2018,2022,49.20856,-123.135963,0.0,False
VANCOUVER,MONTCALM ST,W 71ST AVE,7,2,0,2018,2022,49.207001,-123.136199,0.0,False
VANCOUVER,MONTCALM ST,W 72ND AVE,2,0,0,2018,2022,49.205727,-123.136243,0.0,False
VANCOUVER,MONTCALM ST,W 73RD AVE,7,0,0,2018,2022,49.204547,-123.136357,0.0,False
VANCOUVER,MONTGOMERY ST,W 41ST AVE,2,0,0,2020,2022,49.234073,-123.131852,0.0,False
VANCOUVER,MONTGOMERY ST,W 42ND AVE,2,0,0,2018,2021,49.233124,-123.131883,0.0,False
VANCOUVER,MONTGOMERY ST,W 43RD AVE,2,0,0,2018,2019,49.23221,-123.131909,0.0,False
VANCOUVER,MONTGOMERY ST,W 45TH AVE,2,0,0,2019,2021,49.230347,-123.131973,0.0,False
VANCOUVER,MONTGOMERY ST,W 46TH AVE,2,0,0,2018,2019,49.22942,-123.132002,0.0,False
VANCOUVER,MONTGOMERY ST,W 49TH AVE,17,1,1,2018,2022,49.226679,-123.131917,0.0,False
VANCOUVER,MONTGOMERY ST,W 52ND AVE,2,0,0,2019,2019,49.223961,-123.13201,0.0,False
VANCOUVER,MOSS ST,VANNESS AVE,1,0,0,2018,2018,49.242648,-123.042538,0.0,False
VANCOUVER,MUIRFIELD DR,SCARBORO AVE,1,0,0,2018,2018,49.212901,-123.057423,0.0,False
VANCOUVER,MUSQUEAM AVE,SALISH DR,1,0,0,2019,2019,49.223712,-123.198907,0.0,False
VANCOUVER,MUSQUEAM DR,STAULO CRES,1,0,0,2019,2019,49.230242,-123.20396,0.0,False
VANCOUVER,N GARDEN DR,OXFORD ST,2,0,0,2020,2022,49.285705,-123.05775,0.0,False
VANCOUVER,N KAMLOOPS ST,OXFORD ST,1,0,0,2018,2018,49.285689,-123.054577,0.0,False
VANCOUVER,N KAMLOOPS ST,YALE ST,1,0,0,2021,2021,49.290734,-123.054564,0.0,False
VANCOUVER,N KASLO ST,OXFORD ST,1,0,0,2021,2021,49.285671,-123.046701,0.0,False
VANCOUVER,N KASLO ST,TRINITY ST,1,0,0,2019,2019,49.289703,-123.046685,0.0,False
VANCOUVER,N KASLO ST,YALE ST,1,0,0,2019,2019,49.290712,-123.046679,0.0,False
VANCOUVER,N KOOTENAY ST,OXFORD ST,3,0,1,2018,2021,49.285677,-123.025705,0.0,False
VANCOUVER,N LAKEWOOD DR,OXFORD ST,1,0,1,2021,2021,49.285717,-123.061615,0.0,False
VANCOUVER,N NANAIMO ST,OXFORD ST,16,1,0,2018,2022,49.285694,-123.056527,0.0,False
VANCOUVER,N NANAIMO ST,TRINITY ST,1,0,0,2020,2020,49.289709,-123.056524,0.0,False
VANCOUVER,N NANAIMO ST,WALL ST,3,0,0,2019,2022,49.290725,-123.056437,0.0,False
VANCOUVER,N PENTICTON ST,OXFORD ST,1,0,0,2021,2021,49.285689,-123.051964,0.0,False
VANCOUVER,N PENTICTON ST,TRINITY ST,3,0,0,2018,2020,49.289706,-123.05197,0.0,False
VANCOUVER,N RENFREW ST,OXFORD ST,2,0,0,2018,2018,49.285664,-123.044053,0.0,False
VANCOUVER,N RENFREW ST,TRINITY ST,1,0,0,2021,2021,49.289701,-123.044046,0.0,False
VANCOUVER,N RENFREW ST,WALL ST,1,0,0,2020,2020,49.291071,-123.044056,0.0,False
VANCOUVER,N SLOCAN ST,OXFORD ST,1,0,0,2021,2021,49.285677,-123.049319,0.0,False
VANCOUVER,N SLOCAN ST,TRINITY ST,1,0,0,2019,2019,49.289703,-123.049301,0.0,False
VANCOUVER,N SLOCAN ST,WALL ST,1,0,0,2019,2019,49.292139,-123.04928,0.0,False
VANCOUVER,N SLOCAN ST,YALE ST,1,0,0,2020,2020,49.29071,-123.049292,0.0,False
VANCOUVER,N TEMPLETON DR,OXFORD ST,2,0,0,2020,2021,49.285712,-123.059709,0.0,False
VANCOUVER,NANAIMO ST,NAPIER ST,12,0,0,2018,2022,49.27487,-123.056575,0.0,False
VANCOUVER,NANAIMO ST,NEWPORT AVE,2,0,0,2018,2019,49.215269,-123.059358,0.0,False
VANCOUVER,NANAIMO ST,PANDORA ST,13,2,0,2018,2022,49.282995,-123.056534,0.0,False
VANCOUVER,NANAIMO ST,PARKER ST,3,0,0,2019,2021,49.275733,-123.056571,0.0,False
VANCOUVER,NANAIMO ST,QUALICUM DR,1,0,0,2018,2018,49.212371,-123.059449,0.0,False
VANCOUVER,NANAIMO ST,RIVERWOOD WAY,2,0,0,2019,2022,49.206304,-123.059569,0.0,False
VANCOUVER,NANAIMO ST,SCARBORO AVE,3,0,0,2018,2022,49.213351,-123.059401,0.0,False
VANCOUVER,NANAIMO ST,SE MARINE DR,14,0,0,2019,2022,49.207506,-123.059545,0.0,False
VANCOUVER,NANAIMO ST,SOUTH SHORE CRES,1,0,0,2018,2018,49.207027,-123.059557,0.0,False
VANCOUVER,NANAIMO ST,ST LAWRENCE ST,7,0,0,2019,2022,49.24343,-123.056618,0.0,False
VANCOUVER,NANAIMO ST,TRIUMPH ST,16,0,0,2018,2022,49.283903,-123.056531,0.0,False
VANCOUVER,NANAIMO ST,TURNER ST,6,0,0,2018,2021,49.279108,-123.056554,0.0,False
VANCOUVER,NANAIMO ST,UPLAND DR,3,0,0,2018,2022,49.217981,-123.059318,0.0,False
VANCOUVER,NANAIMO ST,VANNESS AVE,19,0,1,2018,2022,49.248406,-123.056651,0.0,False
VANCOUVER,NANAIMO ST,VENABLES ST,22,0,2,2018,2022,49.27661,-123.056568,0.0,False
VANCOUVER,NANAIMO ST,WAVERLEY AVE,8,0,0,2018,2022,49.227078,-123.05909,0.0,False
VANCOUVER,NANAIMO ST,WILLIAM ST,16,0,0,2018,2022,49.274154,-123.056579,0.0,False
VANCOUVER,NANTON AVE,OAK ST,10,0,0,2018,2022,49.246306,-123.127662,0.0,True
VANCOUVER,NANTON AVE,OSLER ST,2,0,1,2018,2019,49.246354,-123.129925,0.0,False
VANCOUVER,NANTON AVE,PINE CRES,3,0,0,2018,2019,49.247542,-123.147578,0.0,False
VANCOUVER,NANTON AVE,SELKIRK ST,3,0,2,2019,2020,49.246376,-123.132112,0.0,False
VANCOUVER,NANTON AVE,YEW ST,6,0,0,2018,2022,49.247659,-123.154716,0.0,False
VANCOUVER,NAPIER ST,ODLUM DR,2,0,0,2018,2019,49.274916,-123.075894,0.0,False
VANCOUVER,NAPIER ST,PENTICTON ST,2,0,0,2020,2022,49.274974,-123.052027,0.0,False
VANCOUVER,NAPIER ST,RUPERT ST,1,0,0,2020,2020,49.274965,-123.033615,0.0,False
VANCOUVER,NAPIER ST,SALSBURY DR,5,0,0,2018,2022,49.274853,-123.067585,0.0,False
VANCOUVER,NAPIER ST,SEMLIN DR,1,0,0,2018,2018,49.274808,-123.06364,0.0,False
VANCOUVER,NAPIER ST,SKEENA ST,2,0,0,2018,2019,49.274947,-123.0284,0.0,False
VANCOUVER,NAPIER ST,SLOCAN ST,1,0,0,2021,2021,49.274972,-123.049386,0.0,False
VANCOUVER,NAPIER ST,TEMPLETON DR,3,1,0,2018,2021,49.274804,-123.059865,0.0,False
VANCOUVER,NAPIER ST,VERNON DR,7,0,0,2018,2022,49.274964,-123.078659,0.0,False
VANCOUVER,NAPIER ST,VICTORIA DR,21,0,1,2018,2022,49.274844,-123.065655,0.0,False
VANCOUVER,NAPIER ST,WINDERMERE ST,1,0,0,2020,2020,49.274962,-123.036346,0.0,False
VANCOUVER,NARVAEZ DR,PUGET DR,1,0,0,2018,2018,49.244161,-123.162799,0.0,True
VANCOUVER,NARVAEZ DR,W 33RD AVE,2,0,0,2021,2022,49.24221,-123.160138,0.0,False
VANCOUVER,NASSAU DR,VICTORIA DR,5,1,0,2018,2021,49.21899,-123.065909,0.0,False
VANCOUVER,NATIONAL AVE,QUEBEC ST,73,1,6,2018,2022,49.274948,-123.101941,0.0,False
VANCOUVER,NATIONAL AVE,STATION ST,23,0,0,2018,2022,49.274549,-123.098548,0.0,False
VANCOUVER,NATIONAL AVE,THORNTON ST,6,0,0,2018,2022,49.27359,-123.092703,0.0,False
VANCOUVER,NEAL ST,W 50TH AVE,1,0,0,2022,2022,49.225416,-123.122254,0.0,False
VANCOUVER,NEAL ST,W 54TH AVE,2,0,0,2018,2022,49.221466,-123.122515,0.0,False
VANCOUVER,NEAL ST,W 57TH AVE,8,0,0,2018,2022,49.219121,-123.122252,0.0,False
VANCOUVER,NELSON ST,NICOLA ST,18,1,2,2018,2022,49.286548,-123.13431,0.0,False
VANCOUVER,NELSON ST,PACIFIC BLVD,69,1,1,2018,2022,49.274156,-123.115036,0.0,True
VANCOUVER,NELSON ST,PARK LANE,1,0,1,2020,2020,49.292516,-123.143771,0.0,False
VANCOUVER,NELSON ST,RICHARDS ST,124,3,15,2018,2022,49.277982,-123.121081,0.0,False
VANCOUVER,NELSON ST,SEYMOUR ST,239,12,9,2018,2022,49.278601,-123.122011,0.0,False
VANCOUVER,NELSON ST,THURLOW ST,115,2,1,2018,2022,49.28249,-123.128048,0.0,False
VANCOUVER,NEWPORT AVE,VICTORIA DR,2,0,0,2020,2022,49.215316,-123.065967,0.0,False
VANCOUVER,NICOLA ST,PANTAGES LANE,5,0,0,2019,2022,49.284116,-123.137992,0.0,False
VANCOUVER,NICOLA ST,PENDRELL ST,4,1,0,2018,2022,49.285153,-123.136379,0.0,False
VANCOUVER,NICOLA ST,ROBSON ST,44,1,4,2018,2022,49.288661,-123.131118,0.0,False
VANCOUVER,NICOLA ST,ROSEMARY BROWN LANE,1,0,0,2019,2019,49.288304,-123.131661,0.0,False
VANCOUVER,NICOLA ST,SEE-EM-IA LANE,2,0,0,2019,2021,49.28478,-123.136968,0.0,False
VANCOUVER,NICOLA ST,TED NORTHE LANE,2,0,0,2019,2021,49.286924,-123.133746,0.0,False
VANCOUVER,NICOLA ST,W GEORGIA ST,95,0,2,2018,2022,49.289784,-123.129402,0.0,False
VANCOUVER,NICOLA ST,W HASTINGS ST,23,1,1,2018,2022,49.290471,-123.128394,0.0,False
VANCOUVER,NICOLA ST,W PENDER ST,21,0,3,2018,2022,49.290039,-123.129019,0.0,False
VANCOUVER,NOOTKA ST,PARKER ST,1,0,0,2019,2019,49.275371,-123.04141,0.0,False
VANCOUVER,NOOTKA ST,VENABLES ST,1,0,0,2022,2022,49.276409,-123.041387,0.0,False
VANCOUVER,NOOTKA ST,VIRTUAL WAY,2,0,0,2018,2019,49.261022,-123.040131,0.0,False
VANCOUVER,NORMANDY DR,WORTHINGTON DR,4,0,0,2018,2022,49.251516,-123.02624,0.0,False
VANCOUVER,NORQUAY ST,SLOCAN ST,10,0,0,2018,2022,49.242429,-123.051643,0.0,False
VANCOUVER,NORTHERN ST,STATION ST,6,0,0,2018,2021,49.271815,-123.098054,0.0,False
VANCOUVER,NORTHERN ST,WESTERN ST,5,0,0,2018,2022,49.271855,-123.099373,0.0,False
VANCOUVER,NUNAVUT LANE,SW MARINE DR,2,0,0,2019,2021,49.21058,-123.116241,0.0,False
VANCOUVER,NUNAVUT LANE,W 64TH AVE,5,0,0,2018,2022,49.212291,-123.11618,0.0,False
VANCOUVER,NW MARINE DR,SASAMAT ST,19,0,1,2018,2022,49.274432,-123.20873,0.0,False
VANCOUVER,NW MARINE DR,TOLMIE ST,38,1,10,2018,2022,49.274921,-123.211733,0.0,False
VANCOUVER,NW MARINE DR,TRIMBLE ST,8,1,2,2018,2022,49.272937,-123.205724,0.0,False
VANCOUVER,NW MARINE DR,W 2ND AVE,5,0,1,2018,2021,49.271359,-123.202361,0.0,False
VANCOUVER,NW MARINE DR,W 4TH AVE,37,0,3,2018,2022,49.268741,-123.199806,0.0,False
VANCOUVER,OAK ST,OAK ST OFFRAMP,4,0,0,2020,2022,49.204906,-123.129668,0.0,True
VANCOUVER,OAK ST,PARK DR,269,2,0,2018,2022,49.214459,-123.130023,0.0,False
VANCOUVER,OAK ST,RICHELIEU AVE,5,0,0,2018,2020,49.256156,-123.127255,0.0,True
VANCOUVER,OAK ST,SW MARINE DR,259,8,3,2018,2022,49.204796,-123.129863,18.71645142206502,True
VANCOUVER,OAK ST,SW MARINE DR OFFRAMP,2,0,0,2020,2021,49.204906,-123.129668,0.0,True
VANCOUVER,OAK ST,W 10TH AVE,75,0,5,2018,2022,49.262439,-123.12665,0.0,False
VANCOUVER,OAK ST,W 11TH AVE,35,0,1,2018,2022,49.261529,-123.126679,0.0,False
VANCOUVER,OAK ST,W 12TH AVE,290,6,2,2018,2022,49.260586,-123.126708,0.0,False
VANCOUVER,OAK ST,W 13TH AVE,36,1,0,2018,2022,49.259635,-123.126736,0.0,False
VANCOUVER,OAK ST,W 14TH AVE,51,2,2,2018,2022,49.258718,-123.126765,0.0,False
VANCOUVER,OAK ST,W 15TH AVE,57,0,0,2018,2022,49.257814,-123.127037,0.0,False
VANCOUVER,OAK ST,W 16TH AVE,159,1,0,2018,2022,49.257116,-123.12721,0.0,False
VANCOUVER,OAK ST,W 17TH AVE,21,0,0,2018,2022,49.256156,-123.127255,0.0,True
VANCOUVER,OAK ST,W 18TH AVE,12,1,0,2018,2022,49.255324,-123.12729,0.0,False
VANCOUVER,OAK ST,W 19TH AVE,59,0,0,2018,2022,49.254412,-123.12733,0.0,True
VANCOUVER,OAK ST,W 20TH AVE,27,0,1,2018,2022,49.253529,-123.127368,0.0,False
VANCOUVER,OAK ST,W 21ST AVE,15,0,0,2018,2022,49.252618,-123.127409,0.0,True
VANCOUVER,OAK ST,W 22ND AVE,40,0,0,2018,2022,49.251719,-123.127448,0.0,True
VANCOUVER,OAK ST,W 23RD AVE,44,0,0,2018,2022,49.25082,-123.12749,0.0,True
VANCOUVER,OAK ST,W 25TH AVE,52,0,0,2018,2022,49.249237,-123.127511,0.0,True
VANCOUVER,OAK ST,W 26TH AVE,29,0,0,2018,2022,49.248149,-123.127569,0.0,False
VANCOUVER,OAK ST,W 27TH AVE,24,1,0,2018,2022,49.247226,-123.1276,0.0,False
VANCOUVER,OAK ST,W 28TH AVE,51,1,2,2018,2022,49.246306,-123.127662,0.0,True
VANCOUVER,OAK ST,W 29TH AVE,25,1,0,2018,2022,49.245404,-123.12765,0.0,False
VANCOUVER,OAK ST,W 32ND AVE,35,1,2,2018,2022,49.24238,-123.127793,0.0,False
VANCOUVER,OAK ST,W 33RD AVE,276,3,1,2018,2022,49.241437,-123.127824,0.0,False
VANCOUVER,OAK ST,W 37TH AVE,142,2,2,2018,2022,49.237648,-123.127951,0.0,False
VANCOUVER,OAK ST,W 38TH AVE,29,0,0,2018,2022,49.236749,-123.127979,0.0,False
VANCOUVER,OAK ST,W 41ST AVE,480,15,2,2018,2022,49.233947,-123.128076,0.0,False
VANCOUVER,OAK ST,W 42ND AVE,24,0,0,2018,2022,49.23301,-123.128112,0.0,False
VANCOUVER,OAK ST,W 43RD AVE,28,0,0,2018,2022,49.232091,-123.128151,0.0,False
VANCOUVER,OAK ST,W 45TH AVE,19,0,0,2018,2022,49.230214,-123.128216,0.0,False
VANCOUVER,OAK ST,W 46TH AVE,37,0,3,2018,2022,49.229306,-123.128234,0.0,False
VANCOUVER,OAK ST,W 47TH AVE,17,0,0,2018,2022,49.228404,-123.128257,0.0,False
VANCOUVER,OAK ST,W 48TH AVE,18,0,0,2018,2022,49.227473,-123.128276,0.0,False
VANCOUVER,OAK ST,W 49TH AVE,342,3,2,2018,2022,49.226543,-123.128296,0.0,False
VANCOUVER,OAK ST,W 50TH AVE,14,0,0,2018,2021,49.225686,-123.128345,0.0,False
VANCOUVER,OAK ST,W 51ST AVE,12,0,0,2018,2022,49.224795,-123.128393,0.0,False
VANCOUVER,OAK ST,W 52ND AVE,21,0,0,2018,2022,49.223909,-123.128441,0.0,False
VANCOUVER,OAK ST,W 53RD AVE,9,0,0,2018,2022,49.222811,-123.128482,0.0,False
VANCOUVER,OAK ST,W 54TH AVE,44,2,1,2018,2022,49.221533,-123.128509,0.0,False
VANCOUVER,OAK ST,W 55TH AVE,18,0,0,2018,2022,49.220507,-123.128528,0.0,False
VANCOUVER,OAK ST,W 57TH AVE,240,4,0,2018,2022,49.219207,-123.128556,0.0,False
VANCOUVER,OAK ST,W 58TH AVE,33,0,0,2018,2022,49.218185,-123.128809,0.0,False
VANCOUVER,OAK ST,W 59TH AVE,112,3,0,2018,2022,49.217118,-123.12925,0.0,False
VANCOUVER,OAK ST,W 64TH AVE,172,0,0,2018,2022,49.212983,-123.130098,0.0,False
VANCOUVER,OAK ST,W 67TH AVE,190,2,0,2018,2022,49.210743,-123.130188,0.0,False
VANCOUVER,OAK ST,W 6TH AVE,98,4,5,2018,2022,49.265999,-123.126532,0.0,False
VANCOUVER,OAK ST,W 70TH AVE,416,2,3,2018,2022,49.208473,-123.130257,0.0,False
VANCOUVER,OAK ST,W 71ST AVE,66,1,0,2018,2022,49.206913,-123.130318,0.0,True
VANCOUVER,OAK ST,W 72ND AVE,21,0,0,2018,2022,49.205635,-123.13039,0.0,False
VANCOUVER,OAK ST,W 74TH AVE,9,0,0,2018,2022,49.204064,-123.130398,0.0,False
VANCOUVER,OAK ST,W 77TH AVE,5,0,0,2018,2021,49.200882,-123.130533,0.0,False
VANCOUVER,OAK ST,W 7TH AVE,31,1,2,2018,2022,49.265157,-123.126561,0.0,False
VANCOUVER,OAK ST,W 8TH AVE,91,1,1,2018,2022,49.264327,-123.126585,0.0,False
VANCOUVER,OAK ST,W BROADWAY,231,3,4,2018,2022,49.263406,-123.126619,0.0,False
VANCOUVER,OAK ST,W KENT AVE N,4,0,0,2020,2022,49.203525,-123.129098,0.0,False
VANCOUVER,OAK ST,W KENT AVE S,4,0,0,2018,2021,49.203276,-123.128873,15.714971185523758,False
VANCOUVER,OAK ST,W KING EDWARD AVE,310,9,2,2018,2022,49.249237,-123.127511,0.0,True
VANCOUVER,OAK ST,WOLFE AVE,23,0,0,2018,2022,49.252618,-123.127409,0.0,True
VANCOUVER,OAK ST BRIDGE,SW MARINE DR,26,1,0,2018,2022,49.204796,-123.129863,18.71645142206502,True
VANCOUVER,OBEN ST,VANNESS AVE,7,1,0,2018,2022,49.235645,-123.026193,0.0,False
VANCOUVER,ODLUM DR,PARKER ST,3,0,0,2021,2022,49.275834,-123.075876,0.0,False
VANCOUVER,ODLUM DR,VENABLES ST,6,0,1,2019,2022,49.276743,-123.075857,0.0,False
VANCOUVER,ODLUM DR,WILLIAM ST,1,0,0,2022,2022,49.274018,-123.075915,0.0,False
VANCOUVER,OLD BRIDGE ST,RAILSPUR ALLEY,1,0,0,2020,2020,49.270568,-123.134596,0.0,False
VANCOUVER,OLIVER CRES,TRAFALGAR ST,4,0,0,2019,2022,49.249115,-123.165321,0.0,False
VANCOUVER,OLIVER CRES,VALLEY DR,1,0,0,2021,2021,49.250678,-123.159948,0.0,False
VANCOUVER,OLYMPIC ST,SW MARINE DR,8,0,1,2019,2022,49.232212,-123.189629,0.0,False
VANCOUVER,OLYMPIC ST,W 39TH AVE,1,0,0,2022,2022,49.23644,-123.189576,0.0,False
VANCOUVER,OLYMPIC ST,W 41ST AVE,11,0,0,2018,2022,49.234781,-123.189627,0.0,False
VANCOUVER,ONTARIO PL,QUEBEC ST,2,0,0,2019,2022,49.232573,-123.103709,0.0,False
VANCOUVER,ONTARIO ST,PEVERIL AVE,1,0,1,2022,2022,49.244527,-123.105208,0.0,True
VANCOUVER,ONTARIO ST,SE MARINE DR,65,0,1,2018,2022,49.212334,-123.106574,0.0,True
VANCOUVER,ONTARIO ST,SW MARINE DR,122,1,0,2018,2022,49.212334,-123.106574,0.0,True
VANCOUVER,ONTARIO ST,W 10TH AVE,14,0,5,2018,2022,49.262072,-123.104917,0.0,True
VANCOUVER,ONTARIO ST,W 11TH AVE,5,0,1,2018,2022,49.261162,-123.104983,0.0,True
VANCOUVER,ONTARIO ST,W 12TH AVE,54,0,2,2018,2022,49.260247,-123.105031,0.0,True
VANCOUVER,ONTARIO ST,W 13TH AVE,1,0,1,2019,2019,49.259371,-123.105048,0.0,True
VANCOUVER,ONTARIO ST,W 14TH AVE,2,0,0,2018,2022,49.258471,-123.105104,0.0,True
VANCOUVER,ONTARIO ST,W 15TH AVE,4,0,1,2018,2021,49.257566,-123.105153,0.0,True
VANCOUVER,ONTARIO ST,W 16TH AVE,13,0,1,2018,2022,49.256637,-123.105058,0.0,True
VANCOUVER,ONTARIO ST,W 18TH AVE,4,0,1,2019,2021,49.254662,-123.105029,0.0,True
VANCOUVER,ONTARIO ST,W 1ST AVE,7,0,1,2018,2021,49.270163,-123.104627,0.0,True
VANCOUVER,ONTARIO ST,W 20TH AVE,3,0,3,2020,2022,49.252761,-123.104815,0.0,True
VANCOUVER,ONTARIO ST,W 21ST AVE,1,0,0,2021,2021,49.251877,-123.104873,0.0,True
VANCOUVER,ONTARIO ST,W 22ND AVE,5,0,0,2018,2021,49.25097,-123.104906,0.0,True
VANCOUVER,ONTARIO ST,W 23RD AVE,1,0,1,2020,2020,49.249916,-123.104968,0.0,True
VANCOUVER,ONTARIO ST,W 26TH AVE,1,0,1,2021,2021,49.247744,-123.105051,0.0,False
VANCOUVER,ONTARIO ST,W 27TH AVE,2,0,1,2018,2019,49.246845,-123.1051,0.0,False
VANCOUVER,ONTARIO ST,W 28TH AVE,2,0,1,2020,2022,49.246059,-123.105144,0.0,True
VANCOUVER,ONTARIO ST,W 2ND AVE,31,0,5,2018,2022,49.269246,-123.104652,0.0,True
VANCOUVER,ONTARIO ST,W 33RD AVE,22,0,3,2018,2022,49.240576,-123.105362,0.0,True
VANCOUVER,ONTARIO ST,W 37TH AVE,8,0,3,2018,2022,49.237333,-123.105495,0.0,True
VANCOUVER,ONTARIO ST,W 3RD AVE,17,0,6,2018,2022,49.268301,-123.104686,0.0,True
VANCOUVER,ONTARIO ST,W 41ST AVE,17,1,1,2018,2022,49.233154,-123.105611,0.0,True
VANCOUVER,ONTARIO ST,W 42ND AVE,1,0,0,2018,2018,49.232207,-123.10564,0.0,False
VANCOUVER,ONTARIO ST,W 43RD AVE,3,0,1,2018,2022,49.231283,-123.105663,0.0,False
VANCOUVER,ONTARIO ST,W 44TH AVE,2,0,0,2022,2022,49.230366,-123.105702,0.0,False
VANCOUVER,ONTARIO ST,W 45TH AVE,2,0,1,2018,2019,49.229444,-123.105741,0.0,True
VANCOUVER,ONTARIO ST,W 46TH AVE,4,1,2,2018,2021,49.228558,-123.105849,0.0,True
VANCOUVER,ONTARIO ST,W 48TH AVE,1,0,0,2022,2022,49.226745,-123.105866,0.0,True
VANCOUVER,ONTARIO ST,W 49TH AVE,29,1,0,2018,2022,49.225745,-123.105898,0.0,True
VANCOUVER,ONTARIO ST,W 4TH AVE,19,0,5,2018,2022,49.267375,-123.104719,0.0,True
VANCOUVER,ONTARIO ST,W 59TH AVE,2,0,1,2018,2018,49.216818,-123.106223,0.0,True
VANCOUVER,ONTARIO ST,W 5TH AVE,12,0,3,2018,2022,49.266496,-123.104753,0.0,True
VANCOUVER,ONTARIO ST,W 60TH AVE,2,0,0,2019,2022,49.215934,-123.106233,0.0,True
VANCOUVER,ONTARIO ST,W 61ST AVE,2,0,0,2019,2022,49.215075,-123.106378,0.0,True
VANCOUVER,ONTARIO ST,W 62ND AVE,4,0,2,2018,2022,49.214212,-123.106432,0.0,True
VANCOUVER,ONTARIO ST,W 63RD AVE,4,0,0,2019,2022,49.213322,-123.106504,0.0,True
VANCOUVER,ONTARIO ST,W 69TH AVE,11,0,3,2018,2022,49.209441,-123.106722,0.0,True
VANCOUVER,ONTARIO ST,W 6TH AVE,8,1,0,2018,2022,49.265564,-123.104788,0.0,True
VANCOUVER,ONTARIO ST,W 7TH AVE,18,0,3,2018,2022,49.264674,-123.10482,0.0,True
VANCOUVER,ONTARIO ST,W 8TH AVE,16,0,6,2018,2022,49.263766,-123.104855,0.0,True
VANCOUVER,ONTARIO ST,W BROADWAY,59,2,1,2018,2022,49.263014,-123.104885,0.0,True
VANCOUVER,ONTARIO ST,W KENT AVE N,3,0,0,2019,2022,49.206861,-123.106851,0.0,True
VANCOUVER,ONTARIO ST,W KENT AVE S,1,0,0,2018,2018,49.206598,-123.106865,0.0,False
VANCOUVER,ONTARIO ST,W KING EDWARD AVE,16,0,2,2018,2022,49.248844,-123.104993,0.0,True
VANCOUVER,ONTARIO ST,WALTER HARDWICK AVE,2,0,0,2019,2021,49.270898,-123.104602,0.0,False
VANCOUVER,ORMIDALE ST,VANNESS AVE,13,0,0,2018,2022,49.235015,-123.024812,0.0,False
VANCOUVER,OSLER ST,PARK DR,12,1,0,2018,2022,49.214855,-123.131421,0.0,False
VANCOUVER,OSLER ST,W 25TH AVE,1,0,0,2021,2021,49.249259,-123.129792,0.0,True
VANCOUVER,OSLER ST,W 26TH AVE,2,0,0,2018,2019,49.248189,-123.129853,0.0,False
VANCOUVER,OSLER ST,W 29TH AVE,2,0,0,2018,2019,49.245406,-123.129963,0.0,False
VANCOUVER,OSLER ST,W 32ND AVE,2,0,0,2021,2021,49.242469,-123.130074,0.0,False
VANCOUVER,OSLER ST,W 33RD AVE,6,0,0,2019,2022,49.241526,-123.130111,0.0,False
VANCOUVER,OSLER ST,W 37TH AVE,3,0,0,2018,2022,49.237725,-123.130289,0.0,False
VANCOUVER,OSLER ST,W 38TH AVE,1,0,0,2019,2019,49.2368,-123.130289,0.0,False
VANCOUVER,OSLER ST,W 40TH AVE,3,0,0,2019,2021,49.234974,-123.130349,0.0,False
VANCOUVER,OSLER ST,W 41ST AVE,5,0,0,2018,2020,49.23402,-123.13038,0.0,False
VANCOUVER,OSLER ST,W 52ND AVE,1,0,0,2020,2020,49.223941,-123.130636,0.0,False
VANCOUVER,OSLER ST,W 53RD AVE,1,0,0,2020,2020,49.222844,-123.130672,0.0,False
VANCOUVER,OSLER ST,W 54TH AVE,1,0,0,2018,2018,49.221572,-123.13071,0.0,False
VANCOUVER,OSLER ST,W 59TH AVE,1,0,0,2022,2022,49.217188,-123.131341,0.0,False
VANCOUVER,OSLER ST,W 64TH AVE,3,0,0,2018,2022,49.212995,-123.131446,0.0,False
VANCOUVER,OSLER ST,W 67TH AVE,6,0,0,2021,2022,49.210762,-123.131555,0.0,False
VANCOUVER,OSLER ST,W 70TH AVE,22,0,1,2018,2022,49.208491,-123.131606,0.0,False
VANCOUVER,OSLER ST,W 71ST AVE,7,0,0,2018,2022,49.206931,-123.131689,0.0,False
VANCOUVER,OSLER ST,W 72ND AVE,9,0,0,2018,2022,49.205656,-123.131727,0.0,False
VANCOUVER,OSLER ST,W 73RD AVE,1,0,0,2018,2018,49.204314,-123.13177,0.0,False
VANCOUVER,OSLER ST,W KING EDWARD AVE,13,0,1,2018,2022,49.249259,-123.129792,0.0,True
VANCOUVER,PACIFIC BLVD,PACIFIC BLVD OFFRAMP,1,0,0,2022,2022,49.275209,-123.114561,0.0,True
VANCOUVER,PACIFIC BLVD,PACIFIC ST,4,0,0,2018,2019,49.273108,-123.125875,0.0,True
VANCOUVER,PACIFIC BLVD,PAT QUINN WAY,23,0,1,2018,2022,49.277132,-123.107677,0.0,True
VANCOUVER,PACIFIC BLVD,QUEBEC ST,14,0,0,2018,2022,49.276355,-123.10275,0.0,False
VANCOUVER,PACIFIC BLVD,SMITHE ST,82,1,7,2018,2022,49.274853,-123.112985,2.3592687973039093,False
VANCOUVER,PACIFIC BLVD OFFRAMP,SMITHE ST,1,0,0,2018,2018,49.274837,-123.112958,0.0,False
VANCOUVER,PACIFIC ST,PACIFIC ST OFFRAMP,1,0,0,2019,2019,49.276971,-123.132435,0.0,True
VANCOUVER,PACIFIC ST,RICHARDS ST,65,8,1,2018,2022,49.273771,-123.127463,0.0,False
VANCOUVER,PACIFIC ST,ROLSTON ST,1,0,0,2022,2022,49.274613,-123.128892,0.0,False
VANCOUVER,PACIFIC ST,SEYMOUR MEWS,3,0,0,2018,2021,49.274389,-123.128397,0.0,True
VANCOUVER,PACIFIC ST,SEYMOUR ST,23,0,1,2018,2022,49.274389,-123.128397,0.0,True
VANCOUVER,PACIFIC ST,STRATHMORE MEWS,1,0,0,2020,2020,49.273245,-123.126722,0.0,False
VANCOUVER,PACIFIC ST,THURLOW ST,73,3,2,2018,2022,49.278256,-123.134424,0.0,False
VANCOUVER,PANDORA ST,PENTICTON ST,2,1,0,2018,2019,49.282988,-123.05195,0.0,False
VANCOUVER,PANDORA ST,RENFREW ST,10,0,0,2018,2022,49.282966,-123.043991,0.0,False
VANCOUVER,PANDORA ST,SALSBURY DR,12,0,2,2018,2022,49.283065,-123.068267,0.0,False
VANCOUVER,PANDORA ST,SEMLIN DR,3,0,0,2021,2021,49.283077,-123.063659,0.0,False
VANCOUVER,PANDORA ST,SKEENA ST,2,0,0,2021,2022,49.282953,-123.02832,0.0,False
VANCOUVER,PANDORA ST,SLOCAN ST,4,0,0,2019,2021,49.28298,-123.04933,0.0,False
VANCOUVER,PANDORA ST,TEMPLETON DR,5,0,0,2018,2020,49.283007,-123.059721,0.0,False
VANCOUVER,PANDORA ST,VICTORIA DR,29,2,0,2018,2022,49.283041,-123.065551,0.0,False
VANCOUVER,PANDORA ST,WOODLAND DR,4,0,0,2018,2021,49.2831,-123.072594,0.0,False
VANCOUVER,PANTAGES LANE,THURLOW ST,19,1,0,2018,2022,49.280018,-123.131731,0.0,False
VANCOUVER,PARK DR,SELKIRK ST,5,0,0,2018,2022,49.215254,-123.132794,0.0,False
VANCOUVER,PARK DR,SHAUGHNESSY ST,3,0,0,2018,2021,49.214082,-123.128702,0.0,False
VANCOUVER,PARK DR,W 59TH AVE,2,0,0,2020,2021,49.217369,-123.140216,0.0,True
VANCOUVER,PARK LANE,STANLEY PARK DR,1,0,0,2022,2022,49.290756,-123.146408,0.0,False
VANCOUVER,PARKER ST,PENTICTON ST,2,0,1,2020,2021,49.275804,-123.052015,0.0,False
VANCOUVER,PARKER ST,RAYMUR AVE,6,0,1,2018,2022,49.27581,-123.082647,0.0,False
VANCOUVER,PARKER ST,RENFREW ST,17,1,0,2018,2021,49.275372,-123.044127,0.0,False
VANCOUVER,PARKER ST,ROSSLAND ST,1,0,0,2018,2018,49.275373,-123.04554,0.0,False
VANCOUVER,PARKER ST,RUPERT ST,1,0,0,2018,2018,49.275797,-123.033608,0.0,False
VANCOUVER,PARKER ST,SALSBURY DR,10,0,0,2018,2022,49.275748,-123.067565,0.0,False
VANCOUVER,PARKER ST,SEMLIN DR,1,0,0,2020,2020,49.275728,-123.063691,0.0,False
VANCOUVER,PARKER ST,TEMPLETON DR,2,0,0,2019,2019,49.275649,-123.059851,0.0,False
VANCOUVER,PARKER ST,VERNON DR,10,1,1,2018,2022,49.275884,-123.07863,0.0,False
VANCOUVER,PARKER ST,VICTORIA DR,17,0,1,2018,2022,49.275736,-123.065638,0.0,False
VANCOUVER,PARKER ST,WINDERMERE ST,2,0,1,2018,2019,49.275798,-123.036317,0.0,False
VANCOUVER,PAULSON ST,W 59TH AVE,1,0,0,2022,2022,49.216967,-123.11872,0.0,False
VANCOUVER,PAYNE ST,WELLINGTON AVE,9,0,0,2018,2022,49.239632,-123.029117,0.0,False
VANCOUVER,PENDRELL ST,THURLOW ST,21,1,0,2018,2022,49.281101,-123.130152,0.0,False
VANCOUVER,PENTICTON ST,TRIUMPH ST,7,0,1,2018,2022,49.283894,-123.051966,0.0,False
VANCOUVER,PENTICTON ST,TURNER ST,9,0,0,2018,2022,49.279101,-123.051991,0.0,False
VANCOUVER,PENTICTON ST,VENABLES ST,1,0,0,2018,2018,49.276631,-123.052006,0.0,False
VANCOUVER,PENTICTON ST,WILLIAM ST,2,0,0,2021,2022,49.27414,-123.052018,0.0,False
VANCOUVER,PEVERIL AVE,W 28TH AVE,3,0,0,2018,2019,49.245811,-123.107012,0.0,False
VANCOUVER,PICTON ST,QUEENS AVE,1,0,0,2021,2021,49.243111,-123.040422,0.0,False
VANCOUVER,PICTON ST,WELLINGTON AVE,1,0,0,2019,2019,49.243971,-123.03965,0.0,False
VANCOUVER,PINE CRES,PINE ST,2,0,0,2019,2019,49.255607,-123.144024,0.0,False
VANCOUVER,PINE CRES,W 19TH AVE,1,0,0,2020,2020,49.254607,-123.14596,0.0,False
VANCOUVER,PINE CRES,W 33RD AVE,21,1,7,2018,2022,49.242011,-123.146792,0.0,False
VANCOUVER,PINE CRES,W 35TH AVE,1,0,0,2018,2018,49.23997,-123.146984,0.0,False
VANCOUVER,PINE CRES,W 36TH AVE,1,0,0,2019,2019,49.239063,-123.146987,0.0,False
VANCOUVER,PINE CRES,W KING EDWARD AVE,1,0,0,2022,2022,49.249549,-123.147525,0.0,False
VANCOUVER,PINE ST,W 10TH AVE,16,0,7,2018,2021,49.262715,-123.143465,0.0,False
VANCOUVER,PINE ST,W 11TH AVE,5,0,0,2018,2020,49.261764,-123.143452,0.0,False
VANCOUVER,PINE ST,W 12TH AVE,40,1,2,2018,2022,49.260882,-123.143475,0.0,False
VANCOUVER,PINE ST,W 13TH AVE,6,0,0,2018,2022,49.259892,-123.143522,0.0,False
VANCOUVER,PINE ST,W 14TH AVE,9,1,0,2018,2021,49.258986,-123.143564,0.0,False
VANCOUVER,PINE ST,W 15TH AVE,5,0,0,2018,2022,49.25806,-123.143605,0.0,False
VANCOUVER,PINE ST,W 16TH AVE,31,2,0,2018,2022,49.25714,-123.143598,0.0,False
VANCOUVER,PINE ST,W 1ST AVE,12,0,3,2018,2022,49.270628,-123.143129,0.0,False
VANCOUVER,PINE ST,W 2ND AVE,17,0,3,2018,2021,49.269745,-123.14317,0.0,False
VANCOUVER,PINE ST,W 3RD AVE,15,0,2,2018,2022,49.268864,-123.143206,0.0,False
VANCOUVER,PINE ST,W 4TH AVE,112,0,2,2018,2022,49.267984,-123.14324,0.0,False
VANCOUVER,PINE ST,W 5TH AVE,12,0,2,2018,2021,49.267119,-123.143274,0.0,False
VANCOUVER,PINE ST,W 6TH AVE,8,1,0,2018,2020,49.266263,-123.143309,0.0,False
VANCOUVER,PINE ST,W 7TH AVE,18,0,4,2018,2022,49.265417,-123.143322,0.0,False
VANCOUVER,PINE ST,W 8TH AVE,13,0,0,2018,2022,49.264582,-123.143343,0.0,False
VANCOUVER,PINE ST,W BROADWAY,89,3,2,2018,2022,49.263662,-123.143414,0.0,False
VANCOUVER,PINEHURST DR,W 49TH AVE,1,0,0,2019,2019,49.226008,-123.114585,0.0,False
VANCOUVER,PIPELINE RD,ROSE GARDEN LANE,12,1,1,2018,2022,49.301158,-123.135753,0.0,False
VANCOUVER,PIPELINE RD,STANLEY PARK DR,12,0,0,2018,2022,49.30681,-123.135617,0.0,False
VANCOUVER,POINT GREY RD,STEPHENS ST,5,0,1,2018,2019,49.27223,-123.166237,0.0,False
VANCOUVER,POINT GREY RD,TRAFALGAR ST,9,0,2,2018,2022,49.273568,-123.164132,0.0,False
VANCOUVER,POINT GREY RD,W 1ST AVE,1,0,0,2018,2018,49.27105,-123.169177,0.0,False
VANCOUVER,POINT GREY RD,WALLACE ST,8,0,2,2018,2022,49.271603,-123.189475,0.0,False
VANCOUVER,POPLAR ST,SE MARINE DR,17,2,0,2018,2022,49.211029,-123.093295,0.0,False
VANCOUVER,PORTER ST,VICTORIA DIVERS,7,0,1,2019,2022,49.253486,-123.066992,0.0,False
VANCOUVER,PORTER ST,VICTORIA DR,12,0,0,2018,2022,49.25464,-123.066136,0.0,False
VANCOUVER,PORTSIDE CRT,PORTSIDE DR,2,0,0,2018,2019,49.206843,-123.061414,0.0,False
VANCOUVER,PORTSIDE DR,SOUTHSIDE DR,1,0,0,2021,2021,49.207534,-123.061405,0.0,False
VANCOUVER,POWELL ST,PRINCESS AVE,29,2,1,2018,2022,49.283036,-123.091408,0.0,False
VANCOUVER,POWELL ST,SALSBURY DR,20,1,0,2018,2022,49.284225,-123.06825,0.0,False
VANCOUVER,POWELL ST,SEMLIN DR,13,0,2,2020,2022,49.284806,-123.063552,0.0,True
VANCOUVER,POWELL ST,VERNON DR,11,0,1,2018,2022,49.282926,-123.079164,0.0,False
VANCOUVER,POWELL ST,VICTORIA DR,135,4,0,2018,2022,49.284833,-123.065509,0.0,False
VANCOUVER,POWELL ST,WALL ST,52,2,2,2018,2022,49.284806,-123.063552,0.0,True
VANCOUVER,POWELL ST,WATER ST,5,0,0,2018,2022,49.283368,-123.104002,0.0,True
VANCOUVER,POWELL ST,WOODLAND DR,34,1,3,2018,2022,49.283487,-123.072573,0.0,False
VANCOUVER,PRESTWICK DR,THORNHILL DR,1,0,0,2022,2022,49.216208,-123.068494,0.0,False
VANCOUVER,PRESTWICK DR,VICTORIA DR,2,0,0,2018,2019,49.216176,-123.065984,0.0,False
VANCOUVER,PRICE ST,RUPERT ST,13,0,0,2018,2022,49.244171,-123.034419,0.0,False
VANCOUVER,PRINCE ALBERT ST,SE MARINE DR,18,0,0,2018,2022,49.211056,-123.088239,0.0,False
VANCOUVER,PRINCE EDWARD ST,SE MARINE DR,114,3,5,2018,2022,49.210855,-123.098155,0.0,False
VANCOUVER,PRINCESS AVE,PRIOR ST,35,1,0,2018,2022,49.276632,-123.091675,0.0,False
VANCOUVER,PRINCESS AVE,UNION ST,8,1,6,2018,2022,49.277514,-123.091647,0.0,False
VANCOUVER,PRIOR ST,QUEBEC ST,5,0,0,2018,2022,49.276804,-123.102138,0.0,False
VANCOUVER,PRIOR ST,STATION ST,7,0,0,2018,2022,49.276783,-123.099854,61.056077068953435,True
VANCOUVER,PRIOR ST,VENABLES ST,13,1,0,2018,2022,49.276493,-123.084998,0.0,True
VANCOUVER,PROSPECT POINT PARK LANE,STANLEY PARK DR,3,0,0,2018,2019,49.310522,-123.1493,0.0,False
VANCOUVER,PUGET DR,W 19TH AVE,2,0,0,2018,2019,49.255544,-123.176129,0.0,False
VANCOUVER,PUGET DR,W 20TH AVE,1,0,0,2018,2018,49.254632,-123.175399,0.0,False
VANCOUVER,PUGET DR,W 21ST AVE,1,0,0,2019,2019,49.253713,-123.174472,0.0,False
VANCOUVER,PUGET DR,W 23RD AVE,1,0,0,2022,2022,49.251904,-123.172283,0.0,False
VANCOUVER,PUGET DR,W 24TH AVE,1,0,0,2022,2022,49.251002,-123.171375,0.0,False
VANCOUVER,PUGET DR,W 25TH AVE,1,0,0,2018,2018,49.249287,-123.169873,0.0,True
VANCOUVER,PUGET DR,W 29TH AVE,4,0,0,2020,2022,49.246147,-123.166045,0.0,False
VANCOUVER,PUGET DR,W 31ST AVE,2,0,0,2022,2022,49.244161,-123.162799,0.0,True
VANCOUVER,PUGET DR,W 33RD AVE,13,0,0,2018,2022,49.242251,-123.162497,0.0,True
VANCOUVER,PUGET DR,W KING EDWARD AVE,24,0,1,2018,2022,49.249287,-123.169873,0.0,True
VANCOUVER,PULLMAN PORTER ST,SWITCHMEN ST,2,0,0,2018,2019,49.271389,-123.103228,0.0,False
VANCOUVER,QUADRA ST,W 19TH AVE,2,0,0,2018,2020,49.255563,-123.179228,0.0,False
VANCOUVER,QUALICUM DR,SCARBORO AVE,2,0,0,2020,2022,49.213602,-123.06471,0.0,False
VANCOUVER,QUEBEC ST,SWITCHMEN ST,35,0,4,2018,2022,49.271204,-123.102177,0.0,False
VANCOUVER,QUEBEC ST,TERMINAL AVE,187,9,11,2018,2022,49.272985,-123.101732,0.0,False
VANCOUVER,QUEBEC ST,UNION ST,6,0,3,2018,2022,49.277633,-123.102135,0.0,False
VANCOUVER,QUEENS AVE,RUPERT ST,8,0,0,2018,2022,49.241637,-123.036823,0.0,False
VANCOUVER,QUESNEL DR,W 16TH AVE,1,0,0,2019,2019,49.25778,-123.17986,0.0,False
VANCOUVER,QUESNEL DR,W 20TH AVE,4,0,0,2018,2020,49.25465,-123.176751,0.0,True
VANCOUVER,QUESNEL DR,W 21ST AVE,2,0,0,2018,2019,49.253719,-123.176243,0.0,False
VANCOUVER,QUESNEL DR,W 22ND AVE,1,0,0,2021,2021,49.252828,-123.175219,0.0,False
VANCOUVER,QUESNEL DR,W 23RD AVE,1,0,0,2018,2018,49.251934,-123.174103,0.0,False
VANCOUVER,QUESNEL DR,W 24TH AVE,2,0,0,2021,2022,49.251008,-123.173016,0.0,False
VANCOUVER,QUESNEL DR,W 28TH AVE,1,0,0,2018,2018,49.247052,-123.16878,0.0,False
VANCOUVER,QUESNEL DR,W 29TH AVE,2,0,0,2022,2022,49.246109,-123.167897,0.0,True
VANCOUVER,QUESNEL DR,W KING EDWARD AVE,25,0,0,2018,2022,49.250013,-123.172142,0.0,False
VANCOUVER,QUILCHENA CRES,W 33RD AVE,2,0,1,2020,2020,49.242016,-123.14722,0.0,False
VANCOUVER,QUILCHENA PL,W 33RD AVE,2,0,0,2020,2020,49.242097,-123.152252,0.0,False
VANCOUVER,RAND AVE,W 75TH AVE,3,0,0,2018,2019,49.20532,-123.144756,0.0,False
VANCOUVER,RAYMUR AVE,UNION ST,18,0,9,2018,2022,49.277371,-123.083287,0.0,False
VANCOUVER,RAYMUR AVE,VENABLES ST,31,1,0,2018,2022,49.276832,-123.082609,0.0,False
VANCOUVER,RAYMUR AVE,WILLIAM ST,1,0,0,2018,2018,49.274254,-123.082711,0.0,False
VANCOUVER,REDBUD LANE,VINE ST,4,0,0,2021,2022,49.261575,-123.157715,0.0,False
VANCOUVER,REID ST,WELLINGTON AVE,2,0,0,2020,2022,49.242906,-123.037057,0.0,False
VANCOUVER,RENFREW ST,TRIUMPH ST,6,0,0,2018,2022,49.283872,-123.043995,0.0,False
VANCOUVER,RENFREW ST,TURNER ST,12,0,0,2018,2022,49.2791,-123.044089,0.0,False
VANCOUVER,RENFREW ST,VENABLES ST,29,1,0,2018,2022,49.276512,-123.044115,0.0,False
VANCOUVER,RENFREW ST,VIRTUAL WAY,10,0,1,2018,2022,49.260973,-123.044321,0.0,True
VANCOUVER,RENFREW ST,WILLIAM ST,2,0,1,2019,2022,49.274203,-123.044127,0.0,False
VANCOUVER,RICHARDS ST,ROBSON ST,127,5,14,2018,2022,49.280109,-123.11787,0.0,False
VANCOUVER,RICHARDS ST,SMITHE ST,135,7,5,2018,2022,49.279049,-123.119478,0.0,False
VANCOUVER,RICHARDS ST,W CORDOVA ST,32,2,2,2018,2022,49.284708,-123.110918,0.0,True
VANCOUVER,RICHARDS ST,W GEORGIA ST,146,8,2,2018,2022,49.281213,-123.116191,0.0,False
VANCOUVER,RICHARDS ST,W HASTINGS ST,64,3,4,2018,2022,49.284046,-123.111908,0.0,False
VANCOUVER,RICHARDS ST,W PENDER ST,92,3,2,2018,2022,49.283416,-123.112864,0.0,False
VANCOUVER,RICHARDS ST,WATER ST,9,0,0,2018,2021,49.284708,-123.110918,0.0,True
VANCOUVER,RICHELIEU AVE,W 16TH AVE,2,0,0,2018,2020,49.257059,-123.130304,0.0,True
VANCOUVER,RIVER DISTRICT CROSSING,SAWMILL CRES,12,1,0,2019,2022,49.205892,-123.031017,0.0,False
VANCOUVER,RIVERGRASS DR,SAWMILL CRES,6,0,0,2020,2022,49.205772,-123.02835,0.0,False
VANCOUVER,ROBSON ST,SEYMOUR ST,181,5,3,2018,2022,49.280722,-123.118797,0.0,False
VANCOUVER,ROBSON ST,THURLOW ST,181,7,9,2018,2022,49.284599,-123.124848,0.0,False
VANCOUVER,ROCKPOOLE DR,W 59TH AVE,1,0,0,2018,2018,49.216879,-123.1116,0.0,False
VANCOUVER,ROGERS ST,STEWART ST,8,0,0,2018,2021,49.283348,-123.079981,0.0,True
VANCOUVER,ROSE ST,WILLIAM ST,4,1,0,2018,2022,49.273762,-123.062906,0.0,False
VANCOUVER,ROSEMARY BROWN LANE,THURLOW ST,27,0,0,2018,2022,49.284241,-123.125388,0.0,False
VANCOUVER,ROSS ST,SE MARINE DR,117,3,0,2018,2022,49.211117,-123.083233,0.0,False
VANCOUVER,RUBY ST,WELLINGTON AVE,2,0,0,2019,2021,49.238833,-123.027135,0.0,False
VANCOUVER,RUPERT ST,SCHOOL AVE,22,1,0,2018,2022,49.235363,-123.042874,0.0,False
VANCOUVER,RUPERT ST,SEAFORTH DR,13,0,0,2018,2022,49.253145,-123.033804,0.0,True
VANCOUVER,RUPERT ST,TURNER ST,3,0,0,2018,2022,49.279062,-123.033592,0.0,False
VANCOUVER,RUPERT ST,VANNESS AVE,58,1,2,2018,2022,49.240697,-123.037758,0.0,False
VANCOUVER,RUPERT ST,VENABLES ST,4,0,0,2018,2022,49.276619,-123.033601,0.0,False
VANCOUVER,RUPERT ST,WAVERLEY AVE,2,0,0,2021,2022,49.226982,-123.040991,0.0,True
VANCOUVER,RUPERT ST,WELLINGTON AVE,35,2,0,2018,2022,49.242485,-123.036012,0.0,False
VANCOUVER,RUPERT ST,WORTHINGTON DR,20,0,0,2018,2022,49.25641,-123.033792,0.0,True
VANCOUVER,RUPERT ST OFFRAMP,TRANS-CANADA HWY,2,0,0,2018,2021,49.269452,-123.027611,0.0,True
VANCOUVER,SALERNO ST,W 8TH AVE,1,0,1,2019,2019,49.26531,-123.19115,0.0,False
VANCOUVER,SALISH DR,STAULO CRES,2,0,0,2021,2022,49.226493,-123.197452,0.0,True
VANCOUVER,SALISH DR,STAUTLO AVE,1,0,0,2021,2021,49.230078,-123.197085,0.0,False
VANCOUVER,SALISH DR,TAMATH CRES,3,0,0,2020,2022,49.235593,-123.199794,0.0,True
VANCOUVER,SALISH DR,THELLAIWHALTUN AVE,1,0,0,2022,2022,49.227731,-123.197134,0.0,False
VANCOUVER,SALISH DR,TYTAHUN CRES,1,0,0,2018,2018,49.234566,-123.198296,0.0,False
VANCOUVER,SALISH DR,W 51ST AVE,3,0,0,2019,2022,49.226493,-123.197452,0.0,True
VANCOUVER,SALSBURY DR,TRIUMPH ST,5,0,0,2018,2022,49.283446,-123.06826,0.0,False
VANCOUVER,SALSBURY DR,VENABLES ST,4,0,1,2018,2021,49.276651,-123.067545,0.0,False
VANCOUVER,SALSBURY DR,WILLIAM ST,11,0,0,2018,2021,49.273934,-123.067604,0.0,False
VANCOUVER,SALT ST,W 1ST AVE,4,0,0,2018,2022,49.270288,-123.106098,0.0,False
VANCOUVER,SALT ST,WALTER HARDWICK AVE,4,0,0,2018,2022,49.270915,-123.106085,0.0,False
VANCOUVER,SASAMAT ST,W 10TH AVE,115,4,1,2018,2022,49.263835,-123.20912,0.0,False
VANCOUVER,SASAMAT ST,W 11TH AVE,13,0,0,2018,2021,49.262925,-123.209143,0.0,False
VANCOUVER,SASAMAT ST,W 12TH AVE,4,0,0,2018,2020,49.262007,-123.209182,0.0,False
VANCOUVER,SASAMAT ST,W 13TH AVE,6,0,2,2018,2022,49.261107,-123.209214,0.0,False
VANCOUVER,SASAMAT ST,W 14TH AVE,4,0,0,2019,2021,49.260203,-123.209245,0.0,False
VANCOUVER,SASAMAT ST,W 15TH AVE,1,0,0,2020,2020,49.259288,-123.209276,0.0,False
VANCOUVER,SASAMAT ST,W 16TH AVE,13,0,0,2018,2021,49.258299,-123.209312,0.0,False
VANCOUVER,SASAMAT ST,W 2ND AVE,1,0,0,2019,2019,49.271354,-123.208831,0.0,False
VANCOUVER,SASAMAT ST,W 4TH AVE,13,0,0,2018,2022,49.269017,-123.208928,0.0,False
VANCOUVER,SASAMAT ST,W 5TH AVE,2,0,0,2022,2022,49.268155,-123.208914,0.0,False
VANCOUVER,SASAMAT ST,W 6TH AVE,3,0,0,2018,2022,49.267292,-123.208952,0.0,False
VANCOUVER,SASAMAT ST,W 7TH AVE,2,1,0,2018,2019,49.266453,-123.208989,0.0,False
VANCOUVER,SASAMAT ST,W 8TH AVE,4,0,0,2018,2022,49.26558,-123.209073,0.0,False
VANCOUVER,SASAMAT ST,W 9TH AVE,3,0,0,2019,2022,49.264711,-123.209077,0.0,False
VANCOUVER,SASKATCHEWAN LANE,W 70TH AVE,1,0,0,2021,2021,49.208544,-123.141398,0.0,False
VANCOUVER,SCANTLINGS,SCHOOL GREEN,1,0,0,2019,2019,49.267535,-123.127622,0.0,False
VANCOUVER,SCANTLINGS,SITKA SQ,1,0,0,2021,2021,49.26702,-123.128912,0.0,True
VANCOUVER,SCARBORO AVE,VICTORIA DR,6,0,0,2018,2022,49.213606,-123.066045,0.0,False
VANCOUVER,SCHOOL AVE,SENLAC ST,3,0,0,2019,2022,49.231754,-123.03421,0.0,False
VANCOUVER,SCHOOL AVE,TYNE ST,10,0,0,2018,2022,49.23099,-123.032232,0.0,False
VANCOUVER,SCHOOL AVE,WESSEX ST,8,0,0,2018,2022,49.232109,-123.035107,0.0,False
VANCOUVER,SCOTIA ST,TERMINAL AVE,19,2,0,2018,2022,49.271985,-123.095463,0.0,False
VANCOUVER,SE MARINE DR,SE MARINE DR OFFRAMP,3,0,0,2020,2022,49.211079,-123.077129,0.0,True
VANCOUVER,SE MARINE DR,SE MARINE DR ONRAMP,2,0,0,2022,2022,49.211079,-123.077129,0.0,True
VANCOUVER,SE MARINE DR,SHERBROOKE ST,24,0,0,2018,2022,49.211113,-123.0821,0.0,False
VANCOUVER,SE MARINE DR,SOPHIA ST,17,0,0,2018,2022,49.210781,-123.100324,0.0,False
VANCOUVER,SE MARINE DR,ST GEORGE ST,26,0,0,2018,2022,49.211023,-123.094231,0.0,False
VANCOUVER,SE MARINE DR,SW MARINE DR,2,0,0,2018,2020,49.212334,-123.106574,0.0,True
VANCOUVER,SE MARINE DR,VICTORIA DR,227,4,2,2018,2022,49.209688,-123.066111,0.0,False
VANCOUVER,SE MARINE DR,WHITNEY PL,4,0,0,2018,2021,49.20786,-123.02755,0.0,False
VANCOUVER,SE MARINE DR,WINDSOR ST,27,0,0,2018,2022,49.211096,-123.085779,0.0,False
VANCOUVER,SEAFORTH DR,WORTHINGTON DR,4,0,0,2019,2022,49.254727,-123.030972,0.0,False
VANCOUVER,SEE-EM-IA LANE,THURLOW ST,17,0,0,2018,2022,49.280733,-123.130696,0.0,False
VANCOUVER,SELKIRK ST,W 25TH AVE,1,0,0,2021,2021,49.249274,-123.132,0.0,True
VANCOUVER,SELKIRK ST,W 26TH AVE,1,1,0,2022,2022,49.248223,-123.132039,0.0,False
VANCOUVER,SELKIRK ST,W 32ND AVE,2,0,0,2019,2021,49.243179,-123.13311,0.0,False
VANCOUVER,SELKIRK ST,W 33RD AVE,6,0,0,2018,2021,49.24161,-123.13231,0.0,False
VANCOUVER,SELKIRK ST,W 37TH AVE,3,0,0,2018,2019,49.237795,-123.132422,0.0,False
VANCOUVER,SELKIRK ST,W 38TH AVE,3,0,0,2021,2022,49.236876,-123.132454,0.0,False
VANCOUVER,SELKIRK ST,W 39TH AVE,2,0,0,2020,2022,49.235953,-123.132488,0.0,False
VANCOUVER,SELKIRK ST,W 41ST AVE,11,0,2,2018,2022,49.234124,-123.133356,0.0,False
VANCOUVER,SELKIRK ST,W 43RD AVE,1,0,0,2019,2019,49.232259,-123.133405,0.0,False
VANCOUVER,SELKIRK ST,W 45TH AVE,1,0,0,2019,2019,49.230401,-123.133462,0.0,False
VANCOUVER,SELKIRK ST,W 52ND AVE,2,0,0,2018,2019,49.22398,-123.133406,0.0,False
VANCOUVER,SELKIRK ST,W 59TH AVE,1,1,0,2022,2022,49.217211,-123.132719,0.0,False
VANCOUVER,SELKIRK ST,W 64TH AVE,1,0,0,2018,2018,49.213031,-123.13286,0.0,False
VANCOUVER,SELKIRK ST,W 67TH AVE,2,0,0,2018,2020,49.210767,-123.132935,0.0,False
VANCOUVER,SELKIRK ST,W 70TH AVE,19,0,0,2018,2022,49.208513,-123.13315,0.0,False
VANCOUVER,SELKIRK ST,W 71ST AVE,14,0,0,2018,2022,49.206965,-123.133331,0.0,False
VANCOUVER,SELKIRK ST,W 72ND AVE,6,0,1,2018,2022,49.205683,-123.133389,0.0,False
VANCOUVER,SELKIRK ST,W 73RD AVE,9,0,0,2018,2022,49.204273,-123.133469,0.0,False
VANCOUVER,SELKIRK ST,W KING EDWARD AVE,3,0,0,2018,2022,49.249274,-123.132,0.0,True
VANCOUVER,SEMLIN DR,TRIUMPH ST,14,0,0,2018,2022,49.283924,-123.063561,0.0,False
VANCOUVER,SEMLIN DR,TURNER ST,2,0,0,2019,2022,49.279133,-123.063697,0.0,False
VANCOUVER,SEMLIN DR,VENABLES ST,4,0,0,2018,2020,49.27662,-123.063669,0.0,False
VANCOUVER,SEMLIN DR,WILLIAM ST,2,0,0,2018,2021,49.273766,-123.06355,0.0,False
VANCOUVER,SEYMOUR ST,SMITHE ST,163,6,7,2018,2022,49.279646,-123.120414,0.0,False
VANCOUVER,SEYMOUR ST,W CORDOVA ST,33,6,1,2018,2022,49.285326,-123.111852,0.0,False
VANCOUVER,SEYMOUR ST,W GEORGIA ST,166,2,3,2018,2022,49.281825,-123.117138,0.0,False
VANCOUVER,SEYMOUR ST,W HASTINGS ST,71,5,3,2018,2022,49.284665,-123.112855,0.0,False
VANCOUVER,SEYMOUR ST,W PENDER ST,93,4,2,2018,2022,49.284019,-123.11383,0.0,False
VANCOUVER,SHANGHAI ALLEY,TAYLOR ST,1,0,1,2020,2020,49.280096,-123.105849,0.0,False
VANCOUVER,SHANGHAI ALLEY,W PENDER ST,1,0,0,2018,2018,49.280597,-123.104956,0.0,False
VANCOUVER,SHAUGHNESSY ST,SW MARINE DR,23,1,0,2018,2022,49.205158,-123.128965,0.0,False
VANCOUVER,SHAUGHNESSY ST,W 64TH AVE,3,0,0,2018,2021,49.212952,-123.128728,0.0,False
VANCOUVER,SHAUGHNESSY ST,W 67TH AVE,2,0,0,2019,2022,49.210709,-123.128784,0.0,False
VANCOUVER,SHAUGHNESSY ST,W 70TH AVE,49,0,1,2018,2022,49.208451,-123.128855,0.0,False
VANCOUVER,SHAUGHNESSY ST,W KENT AVE N,2,0,0,2021,2021,49.203854,-123.127687,0.0,False
VANCOUVER,SHAUGHNESSY ST,W KENT AVE S,4,0,1,2020,2022,49.203608,-123.12743,0.0,False
VANCOUVER,SI-LU DR,W 51ST AVE,1,0,0,2018,2018,49.225953,-123.195137,0.0,False
VANCOUVER,SIDNEY ST,STAINSBURY AVE,1,0,1,2020,2020,49.250727,-123.062551,0.0,False
VANCOUVER,SIMPSON AVE,TOLMIE ST,1,0,0,2019,2019,49.274332,-123.211752,0.0,False
VANCOUVER,SKEENA ST,TRIUMPH ST,1,0,0,2021,2021,49.283865,-123.028313,0.0,False
VANCOUVER,SKEENA ST,TURNER ST,1,0,0,2019,2019,49.279071,-123.028315,0.0,False
VANCOUVER,SKEENA ST,WILLIAM ST,2,0,0,2019,2021,49.274101,-123.0284,0.0,False
VANCOUVER,SLOCAN ST,TRIUMPH ST,2,0,0,2020,2021,49.283887,-123.049323,0.0,False
VANCOUVER,SLOCAN ST,TURNER ST,5,0,0,2018,2020,49.279101,-123.049339,0.0,False
VANCOUVER,SLOCAN ST,VANNESS AVE,3,0,0,2018,2019,49.245856,-123.049655,0.0,False
VANCOUVER,SLOCAN ST,VENABLES ST,1,0,0,2020,2020,49.276635,-123.049353,0.0,False
VANCOUVER,SLOCAN ST,WARD ST,5,0,1,2018,2021,49.241519,-123.052587,0.0,False
VANCOUVER,SLOCAN ST,WILLIAM ST,1,0,0,2021,2021,49.274142,-123.049388,0.0,False
VANCOUVER,SMITHE ST,STOVOLD LANE,1,1,0,2022,2022,49.282863,-123.125059,0.0,False
VANCOUVER,SOPHIA ST,WEBBER AVE,7,0,0,2018,2022,49.248212,-123.099096,0.0,False
VANCOUVER,SOUTHERN ST,STATION ST,2,0,0,2019,2021,49.270515,-123.098072,0.0,False
VANCOUVER,SOUTHERN ST,WESTERN ST,2,0,0,2022,2022,49.270927,-123.09986,0.0,False
VANCOUVER,SPENCER ST,VANNESS AVE,3,0,0,2018,2018,49.240259,-123.03668,0.0,False
VANCOUVER,SPRUCE ST,W 10TH AVE,11,0,2,2018,2022,49.262485,-123.129037,0.0,False
VANCOUVER,SPRUCE ST,W 11TH AVE,15,1,1,2018,2022,49.261562,-123.129067,0.0,False
VANCOUVER,SPRUCE ST,W 12TH AVE,27,2,0,2018,2022,49.260608,-123.1291,0.0,False
VANCOUVER,SPRUCE ST,W 13TH AVE,8,0,0,2018,2022,49.259672,-123.129123,0.0,False
VANCOUVER,SPRUCE ST,W 14TH AVE,3,0,0,2019,2019,49.258757,-123.129153,0.0,False
VANCOUVER,SPRUCE ST,W 15TH AVE,5,0,0,2018,2022,49.257847,-123.12918,0.0,False
VANCOUVER,SPRUCE ST,W 6TH AVE,13,0,0,2018,2022,49.26604,-123.128915,0.0,False
VANCOUVER,SPRUCE ST,W 7TH AVE,17,0,1,2018,2022,49.265194,-123.128943,0.0,False
VANCOUVER,SPRUCE ST,W 8TH AVE,13,0,1,2018,2022,49.26436,-123.128963,0.0,False
VANCOUVER,SPRUCE ST,W BROADWAY,43,1,0,2018,2022,49.263443,-123.129003,0.0,False
VANCOUVER,SPYGLASS PL,WHEELHOUSE SQ,2,0,0,2020,2020,49.269078,-123.11529,0.0,False
VANCOUVER,ST GEORGE ST,TERMINAL AVE,7,0,1,2019,2022,49.271173,-123.090865,0.0,False
VANCOUVER,STAINSBURY AVE,VICTORIA DR,20,0,1,2018,2022,49.251416,-123.065042,0.0,False
VANCOUVER,STANLEY PARK CAUSEWAY,STANLEY PARK DR,21,0,1,2018,2022,49.311078,-123.142583,0.0,True
VANCOUVER,STANLEY PARK CAUSEWAY,STANLEY PARK DR OFFRAMP,2,0,0,2020,2022,49.310161,-123.143364,0.0,True
VANCOUVER,STANLEY PARK CAUSEWAY,W GEORGIA ST,44,2,2,2018,2022,49.294551,-123.136523,0.0,False
VANCOUVER,STANLEY PARK CAUSEWAY,WREN TRAIL,1,0,0,2020,2020,49.300962,-123.143284,0.0,True
VANCOUVER,STANLEY PARK DR,STANLEY PARK DR OFFRAMP,1,0,0,2022,2022,49.31156,-123.142804,0.0,False
VANCOUVER,STANLEY PARK DR,TATLOW WALK,1,0,0,2018,2018,49.303565,-123.153343,0.0,False
VANCOUVER,STATION ST,TERMINAL AVE,129,5,7,2018,2022,49.272575,-123.098621,0.0,False
VANCOUVER,STEPHENS ST,W 10TH AVE,4,0,3,2018,2022,49.263197,-123.166288,0.0,False
VANCOUVER,STEPHENS ST,W 11TH AVE,3,0,0,2018,2019,49.262271,-123.166333,0.0,False
VANCOUVER,STEPHENS ST,W 12TH AVE,13,1,0,2018,2022,49.261361,-123.166372,30.28721384563399,False
VANCOUVER,STEPHENS ST,W 15TH AVE,3,0,1,2018,2020,49.258633,-123.166484,0.0,False
VANCOUVER,STEPHENS ST,W 16TH AVE,18,1,1,2018,2022,49.257639,-123.166496,0.0,False
VANCOUVER,STEPHENS ST,W 1ST AVE,1,0,0,2018,2018,49.27103,-123.166287,0.0,False
VANCOUVER,STEPHENS ST,W 2ND AVE,5,0,0,2019,2022,49.270113,-123.166301,0.0,False
VANCOUVER,STEPHENS ST,W 3RD AVE,5,0,1,2019,2022,49.26922,-123.166329,0.0,False
VANCOUVER,STEPHENS ST,W 4TH AVE,27,0,0,2018,2022,49.268353,-123.166346,0.0,False
VANCOUVER,STEPHENS ST,W 5TH AVE,5,0,0,2018,2022,49.267444,-123.166385,0.0,False
VANCOUVER,STEPHENS ST,W 6TH AVE,4,0,0,2018,2022,49.266607,-123.166409,0.0,False
VANCOUVER,STEPHENS ST,W 7TH AVE,7,0,0,2018,2021,49.265769,-123.166436,0.0,False
VANCOUVER,STEPHENS ST,W 8TH AVE,1,0,1,2022,2022,49.264945,-123.166458,0.0,False
VANCOUVER,STEPHENS ST,W BROADWAY,37,1,0,2018,2022,49.264049,-123.166486,0.0,False
VANCOUVER,STEPHENS ST,YORK AVE,5,0,0,2018,2020,49.271915,-123.166243,0.0,False
VANCOUVER,STOVOLD LANE,THURLOW ST,17,0,1,2019,2022,49.283572,-123.1264,0.0,False
VANCOUVER,SW MARINE DR,SW MARINE DR ONRAMP,1,0,0,2020,2020,49.204026,-123.131964,0.0,False
VANCOUVER,SW MARINE DR,TAMATH CRES,9,0,5,2018,2022,49.235593,-123.199794,0.0,True
VANCOUVER,SW MARINE DR,W 41ST AVE,46,0,2,2018,2022,49.234777,-123.19622,0.0,True
VANCOUVER,SW MARINE DR,W 48TH AVE,3,0,1,2018,2019,49.228589,-123.174664,0.0,False
VANCOUVER,SW MARINE DR,W 49TH AVE,38,1,3,2018,2022,49.227367,-123.171556,0.0,True
VANCOUVER,SW MARINE DR,W 54TH AVE,4,0,0,2018,2022,49.221962,-123.158925,0.0,False
VANCOUVER,SW MARINE DR,W 57TH AVE,38,0,0,2018,2022,49.219535,-123.158542,0.0,True
VANCOUVER,SW MARINE DR,W 59TH AVE,5,0,0,2019,2022,49.217704,-123.157003,0.0,False
VANCOUVER,SW MARINE DR,W 62ND AVE,2,0,0,2018,2019,49.215141,-123.154422,0.0,False
VANCOUVER,SW MARINE DR,W 63RD AVE,12,0,0,2018,2022,49.21387,-123.153136,0.0,False
VANCOUVER,SW MARINE DR,W 64TH AVE,15,0,0,2018,2022,49.212612,-123.151888,0.0,False
VANCOUVER,SW MARINE DR,W 70TH AVE,101,3,1,2018,2022,49.208266,-123.121586,0.0,False
VANCOUVER,SW MARINE DR,W 71ST AVE,22,0,0,2018,2022,49.207095,-123.142252,0.0,False
VANCOUVER,SW MARINE DR,W 73RD AVE,10,0,0,2018,2022,49.204349,-123.131605,0.0,False
VANCOUVER,SW MARINE DR,WALLACE PL,2,0,0,2019,2021,49.232683,-123.190912,0.0,True
VANCOUVER,SW MARINE DR,WALLACE ST,6,0,0,2018,2019,49.232683,-123.190912,0.0,True
VANCOUVER,SW MARINE DR,WILTSHIRE ST,7,0,0,2018,2020,49.208608,-123.146432,0.0,False
VANCOUVER,SW MARINE DR,YEW ST,20,0,0,2018,2022,49.222105,-123.159199,0.0,False
VANCOUVER,SW MARINE DR,YUKON ST,214,5,2,2018,2022,49.210898,-123.115222,0.0,False
VANCOUVER,SW MARINE DR OFFRAMP,W 75TH AVE,1,0,0,2021,2021,49.202151,-123.134622,0.0,False
VANCOUVER,TALISMAN AVE,YUKON ST,2,0,1,2020,2022,49.246989,-123.112278,0.0,False
VANCOUVER,TAYLOR ST,W PENDER ST,16,1,1,2018,2022,49.280709,-123.105595,0.0,True
VANCOUVER,TECUMSEH AVE,THE CRESCENT,2,0,0,2020,2022,49.256246,-123.134256,0.0,False
VANCOUVER,TECUMSEH AVE,W 16TH AVE,3,0,0,2019,2022,49.257106,-123.131803,0.0,True
VANCOUVER,TECUMSEH AVE,WOLFE AVE,4,0,0,2021,2022,49.257106,-123.131803,0.0,True
VANCOUVER,TED NORTHE LANE,THURLOW ST,10,0,0,2019,2022,49.282882,-123.127448,0.0,False
VANCOUVER,TEMPLETON DR,TRIUMPH ST,5,0,0,2019,2021,49.283913,-123.059712,0.0,False
VANCOUVER,TEMPLETON DR,TURNER ST,1,0,0,2020,2020,49.279115,-123.059794,0.0,False
VANCOUVER,TEMPLETON DR,VENABLES ST,2,0,0,2020,2021,49.276605,-123.059833,0.0,False
VANCOUVER,TEMPLETON DR,WILLIAM ST,2,0,0,2018,2019,49.273866,-123.059882,0.0,False
VANCOUVER,TERMINAL AVE,THORNTON ST,58,2,2,2018,2022,49.271672,-123.093346,0.0,False
VANCOUVER,TERMINAL AVE,WESTERN ST,9,0,1,2018,2022,49.272633,-123.099345,0.0,False
VANCOUVER,THORNHILL DR,VICTORIA DR,6,0,0,2018,2022,49.213233,-123.066055,0.0,False
VANCOUVER,THURLOW ST,W CORDOVA ST,28,1,2,2018,2022,49.288368,-123.119115,0.0,False
VANCOUVER,THURLOW ST,W GEORGIA ST,213,6,1,2018,2022,49.285723,-123.123132,0.0,True
VANCOUVER,THURLOW ST,W HASTINGS ST,42,0,3,2018,2022,49.28795,-123.119733,0.0,False
VANCOUVER,THURLOW ST,W PENDER ST,68,3,3,2018,2022,49.287491,-123.120435,0.0,False
VANCOUVER,THURLOW ST,W WATERFRONT RD,3,0,0,2018,2022,49.288851,-123.118279,0.0,True
VANCOUVER,THURLOW ST,WATERFRONT RD,3,0,0,2018,2020,49.288851,-123.118279,0.0,True
VANCOUVER,TISDALL ST,W 42ND AVE,3,0,0,2020,2022,49.232773,-123.122603,0.0,False
VANCOUVER,TISDALL ST,W 45TH AVE,6,1,0,2019,2021,49.229996,-123.121665,0.0,False
VANCOUVER,TISDALL ST,W 46TH AVE,6,0,0,2018,2022,49.229078,-123.121697,0.0,False
VANCOUVER,TISDALL ST,W 48TH AVE,3,0,0,2022,2022,49.227258,-123.121758,0.0,False
VANCOUVER,TISDALL ST,W 49TH AVE,33,3,2,2018,2022,49.22629,-123.121801,0.0,False
VANCOUVER,TISDALL ST,W 50TH AVE,4,0,0,2018,2021,49.225373,-123.120897,0.0,False
VANCOUVER,TISDALL ST,W 51ST AVE,1,0,0,2022,2022,49.224473,-123.120922,0.0,False
VANCOUVER,TOLMIE ST,W 10TH AVE,41,1,0,2018,2022,49.26388,-123.212129,0.0,False
VANCOUVER,TOLMIE ST,W 11TH AVE,3,0,0,2020,2022,49.262971,-123.212183,0.0,False
VANCOUVER,TOLMIE ST,W 13TH AVE,1,0,0,2019,2019,49.261153,-123.212231,0.0,False
VANCOUVER,TOLMIE ST,W 14TH AVE,1,0,0,2019,2019,49.260249,-123.212257,0.0,False
VANCOUVER,TOLMIE ST,W 15TH AVE,1,0,0,2022,2022,49.259337,-123.212294,0.0,False
VANCOUVER,TOLMIE ST,W 16TH AVE,2,0,0,2019,2021,49.258353,-123.212338,0.0,False
VANCOUVER,TOLMIE ST,W 3RD AVE,2,0,0,2018,2021,49.270232,-123.211902,0.0,False
VANCOUVER,TOLMIE ST,W 4TH AVE,5,1,0,2019,2021,49.269061,-123.211945,0.0,False
VANCOUVER,TOLMIE ST,W 5TH AVE,2,0,0,2019,2021,49.26819,-123.211975,0.0,False
VANCOUVER,TOLMIE ST,W 6TH AVE,1,0,0,2022,2022,49.267324,-123.212007,0.0,False
VANCOUVER,TOLMIE ST,W 7TH AVE,1,0,0,2018,2018,49.26648,-123.212037,0.0,False
VANCOUVER,TOLMIE ST,W 8TH AVE,4,0,0,2018,2022,49.26562,-123.212065,0.0,False
VANCOUVER,TRAFALGAR ST,W 10TH AVE,5,0,1,2018,2022,49.263072,-123.164695,0.0,False
VANCOUVER,TRAFALGAR ST,W 11TH AVE,1,0,0,2022,2022,49.262195,-123.164708,0.0,False
VANCOUVER,TRAFALGAR ST,W 12TH AVE,21,1,0,2018,2022,49.261187,-123.164778,0.0,False
VANCOUVER,TRAFALGAR ST,W 14TH AVE,1,0,1,2020,2020,49.259436,-123.164836,0.0,False
VANCOUVER,TRAFALGAR ST,W 15TH AVE,6,0,0,2018,2022,49.258507,-123.164881,0.0,False
VANCOUVER,TRAFALGAR ST,W 16TH AVE,58,0,3,2018,2022,49.257582,-123.164926,0.0,False
VANCOUVER,TRAFALGAR ST,W 18TH AVE,3,1,0,2018,2022,49.256396,-123.165093,0.0,False
VANCOUVER,TRAFALGAR ST,W 19TH AVE,1,0,0,2021,2021,49.255486,-123.165128,0.0,False
VANCOUVER,TRAFALGAR ST,W 1ST AVE,3,0,1,2018,2022,49.271,-123.16446,0.0,False
VANCOUVER,TRAFALGAR ST,W 20TH AVE,1,0,0,2018,2018,49.254574,-123.165162,0.0,False
VANCOUVER,TRAFALGAR ST,W 21ST AVE,1,0,0,2022,2022,49.253679,-123.165196,0.0,False
VANCOUVER,TRAFALGAR ST,W 22ND AVE,1,0,0,2019,2019,49.252758,-123.165229,0.0,False
VANCOUVER,TRAFALGAR ST,W 23RD AVE,2,0,0,2019,2021,49.251858,-123.165263,0.0,False
VANCOUVER,TRAFALGAR ST,W 24TH AVE,3,0,0,2018,2022,49.25097,-123.165252,0.0,False
VANCOUVER,TRAFALGAR ST,W 2ND AVE,2,0,0,2021,2021,49.270085,-123.164479,0.0,False
VANCOUVER,TRAFALGAR ST,W 32ND AVE,1,0,0,2019,2019,49.243233,-123.16556,0.0,False
VANCOUVER,TRAFALGAR ST,W 33RD AVE,8,1,0,2018,2022,49.242298,-123.165589,0.0,False
VANCOUVER,TRAFALGAR ST,W 34TH AVE,1,0,0,2019,2019,49.241334,-123.165627,0.0,False
VANCOUVER,TRAFALGAR ST,W 36TH AVE,2,0,0,2020,2022,49.23944,-123.165729,0.0,False
VANCOUVER,TRAFALGAR ST,W 37TH AVE,7,0,1,2018,2021,49.238495,-123.165765,0.0,False
VANCOUVER,TRAFALGAR ST,W 38TH AVE,1,0,0,2018,2018,49.23755,-123.165766,0.0,False
VANCOUVER,TRAFALGAR ST,W 39TH AVE,4,0,0,2019,2022,49.236612,-123.165826,0.0,False
VANCOUVER,TRAFALGAR ST,W 3RD AVE,9,0,2,2018,2022,49.269194,-123.164516,0.0,False
VANCOUVER,TRAFALGAR ST,W 41ST AVE,5,1,0,2018,2022,49.234729,-123.165832,0.0,False
VANCOUVER,TRAFALGAR ST,W 43RD AVE,1,0,0,2020,2020,49.232877,-123.165812,0.0,False
VANCOUVER,TRAFALGAR ST,W 4TH AVE,44,0,2,2018,2022,49.268325,-123.164539,0.0,False
VANCOUVER,TRAFALGAR ST,W 5TH AVE,6,0,0,2018,2022,49.267431,-123.164552,0.0,False
VANCOUVER,TRAFALGAR ST,W 6TH AVE,4,0,1,2018,2022,49.266582,-123.164581,0.0,False
VANCOUVER,TRAFALGAR ST,W 7TH AVE,3,0,0,2020,2022,49.265763,-123.164617,0.0,False
VANCOUVER,TRAFALGAR ST,W 8TH AVE,8,0,2,2018,2022,49.264917,-123.16464,0.0,False
VANCOUVER,TRAFALGAR ST,W BROADWAY,49,2,0,2018,2022,49.26404,-123.164639,0.0,False
VANCOUVER,TRAFALGAR ST,W KING EDWARD AVE,14,0,0,2018,2022,49.248073,-123.165357,0.0,False
VANCOUVER,TRAFALGAR ST,YORK AVE,7,1,1,2018,2022,49.271878,-123.164411,0.0,False
VANCOUVER,TRIMBLE ST,W 10TH AVE,67,1,0,2018,2022,49.26379,-123.20609,0.0,False
VANCOUVER,TRIMBLE ST,W 11TH AVE,15,1,0,2018,2022,49.262854,-123.206121,0.0,False
VANCOUVER,TRIMBLE ST,W 12TH AVE,1,0,0,2021,2021,49.261966,-123.206149,0.0,False
VANCOUVER,TRIMBLE ST,W 14TH AVE,1,0,0,2018,2018,49.260156,-123.20621,0.0,False
VANCOUVER,TRIMBLE ST,W 15TH AVE,2,0,0,2019,2022,49.25924,-123.20624,0.0,False
VANCOUVER,TRIMBLE ST,W 16TH AVE,2,0,0,2019,2021,49.258246,-123.206272,0.0,False
VANCOUVER,TRIMBLE ST,W 3RD AVE,4,0,0,2019,2020,49.270148,-123.205858,0.0,False
VANCOUVER,TRIMBLE ST,W 4TH AVE,24,0,1,2018,2022,49.268904,-123.205903,6.280280713579836,False
VANCOUVER,TRIMBLE ST,W 5TH AVE,2,0,0,2018,2019,49.26809,-123.205923,0.0,False
VANCOUVER,TRIMBLE ST,W 6TH AVE,5,0,0,2019,2022,49.267232,-123.205933,0.0,False
VANCOUVER,TRIMBLE ST,W 7TH AVE,1,0,0,2019,2019,49.266396,-123.20597,0.0,False
VANCOUVER,TRIMBLE ST,W 8TH AVE,5,0,2,2018,2021,49.265527,-123.206006,0.0,False
VANCOUVER,TRIMBLE ST,W 9TH AVE,5,0,0,2018,2020,49.264662,-123.206044,0.0,False
VANCOUVER,TRINITY ST,WALL ST,4,0,1,2019,2022,49.289679,-123.042151,0.0,False
VANCOUVER,TRIUMPH ST,VICTORIA DR,12,1,0,2018,2022,49.283929,-123.065539,0.0,False
VANCOUVER,TRUTCH ST,W 10TH AVE,26,1,0,2018,2022,49.26333,-123.17593,0.0,False
VANCOUVER,TRUTCH ST,W 11TH AVE,5,0,0,2019,2022,49.262397,-123.175969,0.0,False
VANCOUVER,TRUTCH ST,W 12TH AVE,2,0,0,2019,2019,49.261502,-123.176,0.0,False
VANCOUVER,TRUTCH ST,W 15TH AVE,1,0,0,2020,2020,49.258781,-123.176107,0.0,False
VANCOUVER,TRUTCH ST,W 16TH AVE,8,0,0,2019,2022,49.257868,-123.176148,0.0,False
VANCOUVER,TRUTCH ST,W 18TH AVE,1,0,0,2019,2019,49.256653,-123.175687,0.0,False
VANCOUVER,TRUTCH ST,W 1ST AVE,1,0,1,2018,2018,49.271242,-123.175628,0.0,False
VANCOUVER,TRUTCH ST,W 2ND AVE,1,0,0,2019,2019,49.270272,-123.175696,0.0,False
VANCOUVER,TRUTCH ST,W 3RD AVE,2,0,0,2019,2020,49.269367,-123.17571,0.0,False
VANCOUVER,TRUTCH ST,W 4TH AVE,25,0,0,2018,2022,49.268462,-123.175751,0.0,False
VANCOUVER,TRUTCH ST,W 5TH AVE,2,0,0,2019,2021,49.267599,-123.175801,0.0,False
VANCOUVER,TRUTCH ST,W 6TH AVE,2,0,0,2018,2018,49.266754,-123.175834,0.0,False
VANCOUVER,TRUTCH ST,W 7TH AVE,5,0,1,2018,2022,49.265891,-123.175866,0.0,False
VANCOUVER,TRUTCH ST,W 8TH AVE,7,0,2,2018,2022,49.265072,-123.1759,0.0,False
VANCOUVER,TRUTCH ST,W BROADWAY,48,0,1,2018,2022,49.264203,-123.1759,0.0,False
VANCOUVER,TUPPER ST,W 16TH AVE,5,0,0,2018,2019,49.256922,-123.116003,0.0,False
VANCOUVER,TUPPER ST,W 17TH AVE,4,0,0,2018,2022,49.256029,-123.11601,0.0,False
VANCOUVER,TUPPER ST,W 18TH AVE,7,1,0,2018,2022,49.255066,-123.116019,0.0,False
VANCOUVER,TUPPER ST,W 19TH AVE,4,0,1,2018,2021,49.254203,-123.116,0.0,False
VANCOUVER,TUPPER ST,W 20TH AVE,1,0,0,2018,2018,49.253283,-123.116051,0.0,False
VANCOUVER,TUPPER ST,W 21ST AVE,3,0,0,2021,2022,49.2524,-123.116096,0.0,False
VANCOUVER,TUPPER ST,W 24TH AVE,2,0,0,2018,2019,49.250028,-123.116209,0.0,False
VANCOUVER,TURNER ST,VICTORIA DR,6,0,0,2018,2022,49.279236,-123.065599,0.0,True
VANCOUVER,TURNER ST,WINDERMERE ST,1,0,0,2022,2022,49.279074,-123.036211,0.0,False
VANCOUVER,UNION ST,VERNON DR,2,0,0,2021,2021,49.277303,-123.079281,0.0,False
VANCOUVER,UPLAND DR,VICTORIA DR,13,0,0,2018,2022,49.218049,-123.065932,0.0,False
VANCOUVER,VALLEY DR,W 18TH AVE,1,0,0,2019,2019,49.256382,-123.164105,0.0,False
VANCOUVER,VALLEY DR,W 21ST AVE,1,0,0,2020,2020,49.25363,-123.162076,0.0,False
VANCOUVER,VALLEY DR,W 22ND AVE,2,0,2,2019,2019,49.252706,-123.161403,0.0,False
VANCOUVER,VALLEY DR,W 30TH AVE,2,0,1,2018,2020,49.244767,-123.152372,0.0,False
VANCOUVER,VALLEY DR,W 33RD AVE,7,1,0,2021,2022,49.242052,-123.149436,0.0,True
VANCOUVER,VALLEY DR,W KING EDWARD AVE,28,1,0,2018,2022,49.249762,-123.159291,0.0,False
VANCOUVER,VALLEY DR,YEW ST,3,0,0,2018,2019,49.245732,-123.154823,0.0,False
VANCOUVER,VANNESS AVE,WALKER ST,2,1,0,2020,2022,49.24959,-123.059433,0.0,False
VANCOUVER,VENABLES ST,VERNON DR,56,0,1,2018,2022,49.276812,-123.079305,0.0,False
VANCOUVER,VENABLES ST,VICTORIA DR,46,2,4,2018,2022,49.276646,-123.065622,0.0,False
VANCOUVER,VENABLES ST,WOODLAND DR,12,0,0,2018,2022,49.276714,-123.073338,0.0,False
VANCOUVER,VERNON DR,WILLIAM ST,2,1,0,2018,2022,49.274061,-123.078668,0.0,False
VANCOUVER,VICTORIA DIVERS,VICTORIA DR,17,0,0,2018,2022,49.252959,-123.066272,0.0,False
VANCOUVER,VICTORIA DR,WAVERLEY AVE,21,0,1,2018,2022,49.227185,-123.065667,0.0,False
VANCOUVER,VICTORIA DR,WILLIAM ST,17,0,0,2018,2022,49.273841,-123.065675,0.0,False
VANCOUVER,VINE ST,W 10TH AVE,26,0,5,2018,2022,49.262931,-123.15767,0.0,False
VANCOUVER,VINE ST,W 12TH AVE,28,0,1,2018,2022,49.261114,-123.157729,0.0,False
VANCOUVER,VINE ST,W 13TH AVE,7,0,0,2018,2022,49.260154,-123.157788,0.0,False
VANCOUVER,VINE ST,W 14TH AVE,3,0,0,2018,2022,49.259265,-123.157816,0.0,False
VANCOUVER,VINE ST,W 15TH AVE,2,0,0,2019,2021,49.258306,-123.157871,0.0,False
VANCOUVER,VINE ST,W 16TH AVE,9,0,0,2018,2022,49.257354,-123.15791,0.0,False
VANCOUVER,VINE ST,W 18TH AVE,1,0,0,2022,2022,49.256277,-123.157954,0.0,False
VANCOUVER,VINE ST,W 1ST AVE,14,0,1,2018,2022,49.27086,-123.157415,0.0,False
VANCOUVER,VINE ST,W 21ST AVE,1,0,0,2019,2019,49.253568,-123.158051,0.0,False
VANCOUVER,VINE ST,W 22ND AVE,1,0,0,2022,2022,49.252661,-123.158083,0.0,False
VANCOUVER,VINE ST,W 2ND AVE,12,0,0,2018,2022,49.269974,-123.157444,0.0,False
VANCOUVER,VINE ST,W 34TH AVE,2,0,0,2018,2020,49.241275,-123.159686,0.0,False
VANCOUVER,VINE ST,W 36TH AVE,2,0,0,2019,2021,49.239329,-123.159754,0.0,False
VANCOUVER,VINE ST,W 37TH AVE,6,0,1,2018,2021,49.238369,-123.159792,0.0,False
VANCOUVER,VINE ST,W 39TH AVE,1,0,0,2018,2018,49.236497,-123.159861,0.0,False
VANCOUVER,VINE ST,W 3RD AVE,22,1,0,2018,2022,49.269092,-123.157474,0.0,False
VANCOUVER,VINE ST,W 41ST AVE,72,1,0,2018,2022,49.234653,-123.159937,0.0,False
VANCOUVER,VINE ST,W 43RD AVE,17,0,2,2018,2022,49.232787,-123.159996,0.0,False
VANCOUVER,VINE ST,W 45TH AVE,5,0,0,2019,2022,49.230935,-123.160071,0.0,False
VANCOUVER,VINE ST,W 47TH AVE,1,0,0,2021,2021,49.229079,-123.160113,0.0,False
VANCOUVER,VINE ST,W 49TH AVE,9,1,0,2019,2022,49.227221,-123.160143,0.0,False
VANCOUVER,VINE ST,W 4TH AVE,265,4,4,2018,2022,49.268186,-123.157502,0.0,False
VANCOUVER,VINE ST,W 5TH AVE,17,1,1,2018,2022,49.267337,-123.157547,0.0,False
VANCOUVER,VINE ST,W 6TH AVE,6,1,0,2018,2022,49.266491,-123.157571,0.0,False
VANCOUVER,VINE ST,W 7TH AVE,16,1,0,2018,2022,49.265649,-123.157618,0.0,False
VANCOUVER,VINE ST,W 8TH AVE,11,0,4,2018,2022,49.264814,-123.157634,0.0,False
VANCOUVER,VINE ST,W BROADWAY,101,4,0,2018,2022,49.2639,-123.157641,0.0,False
VANCOUVER,VINE ST,W KING EDWARD AVE,1,0,0,2020,2020,49.250592,-123.156897,0.0,False
VANCOUVER,VINE ST,YORK AVE,8,0,3,2018,2022,49.271725,-123.157388,0.0,False
VANCOUVER,W 10TH AVE,WALLACE CRES,5,0,0,2018,2021,49.263578,-123.190841,0.0,True
VANCOUVER,W 10TH AVE,WALLACE ST,2,0,0,2018,2021,49.263578,-123.190841,0.0,True
VANCOUVER,W 10TH AVE,WATERLOO ST,14,1,2,2018,2022,49.26339,-123.179842,0.0,False
VANCOUVER,W 10TH AVE,WILLOW ST,45,2,2,2018,2022,49.262359,-123.121734,0.0,False
VANCOUVER,W 10TH AVE,YEW ST,11,1,2,2018,2022,49.262898,-123.155334,0.0,False
VANCOUVER,W 10TH AVE,YUKON ST,35,1,9,2018,2022,49.262208,-123.112913,0.0,False
VANCOUVER,W 11TH AVE,WALLACE ST,1,0,0,2022,2022,49.262624,-123.190878,0.0,False
VANCOUVER,W 11TH AVE,YEW ST,2,0,0,2019,2022,49.262005,-123.155364,0.0,False
VANCOUVER,W 11TH AVE,YUKON ST,8,0,1,2018,2022,49.261293,-123.11297,0.0,False
VANCOUVER,W 12TH AVE,WALLACE ST,5,0,0,2018,2022,49.261744,-123.19089,0.0,False
VANCOUVER,W 12TH AVE,WATERLOO ST,1,0,0,2019,2019,49.261578,-123.179924,0.0,False
VANCOUVER,W 12TH AVE,WILLOW ST,13,0,0,2018,2022,49.260523,-123.121951,0.0,False
VANCOUVER,W 12TH AVE,YEW ST,16,0,0,2018,2022,49.261035,-123.155419,0.0,False
VANCOUVER,W 12TH AVE,YUKON ST,79,0,3,2018,2022,49.260384,-123.112987,0.0,False
VANCOUVER,W 13TH AVE,WALLACE ST,3,0,0,2018,2021,49.260829,-123.190959,0.0,False
VANCOUVER,W 13TH AVE,WATERLOO ST,1,0,0,2021,2021,49.260671,-123.179966,0.0,False
VANCOUVER,W 13TH AVE,WILLOW ST,4,0,0,2018,2022,49.259553,-123.121988,0.0,False
VANCOUVER,W 13TH AVE,YEW ST,4,0,0,2018,2022,49.260099,-123.15547,0.0,False
VANCOUVER,W 13TH AVE,YUKON ST,3,0,0,2018,2019,49.259406,-123.113048,0.0,False
VANCOUVER,W 14TH AVE,WALLACE ST,1,0,0,2022,2022,49.259923,-123.190996,0.0,False
VANCOUVER,W 14TH AVE,WILLOW ST,12,0,0,2018,2022,49.258632,-123.12202,0.0,False
VANCOUVER,W 14TH AVE,YEW ST,3,0,1,2018,2021,49.259206,-123.15547,0.0,False
VANCOUVER,W 14TH AVE,YUKON ST,5,0,0,2018,2022,49.258701,-123.113076,0.0,False
VANCOUVER,W 15TH AVE,WALLACE ST,3,0,0,2020,2022,49.259005,-123.191035,0.0,False
VANCOUVER,W 15TH AVE,WILLOW ST,7,0,0,2018,2022,49.257731,-123.122051,0.0,False
VANCOUVER,W 15TH AVE,WOLFE AVE,10,0,0,2018,2022,49.257788,-123.133611,0.0,False
VANCOUVER,W 15TH AVE,YEW ST,2,0,1,2018,2020,49.258244,-123.155505,0.0,False
VANCOUVER,W 15TH AVE,YUKON ST,2,0,0,2018,2021,49.257795,-123.113096,0.0,False
VANCOUVER,W 16TH AVE,WALLACE ST,29,0,0,2018,2022,49.257992,-123.190978,0.0,False
VANCOUVER,W 16TH AVE,WATERLOO ST,3,0,0,2019,2022,49.257949,-123.180049,0.0,False
VANCOUVER,W 16TH AVE,WILLOW ST,23,1,0,2018,2022,49.257027,-123.122031,0.0,False
VANCOUVER,W 16TH AVE,WOLFE AVE,128,3,0,2018,2022,49.257106,-123.131803,0.0,True
VANCOUVER,W 16TH AVE,YEW ST,11,0,0,2018,2021,49.257334,-123.155543,0.0,False
VANCOUVER,W 16TH AVE,YUKON ST,19,0,2,2018,2022,49.256827,-123.113172,0.0,False
VANCOUVER,W 17TH AVE,WALLACE ST,4,1,0,2018,2020,49.257439,-123.190789,0.0,False
VANCOUVER,W 17TH AVE,WILLOW ST,4,0,0,2018,2022,49.25615,-123.122062,0.0,False
VANCOUVER,W 17TH AVE,YUKON ST,9,0,2,2018,2022,49.255798,-123.112533,0.0,False
VANCOUVER,W 18TH AVE,WALLACE ST,3,0,0,2020,2022,49.256498,-123.190798,0.0,False
VANCOUVER,W 18TH AVE,YEW ST,2,0,0,2018,2022,49.256246,-123.155582,0.0,False
VANCOUVER,W 18TH AVE,YUKON ST,7,0,2,2019,2022,49.254815,-123.112581,0.0,False
VANCOUVER,W 19TH AVE,WALLACE ST,2,0,1,2019,2022,49.255584,-123.190807,0.0,False
VANCOUVER,W 19TH AVE,WILLOW ST,1,0,0,2020,2020,49.254323,-123.122139,0.0,False
VANCOUVER,W 19TH AVE,YUKON ST,3,0,0,2018,2022,49.253906,-123.112623,0.0,False
VANCOUVER,W 1ST AVE,WALLACE ST,2,0,0,2020,2022,49.271376,-123.189479,0.0,False
VANCOUVER,W 1ST AVE,WATERLOO ST,1,0,0,2020,2020,49.271219,-123.179603,0.0,False
VANCOUVER,W 1ST AVE,WYLIE ST,9,0,3,2018,2022,49.268258,-123.113979,0.0,False
VANCOUVER,W 1ST AVE,YEW ST,32,0,2,2018,2022,49.270821,-123.155043,0.0,False
VANCOUVER,W 20TH AVE,WALLACE ST,3,0,0,2022,2022,49.254693,-123.190791,0.0,False
VANCOUVER,W 20TH AVE,WILLOW ST,4,0,0,2019,2022,49.253437,-123.12218,0.0,False
VANCOUVER,W 20TH AVE,YEW ST,1,0,0,2020,2020,49.254437,-123.155652,0.0,False
VANCOUVER,W 20TH AVE,YUKON ST,3,0,1,2020,2022,49.252898,-123.11267,0.0,False
VANCOUVER,W 21ST AVE,YUKON ST,3,0,1,2018,2021,49.252013,-123.11271,0.0,False
VANCOUVER,W 22ND AVE,WALLACE ST,1,0,0,2019,2019,49.252879,-123.190832,0.0,False
VANCOUVER,W 22ND AVE,WILLOW ST,1,0,0,2019,2019,49.251623,-123.122215,0.0,False
VANCOUVER,W 22ND AVE,YEW ST,1,0,0,2018,2018,49.252629,-123.155722,0.0,False
VANCOUVER,W 22ND AVE,YUKON ST,3,0,1,2018,2022,49.251113,-123.112753,0.0,False
VANCOUVER,W 23RD AVE,W KING EDWARD AVE,3,0,0,2018,2022,49.251648,-123.154569,0.0,False
VANCOUVER,W 23RD AVE,WALLACE ST,1,0,0,2021,2021,49.251965,-123.190836,0.0,False
VANCOUVER,W 23RD AVE,WILLOW ST,2,0,0,2018,2019,49.250719,-123.122254,0.0,False
VANCOUVER,W 23RD AVE,YUKON ST,3,0,0,2019,2021,49.250069,-123.1128,0.0,False
VANCOUVER,W 24TH AVE,WALLACE ST,1,0,0,2020,2020,49.251076,-123.190845,0.0,False
VANCOUVER,W 24TH AVE,WILLOW ST,3,0,0,2018,2019,49.250117,-123.12229,0.0,False
VANCOUVER,W 25TH AVE,YUKON ST,1,0,0,2018,2018,49.249006,-123.112853,0.0,True
VANCOUVER,W 26TH AVE,WALLACE ST,1,0,0,2022,2022,49.249034,-123.190874,0.0,False
VANCOUVER,W 26TH AVE,WILLOW ST,1,0,0,2021,2021,49.248067,-123.122373,0.0,False
VANCOUVER,W 26TH AVE,YUKON ST,5,0,0,2018,2022,49.247879,-123.112236,0.0,False
VANCOUVER,W 27TH AVE,WALLACE ST,1,0,0,2021,2021,49.248098,-123.190881,0.0,False
VANCOUVER,W 27TH AVE,WILLOW ST,12,0,1,2018,2022,49.247141,-123.122406,0.0,False
VANCOUVER,W 28TH AVE,WILLOW ST,4,0,0,2020,2022,49.246226,-123.122439,0.0,False
VANCOUVER,W 28TH AVE,YUKON ST,2,0,0,2018,2018,49.246044,-123.112319,0.0,False
VANCOUVER,W 29TH AVE,WALLACE ST,7,0,0,2018,2022,49.246186,-123.190894,0.0,False
VANCOUVER,W 29TH AVE,YUKON ST,9,0,0,2018,2022,49.245104,-123.112364,0.0,True
VANCOUVER,W 2ND AVE,W 3RD AVE,1,0,0,2021,2021,49.268397,-123.111203,0.0,False
VANCOUVER,W 2ND AVE,W 5TH AVE,3,0,0,2019,2022,49.266821,-123.114345,0.0,False
VANCOUVER,W 2ND AVE,WALLACE ST,3,0,0,2018,2021,49.270093,-123.189509,0.0,False
VANCOUVER,W 2ND AVE,WYLIE ST,51,2,1,2018,2022,49.267507,-123.113031,25.475129536785104,False
VANCOUVER,W 2ND AVE,YEW ST,14,0,1,2018,2022,49.269938,-123.155074,0.0,False
VANCOUVER,W 2ND AVE,YUKON ST,38,0,0,2018,2022,49.267587,-123.112702,0.0,True
VANCOUVER,W 30TH AVE,WALLACE ST,2,0,0,2022,2022,49.245243,-123.1909,0.0,False
VANCOUVER,W 31ST AVE,WALLACE ST,2,0,0,2019,2022,49.244288,-123.190907,0.0,False
VANCOUVER,W 32ND AVE,WALLACE ST,2,0,0,2018,2021,49.243346,-123.190914,0.0,False
VANCOUVER,W 32ND AVE,WILLOW ST,2,0,0,2020,2022,49.24234,-123.123589,0.0,False
VANCOUVER,W 32ND AVE,YEW ST,3,0,0,2019,2022,49.243057,-123.155527,0.0,False
VANCOUVER,W 33RD AVE,WALLACE ST,6,1,0,2018,2021,49.242427,-123.190922,0.0,False
VANCOUVER,W 33RD AVE,WILLOW ST,33,0,0,2018,2022,49.241281,-123.123629,0.0,False
VANCOUVER,W 33RD AVE,YEW ST,12,0,1,2019,2022,49.242172,-123.157406,0.0,False
VANCOUVER,W 35TH AVE,WALLACE ST,1,0,1,2019,2019,49.240495,-123.19094,0.0,False
VANCOUVER,W 35TH AVE,WILLOW ST,2,0,0,2020,2022,49.239395,-123.123687,0.0,False
VANCOUVER,W 36TH AVE,WALLACE ST,1,0,0,2021,2021,49.239533,-123.190941,0.0,False
VANCOUVER,W 36TH AVE,YEW ST,2,0,0,2018,2018,49.239289,-123.158125,0.0,False
VANCOUVER,W 37TH AVE,WALLACE ST,2,0,0,2018,2021,49.238594,-123.190945,0.0,False
VANCOUVER,W 37TH AVE,WEST BOULEVARD,23,0,2,2018,2022,49.238291,-123.155447,0.0,True
VANCOUVER,W 37TH AVE,WILLOW ST,6,0,2,2019,2022,49.237514,-123.123758,0.0,False
VANCOUVER,W 37TH AVE,YEW ST,14,1,4,2018,2021,49.238343,-123.158396,0.0,False
VANCOUVER,W 38TH AVE,WEST BOULEVARD,20,0,0,2018,2022,49.237316,-123.155479,0.0,False
VANCOUVER,W 38TH AVE,WILLOW ST,6,0,0,2019,2022,49.236617,-123.12377,0.0,False
VANCOUVER,W 38TH AVE,YEW ST,8,0,0,2018,2022,49.237362,-123.158435,0.0,False
VANCOUVER,W 39TH AVE,WALLACE ST,2,0,0,2018,2020,49.236438,-123.1909,0.0,False
VANCOUVER,W 39TH AVE,WEST BLVD,1,1,0,2020,2020,49.236433,-123.155513,0.0,True
VANCOUVER,W 39TH AVE,WEST BOULEVARD,32,3,0,2018,2022,49.236433,-123.155513,0.0,True
VANCOUVER,W 39TH AVE,WILLOW ST,2,0,0,2019,2020,49.23566,-123.123792,0.0,False
VANCOUVER,W 39TH AVE,YEW ST,13,1,1,2018,2021,49.236476,-123.158473,0.0,False
VANCOUVER,W 3RD AVE,WATERLOO ST,2,0,0,2018,2021,49.269431,-123.179666,0.0,False
VANCOUVER,W 3RD AVE,YEW ST,11,1,1,2018,2022,49.269057,-123.155106,0.0,False
VANCOUVER,W 40TH AVE,WEST BOULEVARD,21,0,0,2018,2022,49.235567,-123.15554,0.0,False
VANCOUVER,W 40TH AVE,YEW ST,18,0,0,2018,2022,49.235592,-123.158509,0.0,False
VANCOUVER,W 41ST AVE,WALLACE ST,7,0,0,2018,2022,49.234777,-123.190918,0.0,False
VANCOUVER,W 41ST AVE,WEST BLVD,1,1,0,2018,2018,49.234583,-123.155541,0.0,True
VANCOUVER,W 41ST AVE,WEST BOULEVARD,238,5,0,2018,2022,49.234583,-123.155541,19.841482592030598,True
VANCOUVER,W 41ST AVE,WILLOW ST,88,1,1,2018,2022,49.233812,-123.123875,0.0,False
VANCOUVER,W 41ST AVE,WILTSHIRE ST,4,0,0,2018,2022,49.234439,-123.146299,0.0,False
VANCOUVER,W 41ST AVE,YEW ST,230,4,1,2018,2022,49.234628,-123.158501,0.0,False
VANCOUVER,W 42ND AVE,WEST BOULEVARD,47,2,0,2018,2022,49.23358,-123.155564,0.0,False
VANCOUVER,W 42ND AVE,WILLOW ST,8,0,0,2018,2022,49.23288,-123.123901,0.0,False
VANCOUVER,W 42ND AVE,YEW ST,39,0,0,2018,2022,49.233657,-123.158533,0.0,False
VANCOUVER,W 43RD AVE,WEST BOULEVARD,26,0,0,2018,2022,49.232708,-123.155645,0.0,False
VANCOUVER,W 43RD AVE,YEW ST,18,1,0,2018,2022,49.232758,-123.158563,0.0,False
VANCOUVER,W 44TH AVE,WEST BOULEVARD,25,0,0,2018,2022,49.23183,-123.155675,0.0,False
VANCOUVER,W 44TH AVE,YEW ST,2,0,0,2019,2022,49.231883,-123.158617,0.0,False
VANCOUVER,W 45TH AVE,WEST BLVD,1,0,0,2019,2019,49.230864,-123.155707,0.0,True
VANCOUVER,W 45TH AVE,WEST BOULEVARD,41,1,1,2018,2022,49.230864,-123.155707,21.497696280334758,True
VANCOUVER,W 45TH AVE,YEW ST,7,0,0,2018,2022,49.230912,-123.158649,0.0,False
VANCOUVER,W 46TH AVE,WEST BOULEVARD,7,0,1,2018,2021,49.22988,-123.155761,0.0,False
VANCOUVER,W 46TH AVE,WILLOW ST,3,0,0,2021,2022,49.229137,-123.123409,0.0,False
VANCOUVER,W 46TH AVE,YEW ST,3,0,0,2020,2021,49.229929,-123.158679,0.0,False
VANCOUVER,W 46TH AVE,YUKON ST,1,0,0,2020,2020,49.228762,-123.114626,0.0,False
VANCOUVER,W 47TH AVE,WEST BOULEVARD,4,0,0,2018,2022,49.229011,-123.155817,0.0,False
VANCOUVER,W 47TH AVE,WILTSHIRE ST,2,0,0,2019,2022,49.228866,-123.146516,0.0,False
VANCOUVER,W 47TH AVE,YEW ST,12,0,0,2018,2022,49.229061,-123.158732,0.0,False
VANCOUVER,W 48TH AVE,WEST BLVD,1,0,0,2021,2021,49.228118,-123.155642,0.0,True
VANCOUVER,W 48TH AVE,WEST BOULEVARD,17,0,1,2018,2022,49.228118,-123.155642,0.0,True
VANCOUVER,W 48TH AVE,YEW ST,1,0,0,2018,2018,49.228156,-123.158763,0.0,False
VANCOUVER,W 48TH AVE,YUKON ST,1,0,0,2018,2018,49.226936,-123.11463,0.0,False
VANCOUVER,W 49TH AVE,WEST BOULEVARD,60,1,0,2018,2022,49.227157,-123.155104,22.225330861599897,True
VANCOUVER,W 49TH AVE,WILTSHIRE ST,8,0,0,2018,2022,49.227051,-123.146586,0.0,False
VANCOUVER,W 49TH AVE,YEW ST,14,0,0,2018,2022,49.227203,-123.15881,0.0,False
VANCOUVER,W 4TH AVE,W 6TH AVE,9,0,0,2018,2022,49.266184,-123.133618,0.0,True
VANCOUVER,W 4TH AVE,WALLACE ST,15,1,0,2018,2022,49.268667,-123.190655,0.0,False
VANCOUVER,W 4TH AVE,WATERLOO ST,28,1,0,2018,2022,49.268535,-123.17971,0.0,False
VANCOUVER,W 4TH AVE,WEST POINT PL,2,0,1,2019,2021,49.268577,-123.204507,0.0,False
VANCOUVER,W 4TH AVE,YEW ST,126,2,0,2018,2022,49.268152,-123.155141,0.0,False
VANCOUVER,W 4TH AVE,YUKON ST,10,0,0,2018,2022,49.267587,-123.112702,0.0,True
VANCOUVER,W 51ST AVE,WEST BOULEVARD,2,0,0,2018,2019,49.224956,-123.153986,0.0,False
VANCOUVER,W 51ST AVE,YEW ST,2,0,0,2019,2019,49.225025,-123.158979,0.0,False
VANCOUVER,W 52ND AVE,WILTSHIRE ST,1,0,0,2019,2019,49.22416,-123.146691,0.0,False
VANCOUVER,W 57TH AVE,WEST BLVD,1,0,0,2021,2021,49.21948,-123.15051,0.0,True
VANCOUVER,W 57TH AVE,WEST BOULEVARD,19,0,1,2018,2022,49.21948,-123.15051,30.213675031384064,True
VANCOUVER,W 57TH AVE,WILTSHIRE ST,1,1,0,2022,2022,49.219436,-123.146803,0.0,False
VANCOUVER,W 57TH AVE,YEW ST,1,0,0,2020,2020,49.219535,-123.158542,0.0,True
VANCOUVER,W 59TH AVE,YUKON ST,3,0,0,2018,2022,49.216925,-123.115385,0.0,False
VANCOUVER,W 5TH AVE,WATERLOO ST,1,0,0,2022,2022,49.267664,-123.179751,0.0,False
VANCOUVER,W 5TH AVE,YEW ST,15,0,1,2018,2022,49.267289,-123.155184,0.0,False
VANCOUVER,W 5TH AVE,YUKON ST,21,2,3,2018,2022,49.266634,-123.112745,0.0,False
VANCOUVER,W 60TH AVE,WEST BOULEVARD,1,0,0,2018,2018,49.21715,-123.149116,0.0,False
VANCOUVER,W 62ND AVE,YUKON ST,6,0,0,2018,2022,49.214094,-123.115486,0.0,False
VANCOUVER,W 63RD AVE,YUKON ST,10,0,0,2018,2022,49.213171,-123.114638,0.0,False
VANCOUVER,W 64TH AVE,YUKON ST,9,0,0,2018,2022,49.212255,-123.114674,0.0,False
VANCOUVER,W 69TH AVE,WILTSHIRE ST,1,0,0,2021,2021,49.209575,-123.146394,0.0,False
VANCOUVER,W 6TH AVE,WATERLOO ST,1,0,0,2018,2018,49.266822,-123.179787,0.0,False
VANCOUVER,W 6TH AVE,WILLOW ST,42,0,1,2018,2022,49.265877,-123.121747,0.0,False
VANCOUVER,W 6TH AVE,YEW ST,3,0,0,2018,2022,49.266443,-123.155202,0.0,False
VANCOUVER,W 6TH AVE,YUKON ST,33,1,3,2018,2022,49.265725,-123.112788,0.0,False
VANCOUVER,W 72ND AVE,W 73RD AVE,1,0,0,2021,2021,49.205775,-123.139308,0.0,True
VANCOUVER,W 7TH AVE,WATERLOO ST,2,0,0,2018,2018,49.265962,-123.179798,0.0,False
VANCOUVER,W 7TH AVE,WILLOW ST,22,0,2,2018,2022,49.265083,-123.121774,0.0,False
VANCOUVER,W 7TH AVE,YEW ST,8,1,0,2018,2022,49.265618,-123.155235,0.0,False
VANCOUVER,W 7TH AVE,YUKON ST,47,1,7,2018,2022,49.264811,-123.112854,0.0,False
VANCOUVER,W 8TH AVE,W BROADWAY,13,0,0,2018,2022,49.265095,-123.193414,0.0,True
VANCOUVER,W 8TH AVE,WALLACE CRES,2,0,1,2021,2021,49.265095,-123.193414,0.0,True
VANCOUVER,W 8TH AVE,WATERLOO ST,4,0,1,2018,2022,49.265143,-123.179813,0.0,False
VANCOUVER,W 8TH AVE,WILLOW ST,47,1,0,2018,2022,49.264231,-123.121794,0.0,False
VANCOUVER,W 8TH AVE,YEW ST,9,0,1,2018,2022,49.264794,-123.155264,0.0,False
VANCOUVER,W 8TH AVE,YUKON ST,33,2,2,2018,2022,49.263909,-123.112873,0.0,False
VANCOUVER,W 9TH AVE,WILLOW ST,1,0,0,2018,2018,49.263317,-123.121819,0.0,True
VANCOUVER,W 9TH AVE,YEW ST,1,0,0,2019,2019,49.26386,-123.155298,0.0,True
VANCOUVER,W BROADWAY,WATERLOO ST,38,0,0,2018,2022,49.264269,-123.179827,0.0,False
VANCOUVER,W BROADWAY,WILLOW ST,181,6,1,2018,2022,49.263317,-123.121819,0.0,True
VANCOUVER,W BROADWAY,YEW ST,54,4,0,2018,2022,49.26386,-123.155298,0.0,True
VANCOUVER,W BROADWAY,YUKON ST,94,3,7,2018,2022,49.263179,-123.112891,0.0,False
VANCOUVER,W CORDOVA ST,W WATERFRONT RD,4,0,0,2018,2021,49.288368,-123.118924,0.0,True
VANCOUVER,W CORDOVA ST,WATER ST,15,0,0,2018,2022,49.284708,-123.110918,0.0,True
VANCOUVER,W CORDOVA ST,WATERFRONT RD,3,0,0,2018,2019,49.288368,-123.118924,0.0,True
VANCOUVER,W GEORGIA ST,W PENDER ST,140,2,1,2018,2022,49.290575,-123.130597,0.0,True
VANCOUVER,W KENT AVE N,YUKON ST,17,0,0,2018,2022,49.206434,-123.115307,0.0,False
VANCOUVER,W KING EDWARD AVE,WALLACE ST,5,0,0,2019,2022,49.250076,-123.190865,0.0,False
VANCOUVER,W KING EDWARD AVE,WILLOW ST,21,0,1,2018,2022,49.249124,-123.12232,0.0,False
VANCOUVER,W KING EDWARD AVE,YEW ST,2,0,0,2018,2021,49.25124,-123.155773,0.0,False
VANCOUVER,W KING EDWARD AVE,YUKON ST,30,0,0,2018,2021,49.249006,-123.112853,0.0,True
VANCOUVER,WILLIAM ST,WINDERMERE ST,1,0,0,2019,2019,49.274135,-123.036364,0.0,False
VANCOUVER,WILLIAM ST,WOODLAND DR,2,0,0,2018,2021,49.273987,-123.073402,0.0,False
VANCOUVER,WORTHINGTON DR,WORTHINGTON PL,2,0,0,2022,2022,49.254743,-123.032431,0.0,False
VANCOUVER,YEW ST,YORK AVE,20,0,0,2018,2022,49.271688,-123.155011,0.0,False
